{
  "type": "FeatureCollection",
  "features": [
    {
      "type": "Feature",
      "properties": {
        "schemaVersion": "candidate-kungsleden-geometry/v1",
        "trailId": "kungsleden",
        "sectionId": "kungsleden-section-01-abisko-abiskojaure",
        "sectionNumber": 1,
        "name": "Abisko-Abiskojaure",
        "from": "Abisko",
        "to": "Abiskojaure",
        "source": "Naturvardsverket/Lansstyrelsen Leder WFS official state-trail geometry",
        "sourceCrs": "EPSG:3006",
        "outputCrs": "EPSG:4326",
        "generatedAt": "2026-04-30",
        "simplificationToleranceMeters": 5,
        "runtimeImportApproved": false
      },
      "geometry": {
        "type": "LineString",
        "coordinates": [
          [
            18.7789461,
            68.3587867
          ],
          [
            18.7779576,
            68.3591229
          ],
          [
            18.7768608,
            68.3593161
          ],
          [
            18.7762654,
            68.3593392
          ],
          [
            18.7757929,
            68.3591315
          ],
          [
            18.7753628,
            68.3586627
          ],
          [
            18.775585,
            68.358401
          ],
          [
            18.7751767,
            68.3581869
          ],
          [
            18.7743119,
            68.3580036
          ],
          [
            18.7738691,
            68.3577963
          ],
          [
            18.7734964,
            68.3574781
          ],
          [
            18.7727235,
            68.357096
          ],
          [
            18.772722,
            68.3569573
          ],
          [
            18.7719533,
            68.3565507
          ],
          [
            18.7718206,
            68.3563296
          ],
          [
            18.7720509,
            68.3561128
          ],
          [
            18.7705237,
            68.3558346
          ],
          [
            18.7681714,
            68.3558462
          ],
          [
            18.7673915,
            68.3557609
          ],
          [
            18.7670089,
            68.3556043
          ],
          [
            18.7668342,
            68.3551483
          ],
          [
            18.7664256,
            68.3548487
          ],
          [
            18.7667263,
            68.3542042
          ],
          [
            18.7668787,
            68.3520591
          ],
          [
            18.7672487,
            68.3511503
          ],
          [
            18.766929,
            68.350817
          ],
          [
            18.7668596,
            68.3501781
          ],
          [
            18.7670639,
            68.3485938
          ],
          [
            18.7673044,
            68.348145
          ],
          [
            18.7667991,
            68.3472783
          ],
          [
            18.7658114,
            68.3466445
          ],
          [
            18.7650529,
            68.3463478
          ],
          [
            18.7645164,
            68.3462654
          ],
          [
            18.7640268,
            68.3459557
          ],
          [
            18.7634756,
            68.345072
          ],
          [
            18.7640124,
            68.3437719
          ],
          [
            18.7640806,
            68.3421519
          ],
          [
            18.7642525,
            68.3418488
          ],
          [
            18.7650712,
            68.341506
          ],
          [
            18.765209,
            68.3410892
          ],
          [
            18.7647424,
            68.3408222
          ],
          [
            18.7642868,
            68.3402173
          ],
          [
            18.7633379,
            68.3399246
          ],
          [
            18.7627432,
            68.3395917
          ],
          [
            18.7620145,
            68.3395099
          ],
          [
            18.7606418,
            68.3391374
          ],
          [
            18.7597417,
            68.3380449
          ],
          [
            18.7585866,
            68.3374142
          ],
          [
            18.757784,
            68.336637
          ],
          [
            18.7585699,
            68.3350155
          ],
          [
            18.7583896,
            68.3347536
          ],
          [
            18.7587863,
            68.3343884
          ],
          [
            18.7588363,
            68.3340968
          ],
          [
            18.759572,
            68.333676
          ],
          [
            18.7602576,
            68.3329649
          ],
          [
            18.7608047,
            68.3328381
          ],
          [
            18.7610985,
            68.3326594
          ],
          [
            18.7622251,
            68.3325062
          ],
          [
            18.7623766,
            68.3323817
          ],
          [
            18.7623838,
            68.3317389
          ],
          [
            18.7628691,
            68.3307831
          ],
          [
            18.7622677,
            68.3300601
          ],
          [
            18.7622777,
            68.3298217
          ],
          [
            18.7617031,
            68.3296862
          ],
          [
            18.7601632,
            68.3290059
          ],
          [
            18.7591214,
            68.3289892
          ],
          [
            18.7578453,
            68.3288267
          ],
          [
            18.7567554,
            68.328928
          ],
          [
            18.7566042,
            68.3284949
          ],
          [
            18.7555576,
            68.3280003
          ],
          [
            18.7546321,
            68.3278527
          ],
          [
            18.753921,
            68.3278442
          ],
          [
            18.7535912,
            68.3277446
          ],
          [
            18.7531663,
            68.3272038
          ],
          [
            18.7527297,
            68.3269163
          ],
          [
            18.7524404,
            68.3264435
          ],
          [
            18.7518093,
            68.3259743
          ],
          [
            18.7508517,
            68.3254903
          ],
          [
            18.7497105,
            68.3251309
          ],
          [
            18.7484104,
            68.3241999
          ],
          [
            18.7464647,
            68.3236061
          ],
          [
            18.7455685,
            68.3229632
          ],
          [
            18.7453534,
            68.3226419
          ],
          [
            18.7434098,
            68.3215947
          ],
          [
            18.7429377,
            68.3212233
          ],
          [
            18.7431471,
            68.3205531
          ],
          [
            18.7423076,
            68.3202748
          ],
          [
            18.7418652,
            68.3197873
          ],
          [
            18.7395573,
            68.318492
          ],
          [
            18.7394904,
            68.3182931
          ],
          [
            18.7386077,
            68.3180815
          ],
          [
            18.7380252,
            68.3177479
          ],
          [
            18.7385913,
            68.3163209
          ],
          [
            18.7381982,
            68.3160711
          ],
          [
            18.734457,
            68.315911
          ],
          [
            18.7333449,
            68.3161154
          ],
          [
            18.7312001,
            68.3156294
          ],
          [
            18.7298192,
            68.3150375
          ],
          [
            18.7272259,
            68.3149495
          ],
          [
            18.7248264,
            68.3149659
          ],
          [
            18.7227201,
            68.3145613
          ],
          [
            18.7213865,
            68.3145538
          ],
          [
            18.720793,
            68.3144718
          ],
          [
            18.7197564,
            68.3141819
          ],
          [
            18.7193189,
            68.3137993
          ],
          [
            18.718153,
            68.3135835
          ],
          [
            18.717218,
            68.3134356
          ],
          [
            18.71477,
            68.3132884
          ],
          [
            18.7133953,
            68.3131072
          ],
          [
            18.7115095,
            68.3130336
          ],
          [
            18.709201,
            68.3130869
          ],
          [
            18.7070168,
            68.3129188
          ],
          [
            18.7033144,
            68.3127911
          ],
          [
            18.6990189,
            68.3129435
          ],
          [
            18.6960896,
            68.3126529
          ],
          [
            18.6935681,
            68.3122975
          ],
          [
            18.6917773,
            68.3118179
          ],
          [
            18.6905128,
            68.3118865
          ],
          [
            18.6898502,
            68.3118101
          ],
          [
            18.6882477,
            68.3119822
          ],
          [
            18.6870584,
            68.3118325
          ],
          [
            18.683194,
            68.3116014
          ],
          [
            18.6792794,
            68.3103941
          ],
          [
            18.6788342,
            68.3099012
          ],
          [
            18.6788728,
            68.3096521
          ],
          [
            18.6785912,
            68.3095186
          ],
          [
            18.6761261,
            68.3092016
          ],
          [
            18.6755761,
            68.3089999
          ],
          [
            18.6727529,
            68.3088196
          ],
          [
            18.6723363,
            68.3087336
          ],
          [
            18.6695448,
            68.3078419
          ],
          [
            18.6670561,
            68.3073635
          ],
          [
            18.666356,
            68.3070078
          ],
          [
            18.6627909,
            68.3062258
          ],
          [
            18.6603562,
            68.3052526
          ],
          [
            18.6584167,
            68.3047365
          ],
          [
            18.657205,
            68.3042825
          ],
          [
            18.6562133,
            68.3038826
          ],
          [
            18.6558866,
            68.3036525
          ],
          [
            18.6553263,
            68.3027256
          ],
          [
            18.6535726,
            68.3015564
          ],
          [
            18.6509823,
            68.3008372
          ],
          [
            18.6502713,
            68.3003965
          ],
          [
            18.6498358,
            68.2999327
          ],
          [
            18.6493038,
            68.2996181
          ],
          [
            18.6491753,
            68.2989328
          ],
          [
            18.6485199,
            68.298159
          ],
          [
            18.6458359,
            68.2975053
          ],
          [
            18.6434396,
            68.2966784
          ],
          [
            18.6426058,
            68.2966255
          ],
          [
            18.6409731,
            68.2963495
          ],
          [
            18.6378958,
            68.2962743
          ],
          [
            18.6368552,
            68.2960099
          ],
          [
            18.6357709,
            68.2955426
          ],
          [
            18.6334957,
            68.2950242
          ],
          [
            18.6327086,
            68.2946759
          ],
          [
            18.6297469,
            68.2941326
          ],
          [
            18.6253767,
            68.2931986
          ],
          [
            18.6224003,
            68.2923906
          ],
          [
            18.6215554,
            68.292252
          ],
          [
            18.6194514,
            68.2913952
          ],
          [
            18.6177894,
            68.2911551
          ],
          [
            18.6157246,
            68.2905763
          ],
          [
            18.6147074,
            68.2900079
          ],
          [
            18.6144079,
            68.2896414
          ],
          [
            18.6125429,
            68.2887935
          ],
          [
            18.6121455,
            68.288681
          ],
          [
            18.610259,
            68.2884826
          ],
          [
            18.6063512,
            68.2873648
          ],
          [
            18.6050546,
            68.2873066
          ],
          [
            18.604648,
            68.2872013
          ],
          [
            18.6041038,
            68.2869941
          ],
          [
            18.6032602,
            68.2868226
          ],
          [
            18.6020816,
            68.2863629
          ],
          [
            18.6006759,
            68.28601
          ],
          [
            18.5987136,
            68.2852823
          ],
          [
            18.5955392,
            68.2845621
          ],
          [
            18.594435,
            68.2842623
          ],
          [
            18.5932774,
            68.2837922
          ],
          [
            18.592241,
            68.2835299
          ],
          [
            18.591435,
            68.2835483
          ],
          [
            18.5906067,
            68.283815
          ],
          [
            18.5904188,
            68.283943
          ],
          [
            18.5907487,
            68.2841904
          ],
          [
            18.5906427,
            68.2843175
          ],
          [
            18.5898123,
            68.2846868
          ],
          [
            18.5897431,
            68.2853118
          ],
          [
            18.5902423,
            68.2856411
          ],
          [
            18.5904923,
            68.2860002
          ]
        ]
      }
    },
    {
      "type": "Feature",
      "properties": {
        "schemaVersion": "candidate-kungsleden-geometry/v1",
        "trailId": "kungsleden",
        "sectionId": "kungsleden-section-02-abiskojaure-alesjaure",
        "sectionNumber": 2,
        "name": "Abiskojaure-Alesjaure",
        "from": "Abiskojaure",
        "to": "Alesjaure",
        "source": "Naturvardsverket/Lansstyrelsen Leder WFS official state-trail geometry",
        "sourceCrs": "EPSG:3006",
        "outputCrs": "EPSG:4326",
        "generatedAt": "2026-04-30",
        "simplificationToleranceMeters": 5,
        "runtimeImportApproved": false
      },
      "geometry": {
        "type": "LineString",
        "coordinates": [
          [
            18.5904923,
            68.2860002
          ],
          [
            18.5902423,
            68.2856411
          ],
          [
            18.589821,
            68.2854347
          ],
          [
            18.5897234,
            68.2851546
          ],
          [
            18.5898123,
            68.2846868
          ],
          [
            18.5905761,
            68.2843748
          ],
          [
            18.5907487,
            68.2841904
          ],
          [
            18.5904188,
            68.283943
          ],
          [
            18.590394,
            68.2836955
          ],
          [
            18.5908728,
            68.283307
          ],
          [
            18.5897298,
            68.2823948
          ],
          [
            18.5897662,
            68.2819684
          ],
          [
            18.5914019,
            68.2813624
          ],
          [
            18.591386,
            68.2812316
          ],
          [
            18.5906445,
            68.2807055
          ],
          [
            18.5911783,
            68.2803643
          ],
          [
            18.5911185,
            68.280216
          ],
          [
            18.5902513,
            68.279653
          ],
          [
            18.5902241,
            68.2795103
          ],
          [
            18.5891421,
            68.279059
          ],
          [
            18.5881729,
            68.278335
          ],
          [
            18.5871576,
            68.2781358
          ],
          [
            18.5862468,
            68.2777022
          ],
          [
            18.585794,
            68.2773045
          ],
          [
            18.585823,
            68.276998
          ],
          [
            18.5854105,
            68.2767504
          ],
          [
            18.582724,
            68.2758527
          ],
          [
            18.5822379,
            68.2755298
          ],
          [
            18.5818829,
            68.2748363
          ],
          [
            18.5821821,
            68.2746132
          ],
          [
            18.581656,
            68.2741615
          ],
          [
            18.5808962,
            68.2727733
          ],
          [
            18.58023,
            68.2723179
          ],
          [
            18.5792575,
            68.2704927
          ],
          [
            18.5795667,
            68.27015
          ],
          [
            18.5799549,
            68.2691662
          ],
          [
            18.580165,
            68.2665594
          ],
          [
            18.5802368,
            68.2663405
          ],
          [
            18.5806231,
            68.26609
          ],
          [
            18.5807864,
            68.2654595
          ],
          [
            18.5824084,
            68.2639886
          ],
          [
            18.582854,
            68.2638064
          ],
          [
            18.5844551,
            68.2634384
          ],
          [
            18.5847788,
            68.2630873
          ],
          [
            18.5844793,
            68.2628264
          ],
          [
            18.5836219,
            68.2624869
          ],
          [
            18.5822269,
            68.2620773
          ],
          [
            18.5844701,
            68.2613569
          ],
          [
            18.5862357,
            68.2610378
          ],
          [
            18.5883809,
            68.259773
          ],
          [
            18.5887707,
            68.2592983
          ],
          [
            18.5883692,
            68.2584674
          ],
          [
            18.5895181,
            68.256864
          ],
          [
            18.5903944,
            68.2562878
          ],
          [
            18.592165,
            68.2557546
          ],
          [
            18.5947675,
            68.2546738
          ],
          [
            18.5963686,
            68.2536337
          ],
          [
            18.5987125,
            68.2505581
          ],
          [
            18.5994902,
            68.2484551
          ],
          [
            18.6000403,
            68.2460432
          ],
          [
            18.6011632,
            68.2437565
          ],
          [
            18.6012151,
            68.2422186
          ],
          [
            18.6006709,
            68.2403153
          ],
          [
            18.6000655,
            68.2395252
          ],
          [
            18.599533,
            68.2373438
          ],
          [
            18.5990548,
            68.236649
          ],
          [
            18.5984187,
            68.2361213
          ],
          [
            18.597324,
            68.234502
          ],
          [
            18.5950138,
            68.2331273
          ],
          [
            18.5937996,
            68.2326269
          ],
          [
            18.5917439,
            68.23154
          ],
          [
            18.587924,
            68.2298636
          ],
          [
            18.5853889,
            68.2290107
          ],
          [
            18.5837168,
            68.2280809
          ],
          [
            18.5824452,
            68.2271047
          ],
          [
            18.5778418,
            68.2249516
          ],
          [
            18.573842,
            68.2228219
          ],
          [
            18.5723236,
            68.222309
          ],
          [
            18.5718271,
            68.2219524
          ],
          [
            18.5690431,
            68.2208105
          ],
          [
            18.5617097,
            68.2163642
          ],
          [
            18.5618887,
            68.2159307
          ],
          [
            18.561631,
            68.2157382
          ],
          [
            18.56079,
            68.2153199
          ],
          [
            18.5593145,
            68.2149565
          ],
          [
            18.5583075,
            68.2143522
          ],
          [
            18.5578835,
            68.2142088
          ],
          [
            18.5575783,
            68.2138687
          ],
          [
            18.555182,
            68.2125642
          ],
          [
            18.5514863,
            68.2102989
          ],
          [
            18.5510741,
            68.2101558
          ],
          [
            18.5483432,
            68.2097824
          ],
          [
            18.5439555,
            68.2094507
          ],
          [
            18.5421564,
            68.2088176
          ],
          [
            18.5414034,
            68.2079357
          ],
          [
            18.5396052,
            68.2071077
          ],
          [
            18.537987,
            68.2064756
          ],
          [
            18.5334839,
            68.20523
          ],
          [
            18.5317796,
            68.2045902
          ],
          [
            18.52927,
            68.2043331
          ],
          [
            18.5255031,
            68.203536
          ],
          [
            18.5219581,
            68.2026331
          ],
          [
            18.5203744,
            68.2018993
          ],
          [
            18.5188635,
            68.201415
          ],
          [
            18.5161278,
            68.2007827
          ],
          [
            18.5149912,
            68.2004186
          ],
          [
            18.513974,
            68.2001974
          ],
          [
            18.5113657,
            68.1999157
          ],
          [
            18.5067342,
            68.1988945
          ],
          [
            18.5043208,
            68.1985343
          ],
          [
            18.5033462,
            68.1982516
          ],
          [
            18.502236,
            68.1976974
          ],
          [
            18.4980533,
            68.196857
          ],
          [
            18.4968784,
            68.1963005
          ],
          [
            18.4961854,
            68.1954834
          ],
          [
            18.4951652,
            68.1946766
          ],
          [
            18.4948716,
            68.1940366
          ],
          [
            18.4951336,
            68.1938452
          ],
          [
            18.4950308,
            68.1937393
          ],
          [
            18.4939505,
            68.1929678
          ],
          [
            18.4928015,
            68.1923875
          ],
          [
            18.4909152,
            68.1918542
          ],
          [
            18.4903827,
            68.191596
          ],
          [
            18.4880342,
            68.189519
          ],
          [
            18.4880024,
            68.1893237
          ],
          [
            18.4875939,
            68.1889727
          ],
          [
            18.4871204,
            68.1887684
          ],
          [
            18.485744,
            68.1874278
          ],
          [
            18.485375,
            68.1872267
          ],
          [
            18.4850502,
            68.1867834
          ],
          [
            18.4842296,
            68.186525
          ],
          [
            18.4815137,
            68.1861328
          ],
          [
            18.476227,
            68.1838058
          ],
          [
            18.4756037,
            68.1836161
          ],
          [
            18.4715244,
            68.1830528
          ],
          [
            18.4701348,
            68.1827148
          ],
          [
            18.4695399,
            68.1823474
          ],
          [
            18.465548,
            68.1810144
          ],
          [
            18.4640359,
            68.1806802
          ],
          [
            18.4630583,
            68.1802331
          ],
          [
            18.4620489,
            68.1795065
          ],
          [
            18.460799,
            68.178908
          ],
          [
            18.4601281,
            68.1781735
          ],
          [
            18.4594594,
            68.177838
          ],
          [
            18.4582245,
            68.1765876
          ],
          [
            18.4563112,
            68.1752177
          ],
          [
            18.4559668,
            68.1747837
          ],
          [
            18.4547797,
            68.1738244
          ],
          [
            18.4539595,
            68.1733673
          ],
          [
            18.4526338,
            68.1720915
          ],
          [
            18.4495791,
            68.1701888
          ],
          [
            18.4468679,
            68.1682416
          ],
          [
            18.4438517,
            68.1667802
          ],
          [
            18.4421132,
            68.1662554
          ],
          [
            18.4391187,
            68.1651263
          ],
          [
            18.437359,
            68.1641278
          ],
          [
            18.4357075,
            68.1629589
          ],
          [
            18.43389,
            68.1622092
          ],
          [
            18.4314365,
            68.1608397
          ],
          [
            18.4295841,
            68.1600403
          ],
          [
            18.428931,
            68.1599749
          ],
          [
            18.4277888,
            68.1595085
          ],
          [
            18.4268804,
            68.1592813
          ],
          [
            18.4246164,
            68.1578384
          ],
          [
            18.4230488,
            68.1571981
          ],
          [
            18.4229177,
            68.156585
          ],
          [
            18.423174,
            68.1558721
          ],
          [
            18.4228608,
            68.1547346
          ],
          [
            18.4216512,
            68.1537903
          ],
          [
            18.4212796,
            68.1532005
          ],
          [
            18.4197576,
            68.1522108
          ],
          [
            18.4187186,
            68.1512245
          ],
          [
            18.4167701,
            68.1498569
          ],
          [
            18.4167288,
            68.1495458
          ],
          [
            18.4161156,
            68.1492274
          ],
          [
            18.416357,
            68.1486648
          ],
          [
            18.4162989,
            68.1479445
          ],
          [
            18.4159232,
            68.1475304
          ],
          [
            18.4148518,
            68.1468039
          ],
          [
            18.4147433,
            68.1463357
          ],
          [
            18.4143707,
            68.1458758
          ],
          [
            18.4143293,
            68.1441806
          ],
          [
            18.4145674,
            68.1432217
          ],
          [
            18.4150409,
            68.1427087
          ],
          [
            18.4147046,
            68.1419724
          ],
          [
            18.414933,
            68.1412048
          ],
          [
            18.4142446,
            68.1407417
          ],
          [
            18.4131475,
            68.1403026
          ],
          [
            18.411433,
            68.1381912
          ],
          [
            18.4119079,
            68.1371004
          ],
          [
            18.4130676,
            68.1368237
          ],
          [
            18.4137793,
            68.1367943
          ]
        ]
      }
    },
    {
      "type": "Feature",
      "properties": {
        "schemaVersion": "candidate-kungsleden-geometry/v1",
        "trailId": "kungsleden",
        "sectionId": "kungsleden-section-03-alesjaure-tjaktja",
        "sectionNumber": 3,
        "name": "Alesjaure-Tjaktja",
        "from": "Alesjaure",
        "to": "Tjaktja",
        "source": "Naturvardsverket/Lansstyrelsen Leder WFS official state-trail geometry",
        "sourceCrs": "EPSG:3006",
        "outputCrs": "EPSG:4326",
        "generatedAt": "2026-04-30",
        "simplificationToleranceMeters": 5,
        "runtimeImportApproved": false
      },
      "geometry": {
        "type": "LineString",
        "coordinates": [
          [
            18.415542,
            68.1349955
          ],
          [
            18.4150421,
            68.1348615
          ],
          [
            18.4146924,
            68.1346349
          ],
          [
            18.415122,
            68.1337761
          ],
          [
            18.4160272,
            68.1328845
          ],
          [
            18.4160066,
            68.1321879
          ],
          [
            18.4157707,
            68.1319098
          ],
          [
            18.4159403,
            68.1316173
          ],
          [
            18.4158722,
            68.1308916
          ],
          [
            18.4140945,
            68.1293425
          ],
          [
            18.4132269,
            68.1292079
          ],
          [
            18.4123935,
            68.1289397
          ],
          [
            18.4117571,
            68.1285598
          ],
          [
            18.4113114,
            68.1284626
          ],
          [
            18.4096508,
            68.1276383
          ],
          [
            18.4079915,
            68.1269767
          ],
          [
            18.4041706,
            68.1255536
          ],
          [
            18.4009195,
            68.1245404
          ],
          [
            18.4004662,
            68.1242756
          ],
          [
            18.3982214,
            68.1236092
          ],
          [
            18.3951881,
            68.1221385
          ],
          [
            18.3929784,
            68.1217126
          ],
          [
            18.3898903,
            68.1209648
          ],
          [
            18.3878998,
            68.1206855
          ],
          [
            18.3856186,
            68.1202453
          ],
          [
            18.3827777,
            68.119334
          ],
          [
            18.3804512,
            68.1187014
          ],
          [
            18.3759963,
            68.1176775
          ],
          [
            18.368748,
            68.1156874
          ],
          [
            18.3658243,
            68.11477
          ],
          [
            18.3620183,
            68.1134036
          ],
          [
            18.3602063,
            68.1129261
          ],
          [
            18.3596767,
            68.1126905
          ],
          [
            18.3583418,
            68.1123759
          ],
          [
            18.3571798,
            68.1122027
          ],
          [
            18.3540251,
            68.1112139
          ],
          [
            18.3534101,
            68.1107839
          ],
          [
            18.3514618,
            68.1103705
          ],
          [
            18.350817,
            68.1100967
          ],
          [
            18.3478327,
            68.1092586
          ],
          [
            18.3471611,
            68.1089385
          ],
          [
            18.3441416,
            68.1083491
          ],
          [
            18.3429666,
            68.1082602
          ],
          [
            18.3421922,
            68.1081025
          ],
          [
            18.3415739,
            68.1075653
          ],
          [
            18.3399595,
            68.107076
          ],
          [
            18.3395311,
            68.1067644
          ],
          [
            18.3391039,
            68.106628
          ],
          [
            18.3386897,
            68.1062779
          ],
          [
            18.3386365,
            68.1060759
          ],
          [
            18.3394529,
            68.105195
          ],
          [
            18.3395061,
            68.1049576
          ],
          [
            18.3390224,
            68.1048229
          ],
          [
            18.3361605,
            68.104892
          ],
          [
            18.3337176,
            68.1047263
          ],
          [
            18.3317846,
            68.1044728
          ],
          [
            18.3308437,
            68.1041054
          ],
          [
            18.3286802,
            68.1037314
          ],
          [
            18.3273813,
            68.1036527
          ],
          [
            18.3268574,
            68.1034436
          ],
          [
            18.3263932,
            68.102993
          ],
          [
            18.3249608,
            68.102027
          ],
          [
            18.3228171,
            68.1011721
          ],
          [
            18.3221114,
            68.1009863
          ],
          [
            18.320418,
            68.1001694
          ],
          [
            18.3198245,
            68.099676
          ],
          [
            18.3185016,
            68.0994048
          ],
          [
            18.3171701,
            68.0988493
          ],
          [
            18.3159924,
            68.0979775
          ],
          [
            18.3153416,
            68.0976868
          ],
          [
            18.3146058,
            68.0971525
          ],
          [
            18.3133803,
            68.0967011
          ],
          [
            18.3113807,
            68.0953216
          ],
          [
            18.3104981,
            68.094971
          ],
          [
            18.3088258,
            68.0940871
          ],
          [
            18.3064792,
            68.0922591
          ],
          [
            18.3035982,
            68.0902646
          ],
          [
            18.3033092,
            68.0899187
          ],
          [
            18.3024806,
            68.0895885
          ],
          [
            18.3002759,
            68.0884039
          ],
          [
            18.2991099,
            68.087888
          ],
          [
            18.2970902,
            68.0872485
          ],
          [
            18.2945497,
            68.0860804
          ],
          [
            18.2939159,
            68.0856882
          ],
          [
            18.2915935,
            68.0848245
          ],
          [
            18.2904566,
            68.0842756
          ],
          [
            18.2879241,
            68.0835399
          ],
          [
            18.2855377,
            68.0827165
          ],
          [
            18.2849644,
            68.0826056
          ],
          [
            18.282934,
            68.0817881
          ],
          [
            18.2823411,
            68.081433
          ],
          [
            18.2817245,
            68.0812407
          ],
          [
            18.2807309,
            68.0805137
          ],
          [
            18.2802097,
            68.0804097
          ],
          [
            18.2791196,
            68.0798185
          ],
          [
            18.2786809,
            68.0794463
          ],
          [
            18.2787286,
            68.0789449
          ],
          [
            18.2779823,
            68.0788502
          ],
          [
            18.276933,
            68.0788408
          ],
          [
            18.2740266,
            68.077788
          ],
          [
            18.272418,
            68.0775267
          ],
          [
            18.2721835,
            68.0771134
          ],
          [
            18.2722747,
            68.0767584
          ],
          [
            18.2721564,
            68.0766216
          ],
          [
            18.2715209,
            68.0764957
          ],
          [
            18.2713498,
            68.0760503
          ],
          [
            18.2709838,
            68.0759168
          ],
          [
            18.2705562,
            68.075145
          ],
          [
            18.2699816,
            68.0747217
          ],
          [
            18.269728,
            68.0742904
          ],
          [
            18.2694503,
            68.0741856
          ],
          [
            18.2687941,
            68.0731446
          ],
          [
            18.2678248,
            68.0724582
          ],
          [
            18.2677812,
            68.0722643
          ],
          [
            18.2665728,
            68.0715201
          ],
          [
            18.2662582,
            68.0706551
          ],
          [
            18.2663166,
            68.0698843
          ],
          [
            18.2650508,
            68.0686413
          ],
          [
            18.2651379,
            68.0682419
          ],
          [
            18.2648451,
            68.0677721
          ],
          [
            18.2646019,
            68.067599
          ],
          [
            18.2635016,
            68.0673028
          ],
          [
            18.2619838,
            68.0666816
          ],
          [
            18.2609259,
            68.066107
          ],
          [
            18.2603498,
            68.0659222
          ],
          [
            18.2602312,
            68.0657655
          ],
          [
            18.2598719,
            68.0656997
          ],
          [
            18.2577495,
            68.0642767
          ],
          [
            18.2546157,
            68.0628745
          ],
          [
            18.2537513,
            68.0623351
          ],
          [
            18.2527395,
            68.0608541
          ],
          [
            18.2528014,
            68.0605533
          ],
          [
            18.2516283,
            68.0588113
          ],
          [
            18.2504667,
            68.057495
          ],
          [
            18.2500722,
            68.0572462
          ],
          [
            18.2491422,
            68.0559515
          ],
          [
            18.2483767,
            68.0553828
          ],
          [
            18.2484147,
            68.0551989
          ],
          [
            18.2473568,
            68.05413
          ],
          [
            18.2463899,
            68.0513863
          ]
        ]
      }
    },
    {
      "type": "Feature",
      "properties": {
        "schemaVersion": "candidate-kungsleden-geometry/v1",
        "trailId": "kungsleden",
        "sectionId": "kungsleden-section-04-tjaktja-salka",
        "sectionNumber": 4,
        "name": "Tjaktja-Salka",
        "from": "Tjaktja",
        "to": "Salka",
        "source": "Naturvardsverket/Lansstyrelsen Leder WFS official state-trail geometry",
        "sourceCrs": "EPSG:3006",
        "outputCrs": "EPSG:4326",
        "generatedAt": "2026-04-30",
        "simplificationToleranceMeters": 5,
        "runtimeImportApproved": false
      },
      "geometry": {
        "type": "LineString",
        "coordinates": [
          [
            18.2452376,
            68.0491164
          ],
          [
            18.243799,
            68.0445612
          ],
          [
            18.2438268,
            68.0430663
          ],
          [
            18.2435371,
            68.0426249
          ],
          [
            18.2433317,
            68.041231
          ],
          [
            18.24409,
            68.0402879
          ],
          [
            18.2449644,
            68.0387449
          ],
          [
            18.2452989,
            68.0364664
          ],
          [
            18.2457545,
            68.0357241
          ],
          [
            18.2459956,
            68.0347007
          ],
          [
            18.245476,
            68.0299644
          ],
          [
            18.2460019,
            68.0282474
          ],
          [
            18.245707,
            68.0268184
          ],
          [
            18.2458628,
            68.0263011
          ],
          [
            18.2457551,
            68.0253986
          ],
          [
            18.2461748,
            68.0246216
          ],
          [
            18.2466202,
            68.0242952
          ],
          [
            18.2478718,
            68.0227555
          ],
          [
            18.2481634,
            68.021552
          ],
          [
            18.2489501,
            68.0210904
          ],
          [
            18.2494281,
            68.0209603
          ],
          [
            18.2494947,
            68.0207935
          ],
          [
            18.2480572,
            68.0199022
          ],
          [
            18.245642,
            68.0191236
          ],
          [
            18.245107,
            68.0187691
          ],
          [
            18.2451174,
            68.0175904
          ],
          [
            18.2436677,
            68.0165264
          ],
          [
            18.243395,
            68.0154392
          ],
          [
            18.2430672,
            68.0152164
          ],
          [
            18.2428334,
            68.0148115
          ],
          [
            18.2426486,
            68.0139905
          ],
          [
            18.2433423,
            68.0130037
          ],
          [
            18.2429728,
            68.0124911
          ],
          [
            18.2442937,
            68.0118884
          ],
          [
            18.2442752,
            68.0115984
          ],
          [
            18.2445303,
            68.0113556
          ],
          [
            18.2455981,
            68.0112295
          ],
          [
            18.2458504,
            68.0108714
          ],
          [
            18.246508,
            68.010612
          ],
          [
            18.2466508,
            68.010123
          ],
          [
            18.246521,
            68.0096494
          ],
          [
            18.2472914,
            68.0077822
          ],
          [
            18.2476609,
            68.0073605
          ],
          [
            18.2471978,
            68.0067244
          ],
          [
            18.2476998,
            68.006301
          ],
          [
            18.248811,
            68.0059957
          ],
          [
            18.2492054,
            68.0054232
          ],
          [
            18.2489621,
            68.0042805
          ],
          [
            18.2493443,
            68.0032041
          ],
          [
            18.2500674,
            68.0026353
          ],
          [
            18.2509888,
            68.0014505
          ],
          [
            18.2519578,
            67.9998888
          ],
          [
            18.2519628,
            67.9995126
          ],
          [
            18.2523507,
            67.9988148
          ],
          [
            18.2533485,
            67.9977712
          ],
          [
            18.2533922,
            67.9974799
          ],
          [
            18.2537386,
            67.9972808
          ],
          [
            18.2547315,
            67.9955209
          ],
          [
            18.2567377,
            67.9937856
          ],
          [
            18.2569085,
            67.9933711
          ],
          [
            18.2564242,
            67.9921671
          ],
          [
            18.2544869,
            67.9904298
          ],
          [
            18.2545568,
            67.9897353
          ],
          [
            18.2542929,
            67.9888403
          ],
          [
            18.2543842,
            67.988235
          ],
          [
            18.2546652,
            67.9878211
          ],
          [
            18.2543511,
            67.9871557
          ],
          [
            18.2545938,
            67.9863187
          ],
          [
            18.2549979,
            67.9859389
          ],
          [
            18.2547139,
            67.9852629
          ],
          [
            18.2551456,
            67.9844018
          ],
          [
            18.2547093,
            67.9840155
          ],
          [
            18.252078,
            67.9829278
          ],
          [
            18.2518595,
            67.981123
          ],
          [
            18.2551831,
            67.9756797
          ],
          [
            18.2560372,
            67.9751474
          ],
          [
            18.2586965,
            67.974116
          ],
          [
            18.2597272,
            67.9737726
          ],
          [
            18.2610816,
            67.9735616
          ],
          [
            18.2621735,
            67.9731556
          ],
          [
            18.2632777,
            67.972277
          ],
          [
            18.2643778,
            67.9719128
          ],
          [
            18.26688,
            67.97007
          ],
          [
            18.2676623,
            67.9693299
          ],
          [
            18.2680223,
            67.9680741
          ],
          [
            18.2679806,
            67.9674134
          ],
          [
            18.2675677,
            67.9670691
          ],
          [
            18.2673956,
            67.9657772
          ],
          [
            18.2684017,
            67.9639511
          ],
          [
            18.2694805,
            67.9627551
          ],
          [
            18.2732335,
            67.960325
          ],
          [
            18.2740517,
            67.959948
          ],
          [
            18.2749367,
            67.9592053
          ],
          [
            18.2739201,
            67.9576127
          ],
          [
            18.2738027,
            67.95694
          ],
          [
            18.2743202,
            67.9556665
          ],
          [
            18.2760847,
            67.9535703
          ],
          [
            18.276136,
            67.9518012
          ],
          [
            18.2766929,
            67.950372
          ],
          [
            18.2773059,
            67.9498458
          ],
          [
            18.2774058,
            67.9493537
          ],
          [
            18.2782375,
            67.9484597
          ],
          [
            18.279516,
            67.9477714
          ],
          [
            18.2811891,
            67.9474295
          ],
          [
            18.2813215,
            67.9471291
          ],
          [
            18.2822069,
            67.9469491
          ],
          [
            18.2823931,
            67.9464692
          ]
        ]
      }
    },
    {
      "type": "Feature",
      "properties": {
        "schemaVersion": "candidate-kungsleden-geometry/v1",
        "trailId": "kungsleden",
        "sectionId": "kungsleden-section-05-salka-singi",
        "sectionNumber": 5,
        "name": "Salka-Singi",
        "from": "Salka",
        "to": "Singi",
        "source": "Naturvardsverket/Lansstyrelsen Leder WFS official state-trail geometry",
        "sourceCrs": "EPSG:3006",
        "outputCrs": "EPSG:4326",
        "generatedAt": "2026-04-30",
        "simplificationToleranceMeters": 5,
        "runtimeImportApproved": false
      },
      "geometry": {
        "type": "LineString",
        "coordinates": [
          [
            18.2824922,
            67.946409
          ],
          [
            18.282483,
            67.9459707
          ],
          [
            18.2827292,
            67.9457926
          ],
          [
            18.282873,
            67.9451838
          ],
          [
            18.2833639,
            67.9447217
          ],
          [
            18.2828895,
            67.943642
          ],
          [
            18.2829908,
            67.9432843
          ],
          [
            18.2835367,
            67.9426905
          ],
          [
            18.2823944,
            67.9411745
          ],
          [
            18.2828715,
            67.9397653
          ],
          [
            18.2827146,
            67.9391702
          ],
          [
            18.2833066,
            67.9382755
          ],
          [
            18.2832143,
            67.9380586
          ],
          [
            18.2826029,
            67.9378004
          ],
          [
            18.282304,
            67.9373229
          ],
          [
            18.2825266,
            67.9368115
          ],
          [
            18.2821147,
            67.9356268
          ],
          [
            18.2825291,
            67.9347383
          ],
          [
            18.2823371,
            67.9344348
          ],
          [
            18.282541,
            67.934308
          ],
          [
            18.2825186,
            67.9328295
          ],
          [
            18.2830543,
            67.9322148
          ],
          [
            18.2847994,
            67.9313294
          ],
          [
            18.2855312,
            67.9307651
          ],
          [
            18.2858866,
            67.9303971
          ],
          [
            18.2860914,
            67.9297229
          ],
          [
            18.2867859,
            67.9292529
          ],
          [
            18.2871013,
            67.9287043
          ],
          [
            18.2862026,
            67.9277831
          ],
          [
            18.2860049,
            67.9272244
          ],
          [
            18.2863039,
            67.9269761
          ],
          [
            18.2859618,
            67.9262783
          ],
          [
            18.2861401,
            67.925856
          ],
          [
            18.2874741,
            67.9246084
          ],
          [
            18.2873974,
            67.9243495
          ],
          [
            18.2875753,
            67.9240201
          ],
          [
            18.2879728,
            67.9237096
          ],
          [
            18.2878009,
            67.9230398
          ],
          [
            18.2871111,
            67.9223245
          ],
          [
            18.2872291,
            67.9221241
          ],
          [
            18.2876747,
            67.921842
          ],
          [
            18.2892151,
            67.9214389
          ],
          [
            18.2903866,
            67.9210228
          ],
          [
            18.2916004,
            67.9203884
          ],
          [
            18.2931967,
            67.9199836
          ],
          [
            18.2948263,
            67.9197772
          ],
          [
            18.295639,
            67.9191409
          ],
          [
            18.2967639,
            67.9185368
          ],
          [
            18.2995959,
            67.9173311
          ],
          [
            18.2999595,
            67.9170067
          ],
          [
            18.3014894,
            67.9162131
          ],
          [
            18.303119,
            67.9149105
          ],
          [
            18.3042078,
            67.9143905
          ],
          [
            18.3047393,
            67.9140061
          ],
          [
            18.3078146,
            67.9116013
          ],
          [
            18.3083022,
            67.911298
          ],
          [
            18.3086249,
            67.9112309
          ],
          [
            18.3101461,
            67.9084233
          ],
          [
            18.3109289,
            67.9077736
          ],
          [
            18.3126692,
            67.9067939
          ],
          [
            18.3135314,
            67.906467
          ],
          [
            18.3155279,
            67.9040933
          ],
          [
            18.3160556,
            67.9029752
          ],
          [
            18.3165519,
            67.9025833
          ],
          [
            18.3195703,
            67.9011048
          ],
          [
            18.3224967,
            67.9000716
          ],
          [
            18.3239276,
            67.8991661
          ],
          [
            18.3240332,
            67.8989118
          ],
          [
            18.3245345,
            67.8986784
          ],
          [
            18.3266637,
            67.89785
          ],
          [
            18.3283247,
            67.8976502
          ],
          [
            18.3284957,
            67.8973472
          ],
          [
            18.3279799,
            67.896865
          ],
          [
            18.3280394,
            67.8965482
          ],
          [
            18.3275173,
            67.8961417
          ],
          [
            18.3263674,
            67.8947314
          ],
          [
            18.3240684,
            67.8933029
          ],
          [
            18.3236093,
            67.8922945
          ],
          [
            18.3230733,
            67.8917884
          ],
          [
            18.3224561,
            67.8906934
          ],
          [
            18.3227478,
            67.8892352
          ],
          [
            18.3223586,
            67.8889482
          ],
          [
            18.3227921,
            67.887734
          ],
          [
            18.3225407,
            67.8867339
          ],
          [
            18.3230868,
            67.8857898
          ],
          [
            18.3230642,
            67.8847983
          ],
          [
            18.3228458,
            67.8845244
          ],
          [
            18.3226238,
            67.8833817
          ],
          [
            18.321827,
            67.8826534
          ],
          [
            18.3218253,
            67.8824513
          ],
          [
            18.3214914,
            67.8821177
          ],
          [
            18.3215798,
            67.881162
          ],
          [
            18.3210061,
            67.8805116
          ],
          [
            18.3208656,
            67.8800303
          ],
          [
            18.3209882,
            67.8798225
          ],
          [
            18.3205081,
            67.8792628
          ],
          [
            18.3200012,
            67.87818
          ],
          [
            18.3209106,
            67.8778441
          ],
          [
            18.3208575,
            67.8773685
          ],
          [
            18.3205564,
            67.8771654
          ],
          [
            18.3205476,
            67.8766554
          ],
          [
            18.320897,
            67.8758235
          ],
          [
            18.3211059,
            67.8757204
          ],
          [
            18.3206509,
            67.8754033
          ],
          [
            18.3212192,
            67.8749361
          ],
          [
            18.321054,
            67.8747982
          ],
          [
            18.3211092,
            67.874286
          ],
          [
            18.3207902,
            67.8739675
          ],
          [
            18.3207723,
            67.8734628
          ],
          [
            18.3211805,
            67.872671
          ],
          [
            18.3218639,
            67.8719297
          ],
          [
            18.3205049,
            67.8712831
          ],
          [
            18.3196703,
            67.871062
          ],
          [
            18.3196199,
            67.8709361
          ],
          [
            18.3181694,
            67.8702442
          ],
          [
            18.3166062,
            67.8697068
          ],
          [
            18.3133774,
            67.8688253
          ],
          [
            18.3113714,
            67.8684502
          ],
          [
            18.3104091,
            67.8681403
          ],
          [
            18.3097166,
            67.8675599
          ],
          [
            18.3096141,
            67.8671241
          ],
          [
            18.3084484,
            67.8663161
          ],
          [
            18.3083027,
            67.8660931
          ],
          [
            18.3086792,
            67.8650468
          ],
          [
            18.3083454,
            67.8637269
          ],
          [
            18.3078677,
            67.8634807
          ],
          [
            18.3080038,
            67.8629458
          ],
          [
            18.3091619,
            67.8619889
          ],
          [
            18.30984,
            67.8616734
          ],
          [
            18.3106462,
            67.8608531
          ],
          [
            18.3111138,
            67.8605879
          ],
          [
            18.3114421,
            67.8599014
          ],
          [
            18.3117258,
            67.8597566
          ],
          [
            18.3121304,
            67.8592363
          ],
          [
            18.312787,
            67.8581429
          ],
          [
            18.3129375,
            67.8575821
          ],
          [
            18.3141638,
            67.8565492
          ],
          [
            18.3143041,
            67.8559586
          ],
          [
            18.3147778,
            67.8553905
          ],
          [
            18.3145763,
            67.8546457
          ],
          [
            18.315285,
            67.8534158
          ],
          [
            18.3151766,
            67.8529835
          ],
          [
            18.3158039,
            67.8522933
          ],
          [
            18.3159252,
            67.8516552
          ],
          [
            18.3156775,
            67.8512286
          ],
          [
            18.3164048,
            67.8509465
          ]
        ]
      }
    },
    {
      "type": "Feature",
      "properties": {
        "schemaVersion": "candidate-kungsleden-geometry/v1",
        "trailId": "kungsleden",
        "sectionId": "kungsleden-section-06-singi-kaitumjaure",
        "sectionNumber": 6,
        "name": "Singi-Kaitumjaure",
        "from": "Singi",
        "to": "Kaitumjaure",
        "source": "Naturvardsverket/Lansstyrelsen Leder WFS official state-trail geometry",
        "sourceCrs": "EPSG:3006",
        "outputCrs": "EPSG:4326",
        "generatedAt": "2026-04-30",
        "simplificationToleranceMeters": 5,
        "runtimeImportApproved": false
      },
      "geometry": {
        "type": "LineString",
        "coordinates": [
          [
            18.3165049,
            67.8508938
          ],
          [
            18.3159804,
            67.8503547
          ],
          [
            18.3159475,
            67.8500971
          ],
          [
            18.3175388,
            67.8483365
          ],
          [
            18.3176922,
            67.8479158
          ],
          [
            18.3184933,
            67.8469911
          ],
          [
            18.3185196,
            67.8466649
          ],
          [
            18.31899,
            67.8460872
          ],
          [
            18.3189716,
            67.8450455
          ],
          [
            18.3203647,
            67.8431824
          ],
          [
            18.320136,
            67.8426253
          ],
          [
            18.3201899,
            67.8416112
          ],
          [
            18.3196731,
            67.8409042
          ],
          [
            18.3195422,
            67.8400403
          ],
          [
            18.319313,
            67.8396919
          ],
          [
            18.3195846,
            67.8393449
          ],
          [
            18.3194832,
            67.8391856
          ],
          [
            18.3198878,
            67.8379883
          ],
          [
            18.3197354,
            67.8374856
          ],
          [
            18.3198508,
            67.8371333
          ],
          [
            18.3194032,
            67.8363449
          ],
          [
            18.3194304,
            67.8358364
          ],
          [
            18.3196883,
            67.8355696
          ],
          [
            18.3196239,
            67.8350801
          ],
          [
            18.3192761,
            67.8337512
          ],
          [
            18.3190222,
            67.8334569
          ],
          [
            18.3186477,
            67.8332925
          ],
          [
            18.318409,
            67.8328676
          ],
          [
            18.3185509,
            67.8323927
          ],
          [
            18.318797,
            67.8322343
          ],
          [
            18.3192614,
            67.8313855
          ],
          [
            18.3190934,
            67.8309662
          ],
          [
            18.3193358,
            67.830556
          ],
          [
            18.3190814,
            67.8302021
          ],
          [
            18.3191377,
            67.8295296
          ],
          [
            18.3186852,
            67.8290749
          ],
          [
            18.3184901,
            67.8282937
          ],
          [
            18.3172207,
            67.8269303
          ],
          [
            18.3166318,
            67.8266267
          ],
          [
            18.3149668,
            67.8242354
          ],
          [
            18.3135886,
            67.8235557
          ],
          [
            18.3124273,
            67.8226572
          ],
          [
            18.3118703,
            67.8223958
          ],
          [
            18.3113117,
            67.8217347
          ],
          [
            18.3102302,
            67.8212581
          ],
          [
            18.309591,
            67.8208058
          ],
          [
            18.3086983,
            67.8204872
          ],
          [
            18.3084236,
            67.820167
          ],
          [
            18.3074897,
            67.819657
          ],
          [
            18.3063794,
            67.8185241
          ],
          [
            18.3056426,
            67.8181849
          ],
          [
            18.3045176,
            67.8170419
          ],
          [
            18.3037456,
            67.8165657
          ],
          [
            18.3037177,
            67.8163688
          ],
          [
            18.3024617,
            67.815669
          ],
          [
            18.3021178,
            67.81515
          ],
          [
            18.3012905,
            67.8146694
          ],
          [
            18.299842,
            67.8124853
          ],
          [
            18.2996064,
            67.8118218
          ],
          [
            18.2986493,
            67.8107021
          ],
          [
            18.2986088,
            67.8103861
          ],
          [
            18.2979608,
            67.8099754
          ],
          [
            18.2975868,
            67.8095581
          ],
          [
            18.2976277,
            67.8085893
          ],
          [
            18.2981455,
            67.8077794
          ],
          [
            18.2979439,
            67.8073048
          ],
          [
            18.2971884,
            67.8066571
          ],
          [
            18.2972201,
            67.8046995
          ],
          [
            18.2975102,
            67.8025901
          ],
          [
            18.2968773,
            67.8013512
          ],
          [
            18.2967979,
            67.8000261
          ],
          [
            18.297052,
            67.7997056
          ],
          [
            18.2970306,
            67.7991816
          ],
          [
            18.2974643,
            67.7986143
          ],
          [
            18.2975893,
            67.797991
          ],
          [
            18.2981224,
            67.7974589
          ],
          [
            18.2982944,
            67.7969763
          ],
          [
            18.2976728,
            67.7955864
          ],
          [
            18.2970627,
            67.7953118
          ],
          [
            18.2972814,
            67.793757
          ],
          [
            18.2970959,
            67.7929244
          ],
          [
            18.297746,
            67.7914075
          ],
          [
            18.2973281,
            67.7907548
          ],
          [
            18.2969898,
            67.7895274
          ],
          [
            18.2964006,
            67.7885358
          ],
          [
            18.2968452,
            67.7871275
          ],
          [
            18.296521,
            67.7849509
          ],
          [
            18.2969574,
            67.7841554
          ],
          [
            18.2970878,
            67.7815433
          ],
          [
            18.296948,
            67.7811522
          ],
          [
            18.2971621,
            67.7805949
          ],
          [
            18.2979401,
            67.7798771
          ],
          [
            18.297949,
            67.7795694
          ],
          [
            18.2976228,
            67.7790498
          ],
          [
            18.2971116,
            67.7786514
          ],
          [
            18.2969881,
            67.778176
          ],
          [
            18.2965469,
            67.7778475
          ],
          [
            18.2940574,
            67.7769026
          ],
          [
            18.2920509,
            67.7758799
          ],
          [
            18.2900707,
            67.7751025
          ],
          [
            18.2887891,
            67.7741824
          ],
          [
            18.2883117,
            67.7740392
          ],
          [
            18.2874646,
            67.7734687
          ],
          [
            18.2868443,
            67.7732018
          ],
          [
            18.2864388,
            67.772818
          ],
          [
            18.2864393,
            67.7725938
          ],
          [
            18.287016,
            67.77176
          ],
          [
            18.2861658,
            67.7713394
          ],
          [
            18.2851151,
            67.7706
          ],
          [
            18.2844131,
            67.769952
          ],
          [
            18.2842375,
            67.7695002
          ],
          [
            18.2839093,
            67.7692337
          ],
          [
            18.2845077,
            67.7676423
          ],
          [
            18.2850792,
            67.7673727
          ],
          [
            18.2850911,
            67.7670653
          ],
          [
            18.2858522,
            67.7662248
          ],
          [
            18.2873317,
            67.7652975
          ],
          [
            18.2877385,
            67.7648894
          ],
          [
            18.2896367,
            67.7637727
          ],
          [
            18.2893299,
            67.7631314
          ],
          [
            18.2883413,
            67.7622943
          ],
          [
            18.2879112,
            67.7616422
          ],
          [
            18.2877895,
            67.7611222
          ],
          [
            18.2881091,
            67.7603527
          ],
          [
            18.2878689,
            67.7594185
          ],
          [
            18.2882056,
            67.7590201
          ],
          [
            18.2888115,
            67.7587626
          ],
          [
            18.289636,
            67.7578958
          ],
          [
            18.2900861,
            67.7569547
          ],
          [
            18.2905807,
            67.7564338
          ],
          [
            18.2914097,
            67.7560298
          ],
          [
            18.2917441,
            67.7555702
          ],
          [
            18.2916301,
            67.7550185
          ],
          [
            18.2919142,
            67.7547133
          ],
          [
            18.2920177,
            67.7541183
          ],
          [
            18.292798,
            67.7535699
          ],
          [
            18.2933194,
            67.752937
          ],
          [
            18.2933559,
            67.7525998
          ],
          [
            18.2938985,
            67.7523769
          ],
          [
            18.2946347,
            67.7513094
          ],
          [
            18.295253,
            67.7507529
          ],
          [
            18.2955912,
            67.7496883
          ],
          [
            18.2960916,
            67.7493955
          ],
          [
            18.295708,
            67.7487112
          ],
          [
            18.2957603,
            67.7482622
          ],
          [
            18.2960723,
            67.7477504
          ],
          [
            18.2967107,
            67.7472272
          ],
          [
            18.2960615,
            67.7464204
          ]
        ]
      }
    },
    {
      "type": "Feature",
      "properties": {
        "schemaVersion": "candidate-kungsleden-geometry/v1",
        "trailId": "kungsleden",
        "sectionId": "kungsleden-section-07-kaitumjaure-teusajaure",
        "sectionNumber": 7,
        "name": "Kaitumjaure-Teusajaure",
        "from": "Kaitumjaure",
        "to": "Teusajaure",
        "source": "Naturvardsverket/Lansstyrelsen Leder WFS official state-trail geometry",
        "sourceCrs": "EPSG:3006",
        "outputCrs": "EPSG:4326",
        "generatedAt": "2026-04-30",
        "simplificationToleranceMeters": 5,
        "runtimeImportApproved": false
      },
      "geometry": {
        "type": "LineString",
        "coordinates": [
          [
            18.2960351,
            67.7464064
          ],
          [
            18.294225,
            67.7455241
          ],
          [
            18.2925005,
            67.7442697
          ],
          [
            18.2902619,
            67.7435271
          ],
          [
            18.2880281,
            67.7431387
          ],
          [
            18.2860077,
            67.7421357
          ],
          [
            18.2836464,
            67.7412837
          ],
          [
            18.2818668,
            67.7404779
          ],
          [
            18.2804313,
            67.7401729
          ],
          [
            18.2792561,
            67.7400301
          ],
          [
            18.2782186,
            67.7396626
          ],
          [
            18.2770356,
            67.7394471
          ],
          [
            18.2767679,
            67.7393095
          ],
          [
            18.2747513,
            67.7387717
          ],
          [
            18.2737486,
            67.7386952
          ],
          [
            18.2728696,
            67.7382344
          ],
          [
            18.273048,
            67.7379503
          ],
          [
            18.2722566,
            67.7373002
          ],
          [
            18.271896,
            67.7371127
          ],
          [
            18.2707425,
            67.7368249
          ],
          [
            18.2700823,
            67.7365474
          ],
          [
            18.2695825,
            67.7364452
          ],
          [
            18.2683977,
            67.736461
          ],
          [
            18.2676069,
            67.7362852
          ],
          [
            18.2667663,
            67.73621
          ],
          [
            18.2655863,
            67.7358318
          ],
          [
            18.2625764,
            67.7351098
          ],
          [
            18.260018,
            67.7346992
          ],
          [
            18.2586095,
            67.7343565
          ],
          [
            18.2549011,
            67.7339559
          ],
          [
            18.2545276,
            67.733698
          ],
          [
            18.2546748,
            67.7333321
          ],
          [
            18.2551275,
            67.7329514
          ],
          [
            18.255051,
            67.7327005
          ],
          [
            18.2543447,
            67.7325855
          ],
          [
            18.2530754,
            67.7327299
          ],
          [
            18.2519577,
            67.7326987
          ],
          [
            18.2514499,
            67.7327554
          ],
          [
            18.2502308,
            67.7326768
          ],
          [
            18.2498313,
            67.7325586
          ],
          [
            18.2487815,
            67.732533
          ],
          [
            18.2474737,
            67.7321729
          ],
          [
            18.246852,
            67.7317963
          ],
          [
            18.246158,
            67.7315317
          ],
          [
            18.2446278,
            67.7311266
          ],
          [
            18.2445035,
            67.7309095
          ],
          [
            18.2425335,
            67.7303904
          ],
          [
            18.2419478,
            67.7298651
          ],
          [
            18.2397699,
            67.728869
          ],
          [
            18.2380793,
            67.7284324
          ],
          [
            18.2358481,
            67.7277065
          ],
          [
            18.235316,
            67.7274861
          ],
          [
            18.2350236,
            67.7271391
          ],
          [
            18.2344395,
            67.7268541
          ],
          [
            18.2329493,
            67.7265699
          ],
          [
            18.2324302,
            67.726164
          ],
          [
            18.2315189,
            67.7256934
          ],
          [
            18.230543,
            67.7255723
          ],
          [
            18.2300562,
            67.7254153
          ],
          [
            18.2292116,
            67.7247113
          ],
          [
            18.2281588,
            67.724508
          ],
          [
            18.2269415,
            67.7238196
          ],
          [
            18.225076,
            67.7231087
          ],
          [
            18.2245257,
            67.7230022
          ],
          [
            18.2211568,
            67.7210155
          ],
          [
            18.2202404,
            67.7207404
          ],
          [
            18.2200595,
            67.7204394
          ],
          [
            18.2173307,
            67.7184885
          ],
          [
            18.2165514,
            67.7177599
          ],
          [
            18.2148454,
            67.7168465
          ],
          [
            18.2068301,
            67.7139372
          ],
          [
            18.2051918,
            67.7134501
          ],
          [
            18.1997493,
            67.7113206
          ],
          [
            18.1982591,
            67.7109502
          ],
          [
            18.1974759,
            67.7105557
          ],
          [
            18.1954538,
            67.7100936
          ],
          [
            18.1942767,
            67.7097282
          ],
          [
            18.1928853,
            67.7089803
          ],
          [
            18.191682,
            67.7087389
          ],
          [
            18.1906013,
            67.7081518
          ],
          [
            18.1858687,
            67.706625
          ],
          [
            18.1829621,
            67.705361
          ],
          [
            18.1807477,
            67.704764
          ],
          [
            18.1800662,
            67.7041234
          ],
          [
            18.1783909,
            67.7029397
          ],
          [
            18.1754943,
            67.701961
          ],
          [
            18.1724148,
            67.7012127
          ],
          [
            18.1719786,
            67.7009234
          ],
          [
            18.1718496,
            67.7006576
          ],
          [
            18.1702701,
            67.7003393
          ],
          [
            18.1697813,
            67.6998611
          ],
          [
            18.1687378,
            67.6996589
          ],
          [
            18.16831,
            67.6994066
          ],
          [
            18.1683271,
            67.6989733
          ],
          [
            18.1680321,
            67.6987478
          ],
          [
            18.1681662,
            67.6985965
          ],
          [
            18.1677317,
            67.6984267
          ],
          [
            18.1674194,
            67.6981218
          ],
          [
            18.1674648,
            67.6979058
          ],
          [
            18.1664709,
            67.6975738
          ],
          [
            18.1660344,
            67.697254
          ],
          [
            18.1654267,
            67.6970967
          ],
          [
            18.1649378,
            67.6970727
          ],
          [
            18.1648225,
            67.6969925
          ],
          [
            18.1641714,
            67.6969848
          ],
          [
            18.1639552,
            67.6968003
          ],
          [
            18.1633543,
            67.696779
          ],
          [
            18.1617259,
            67.6963517
          ],
          [
            18.1609929,
            67.6957697
          ],
          [
            18.1604677,
            67.6955329
          ],
          [
            18.1594156,
            67.6953363
          ],
          [
            18.158136,
            67.6953277
          ],
          [
            18.1574377,
            67.6942712
          ],
          [
            18.1566722,
            67.6945206
          ],
          [
            18.1564771,
            67.6946923
          ],
          [
            18.1561249,
            67.6946733
          ]
        ]
      }
    },
    {
      "type": "Feature",
      "properties": {
        "schemaVersion": "candidate-kungsleden-geometry/v1",
        "trailId": "kungsleden",
        "sectionId": "kungsleden-section-08-teusajaure-vakkotavare",
        "sectionNumber": 8,
        "name": "Teusajaure-Vakkotavare",
        "from": "Teusajaure",
        "to": "Vakkotavare",
        "source": "Naturvardsverket/Lansstyrelsen Leder WFS official state-trail geometry",
        "sourceCrs": "EPSG:3006",
        "outputCrs": "EPSG:4326",
        "generatedAt": "2026-04-30",
        "simplificationToleranceMeters": 5,
        "runtimeImportApproved": false
      },
      "geometry": {
        "type": "LineString",
        "coordinates": [
          [
            18.1419102,
            67.6891069
          ],
          [
            18.1411257,
            67.6891046
          ],
          [
            18.1402416,
            67.688868
          ],
          [
            18.1385527,
            67.6886582
          ],
          [
            18.1371352,
            67.6883568
          ],
          [
            18.1353361,
            67.6882029
          ],
          [
            18.1330297,
            67.6878656
          ],
          [
            18.1312813,
            67.6878065
          ],
          [
            18.1302391,
            67.687973
          ],
          [
            18.1288085,
            67.6879684
          ],
          [
            18.1255938,
            67.6876821
          ],
          [
            18.1249377,
            67.6876839
          ],
          [
            18.1243251,
            67.6875405
          ],
          [
            18.1238226,
            67.6863818
          ],
          [
            18.12318,
            67.6860604
          ],
          [
            18.122874,
            67.685192
          ],
          [
            18.1223923,
            67.6848421
          ],
          [
            18.121931,
            67.6842446
          ],
          [
            18.1217569,
            67.683303
          ],
          [
            18.1211401,
            67.6824928
          ],
          [
            18.1214277,
            67.6817814
          ],
          [
            18.121278,
            67.680978
          ],
          [
            18.1198211,
            67.6804656
          ],
          [
            18.1186809,
            67.6798935
          ],
          [
            18.1188055,
            67.6794933
          ],
          [
            18.1186259,
            67.6791962
          ],
          [
            18.1178419,
            67.6788743
          ],
          [
            18.1171552,
            67.6783092
          ],
          [
            18.1151897,
            67.6773004
          ],
          [
            18.1141076,
            67.6765988
          ],
          [
            18.1125503,
            67.6751277
          ],
          [
            18.1122121,
            67.6746461
          ],
          [
            18.1109959,
            67.6736429
          ],
          [
            18.1105153,
            67.6725169
          ],
          [
            18.1104785,
            67.6699009
          ],
          [
            18.1102185,
            67.6691751
          ],
          [
            18.1105021,
            67.667256
          ],
          [
            18.1097124,
            67.6646945
          ],
          [
            18.1093262,
            67.6640722
          ],
          [
            18.1094575,
            67.6633139
          ],
          [
            18.1091692,
            67.6624963
          ],
          [
            18.1093176,
            67.6613053
          ],
          [
            18.1090727,
            67.66121
          ],
          [
            18.1072945,
            67.6609993
          ],
          [
            18.1046927,
            67.6609901
          ],
          [
            18.1034652,
            67.6609018
          ],
          [
            18.1024002,
            67.6609393
          ],
          [
            18.0995863,
            67.6613799
          ],
          [
            18.0991362,
            67.6612391
          ],
          [
            18.0988439,
            67.6609816
          ],
          [
            18.0988906,
            67.6608025
          ],
          [
            18.0997117,
            67.6603675
          ],
          [
            18.0998006,
            67.660103
          ],
          [
            18.1010744,
            67.659543
          ],
          [
            18.10162,
            67.6595225
          ],
          [
            18.1038626,
            67.6588963
          ],
          [
            18.1058961,
            67.6577888
          ],
          [
            18.1091341,
            67.656824
          ],
          [
            18.1089595,
            67.6563044
          ],
          [
            18.108205,
            67.6555206
          ],
          [
            18.1076838,
            67.6547022
          ],
          [
            18.1070214,
            67.6524936
          ],
          [
            18.1068201,
            67.6513221
          ],
          [
            18.1073171,
            67.6493891
          ],
          [
            18.1070881,
            67.6489561
          ],
          [
            18.1072856,
            67.6482533
          ],
          [
            18.1057708,
            67.645855
          ],
          [
            18.1045925,
            67.6446908
          ],
          [
            18.104485,
            67.6435014
          ],
          [
            18.1039608,
            67.6420624
          ],
          [
            18.1042323,
            67.6411891
          ],
          [
            18.1046288,
            67.6409494
          ],
          [
            18.1039759,
            67.6397703
          ],
          [
            18.1046015,
            67.6396109
          ],
          [
            18.1047916,
            67.6391846
          ],
          [
            18.1048011,
            67.6382846
          ],
          [
            18.1053053,
            67.6378018
          ],
          [
            18.1058249,
            67.6365931
          ],
          [
            18.1053316,
            67.6355978
          ],
          [
            18.1063123,
            67.6348802
          ],
          [
            18.1060871,
            67.6345875
          ],
          [
            18.107304,
            67.6320404
          ],
          [
            18.1072128,
            67.6308697
          ],
          [
            18.1064722,
            67.62869
          ],
          [
            18.1065987,
            67.6279674
          ],
          [
            18.1063105,
            67.6262474
          ],
          [
            18.1064784,
            67.6232559
          ],
          [
            18.1074981,
            67.6221479
          ],
          [
            18.1074872,
            67.6204469
          ],
          [
            18.1072503,
            67.6200554
          ],
          [
            18.1072685,
            67.6194644
          ],
          [
            18.1067481,
            67.6184515
          ],
          [
            18.1068726,
            67.6180275
          ],
          [
            18.106645,
            67.61708
          ],
          [
            18.1062073,
            67.6163918
          ],
          [
            18.1059369,
            67.6151924
          ],
          [
            18.1060295,
            67.6131362
          ],
          [
            18.1062398,
            67.6128266
          ],
          [
            18.1058119,
            67.6125007
          ],
          [
            18.1053316,
            67.6115876
          ],
          [
            18.1060079,
            67.6107211
          ],
          [
            18.1059207,
            67.610283
          ],
          [
            18.1060775,
            67.6097952
          ],
          [
            18.1065446,
            67.6095117
          ],
          [
            18.10668,
            67.6091468
          ],
          [
            18.1065731,
            67.6089476
          ],
          [
            18.1067231,
            67.6087217
          ],
          [
            18.1064582,
            67.6082947
          ],
          [
            18.1062956,
            67.6074557
          ],
          [
            18.1063232,
            67.6068323
          ],
          [
            18.1066363,
            67.6064034
          ],
          [
            18.1060365,
            67.6058963
          ],
          [
            18.1054092,
            67.6056463
          ],
          [
            18.1055101,
            67.6055251
          ],
          [
            18.1052776,
            67.6051517
          ],
          [
            18.105293,
            67.6047471
          ],
          [
            18.1057275,
            67.6041071
          ],
          [
            18.105845,
            67.6031067
          ],
          [
            18.1055744,
            67.602792
          ],
          [
            18.1060072,
            67.6024525
          ],
          [
            18.10601,
            67.6020294
          ],
          [
            18.1062181,
            67.6018089
          ],
          [
            18.1058772,
            67.6011589
          ],
          [
            18.1059825,
            67.6005353
          ],
          [
            18.1057101,
            67.6004154
          ],
          [
            18.1065128,
            67.5998522
          ],
          [
            18.1072055,
            67.5986476
          ],
          [
            18.1069669,
            67.5980048
          ],
          [
            18.1071162,
            67.5973817
          ],
          [
            18.1068313,
            67.5972183
          ],
          [
            18.107147,
            67.5968086
          ],
          [
            18.1071036,
            67.5963583
          ],
          [
            18.1066471,
            67.5956642
          ],
          [
            18.1067049,
            67.595316
          ],
          [
            18.1064542,
            67.5949019
          ],
          [
            18.1050244,
            67.5941329
          ],
          [
            18.1056369,
            67.593247
          ],
          [
            18.1061094,
            67.5929267
          ],
          [
            18.1057502,
            67.592079
          ],
          [
            18.1059853,
            67.5916709
          ],
          [
            18.1056426,
            67.5915259
          ],
          [
            18.1056106,
            67.5912104
          ],
          [
            18.1050277,
            67.5905277
          ],
          [
            18.1047911,
            67.5903703
          ],
          [
            18.1033686,
            67.5899816
          ],
          [
            18.1033777,
            67.5897218
          ],
          [
            18.1029586,
            67.5895088
          ],
          [
            18.1024715,
            67.5893152
          ],
          [
            18.1019453,
            67.5892329
          ],
          [
            18.1011441,
            67.5889066
          ],
          [
            18.1000385,
            67.5881158
          ],
          [
            18.0992686,
            67.5878853
          ],
          [
            18.0983043,
            67.5872691
          ],
          [
            18.0982863,
            67.5868055
          ],
          [
            18.098483,
            67.5867156
          ],
          [
            18.0987487,
            67.586132
          ],
          [
            18.0985777,
            67.5857532
          ],
          [
            18.0986226,
            67.584909
          ],
          [
            18.0987537,
            67.5847224
          ],
          [
            18.0994326,
            67.5844232
          ],
          [
            18.0994242,
            67.5842582
          ],
          [
            18.0989054,
            67.5839403
          ],
          [
            18.0988933,
            67.5837694
          ],
          [
            18.0992431,
            67.5833802
          ],
          [
            18.0994782,
            67.5826358
          ],
          [
            18.0998285,
            67.5823385
          ],
          [
            18.1001828,
            67.5823601
          ],
          [
            18.100577,
            67.5821336
          ],
          [
            18.1002859,
            67.5817013
          ]
        ]
      }
    },
    {
      "type": "Feature",
      "properties": {
        "schemaVersion": "candidate-kungsleden-geometry/v1",
        "trailId": "kungsleden",
        "sectionId": "kungsleden-section-09-saltoluokta-sitojaure",
        "sectionNumber": 9,
        "name": "Saltoluokta-Sitojaure",
        "from": "Saltoluokta",
        "to": "Sitojaure",
        "source": "Naturvardsverket/Lansstyrelsen Leder WFS official state-trail geometry",
        "sourceCrs": "EPSG:3006",
        "outputCrs": "EPSG:4326",
        "generatedAt": "2026-04-30",
        "simplificationToleranceMeters": 5,
        "runtimeImportApproved": false
      },
      "geometry": {
        "type": "LineString",
        "coordinates": [
          [
            18.5207145,
            67.3941247
          ],
          [
            18.5201205,
            67.3939295
          ],
          [
            18.5202227,
            67.3934663
          ],
          [
            18.5198364,
            67.3931005
          ],
          [
            18.5199899,
            67.3925537
          ],
          [
            18.5198213,
            67.3923518
          ],
          [
            18.5188444,
            67.3919268
          ],
          [
            18.5184754,
            67.3913646
          ],
          [
            18.5169223,
            67.3903296
          ],
          [
            18.5161953,
            67.3900597
          ],
          [
            18.5151876,
            67.3894622
          ],
          [
            18.5130157,
            67.3886086
          ],
          [
            18.5128161,
            67.3885065
          ],
          [
            18.5129902,
            67.3883159
          ],
          [
            18.5112995,
            67.3875547
          ],
          [
            18.5109541,
            67.3870656
          ],
          [
            18.5099436,
            67.3865751
          ],
          [
            18.5095664,
            67.3854828
          ],
          [
            18.5095735,
            67.3851168
          ],
          [
            18.5099163,
            67.3847047
          ],
          [
            18.510846,
            67.3843462
          ],
          [
            18.5114349,
            67.3838952
          ],
          [
            18.5110884,
            67.3831964
          ],
          [
            18.5148075,
            67.3818087
          ],
          [
            18.5159903,
            67.3806232
          ],
          [
            18.5166671,
            67.3803596
          ],
          [
            18.5172027,
            67.3800123
          ],
          [
            18.5182795,
            67.3782066
          ],
          [
            18.5186145,
            67.3779731
          ],
          [
            18.5194986,
            67.3764436
          ],
          [
            18.520094,
            67.3758086
          ],
          [
            18.5199381,
            67.3757303
          ],
          [
            18.5199324,
            67.3754624
          ],
          [
            18.5202593,
            67.3736147
          ],
          [
            18.5222514,
            67.3705885
          ],
          [
            18.5227906,
            67.3702131
          ],
          [
            18.5230785,
            67.3692929
          ],
          [
            18.5234161,
            67.369084
          ],
          [
            18.5235744,
            67.3685417
          ],
          [
            18.5229343,
            67.3673699
          ],
          [
            18.5206864,
            67.3648785
          ],
          [
            18.519319,
            67.3620154
          ],
          [
            18.5172198,
            67.3600273
          ],
          [
            18.516326,
            67.3595071
          ],
          [
            18.5156217,
            67.3589276
          ],
          [
            18.5138387,
            67.3570391
          ],
          [
            18.5130867,
            67.356496
          ],
          [
            18.5121006,
            67.3552433
          ],
          [
            18.5115463,
            67.3541749
          ],
          [
            18.5105131,
            67.3527723
          ],
          [
            18.5102698,
            67.3512055
          ],
          [
            18.5104836,
            67.3499257
          ],
          [
            18.508995,
            67.3476882
          ],
          [
            18.5079403,
            67.3455325
          ],
          [
            18.506608,
            67.3436249
          ],
          [
            18.5049129,
            67.3417251
          ],
          [
            18.5045979,
            67.3400763
          ],
          [
            18.5037387,
            67.3385699
          ],
          [
            18.5041791,
            67.3368895
          ],
          [
            18.5039617,
            67.3359127
          ],
          [
            18.5033381,
            67.3348759
          ],
          [
            18.5039247,
            67.333323
          ],
          [
            18.5050543,
            67.331524
          ],
          [
            18.5055069,
            67.3301074
          ],
          [
            18.5050609,
            67.3297164
          ],
          [
            18.5029027,
            67.3287695
          ],
          [
            18.5026141,
            67.328443
          ],
          [
            18.5023687,
            67.3277504
          ],
          [
            18.5008935,
            67.3262625
          ],
          [
            18.4998985,
            67.3243485
          ],
          [
            18.4989566,
            67.3230763
          ],
          [
            18.4983282,
            67.3214298
          ],
          [
            18.498578,
            67.321074
          ],
          [
            18.4980267,
            67.3208217
          ],
          [
            18.4978918,
            67.3204937
          ],
          [
            18.4975181,
            67.3202337
          ],
          [
            18.4969348,
            67.3194711
          ],
          [
            18.4964207,
            67.319166
          ],
          [
            18.4961597,
            67.3186998
          ],
          [
            18.495405,
            67.3180565
          ],
          [
            18.4946984,
            67.3171248
          ],
          [
            18.4934943,
            67.316164
          ],
          [
            18.4932651,
            67.3157068
          ],
          [
            18.4922804,
            67.3147631
          ],
          [
            18.4916193,
            67.3133083
          ],
          [
            18.4918528,
            67.3129138
          ],
          [
            18.4918031,
            67.3125777
          ],
          [
            18.4909987,
            67.3111969
          ],
          [
            18.4902537,
            67.3103868
          ],
          [
            18.4900412,
            67.3099511
          ],
          [
            18.4900386,
            67.3090666
          ],
          [
            18.4894709,
            67.3085749
          ],
          [
            18.4887393,
            67.3073918
          ],
          [
            18.4883137,
            67.3069756
          ],
          [
            18.4877947,
            67.3056881
          ],
          [
            18.4875144,
            67.3053813
          ],
          [
            18.4873819,
            67.3050132
          ],
          [
            18.4876214,
            67.3043531
          ],
          [
            18.4872701,
            67.3038766
          ],
          [
            18.4869788,
            67.3026594
          ],
          [
            18.4865546,
            67.3022574
          ],
          [
            18.4865737,
            67.3019346
          ],
          [
            18.4857797,
            67.3015164
          ],
          [
            18.4854416,
            67.3011156
          ],
          [
            18.4851573,
            67.3004343
          ],
          [
            18.4846711,
            67.3001227
          ],
          [
            18.4838676,
            67.2999318
          ],
          [
            18.4837494,
            67.2997804
          ],
          [
            18.4817514,
            67.2989662
          ],
          [
            18.4806308,
            67.2983328
          ],
          [
            18.4785621,
            67.2973984
          ],
          [
            18.4729012,
            67.295423
          ],
          [
            18.4709974,
            67.2944247
          ],
          [
            18.4695823,
            67.2933668
          ],
          [
            18.4677618,
            67.2914081
          ],
          [
            18.4664221,
            67.2904786
          ],
          [
            18.4655524,
            67.2893555
          ],
          [
            18.4647189,
            67.2877577
          ],
          [
            18.4636307,
            67.2863585
          ],
          [
            18.4633926,
            67.2857879
          ],
          [
            18.4598927,
            67.2825216
          ],
          [
            18.4595624,
            67.2818853
          ],
          [
            18.4591221,
            67.2814605
          ],
          [
            18.4590992,
            67.2809158
          ],
          [
            18.4576756,
            67.2798095
          ],
          [
            18.4571367,
            67.279561
          ],
          [
            18.4570127,
            67.2792481
          ],
          [
            18.4556337,
            67.2789038
          ],
          [
            18.4540905,
            67.2780524
          ],
          [
            18.4527319,
            67.2775741
          ],
          [
            18.4514504,
            67.2764152
          ],
          [
            18.4514124,
            67.2757557
          ],
          [
            18.4523511,
            67.2738282
          ],
          [
            18.4533038,
            67.2727995
          ],
          [
            18.4532722,
            67.2725711
          ],
          [
            18.4541522,
            67.2719968
          ],
          [
            18.4544259,
            67.2714374
          ],
          [
            18.454327,
            67.2712505
          ],
          [
            18.4552258,
            67.2699925
          ],
          [
            18.4555031,
            67.26888
          ],
          [
            18.4554401,
            67.2677922
          ],
          [
            18.4561414,
            67.2673528
          ],
          [
            18.4565257,
            67.2667963
          ],
          [
            18.4575824,
            67.2658228
          ],
          [
            18.4578616,
            67.2653084
          ],
          [
            18.457364,
            67.264828
          ],
          [
            18.4571654,
            67.2643111
          ],
          [
            18.4574705,
            67.2639698
          ],
          [
            18.4571324,
            67.2629757
          ],
          [
            18.4571623,
            67.262462
          ],
          [
            18.4552525,
            67.2606051
          ],
          [
            18.4546995,
            67.2595122
          ],
          [
            18.4540314,
            67.2589911
          ],
          [
            18.4530226,
            67.2576729
          ],
          [
            18.4524771,
            67.2572388
          ],
          [
            18.4525292,
            67.2569745
          ],
          [
            18.4522182,
            67.2567428
          ],
          [
            18.4521747,
            67.2563493
          ],
          [
            18.4512578,
            67.2555289
          ],
          [
            18.4505766,
            67.2544459
          ],
          [
            18.4507329,
            67.2534541
          ],
          [
            18.450499,
            67.2523662
          ],
          [
            18.4505877,
            67.2508194
          ],
          [
            18.4504315,
            67.250114
          ],
          [
            18.4499066,
            67.249612
          ],
          [
            18.4490947,
            67.2484999
          ],
          [
            18.4490635,
            67.2482376
          ],
          [
            18.4480927,
            67.2471051
          ],
          [
            18.4475272,
            67.2455214
          ],
          [
            18.4454273,
            67.2432119
          ],
          [
            18.4443204,
            67.2423523
          ],
          [
            18.4436522,
            67.2414952
          ],
          [
            18.4436187,
            67.240506
          ],
          [
            18.4439955,
            67.23995
          ],
          [
            18.4449194,
            67.2376517
          ],
          [
            18.4440878,
            67.2372325
          ],
          [
            18.4437105,
            67.2366212
          ],
          [
            18.4431121,
            67.2362206
          ],
          [
            18.4422286,
            67.2347689
          ],
          [
            18.4414584,
            67.2338834
          ],
          [
            18.4410858,
            67.2326673
          ]
        ]
      }
    },
    {
      "type": "Feature",
      "properties": {
        "schemaVersion": "candidate-kungsleden-geometry/v1",
        "trailId": "kungsleden",
        "sectionId": "kungsleden-section-10-sitojaure-aktse",
        "sectionNumber": 10,
        "name": "Sitojaure-Aktse",
        "from": "Sitojaure",
        "to": "Aktse",
        "source": "Naturvardsverket/Lansstyrelsen Leder WFS official state-trail geometry",
        "sourceCrs": "EPSG:3006",
        "outputCrs": "EPSG:4326",
        "generatedAt": "2026-04-30",
        "simplificationToleranceMeters": 5,
        "runtimeImportApproved": false
      },
      "geometry": {
        "type": "LineString",
        "coordinates": [
          [
            18.4219269,
            67.2039548
          ],
          [
            18.4207227,
            67.2030071
          ],
          [
            18.4191362,
            67.2020785
          ],
          [
            18.4183181,
            67.2013382
          ],
          [
            18.4170499,
            67.2008586
          ],
          [
            18.4164327,
            67.2003815
          ],
          [
            18.4159612,
            67.2002018
          ],
          [
            18.4145005,
            67.1999985
          ],
          [
            18.4140409,
            67.199852
          ],
          [
            18.4136915,
            67.1995809
          ],
          [
            18.4103036,
            67.1982823
          ],
          [
            18.4073133,
            67.1962563
          ],
          [
            18.407017,
            67.1961008
          ],
          [
            18.4064022,
            67.1959762
          ],
          [
            18.4048684,
            67.1943866
          ],
          [
            18.40448,
            67.1937842
          ],
          [
            18.4041053,
            67.1935849
          ],
          [
            18.4031697,
            67.1923007
          ],
          [
            18.4028741,
            67.1921264
          ],
          [
            18.4009207,
            67.1915853
          ],
          [
            18.3984784,
            67.1913705
          ],
          [
            18.3974445,
            67.1911997
          ],
          [
            18.3963788,
            67.1907069
          ],
          [
            18.3946601,
            67.1900879
          ],
          [
            18.3910499,
            67.1890551
          ],
          [
            18.3900077,
            67.1888307
          ],
          [
            18.3897562,
            67.1883169
          ],
          [
            18.3873882,
            67.1874698
          ],
          [
            18.3853619,
            67.1869763
          ],
          [
            18.382975,
            67.1859766
          ],
          [
            18.381044,
            67.1855114
          ],
          [
            18.3801642,
            67.1852024
          ],
          [
            18.3795648,
            67.1847982
          ],
          [
            18.3762856,
            67.1835632
          ],
          [
            18.3757295,
            67.1834673
          ],
          [
            18.3748763,
            67.1830452
          ],
          [
            18.3719036,
            67.1819524
          ],
          [
            18.3697143,
            67.1816535
          ],
          [
            18.3657863,
            67.1809378
          ],
          [
            18.3632972,
            67.1792697
          ],
          [
            18.3620257,
            67.1776022
          ],
          [
            18.3602375,
            67.176714
          ],
          [
            18.3589468,
            67.1764658
          ],
          [
            18.3565209,
            67.1753738
          ],
          [
            18.3508738,
            67.1725297
          ],
          [
            18.3463846,
            67.1697866
          ],
          [
            18.3431985,
            67.1672807
          ],
          [
            18.34104,
            67.1652546
          ],
          [
            18.3359412,
            67.1616103
          ],
          [
            18.3338646,
            67.1602732
          ],
          [
            18.3322448,
            67.1588711
          ],
          [
            18.3307231,
            67.1583218
          ],
          [
            18.3300056,
            67.1575525
          ],
          [
            18.3262438,
            67.15461
          ],
          [
            18.3247257,
            67.1538035
          ],
          [
            18.3241718,
            67.1532145
          ],
          [
            18.3229443,
            67.1527042
          ],
          [
            18.3224897,
            67.1523038
          ],
          [
            18.3211434,
            67.1515698
          ],
          [
            18.3207291,
            67.1514081
          ],
          [
            18.3186779,
            67.1509981
          ],
          [
            18.3145782,
            67.1511191
          ],
          [
            18.3127744,
            67.1509144
          ],
          [
            18.3111806,
            67.1508994
          ],
          [
            18.3095773,
            67.1504408
          ],
          [
            18.3082683,
            67.1491692
          ],
          [
            18.3069102,
            67.1487598
          ],
          [
            18.3059029,
            67.1487577
          ]
        ]
      }
    },
    {
      "type": "Feature",
      "properties": {
        "schemaVersion": "candidate-kungsleden-geometry/v1",
        "trailId": "kungsleden",
        "sectionId": "kungsleden-section-11-aktse-parte",
        "sectionNumber": 11,
        "name": "Aktse-Pårte",
        "from": "Aktse",
        "to": "Pårte",
        "source": "Naturvardsverket/Lansstyrelsen Leder WFS official state-trail geometry",
        "sourceCrs": "EPSG:3006",
        "outputCrs": "EPSG:4326",
        "generatedAt": "2026-04-30",
        "simplificationToleranceMeters": 5,
        "runtimeImportApproved": false
      },
      "geometry": {
        "type": "LineString",
        "coordinates": [
          [
            18.2894242,
            67.1174995
          ],
          [
            18.2890451,
            67.1170711
          ],
          [
            18.2876161,
            67.1166936
          ],
          [
            18.2871304,
            67.1164435
          ],
          [
            18.2866514,
            67.1159717
          ],
          [
            18.2865683,
            67.1150642
          ],
          [
            18.2868675,
            67.1141251
          ],
          [
            18.285893,
            67.1136901
          ],
          [
            18.2854137,
            67.1131508
          ],
          [
            18.2842434,
            67.1126325
          ],
          [
            18.2828408,
            67.1116383
          ],
          [
            18.2811456,
            67.1106617
          ],
          [
            18.2792128,
            67.1096213
          ],
          [
            18.2766544,
            67.1084442
          ],
          [
            18.275968,
            67.1080097
          ],
          [
            18.2736727,
            67.1058646
          ],
          [
            18.2733358,
            67.1052258
          ],
          [
            18.2712347,
            67.1049719
          ],
          [
            18.2686357,
            67.1049029
          ],
          [
            18.2655611,
            67.1046289
          ],
          [
            18.2624808,
            67.103572
          ],
          [
            18.2614743,
            67.1034717
          ],
          [
            18.2605871,
            67.1034898
          ],
          [
            18.2572934,
            67.1033335
          ],
          [
            18.2562086,
            67.1034495
          ],
          [
            18.2525382,
            67.1034361
          ],
          [
            18.2492836,
            67.1033123
          ],
          [
            18.2461379,
            67.10341
          ],
          [
            18.2419346,
            67.1030534
          ],
          [
            18.2406027,
            67.1030968
          ],
          [
            18.2374101,
            67.1030036
          ],
          [
            18.2350425,
            67.1030343
          ],
          [
            18.2339022,
            67.1029632
          ],
          [
            18.2322345,
            67.1028135
          ],
          [
            18.2286012,
            67.1022763
          ],
          [
            18.2277255,
            67.1023677
          ],
          [
            18.2259645,
            67.1021919
          ],
          [
            18.2229663,
            67.1022598
          ],
          [
            18.2196694,
            67.1019949
          ],
          [
            18.2186271,
            67.1020791
          ],
          [
            18.2179945,
            67.1020445
          ],
          [
            18.2170421,
            67.1018901
          ],
          [
            18.215633,
            67.101958
          ],
          [
            18.2128555,
            67.1019429
          ],
          [
            18.2125264,
            67.1017523
          ],
          [
            18.2107787,
            67.1015587
          ],
          [
            18.2095745,
            67.1013383
          ],
          [
            18.2092077,
            67.1011841
          ],
          [
            18.2090954,
            67.1005192
          ],
          [
            18.2087331,
            67.1001874
          ],
          [
            18.2081773,
            67.0999307
          ],
          [
            18.2072134,
            67.1000168
          ],
          [
            18.2062755,
            67.099976
          ],
          [
            18.2059843,
            67.098563
          ],
          [
            18.2054456,
            67.0978429
          ],
          [
            18.2047171,
            67.0976102
          ],
          [
            18.203999,
            67.0971217
          ],
          [
            18.2026451,
            67.0972558
          ],
          [
            18.2022138,
            67.0974013
          ],
          [
            18.2013961,
            67.0974309
          ],
          [
            18.2001461,
            67.0977317
          ],
          [
            18.1994579,
            67.0976063
          ],
          [
            18.1984552,
            67.0972634
          ],
          [
            18.1971203,
            67.0969963
          ],
          [
            18.1972515,
            67.0965232
          ],
          [
            18.1970932,
            67.096408
          ],
          [
            18.1964554,
            67.0963181
          ],
          [
            18.1951415,
            67.096471
          ],
          [
            18.1943473,
            67.0966734
          ],
          [
            18.193263,
            67.0966427
          ],
          [
            18.1919948,
            67.0968356
          ],
          [
            18.1892017,
            67.0968853
          ],
          [
            18.18822,
            67.0969971
          ],
          [
            18.187066,
            67.0969442
          ],
          [
            18.1838743,
            67.09654
          ],
          [
            18.1833214,
            67.0961595
          ],
          [
            18.1805634,
            67.0956228
          ],
          [
            18.1804045,
            67.0954708
          ],
          [
            18.1800315,
            67.0953676
          ],
          [
            18.1789885,
            67.0952467
          ],
          [
            18.1760235,
            67.0946748
          ],
          [
            18.1750032,
            67.0941098
          ],
          [
            18.1723749,
            67.0936196
          ],
          [
            18.1711733,
            67.0931891
          ],
          [
            18.1703214,
            67.0930121
          ],
          [
            18.1687696,
            67.0928592
          ],
          [
            18.166737,
            67.092778
          ],
          [
            18.1655757,
            67.0923161
          ],
          [
            18.1644284,
            67.091336
          ],
          [
            18.162997,
            67.0908583
          ],
          [
            18.1619791,
            67.0907676
          ],
          [
            18.1609906,
            67.0908025
          ],
          [
            18.159413,
            67.090624
          ],
          [
            18.1582408,
            67.0906238
          ],
          [
            18.1552985,
            67.0898877
          ],
          [
            18.1537225,
            67.0893348
          ],
          [
            18.1500638,
            67.0887363
          ],
          [
            18.1488581,
            67.0886584
          ],
          [
            18.1471823,
            67.0884167
          ],
          [
            18.1463634,
            67.0882345
          ],
          [
            18.1447965,
            67.0880513
          ],
          [
            18.1434828,
            67.0879974
          ],
          [
            18.1426349,
            67.0878463
          ],
          [
            18.1406054,
            67.0871639
          ],
          [
            18.137886,
            67.086031
          ],
          [
            18.1359278,
            67.0853774
          ],
          [
            18.1355628,
            67.0851678
          ],
          [
            18.1314363,
            67.0848012
          ],
          [
            18.1270526,
            67.0841963
          ],
          [
            18.1194126,
            67.0833736
          ],
          [
            18.1185314,
            67.0833198
          ],
          [
            18.1146223,
            67.0833275
          ],
          [
            18.1125976,
            67.0830638
          ],
          [
            18.1088918,
            67.0820762
          ],
          [
            18.1069619,
            67.0816636
          ],
          [
            18.1046133,
            67.0817375
          ],
          [
            18.1035739,
            67.0818891
          ],
          [
            18.1010008,
            67.0819016
          ],
          [
            18.0972959,
            67.0822832
          ],
          [
            18.0955856,
            67.0821905
          ],
          [
            18.0922786,
            67.0824363
          ],
          [
            18.0910785,
            67.0827078
          ],
          [
            18.0903123,
            67.082799
          ],
          [
            18.0895355,
            67.0827574
          ],
          [
            18.0886705,
            67.0825967
          ],
          [
            18.0879178,
            67.0826091
          ],
          [
            18.0874373,
            67.0825371
          ],
          [
            18.0852851,
            67.0828552
          ],
          [
            18.0834587,
            67.083378
          ],
          [
            18.0802348,
            67.0837821
          ],
          [
            18.0788982,
            67.0837698
          ],
          [
            18.0782769,
            67.0834375
          ],
          [
            18.0774362,
            67.0832668
          ],
          [
            18.0752103,
            67.0835647
          ],
          [
            18.0743753,
            67.0838513
          ],
          [
            18.0733539,
            67.0840386
          ],
          [
            18.0713773,
            67.0841428
          ],
          [
            18.0701735,
            67.0840918
          ],
          [
            18.069097,
            67.0837959
          ],
          [
            18.0673489,
            67.0837204
          ],
          [
            18.0665747,
            67.0835303
          ],
          [
            18.0643355,
            67.0835498
          ],
          [
            18.0641779,
            67.0836626
          ],
          [
            18.0625532,
            67.0837578
          ],
          [
            18.0599019,
            67.0835647
          ],
          [
            18.0585692,
            67.0833343
          ],
          [
            18.0569837,
            67.0832409
          ],
          [
            18.0547265,
            67.0828008
          ],
          [
            18.0540006,
            67.0827665
          ],
          [
            18.0530229,
            67.082588
          ],
          [
            18.0522698,
            67.08225
          ],
          [
            18.0510813,
            67.0820439
          ],
          [
            18.0497011,
            67.0815403
          ],
          [
            18.0490856,
            67.0811738
          ],
          [
            18.0455145,
            67.079756
          ],
          [
            18.043108,
            67.0792201
          ],
          [
            18.0419761,
            67.079075
          ],
          [
            18.0414886,
            67.078814
          ],
          [
            18.0411717,
            67.0784547
          ],
          [
            18.0379392,
            67.0783244
          ],
          [
            18.0350853,
            67.0778768
          ],
          [
            18.0340546,
            67.0779368
          ],
          [
            18.033014,
            67.0778495
          ],
          [
            18.032079,
            67.0776768
          ],
          [
            18.0303731,
            67.077733
          ],
          [
            18.0297736,
            67.0776639
          ],
          [
            18.0290838,
            67.0774719
          ],
          [
            18.0273428,
            67.0772804
          ],
          [
            18.0253554,
            67.0774216
          ],
          [
            18.0247373,
            67.0773155
          ],
          [
            18.0223495,
            67.077143
          ],
          [
            18.0215024,
            67.0770052
          ],
          [
            18.0210855,
            67.0766597
          ],
          [
            18.0180595,
            67.076082
          ],
          [
            18.0166446,
            67.0756158
          ],
          [
            18.0145153,
            67.0754328
          ],
          [
            18.00955,
            67.0754834
          ],
          [
            18.006856,
            67.0750732
          ],
          [
            18.0053653,
            67.074733
          ],
          [
            18.0040855,
            67.0746232
          ],
          [
            18.0022957,
            67.0742532
          ],
          [
            17.9991067,
            67.0734395
          ],
          [
            17.9966581,
            67.0730055
          ],
          [
            17.9941721,
            67.0722792
          ],
          [
            17.9910962,
            67.0705305
          ],
          [
            17.9882706,
            67.0698235
          ],
          [
            17.9867429,
            67.0692547
          ],
          [
            17.9852995,
            67.0688873
          ],
          [
            17.9846046,
            67.068558
          ],
          [
            17.9838638,
            67.0679773
          ],
          [
            17.9804919,
            67.0663176
          ],
          [
            17.9792759,
            67.0653774
          ],
          [
            17.9781108,
            67.064851
          ],
          [
            17.9768001,
            67.0637443
          ],
          [
            17.9761252,
            67.0633334
          ],
          [
            17.9749571,
            67.0629028
          ],
          [
            17.9738462,
            67.0623318
          ],
          [
            17.9727369,
            67.0613284
          ],
          [
            17.9724606,
            67.0605856
          ],
          [
            17.9720349,
            67.0603043
          ],
          [
            17.970401,
            67.0597462
          ],
          [
            17.9702347,
            67.0596195
          ],
          [
            17.9686145,
            67.0591538
          ],
          [
            17.9684428,
            67.0587162
          ],
          [
            17.9680743,
            67.0585991
          ],
          [
            17.9678269,
            67.0582582
          ],
          [
            17.9672965,
            67.0558626
          ],
          [
            17.9660622,
            67.0554843
          ],
          [
            17.9651623,
            67.0549962
          ],
          [
            17.9640558,
            67.0548545
          ],
          [
            17.9621981,
            67.0544454
          ],
          [
            17.9618139,
            67.0544302
          ],
          [
            17.9615529,
            67.0543032
          ],
          [
            17.9608331,
            67.0541702
          ],
          [
            17.9601414,
            67.0538237
          ],
          [
            17.9596925,
            67.0530034
          ],
          [
            17.959577,
            67.0518346
          ],
          [
            17.9589082,
            67.051761
          ],
          [
            17.9579697,
            67.0513263
          ],
          [
            17.9578405,
            67.0509879
          ],
          [
            17.9568883,
            67.0502963
          ],
          [
            17.9565957,
            67.0493083
          ],
          [
            17.9561554,
            67.0491615
          ],
          [
            17.9554215,
            67.0485827
          ],
          [
            17.9546415,
            67.048198
          ],
          [
            17.9537734,
            67.0474731
          ],
          [
            17.9514149,
            67.046805
          ],
          [
            17.9509003,
            67.0465802
          ],
          [
            17.9501827,
            67.0460186
          ],
          [
            17.9496077,
            67.0457605
          ],
          [
            17.949554,
            67.045491
          ],
          [
            17.949281,
            67.0454126
          ],
          [
            17.949488,
            67.0453193
          ],
          [
            17.9485836,
            67.0445241
          ],
          [
            17.948154,
            67.0443098
          ],
          [
            17.9461724,
            67.0437912
          ],
          [
            17.9445136,
            67.0436766
          ],
          [
            17.9431161,
            67.0434075
          ],
          [
            17.943155,
            67.0428386
          ],
          [
            17.9428731,
            67.0423456
          ]
        ]
      }
    },
    {
      "type": "Feature",
      "properties": {
        "schemaVersion": "candidate-kungsleden-geometry/v1",
        "trailId": "kungsleden",
        "sectionId": "kungsleden-section-12-parte-kvikkjokk",
        "sectionNumber": 12,
        "name": "Pårte-Kvikkjokk",
        "from": "Pårte",
        "to": "Kvikkjokk",
        "source": "Naturvardsverket/Lansstyrelsen Leder WFS official state-trail geometry",
        "sourceCrs": "EPSG:3006",
        "outputCrs": "EPSG:4326",
        "generatedAt": "2026-04-30",
        "simplificationToleranceMeters": 5,
        "runtimeImportApproved": false
      },
      "geometry": {
        "type": "LineString",
        "coordinates": [
          [
            17.9428731,
            67.0423456
          ],
          [
            17.9430385,
            67.0428522
          ],
          [
            17.9428916,
            67.0432707
          ],
          [
            17.9431185,
            67.0433377
          ],
          [
            17.9420284,
            67.0437218
          ],
          [
            17.9417784,
            67.0437804
          ],
          [
            17.9389631,
            67.0437952
          ],
          [
            17.9377069,
            67.0437
          ],
          [
            17.9360624,
            67.0430238
          ],
          [
            17.9356733,
            67.0427324
          ],
          [
            17.934923,
            67.0419503
          ],
          [
            17.9349937,
            67.0412558
          ],
          [
            17.9334617,
            67.0401835
          ],
          [
            17.9329181,
            67.039962
          ],
          [
            17.9310956,
            67.0395001
          ],
          [
            17.9298468,
            67.039369
          ],
          [
            17.9281267,
            67.0390151
          ],
          [
            17.9278009,
            67.0387488
          ],
          [
            17.9264568,
            67.038273
          ],
          [
            17.9259073,
            67.0381951
          ],
          [
            17.9241453,
            67.0377029
          ],
          [
            17.9210142,
            67.0374539
          ],
          [
            17.9196643,
            67.0367839
          ],
          [
            17.9187809,
            67.0365677
          ],
          [
            17.9185137,
            67.0365914
          ],
          [
            17.9164325,
            67.0363475
          ],
          [
            17.9139225,
            67.0359308
          ],
          [
            17.9106711,
            67.0358083
          ],
          [
            17.9092119,
            67.035611
          ],
          [
            17.9065365,
            67.0349753
          ],
          [
            17.9028558,
            67.0346529
          ],
          [
            17.9022218,
            67.0344478
          ],
          [
            17.9012785,
            67.0339604
          ],
          [
            17.900815,
            67.0334586
          ],
          [
            17.8997007,
            67.0327396
          ],
          [
            17.8984069,
            67.0313661
          ],
          [
            17.8969445,
            67.030654
          ],
          [
            17.8966564,
            67.0306269
          ],
          [
            17.8928289,
            67.0310747
          ],
          [
            17.8913074,
            67.0311031
          ],
          [
            17.8898585,
            67.0309652
          ],
          [
            17.889086,
            67.030678
          ],
          [
            17.8867445,
            67.030539
          ],
          [
            17.8856714,
            67.030383
          ],
          [
            17.8817905,
            67.0304947
          ],
          [
            17.8806284,
            67.0304495
          ],
          [
            17.8798457,
            67.030368
          ],
          [
            17.8787126,
            67.030079
          ],
          [
            17.8767077,
            67.0298682
          ],
          [
            17.8734821,
            67.0297661
          ],
          [
            17.8711643,
            67.0298101
          ],
          [
            17.8701787,
            67.0296427
          ],
          [
            17.8700112,
            67.0295305
          ],
          [
            17.8692454,
            67.0295096
          ],
          [
            17.8685206,
            67.0292975
          ],
          [
            17.8675267,
            67.0286354
          ],
          [
            17.8669545,
            67.028654
          ],
          [
            17.8655349,
            67.0285161
          ],
          [
            17.8651611,
            67.0284197
          ],
          [
            17.8642867,
            67.0283933
          ],
          [
            17.8634509,
            67.0280242
          ],
          [
            17.8617266,
            67.0277532
          ],
          [
            17.8598345,
            67.0271705
          ],
          [
            17.8591401,
            67.0263312
          ],
          [
            17.858392,
            67.026002
          ],
          [
            17.8582323,
            67.0253648
          ],
          [
            17.8567699,
            67.0247961
          ],
          [
            17.856546,
            67.0243829
          ],
          [
            17.8559761,
            67.0240113
          ],
          [
            17.8552546,
            67.0238736
          ],
          [
            17.8547196,
            67.0236347
          ],
          [
            17.8533881,
            67.023505
          ],
          [
            17.8525739,
            67.0232673
          ],
          [
            17.8506458,
            67.0229155
          ],
          [
            17.8503597,
            67.0226781
          ],
          [
            17.8495011,
            67.0223238
          ],
          [
            17.8489612,
            67.0218123
          ],
          [
            17.8478849,
            67.0214912
          ],
          [
            17.8470805,
            67.0209249
          ],
          [
            17.8469604,
            67.0206402
          ],
          [
            17.8467328,
            67.0205893
          ],
          [
            17.8468451,
            67.0204291
          ],
          [
            17.8465481,
            67.0199992
          ],
          [
            17.8442484,
            67.0191855
          ],
          [
            17.844024,
            67.0188981
          ],
          [
            17.8433824,
            67.0187499
          ],
          [
            17.8427493,
            67.0183621
          ],
          [
            17.8424254,
            67.0178822
          ],
          [
            17.8412413,
            67.0173792
          ],
          [
            17.8407264,
            67.0170441
          ],
          [
            17.8370813,
            67.0156063
          ],
          [
            17.8366288,
            67.015237
          ],
          [
            17.836583,
            67.0147491
          ],
          [
            17.8353698,
            67.0140844
          ],
          [
            17.8343814,
            67.0136008
          ],
          [
            17.8331732,
            67.0132739
          ],
          [
            17.8321187,
            67.012843
          ],
          [
            17.8315784,
            67.0125798
          ],
          [
            17.830967,
            67.012062
          ],
          [
            17.829541,
            67.0115041
          ],
          [
            17.8290653,
            67.011209
          ],
          [
            17.8276199,
            67.0108539
          ],
          [
            17.8272374,
            67.0104376
          ],
          [
            17.8270066,
            67.0097568
          ],
          [
            17.8264929,
            67.0093885
          ],
          [
            17.823944,
            67.0084998
          ],
          [
            17.8233852,
            67.0083906
          ],
          [
            17.8218523,
            67.0083947
          ],
          [
            17.8200389,
            67.0077873
          ],
          [
            17.8197103,
            67.0075049
          ],
          [
            17.8198047,
            67.0070647
          ],
          [
            17.8191077,
            67.006624
          ],
          [
            17.8181408,
            67.0062994
          ],
          [
            17.8162825,
            67.0061747
          ],
          [
            17.8153348,
            67.0059843
          ],
          [
            17.8138827,
            67.0058972
          ],
          [
            17.812987,
            67.0055805
          ],
          [
            17.8116772,
            67.0055309
          ],
          [
            17.8109953,
            67.0055916
          ],
          [
            17.8093159,
            67.0054357
          ],
          [
            17.8080672,
            67.0049001
          ],
          [
            17.805754,
            67.0041327
          ],
          [
            17.8046795,
            67.0039945
          ],
          [
            17.8034829,
            67.0039631
          ],
          [
            17.8019215,
            67.0033791
          ],
          [
            17.7993926,
            67.002855
          ],
          [
            17.7984443,
            67.0027294
          ],
          [
            17.7974719,
            67.0027299
          ],
          [
            17.7949232,
            67.0025345
          ],
          [
            17.793667,
            67.0023608
          ],
          [
            17.7935133,
            67.0024083
          ],
          [
            17.7932685,
            67.0018083
          ],
          [
            17.7924569,
            67.000894
          ],
          [
            17.7930653,
            67.0003404
          ],
          [
            17.7926209,
            67.0000914
          ],
          [
            17.792506,
            66.9996273
          ],
          [
            17.7918977,
            66.9989903
          ],
          [
            17.7908594,
            66.9985823
          ],
          [
            17.7910553,
            66.9981421
          ],
          [
            17.7901413,
            66.9980286
          ],
          [
            17.789491,
            66.9976296
          ],
          [
            17.7884579,
            66.996342
          ],
          [
            17.7869474,
            66.9959611
          ],
          [
            17.7860365,
            66.99584
          ],
          [
            17.7854996,
            66.9954713
          ],
          [
            17.7847389,
            66.9951993
          ],
          [
            17.7843563,
            66.9947323
          ],
          [
            17.7836726,
            66.994376
          ],
          [
            17.7824843,
            66.9940165
          ],
          [
            17.7807319,
            66.9936895
          ],
          [
            17.7800526,
            66.9934047
          ],
          [
            17.779437,
            66.992447
          ],
          [
            17.7786944,
            66.9919607
          ],
          [
            17.7772192,
            66.9898283
          ],
          [
            17.7768264,
            66.9895731
          ],
          [
            17.7765291,
            66.989076
          ],
          [
            17.7751403,
            66.9884903
          ],
          [
            17.7743732,
            66.9876023
          ],
          [
            17.7738661,
            66.9874078
          ],
          [
            17.7721916,
            66.9872352
          ],
          [
            17.7709391,
            66.9869671
          ],
          [
            17.770395,
            66.9865481
          ],
          [
            17.7698466,
            66.9858716
          ],
          [
            17.7694203,
            66.9856765
          ],
          [
            17.7678007,
            66.9853764
          ],
          [
            17.7667008,
            66.9852645
          ],
          [
            17.766066,
            66.985079
          ],
          [
            17.7653005,
            66.9842519
          ],
          [
            17.7652539,
            66.9835027
          ],
          [
            17.7638581,
            66.9821896
          ],
          [
            17.7639653,
            66.9814904
          ],
          [
            17.7635276,
            66.9809732
          ],
          [
            17.7624002,
            66.9800055
          ],
          [
            17.7598901,
            66.9786169
          ],
          [
            17.7589723,
            66.9777999
          ],
          [
            17.7585272,
            66.9777083
          ],
          [
            17.7581302,
            66.9773612
          ],
          [
            17.7569769,
            66.976961
          ],
          [
            17.7567825,
            66.9766707
          ],
          [
            17.7559151,
            66.976484
          ],
          [
            17.7554148,
            66.976159
          ],
          [
            17.7552092,
            66.9755835
          ],
          [
            17.7552745,
            66.9747322
          ],
          [
            17.7546725,
            66.9744429
          ],
          [
            17.7529295,
            66.9738941
          ],
          [
            17.7523734,
            66.9733638
          ],
          [
            17.751996,
            66.9726956
          ],
          [
            17.7514845,
            66.9724409
          ],
          [
            17.7499902,
            66.9719969
          ],
          [
            17.7496901,
            66.9715706
          ],
          [
            17.74919,
            66.9712795
          ],
          [
            17.7479805,
            66.9708878
          ],
          [
            17.7472291,
            66.9703292
          ],
          [
            17.7461257,
            66.970026
          ],
          [
            17.7455603,
            66.9695817
          ],
          [
            17.745079,
            66.968962
          ],
          [
            17.7443624,
            66.9684721
          ],
          [
            17.7436138,
            66.9681936
          ],
          [
            17.7433152,
            66.9676761
          ],
          [
            17.7415064,
            66.9671501
          ],
          [
            17.7406894,
            66.9666559
          ],
          [
            17.7400147,
            66.9664522
          ],
          [
            17.7395611,
            66.9660082
          ],
          [
            17.7389383,
            66.9656161
          ],
          [
            17.7381637,
            66.9653267
          ],
          [
            17.7379089,
            66.9650608
          ],
          [
            17.7366858,
            66.964801
          ],
          [
            17.7362853,
            66.9645722
          ],
          [
            17.7356881,
            66.9644243
          ],
          [
            17.7352989,
            66.9641772
          ],
          [
            17.734089,
            66.9637937
          ],
          [
            17.7327118,
            66.9636329
          ],
          [
            17.7317456,
            66.963639
          ],
          [
            17.7303757,
            66.963286
          ],
          [
            17.7297751,
            66.9628837
          ],
          [
            17.7291499,
            66.9626392
          ],
          [
            17.728012,
            66.9618161
          ],
          [
            17.7256035,
            66.9610939
          ],
          [
            17.7247561,
            66.9606498
          ],
          [
            17.7242684,
            66.9600693
          ],
          [
            17.7230636,
            66.959608
          ],
          [
            17.7223046,
            66.9590766
          ],
          [
            17.7215087,
            66.9589171
          ],
          [
            17.7213874,
            66.9581647
          ],
          [
            17.7208035,
            66.9575245
          ],
          [
            17.7209456,
            66.9570317
          ],
          [
            17.7203282,
            66.9562136
          ],
          [
            17.720625,
            66.9546335
          ],
          [
            17.7198556,
            66.9543271
          ],
          [
            17.7196142,
            66.9540435
          ],
          [
            17.7197861,
            66.9537152
          ]
        ]
      }
    },
    {
      "type": "Feature",
      "properties": {
        "schemaVersion": "candidate-kungsleden-geometry/v1",
        "trailId": "kungsleden",
        "sectionId": "kungsleden-section-13-kvikkjokk-tsielekjakkstugan",
        "sectionNumber": 13,
        "name": "Kvikkjokk-Tsielekjåkkstugan",
        "from": "Kvikkjokk",
        "to": "Tsielekjåkkstugan",
        "source": "Naturvardsverket/Lansstyrelsen Leder WFS official state-trail geometry",
        "sourceCrs": "EPSG:3006",
        "outputCrs": "EPSG:4326",
        "generatedAt": "2026-04-30",
        "simplificationToleranceMeters": 5,
        "runtimeImportApproved": false
      },
      "geometry": {
        "type": "LineString",
        "coordinates": [
          [
            17.7188369,
            66.9260393
          ],
          [
            17.7183348,
            66.9258903
          ],
          [
            17.7181908,
            66.9257016
          ],
          [
            17.7188794,
            66.9253425
          ],
          [
            17.7176522,
            66.924502
          ],
          [
            17.7170574,
            66.9242493
          ],
          [
            17.7164894,
            66.9241895
          ],
          [
            17.7160118,
            66.9240384
          ],
          [
            17.7145632,
            66.9234165
          ],
          [
            17.7118912,
            66.9228123
          ],
          [
            17.7108125,
            66.9222979
          ],
          [
            17.7094122,
            66.9219263
          ],
          [
            17.7080499,
            66.921179
          ],
          [
            17.7071299,
            66.9208007
          ],
          [
            17.7066981,
            66.9204545
          ],
          [
            17.705661,
            66.9202073
          ],
          [
            17.7044683,
            66.9201021
          ],
          [
            17.7027886,
            66.9202562
          ],
          [
            17.7019783,
            66.9202239
          ],
          [
            17.7010698,
            66.9196612
          ],
          [
            17.6995392,
            66.9189787
          ],
          [
            17.6974589,
            66.9185946
          ],
          [
            17.6971748,
            66.9184834
          ],
          [
            17.6951608,
            66.918305
          ],
          [
            17.6949676,
            66.9178246
          ],
          [
            17.6938437,
            66.9171044
          ],
          [
            17.6936428,
            66.9167868
          ],
          [
            17.6926502,
            66.9162012
          ],
          [
            17.6918502,
            66.915878
          ],
          [
            17.6910154,
            66.9153177
          ],
          [
            17.6904138,
            66.9151642
          ],
          [
            17.6904137,
            66.914946
          ],
          [
            17.6900961,
            66.9146553
          ],
          [
            17.6898446,
            66.9141089
          ],
          [
            17.6894718,
            66.9137979
          ],
          [
            17.6893922,
            66.9133647
          ],
          [
            17.6895332,
            66.9130468
          ],
          [
            17.6890536,
            66.912591
          ],
          [
            17.6884667,
            66.912377
          ],
          [
            17.6883914,
            66.9122391
          ],
          [
            17.6876838,
            66.9120736
          ],
          [
            17.6871164,
            66.9118082
          ],
          [
            17.6870898,
            66.9114953
          ],
          [
            17.6865625,
            66.9111828
          ],
          [
            17.6863975,
            66.9107842
          ],
          [
            17.685755,
            66.9105158
          ],
          [
            17.6854658,
            66.9102776
          ],
          [
            17.6850983,
            66.9097937
          ],
          [
            17.6849968,
            66.9091098
          ],
          [
            17.6839757,
            66.908684
          ],
          [
            17.6830875,
            66.9085021
          ],
          [
            17.6821118,
            66.9081815
          ],
          [
            17.6817255,
            66.9079653
          ],
          [
            17.6813531,
            66.9075728
          ],
          [
            17.6813915,
            66.9071404
          ],
          [
            17.680627,
            66.9065705
          ],
          [
            17.6802203,
            66.9057584
          ],
          [
            17.6778219,
            66.9049585
          ],
          [
            17.678009,
            66.9047054
          ],
          [
            17.6779216,
            66.9042442
          ],
          [
            17.6767928,
            66.9035097
          ],
          [
            17.6765387,
            66.9028938
          ],
          [
            17.6766916,
            66.902751
          ],
          [
            17.6765613,
            66.9022503
          ],
          [
            17.6761658,
            66.9018638
          ],
          [
            17.675075,
            66.9013189
          ],
          [
            17.6749526,
            66.9010717
          ],
          [
            17.6739708,
            66.9006701
          ],
          [
            17.6698128,
            66.8998959
          ],
          [
            17.6677618,
            66.8996015
          ],
          [
            17.6668982,
            66.8991439
          ],
          [
            17.6659251,
            66.898814
          ],
          [
            17.6654747,
            66.8982477
          ],
          [
            17.6648476,
            66.8979323
          ],
          [
            17.6635631,
            66.8973564
          ],
          [
            17.6610171,
            66.8964498
          ],
          [
            17.6602468,
            66.8956871
          ],
          [
            17.6595359,
            66.8951961
          ],
          [
            17.6577254,
            66.8946699
          ],
          [
            17.6570312,
            66.8945964
          ],
          [
            17.6563405,
            66.8943279
          ],
          [
            17.6548583,
            66.8932759
          ],
          [
            17.6534216,
            66.8912516
          ],
          [
            17.6528122,
            66.8906048
          ],
          [
            17.6523324,
            66.8903544
          ],
          [
            17.6508071,
            66.8901348
          ],
          [
            17.649505,
            66.88976
          ],
          [
            17.648494,
            66.8897591
          ],
          [
            17.6469256,
            66.8895726
          ],
          [
            17.6462898,
            66.8891899
          ],
          [
            17.6452184,
            66.8890081
          ],
          [
            17.644117,
            66.8885818
          ],
          [
            17.6435161,
            66.8877431
          ],
          [
            17.6433199,
            66.8869902
          ],
          [
            17.6429697,
            66.8867641
          ],
          [
            17.6422087,
            66.8864915
          ],
          [
            17.6407628,
            66.8861957
          ],
          [
            17.6397767,
            66.8857154
          ],
          [
            17.6385675,
            66.8852893
          ],
          [
            17.6376707,
            66.8842565
          ],
          [
            17.6353802,
            66.8831764
          ],
          [
            17.634846,
            66.8823168
          ],
          [
            17.6330462,
            66.880497
          ],
          [
            17.6313057,
            66.87958
          ],
          [
            17.6291762,
            66.8781127
          ],
          [
            17.6274591,
            66.8774582
          ],
          [
            17.626957,
            66.8771604
          ],
          [
            17.6267882,
            66.8769347
          ],
          [
            17.6268954,
            66.8767391
          ],
          [
            17.6275764,
            66.8764504
          ],
          [
            17.6281435,
            66.8756977
          ],
          [
            17.628164,
            66.8754466
          ],
          [
            17.6286815,
            66.8750844
          ],
          [
            17.6285907,
            66.874025
          ],
          [
            17.6297681,
            66.8723766
          ],
          [
            17.629451,
            66.8720882
          ],
          [
            17.6294805,
            66.8713384
          ],
          [
            17.6300065,
            66.8704203
          ],
          [
            17.6307033,
            66.8700092
          ],
          [
            17.6307581,
            66.8695193
          ],
          [
            17.6312259,
            66.86886
          ],
          [
            17.6310933,
            66.8673294
          ],
          [
            17.6319676,
            66.8669139
          ],
          [
            17.633523,
            66.8665578
          ],
          [
            17.6338495,
            66.8663718
          ],
          [
            17.6343021,
            66.8653123
          ],
          [
            17.6341396,
            66.8645957
          ],
          [
            17.634771,
            66.8638859
          ],
          [
            17.6359353,
            66.8632957
          ],
          [
            17.636358,
            66.8628375
          ],
          [
            17.6358021,
            66.8621914
          ],
          [
            17.6345139,
            66.8616566
          ],
          [
            17.6335575,
            66.8614069
          ],
          [
            17.6329099,
            66.8609277
          ],
          [
            17.630869,
            66.8603727
          ],
          [
            17.6289909,
            66.8593653
          ],
          [
            17.6275601,
            66.8583971
          ],
          [
            17.6268462,
            66.8582259
          ],
          [
            17.6266012,
            66.858044
          ],
          [
            17.6257521,
            66.8577985
          ],
          [
            17.6248834,
            66.8571093
          ],
          [
            17.623137,
            66.8567322
          ],
          [
            17.6217909,
            66.8560556
          ],
          [
            17.6183205,
            66.855606
          ],
          [
            17.6176315,
            66.8554185
          ],
          [
            17.616027,
            66.8547613
          ],
          [
            17.6136075,
            66.8540255
          ],
          [
            17.6130102,
            66.8540078
          ],
          [
            17.6112764,
            66.8537484
          ],
          [
            17.6080648,
            66.8531241
          ],
          [
            17.6066238,
            66.8530599
          ],
          [
            17.6052423,
            66.8526858
          ],
          [
            17.6046334,
            66.8526173
          ],
          [
            17.6034897,
            66.8523434
          ],
          [
            17.6003044,
            66.8519507
          ],
          [
            17.5997695,
            66.8518094
          ],
          [
            17.5993118,
            66.8514869
          ],
          [
            17.5987202,
            66.8513531
          ],
          [
            17.5982057,
            66.8510957
          ],
          [
            17.5967498,
            66.8509362
          ],
          [
            17.5953775,
            66.8506629
          ],
          [
            17.5943824,
            66.850188
          ],
          [
            17.5938151,
            66.8500248
          ],
          [
            17.5935964,
            66.8497728
          ],
          [
            17.5931663,
            66.8489408
          ],
          [
            17.5931659,
            66.8475856
          ],
          [
            17.5926716,
            66.8472781
          ],
          [
            17.5923692,
            66.8466946
          ],
          [
            17.5925718,
            66.846331
          ],
          [
            17.5925305,
            66.8459769
          ],
          [
            17.5917747,
            66.8457579
          ],
          [
            17.5895114,
            66.8456929
          ],
          [
            17.5888886,
            66.8454447
          ],
          [
            17.588363,
            66.8449994
          ]
        ]
      }
    },
    {
      "type": "Feature",
      "properties": {
        "schemaVersion": "candidate-kungsleden-geometry/v1",
        "trailId": "kungsleden",
        "sectionId": "kungsleden-section-14-tsielekjakkstugan-pitealven",
        "sectionNumber": 14,
        "name": "Tsielekjåhkå-Piteälven",
        "from": "Tsielekjåkkstugan / Tsielekjåhkå",
        "to": "Piteälven / Västerfjäll stage break",
        "source": "Naturvardsverket/Lansstyrelsen Leder WFS official state-trail geometry",
        "sourceCrs": "EPSG:3006",
        "outputCrs": "EPSG:4326",
        "generatedAt": "2026-04-30",
        "simplificationToleranceMeters": 5,
        "runtimeImportApproved": false
      },
      "geometry": {
        "type": "LineString",
        "coordinates": [
          [
            17.5883717,
            66.8450149
          ],
          [
            17.5878745,
            66.8447855
          ],
          [
            17.5855245,
            66.8443714
          ],
          [
            17.5835086,
            66.8436838
          ],
          [
            17.5833875,
            66.843302
          ],
          [
            17.5836009,
            66.8432087
          ],
          [
            17.5835568,
            66.843097
          ],
          [
            17.5833187,
            66.8429026
          ],
          [
            17.5822868,
            66.8424609
          ],
          [
            17.581795,
            66.841764
          ],
          [
            17.5814012,
            66.8414709
          ],
          [
            17.5798386,
            66.8410548
          ],
          [
            17.5785343,
            66.8403303
          ],
          [
            17.5782684,
            66.8400657
          ],
          [
            17.576728,
            66.8395662
          ],
          [
            17.5760741,
            66.8390013
          ],
          [
            17.5746157,
            66.838283
          ],
          [
            17.5737989,
            66.8371341
          ],
          [
            17.5733953,
            66.8369115
          ],
          [
            17.5733592,
            66.8364836
          ],
          [
            17.5729968,
            66.835901
          ],
          [
            17.5722632,
            66.8354879
          ],
          [
            17.5711116,
            66.8345196
          ],
          [
            17.5688797,
            66.8321982
          ],
          [
            17.5685866,
            66.8299858
          ],
          [
            17.5692127,
            66.828817
          ],
          [
            17.5694979,
            66.8272273
          ],
          [
            17.5693846,
            66.8268009
          ],
          [
            17.5691764,
            66.8266834
          ],
          [
            17.569158,
            66.826421
          ],
          [
            17.5686799,
            66.8257321
          ],
          [
            17.5677367,
            66.825037
          ],
          [
            17.5661877,
            66.8242176
          ],
          [
            17.5654596,
            66.823657
          ],
          [
            17.564747,
            66.8233
          ],
          [
            17.5644054,
            66.8229272
          ],
          [
            17.5632039,
            66.8222071
          ],
          [
            17.5619986,
            66.8212517
          ],
          [
            17.5614454,
            66.8205989
          ],
          [
            17.5608997,
            66.8202145
          ],
          [
            17.5605143,
            66.8200917
          ],
          [
            17.5601921,
            66.8197092
          ],
          [
            17.5598074,
            66.8195515
          ],
          [
            17.5588872,
            66.8186769
          ],
          [
            17.5589482,
            66.818472
          ],
          [
            17.5584699,
            66.8181406
          ],
          [
            17.5582774,
            66.8176468
          ],
          [
            17.5575526,
            66.8166911
          ],
          [
            17.556786,
            66.8165323
          ],
          [
            17.5550764,
            66.8154809
          ],
          [
            17.5546398,
            66.8143855
          ],
          [
            17.5541865,
            66.8141425
          ],
          [
            17.5537403,
            66.813478
          ],
          [
            17.5532774,
            66.8132226
          ],
          [
            17.5533307,
            66.8131539
          ],
          [
            17.5507075,
            66.8119371
          ],
          [
            17.5503382,
            66.811333
          ],
          [
            17.5494708,
            66.8106613
          ],
          [
            17.5461962,
            66.8099544
          ],
          [
            17.5449391,
            66.809919
          ],
          [
            17.5417632,
            66.8101895
          ],
          [
            17.540705,
            66.8106494
          ],
          [
            17.536785,
            66.8116455
          ],
          [
            17.5329548,
            66.8120784
          ],
          [
            17.5304331,
            66.8120502
          ],
          [
            17.5272482,
            66.8116541
          ],
          [
            17.5234497,
            66.8114643
          ],
          [
            17.5205912,
            66.8114236
          ],
          [
            17.514973,
            66.8109389
          ],
          [
            17.5134064,
            66.8108662
          ],
          [
            17.5117398,
            66.8106379
          ],
          [
            17.5089753,
            66.8104601
          ],
          [
            17.5047217,
            66.8098941
          ],
          [
            17.5032945,
            66.8095783
          ],
          [
            17.5016454,
            66.8093671
          ],
          [
            17.4992038,
            66.8088718
          ],
          [
            17.4970612,
            66.8082861
          ],
          [
            17.4957862,
            66.8078193
          ],
          [
            17.4946328,
            66.8070258
          ],
          [
            17.4941501,
            66.8069677
          ],
          [
            17.4944542,
            66.8066964
          ],
          [
            17.4942966,
            66.806607
          ],
          [
            17.4928472,
            66.8066905
          ],
          [
            17.4917074,
            66.8064359
          ],
          [
            17.4903082,
            66.806345
          ],
          [
            17.4865512,
            66.805691
          ],
          [
            17.4849762,
            66.8055048
          ],
          [
            17.4807418,
            66.8046278
          ],
          [
            17.4797486,
            66.8043124
          ],
          [
            17.4783427,
            66.8040633
          ],
          [
            17.4764228,
            66.8035229
          ],
          [
            17.4753704,
            66.8029127
          ],
          [
            17.4750954,
            66.8015385
          ],
          [
            17.4748068,
            66.8011628
          ],
          [
            17.4739823,
            66.8006509
          ],
          [
            17.4733458,
            66.8005199
          ],
          [
            17.4714843,
            66.8003986
          ],
          [
            17.4663053,
            66.7987706
          ],
          [
            17.4641938,
            66.7983786
          ],
          [
            17.462115,
            66.7981052
          ],
          [
            17.460376,
            66.7975995
          ],
          [
            17.4593109,
            66.797184
          ],
          [
            17.4578141,
            66.7960685
          ],
          [
            17.4567631,
            66.7955627
          ],
          [
            17.4547053,
            66.7936512
          ],
          [
            17.4538278,
            66.7930173
          ],
          [
            17.4537727,
            66.7925624
          ],
          [
            17.4541936,
            66.7922007
          ],
          [
            17.4535975,
            66.7918529
          ],
          [
            17.4532326,
            66.791288
          ],
          [
            17.4534929,
            66.7906535
          ],
          [
            17.4534495,
            66.7900158
          ],
          [
            17.4538318,
            66.7897334
          ],
          [
            17.4538409,
            66.7895808
          ],
          [
            17.4550666,
            66.7887714
          ],
          [
            17.4552067,
            66.7881654
          ],
          [
            17.4566985,
            66.7871047
          ],
          [
            17.4568784,
            66.7866682
          ],
          [
            17.4568307,
            66.786137
          ],
          [
            17.4564679,
            66.7858468
          ],
          [
            17.4564889,
            66.7853863
          ],
          [
            17.4562983,
            66.7851797
          ],
          [
            17.4551828,
            66.7844088
          ],
          [
            17.4543518,
            66.784019
          ],
          [
            17.4545809,
            66.7826024
          ],
          [
            17.4544697,
            66.7822112
          ],
          [
            17.4551384,
            66.7812378
          ],
          [
            17.4544349,
            66.7803865
          ],
          [
            17.4547286,
            66.7801426
          ],
          [
            17.4547402,
            66.779496
          ],
          [
            17.4540905,
            66.7782674
          ],
          [
            17.4524214,
            66.7774532
          ],
          [
            17.4515326,
            66.7765329
          ],
          [
            17.4505581,
            66.7761794
          ],
          [
            17.4499775,
            66.7757295
          ],
          [
            17.4502342,
            66.7750194
          ],
          [
            17.4495957,
            66.7746855
          ],
          [
            17.4487472,
            66.7745713
          ],
          [
            17.4475584,
            66.7746341
          ],
          [
            17.4459716,
            66.7744451
          ],
          [
            17.4450192,
            66.7744949
          ],
          [
            17.4435012,
            66.7743022
          ],
          [
            17.4422906,
            66.7742705
          ],
          [
            17.4409873,
            66.7740844
          ],
          [
            17.4390064,
            66.7735643
          ],
          [
            17.4377701,
            66.7722801
          ],
          [
            17.4377787,
            66.771185
          ],
          [
            17.4381033,
            66.770626
          ],
          [
            17.4381225,
            66.770177
          ],
          [
            17.4378218,
            66.7696091
          ],
          [
            17.4378984,
            66.7690395
          ],
          [
            17.4376463,
            66.7684065
          ],
          [
            17.4377461,
            66.7679432
          ],
          [
            17.437438,
            66.767551
          ],
          [
            17.4371771,
            66.7665275
          ],
          [
            17.4366512,
            66.7658351
          ],
          [
            17.4353163,
            66.7652678
          ],
          [
            17.4342559,
            66.7642674
          ],
          [
            17.4326883,
            66.7638433
          ],
          [
            17.4322129,
            66.7635573
          ],
          [
            17.4310667,
            66.7632188
          ],
          [
            17.4303679,
            66.7629052
          ],
          [
            17.4290096,
            66.7626228
          ],
          [
            17.4281336,
            66.7625601
          ],
          [
            17.4263318,
            66.7619597
          ],
          [
            17.426223,
            66.7618314
          ],
          [
            17.4264318,
            66.7613895
          ],
          [
            17.4253595,
            66.7601855
          ],
          [
            17.424996,
            66.7595273
          ],
          [
            17.4252165,
            66.7592079
          ],
          [
            17.424908,
            66.7583792
          ],
          [
            17.4247691,
            66.7581998
          ],
          [
            17.4236374,
            66.7576537
          ],
          [
            17.4232383,
            66.7570533
          ],
          [
            17.4221573,
            66.7566405
          ],
          [
            17.4195154,
            66.7561273
          ],
          [
            17.4180959,
            66.7559459
          ],
          [
            17.417304,
            66.7555913
          ],
          [
            17.4154448,
            66.7550631
          ],
          [
            17.4150854,
            66.7547577
          ],
          [
            17.4142055,
            66.7544142
          ],
          [
            17.4136291,
            66.7539716
          ],
          [
            17.4131126,
            66.7537723
          ],
          [
            17.4128179,
            66.7534747
          ],
          [
            17.4118106,
            66.7529097
          ],
          [
            17.4113391,
            66.7522979
          ],
          [
            17.4105382,
            66.7519407
          ],
          [
            17.410261,
            66.7514092
          ],
          [
            17.410332,
            66.7509407
          ],
          [
            17.4104835,
            66.7504451
          ],
          [
            17.4113531,
            66.7498718
          ],
          [
            17.4115977,
            66.7491013
          ],
          [
            17.411469,
            66.7487511
          ],
          [
            17.4109891,
            66.7482491
          ],
          [
            17.4101569,
            66.7478948
          ],
          [
            17.4097553,
            66.7475825
          ],
          [
            17.4095789,
            66.7465485
          ],
          [
            17.4089779,
            66.7461307
          ],
          [
            17.4083547,
            66.7452975
          ],
          [
            17.4074294,
            66.7449031
          ],
          [
            17.4070359,
            66.7445285
          ],
          [
            17.4069207,
            66.7436971
          ],
          [
            17.4062035,
            66.7433089
          ],
          [
            17.4059579,
            66.7429382
          ],
          [
            17.4055371,
            66.7421403
          ],
          [
            17.4060245,
            66.7412552
          ],
          [
            17.4052451,
            66.7404289
          ],
          [
            17.4057206,
            66.7397497
          ],
          [
            17.4043513,
            66.7387292
          ],
          [
            17.4041155,
            66.7380263
          ],
          [
            17.4032596,
            66.737136
          ],
          [
            17.4025504,
            66.7367841
          ],
          [
            17.4022919,
            66.7364901
          ],
          [
            17.4018402,
            66.7363046
          ],
          [
            17.4013662,
            66.7359368
          ],
          [
            17.4008438,
            66.7357227
          ],
          [
            17.4006195,
            66.7353528
          ],
          [
            17.399203,
            66.734818
          ],
          [
            17.397675,
            66.7338236
          ],
          [
            17.3975063,
            66.7329089
          ],
          [
            17.3968562,
            66.7324363
          ],
          [
            17.3966984,
            66.7321315
          ],
          [
            17.396211,
            66.7318966
          ],
          [
            17.395724,
            66.7314632
          ],
          [
            17.3942075,
            66.7307358
          ],
          [
            17.3917899,
            66.730955
          ],
          [
            17.3916616,
            66.7308471
          ],
          [
            17.390146,
            66.7304045
          ],
          [
            17.3894627,
            66.7300312
          ],
          [
            17.3891087,
            66.7299248
          ],
          [
            17.3886382,
            66.7299693
          ],
          [
            17.387732,
            66.7296652
          ],
          [
            17.3871692,
            66.7297045
          ],
          [
            17.3844471,
            66.7293574
          ],
          [
            17.382739,
            66.7293265
          ],
          [
            17.3818249,
            66.7286129
          ],
          [
            17.3800628,
            66.7277101
          ],
          [
            17.3795518,
            66.7275985
          ],
          [
            17.3788345,
            66.727225
          ],
          [
            17.3779106,
            66.7272623
          ],
          [
            17.376926,
            66.7271441
          ],
          [
            17.3758685,
            66.7271187
          ],
          [
            17.3723529,
            66.7266787
          ],
          [
            17.37168,
            66.7266654
          ],
          [
            17.3708301,
            66.7264635
          ],
          [
            17.3696491,
            66.7263912
          ],
          [
            17.367289,
            66.7257431
          ],
          [
            17.3656801,
            66.7256403
          ],
          [
            17.3649465,
            66.7257705
          ],
          [
            17.3630643,
            66.7254299
          ],
          [
            17.3623412,
            66.7251252
          ],
          [
            17.360721,
            66.7240741
          ],
          [
            17.3600998,
            66.7232535
          ],
          [
            17.3590349,
            66.7227233
          ],
          [
            17.3588527,
            66.7224874
          ],
          [
            17.3575163,
            66.7220091
          ],
          [
            17.3566783,
            66.7215948
          ],
          [
            17.3546559,
            66.721204
          ],
          [
            17.3528449,
            66.720576
          ],
          [
            17.3523758,
            66.7205289
          ],
          [
            17.351475,
            66.7201017
          ],
          [
            17.3504412,
            66.7194281
          ],
          [
            17.3493766,
            66.718545
          ]
        ]
      }
    },
    {
      "type": "Feature",
      "properties": {
        "schemaVersion": "candidate-kungsleden-geometry/v1",
        "trailId": "kungsleden",
        "sectionId": "kungsleden-section-15-pitealven-gasaklahko",
        "sectionNumber": 15,
        "name": "Piteälven-Gásakláhko",
        "from": "Piteälven",
        "to": "Gásakláhko",
        "source": "Naturvardsverket/Lansstyrelsen Leder WFS official state-trail geometry",
        "sourceCrs": "EPSG:3006",
        "outputCrs": "EPSG:4326",
        "generatedAt": "2026-04-30",
        "simplificationToleranceMeters": 5,
        "runtimeImportApproved": false
      },
      "geometry": {
        "type": "LineString",
        "coordinates": [
          [
            17.3493766,
            66.718545
          ],
          [
            17.3486287,
            66.7184979
          ],
          [
            17.3478935,
            66.7186252
          ],
          [
            17.3476154,
            66.7185085
          ],
          [
            17.3470195,
            66.718591
          ],
          [
            17.3467851,
            66.7187279
          ],
          [
            17.3461146,
            66.7185699
          ],
          [
            17.3459064,
            66.7186563
          ],
          [
            17.3450519,
            66.7182774
          ],
          [
            17.3443222,
            66.7175693
          ],
          [
            17.3432209,
            66.717299
          ],
          [
            17.3418342,
            66.7167581
          ],
          [
            17.3415882,
            66.7164051
          ],
          [
            17.3413372,
            66.7162848
          ],
          [
            17.3398412,
            66.7160952
          ],
          [
            17.3391845,
            66.7159295
          ],
          [
            17.3383369,
            66.7159164
          ],
          [
            17.3377142,
            66.7154451
          ],
          [
            17.3373253,
            66.7146235
          ],
          [
            17.3370709,
            66.714471
          ],
          [
            17.336509,
            66.7142489
          ],
          [
            17.3355902,
            66.7140564
          ],
          [
            17.3348403,
            66.714111
          ],
          [
            17.3345605,
            66.7139403
          ],
          [
            17.3346228,
            66.7138574
          ],
          [
            17.3341824,
            66.7136856
          ],
          [
            17.3339001,
            66.713024
          ],
          [
            17.333189,
            66.7124239
          ],
          [
            17.3330986,
            66.7121685
          ],
          [
            17.3322285,
            66.7117286
          ],
          [
            17.3321248,
            66.7111068
          ],
          [
            17.3329997,
            66.7097393
          ],
          [
            17.3330286,
            66.7092234
          ],
          [
            17.3344254,
            66.7078035
          ],
          [
            17.3344915,
            66.7075823
          ],
          [
            17.3342851,
            66.70746
          ],
          [
            17.3346301,
            66.7067462
          ],
          [
            17.3356154,
            66.7059017
          ],
          [
            17.3366592,
            66.7052217
          ],
          [
            17.3367663,
            66.7046445
          ],
          [
            17.3369813,
            66.7045485
          ],
          [
            17.3371223,
            66.7042551
          ],
          [
            17.3380465,
            66.7038336
          ],
          [
            17.3381522,
            66.7035612
          ],
          [
            17.3388649,
            66.7029258
          ],
          [
            17.3396431,
            66.7024053
          ],
          [
            17.3401287,
            66.7023072
          ],
          [
            17.3413396,
            66.7013883
          ],
          [
            17.3419593,
            66.7012187
          ],
          [
            17.3435122,
            66.7010561
          ],
          [
            17.343773,
            66.7005517
          ],
          [
            17.3445873,
            66.7000466
          ],
          [
            17.3449943,
            66.6999904
          ],
          [
            17.344891,
            66.6993244
          ],
          [
            17.3460769,
            66.6984318
          ],
          [
            17.3497714,
            66.696413
          ],
          [
            17.3504396,
            66.695796
          ],
          [
            17.353032,
            66.6948362
          ],
          [
            17.3531483,
            66.6946043
          ],
          [
            17.3540021,
            66.6940267
          ],
          [
            17.3543159,
            66.6939193
          ],
          [
            17.3560614,
            66.6936837
          ],
          [
            17.3567024,
            66.693485
          ],
          [
            17.3576457,
            66.6934192
          ],
          [
            17.3586535,
            66.6931488
          ],
          [
            17.3578804,
            66.6920921
          ],
          [
            17.3577567,
            66.6916201
          ],
          [
            17.3572334,
            66.6911373
          ],
          [
            17.3570671,
            66.6906989
          ],
          [
            17.3562203,
            66.6904496
          ],
          [
            17.3558176,
            66.690226
          ],
          [
            17.3556195,
            66.6901051
          ],
          [
            17.3555618,
            66.6898171
          ],
          [
            17.355241,
            66.6896596
          ],
          [
            17.354623,
            66.6895983
          ],
          [
            17.3519127,
            66.688424
          ],
          [
            17.3498694,
            66.6878816
          ],
          [
            17.3483424,
            66.6871309
          ],
          [
            17.3467269,
            66.6861939
          ],
          [
            17.3465418,
            66.6859234
          ],
          [
            17.3457664,
            66.6855427
          ],
          [
            17.3445549,
            66.685145
          ],
          [
            17.3437399,
            66.6847163
          ],
          [
            17.3426957,
            66.6843229
          ],
          [
            17.3401485,
            66.6836191
          ],
          [
            17.3392548,
            66.6829436
          ],
          [
            17.3380367,
            66.6825575
          ],
          [
            17.3366471,
            66.6822343
          ],
          [
            17.3361457,
            66.6819765
          ],
          [
            17.3357329,
            66.6814372
          ],
          [
            17.3352655,
            66.6811277
          ],
          [
            17.333247,
            66.6805216
          ],
          [
            17.3329606,
            66.6801351
          ],
          [
            17.3319856,
            66.6796051
          ],
          [
            17.330716,
            66.6793476
          ],
          [
            17.3301849,
            66.6790488
          ],
          [
            17.3290659,
            66.6788768
          ],
          [
            17.3278261,
            66.6784545
          ],
          [
            17.3253419,
            66.6779972
          ],
          [
            17.3244205,
            66.6777434
          ],
          [
            17.3238906,
            66.6774996
          ],
          [
            17.3233801,
            66.6770745
          ],
          [
            17.3221845,
            66.6767235
          ],
          [
            17.320794,
            66.6756874
          ],
          [
            17.3200208,
            66.6753304
          ],
          [
            17.3177164,
            66.6748688
          ],
          [
            17.3140409,
            66.6745012
          ],
          [
            17.3132782,
            66.6745231
          ],
          [
            17.3129095,
            66.6744598
          ],
          [
            17.3120915,
            66.6742218
          ],
          [
            17.3115264,
            66.6738862
          ],
          [
            17.3092494,
            66.6730727
          ],
          [
            17.3085443,
            66.6724218
          ],
          [
            17.3084267,
            66.6719168
          ],
          [
            17.308625,
            66.6714896
          ],
          [
            17.3082555,
            66.671026
          ],
          [
            17.3067415,
            66.6707193
          ],
          [
            17.3060963,
            66.6702393
          ],
          [
            17.3049106,
            66.6701259
          ],
          [
            17.3053137,
            66.6693988
          ],
          [
            17.3033867,
            66.6683418
          ],
          [
            17.3034183,
            66.6679985
          ],
          [
            17.3039231,
            66.6674346
          ],
          [
            17.3038012,
            66.6673182
          ],
          [
            17.3040228,
            66.6669376
          ],
          [
            17.3030026,
            66.6659586
          ],
          [
            17.302331,
            66.6657357
          ],
          [
            17.3020038,
            66.6655017
          ],
          [
            17.3006595,
            66.6653448
          ],
          [
            17.3001576,
            66.665436
          ],
          [
            17.2992753,
            66.6653577
          ],
          [
            17.2988947,
            66.6650712
          ],
          [
            17.2982484,
            66.6649225
          ],
          [
            17.2975785,
            66.6645229
          ],
          [
            17.2959123,
            66.6641823
          ],
          [
            17.2956189,
            66.664029
          ],
          [
            17.2957301,
            66.6639143
          ],
          [
            17.2949342,
            66.6635877
          ],
          [
            17.2942572,
            66.6635261
          ],
          [
            17.2933962,
            66.6630951
          ],
          [
            17.2922759,
            66.66304
          ],
          [
            17.2913958,
            66.6626628
          ],
          [
            17.2898457,
            66.6623392
          ],
          [
            17.2897661,
            66.6621913
          ],
          [
            17.290169,
            66.6616314
          ],
          [
            17.2904898,
            66.661698
          ],
          [
            17.2906797,
            66.6616613
          ],
          [
            17.2908269,
            66.6605147
          ],
          [
            17.2905862,
            66.6603042
          ],
          [
            17.2898459,
            66.6601405
          ],
          [
            17.2897922,
            66.6599344
          ],
          [
            17.2892725,
            66.6596831
          ],
          [
            17.2892108,
            66.659476
          ],
          [
            17.2876462,
            66.6590551
          ],
          [
            17.286647,
            66.6590202
          ],
          [
            17.2854765,
            66.6583383
          ],
          [
            17.2849952,
            66.6581766
          ],
          [
            17.2843556,
            66.6573642
          ],
          [
            17.2847127,
            66.6567065
          ],
          [
            17.2846582,
            66.6563275
          ],
          [
            17.2833064,
            66.6550041
          ],
          [
            17.2828486,
            66.6540435
          ],
          [
            17.2813569,
            66.6537048
          ],
          [
            17.2804627,
            66.6538377
          ],
          [
            17.2778961,
            66.653856
          ],
          [
            17.2765917,
            66.6541252
          ],
          [
            17.2759352,
            66.654102
          ],
          [
            17.2746726,
            66.653791
          ],
          [
            17.2723448,
            66.6538464
          ],
          [
            17.2713602,
            66.6535722
          ],
          [
            17.269532,
            66.653365
          ],
          [
            17.2690874,
            66.653139
          ],
          [
            17.2685602,
            66.653036
          ],
          [
            17.2660532,
            66.6528408
          ],
          [
            17.2654937,
            66.6526028
          ],
          [
            17.2649867,
            66.6522173
          ],
          [
            17.2643586,
            66.6521045
          ],
          [
            17.263828,
            66.6518301
          ],
          [
            17.2626991,
            66.6515021
          ],
          [
            17.2609135,
            66.6506965
          ],
          [
            17.2610698,
            66.6505114
          ],
          [
            17.2615596,
            66.6502881
          ],
          [
            17.261513,
            66.6488648
          ],
          [
            17.2611284,
            66.6485422
          ],
          [
            17.2610544,
            66.6481885
          ],
          [
            17.2614392,
            66.6472739
          ],
          [
            17.2619901,
            66.6465058
          ],
          [
            17.261985,
            66.6460387
          ],
          [
            17.2621953,
            66.6457147
          ],
          [
            17.2636051,
            66.644573
          ],
          [
            17.2638777,
            66.6441858
          ],
          [
            17.2650665,
            66.6433892
          ],
          [
            17.2660863,
            66.6423047
          ],
          [
            17.2665412,
            66.6419927
          ],
          [
            17.2668184,
            66.6414773
          ],
          [
            17.2671949,
            66.6412226
          ],
          [
            17.2679916,
            66.6403022
          ],
          [
            17.2693804,
            66.6395625
          ],
          [
            17.2705088,
            66.6391415
          ],
          [
            17.272217,
            66.6383362
          ],
          [
            17.2740156,
            66.6373002
          ],
          [
            17.276163,
            66.6363561
          ],
          [
            17.2765744,
            66.6359001
          ],
          [
            17.2766615,
            66.6352517
          ],
          [
            17.2760545,
            66.6334421
          ],
          [
            17.2735332,
            66.6289535
          ],
          [
            17.2722879,
            66.6263629
          ],
          [
            17.2730069,
            66.6229344
          ],
          [
            17.2733711,
            66.6219138
          ],
          [
            17.2737642,
            66.6212676
          ],
          [
            17.274128,
            66.621024
          ],
          [
            17.2746771,
            66.6199144
          ],
          [
            17.2747096,
            66.6192341
          ],
          [
            17.2751183,
            66.6179581
          ],
          [
            17.2750179,
            66.6152708
          ],
          [
            17.275515,
            66.6138035
          ],
          [
            17.2760093,
            66.6128534
          ],
          [
            17.276309,
            66.6125815
          ],
          [
            17.2762234,
            66.6124154
          ],
          [
            17.276912,
            66.6107488
          ],
          [
            17.2768917,
            66.6098442
          ],
          [
            17.2774873,
            66.6093779
          ],
          [
            17.2786426,
            66.6089428
          ],
          [
            17.2792429,
            66.6084802
          ],
          [
            17.280739,
            66.6080975
          ],
          [
            17.2805026,
            66.6074198
          ],
          [
            17.2796235,
            66.6069546
          ],
          [
            17.2784795,
            66.6061435
          ],
          [
            17.2782547,
            66.6055352
          ],
          [
            17.2781925,
            66.6048574
          ],
          [
            17.2784341,
            66.60422
          ],
          [
            17.2800723,
            66.6026525
          ],
          [
            17.2804086,
            66.6018865
          ],
          [
            17.2800117,
            66.6008193
          ],
          [
            17.2791957,
            66.599632
          ],
          [
            17.2787047,
            66.5971211
          ],
          [
            17.2787509,
            66.5966659
          ],
          [
            17.2776069,
            66.5954974
          ],
          [
            17.2774065,
            66.5939558
          ],
          [
            17.2768795,
            66.5928025
          ],
          [
            17.2768805,
            66.5915869
          ],
          [
            17.2762925,
            66.5906139
          ],
          [
            17.2759256,
            66.589383
          ],
          [
            17.2760402,
            66.588954
          ],
          [
            17.2755581,
            66.5880041
          ],
          [
            17.2757324,
            66.5878598
          ],
          [
            17.2754723,
            66.5872531
          ],
          [
            17.2756602,
            66.5864588
          ],
          [
            17.2751795,
            66.5853776
          ],
          [
            17.2754676,
            66.5839492
          ]
        ]
      }
    },
    {
      "type": "Feature",
      "properties": {
        "schemaVersion": "candidate-kungsleden-geometry/v1",
        "trailId": "kungsleden",
        "sectionId": "kungsleden-section-16-gasaklahko-vuonatjviken",
        "sectionNumber": 16,
        "name": "Gásakláhko-Vuonatjviken",
        "from": "Gásakláhko",
        "to": "Vuonatjviken",
        "source": "Naturvardsverket/Lansstyrelsen Leder WFS official state-trail geometry",
        "sourceCrs": "EPSG:3006",
        "outputCrs": "EPSG:4326",
        "generatedAt": "2026-04-30",
        "simplificationToleranceMeters": 5,
        "runtimeImportApproved": false
      },
      "geometry": {
        "type": "LineString",
        "coordinates": [
          [
            17.2754676,
            66.5839492
          ],
          [
            17.2755168,
            66.5834629
          ],
          [
            17.2750962,
            66.5816031
          ],
          [
            17.2756507,
            66.5800156
          ],
          [
            17.2771667,
            66.5785617
          ],
          [
            17.2773502,
            66.5777014
          ],
          [
            17.277278,
            66.5769456
          ],
          [
            17.2763219,
            66.5760469
          ],
          [
            17.2757258,
            66.5756686
          ],
          [
            17.2755902,
            66.5750037
          ],
          [
            17.2752371,
            66.5746447
          ],
          [
            17.2746115,
            66.5743079
          ],
          [
            17.2736481,
            66.5740877
          ],
          [
            17.2733737,
            66.5737796
          ],
          [
            17.2729233,
            66.5728576
          ],
          [
            17.2726871,
            66.5702756
          ],
          [
            17.2719197,
            66.5696057
          ],
          [
            17.2717828,
            66.5692324
          ],
          [
            17.2718547,
            66.5681756
          ],
          [
            17.2706991,
            66.5670017
          ],
          [
            17.2698764,
            66.5665474
          ],
          [
            17.2692719,
            66.5659371
          ],
          [
            17.2684698,
            66.5645652
          ],
          [
            17.2666015,
            66.5637362
          ],
          [
            17.2638242,
            66.562866
          ],
          [
            17.2605882,
            66.5614744
          ],
          [
            17.2584782,
            66.5607438
          ],
          [
            17.2576214,
            66.5605862
          ],
          [
            17.2564717,
            66.5599497
          ],
          [
            17.2558477,
            66.5584009
          ],
          [
            17.2551437,
            66.5579114
          ],
          [
            17.2548824,
            66.557551
          ],
          [
            17.2534468,
            66.5568433
          ],
          [
            17.2530535,
            66.5565395
          ],
          [
            17.2521048,
            66.5551512
          ],
          [
            17.2515342,
            66.5533933
          ],
          [
            17.2509843,
            66.5528732
          ],
          [
            17.2504439,
            66.5519524
          ],
          [
            17.2489951,
            66.5505895
          ],
          [
            17.2490942,
            66.5501693
          ],
          [
            17.2496888,
            66.5496691
          ],
          [
            17.2494361,
            66.5488361
          ],
          [
            17.2483476,
            66.5479769
          ],
          [
            17.2465915,
            66.5472556
          ],
          [
            17.2464152,
            66.5468212
          ],
          [
            17.2465665,
            66.5464731
          ],
          [
            17.2471437,
            66.5461127
          ],
          [
            17.24675,
            66.5454691
          ],
          [
            17.2473137,
            66.5451333
          ],
          [
            17.2485501,
            66.5439952
          ],
          [
            17.2481042,
            66.5434117
          ],
          [
            17.2466215,
            66.5426434
          ],
          [
            17.246424,
            66.5418272
          ],
          [
            17.2451246,
            66.5412468
          ],
          [
            17.2446783,
            66.5409024
          ],
          [
            17.2455523,
            66.5405039
          ],
          [
            17.2473194,
            66.5399978
          ],
          [
            17.2477345,
            66.5396904
          ],
          [
            17.2478117,
            66.539363
          ],
          [
            17.2486658,
            66.5389169
          ],
          [
            17.2487722,
            66.5386034
          ],
          [
            17.2484952,
            66.5382986
          ],
          [
            17.2470814,
            66.5374421
          ],
          [
            17.2453915,
            66.536871
          ],
          [
            17.2440354,
            66.5365692
          ],
          [
            17.2432326,
            66.5361134
          ],
          [
            17.242456,
            66.5352746
          ],
          [
            17.2417002,
            66.5348305
          ],
          [
            17.241569,
            66.5345896
          ],
          [
            17.2417425,
            66.5343864
          ],
          [
            17.2420284,
            66.5341712
          ],
          [
            17.2435846,
            66.5336084
          ],
          [
            17.2439304,
            66.5331501
          ],
          [
            17.2441096,
            66.5322168
          ],
          [
            17.2443473,
            66.5319318
          ],
          [
            17.2443186,
            66.5315481
          ],
          [
            17.2440461,
            66.5311942
          ],
          [
            17.2432165,
            66.5307785
          ],
          [
            17.2434688,
            66.5301545
          ],
          [
            17.242761,
            66.5297399
          ],
          [
            17.2413692,
            66.5292692
          ],
          [
            17.240825,
            66.5288217
          ],
          [
            17.2404146,
            66.5280982
          ],
          [
            17.2395305,
            66.5277624
          ],
          [
            17.2387703,
            66.5273037
          ],
          [
            17.2375334,
            66.5272517
          ],
          [
            17.2363377,
            66.5266508
          ],
          [
            17.2354797,
            66.5258823
          ],
          [
            17.2344142,
            66.5244293
          ],
          [
            17.2335616,
            66.523719
          ],
          [
            17.2329622,
            66.5229002
          ],
          [
            17.2330132,
            66.5224917
          ],
          [
            17.233894,
            66.5210768
          ],
          [
            17.2350595,
            66.5197135
          ],
          [
            17.2345823,
            66.5189271
          ],
          [
            17.2341806,
            66.5176345
          ],
          [
            17.234656,
            66.5173318
          ],
          [
            17.2368878,
            66.5163358
          ],
          [
            17.2385705,
            66.5152236
          ],
          [
            17.2390347,
            66.5147969
          ],
          [
            17.2389667,
            66.5145059
          ],
          [
            17.2373161,
            66.5129792
          ],
          [
            17.2362541,
            66.511677
          ],
          [
            17.2364498,
            66.5108285
          ],
          [
            17.2363786,
            66.5102919
          ],
          [
            17.2362363,
            66.5099854
          ],
          [
            17.2357136,
            66.5096202
          ],
          [
            17.2357632,
            66.5086055
          ],
          [
            17.2352528,
            66.5079828
          ],
          [
            17.2355807,
            66.5069711
          ],
          [
            17.235066,
            66.506167
          ],
          [
            17.2347948,
            66.5046102
          ],
          [
            17.2349241,
            66.5044508
          ],
          [
            17.2372318,
            66.5036545
          ],
          [
            17.2379804,
            66.5031948
          ],
          [
            17.2384805,
            66.5027108
          ],
          [
            17.2390001,
            66.5015002
          ],
          [
            17.2397968,
            66.500899
          ],
          [
            17.2395055,
            66.5004178
          ],
          [
            17.2394557,
            66.4996513
          ],
          [
            17.2410935,
            66.4988499
          ],
          [
            17.2411853,
            66.4985219
          ],
          [
            17.2408961,
            66.497756
          ],
          [
            17.2414802,
            66.4973144
          ],
          [
            17.2416186,
            66.4969181
          ],
          [
            17.2428665,
            66.4961355
          ],
          [
            17.2431709,
            66.4957124
          ],
          [
            17.2435128,
            66.4939803
          ],
          [
            17.2434895,
            66.4932499
          ],
          [
            17.2432212,
            66.4927287
          ],
          [
            17.2437194,
            66.4920252
          ],
          [
            17.2433743,
            66.4916022
          ],
          [
            17.2427425,
            66.4912741
          ],
          [
            17.2417888,
            66.4904687
          ]
        ]
      }
    },
    {
      "type": "Feature",
      "properties": {
        "schemaVersion": "candidate-kungsleden-geometry/v1",
        "trailId": "kungsleden",
        "sectionId": "kungsleden-section-17-vuonatjviken-jackvik",
        "sectionNumber": 17,
        "name": "Vuonatjviken-Jäckvik",
        "from": "Vuonatjviken",
        "to": "Jäckvik",
        "source": "Naturvardsverket/Lansstyrelsen Leder WFS official state-trail geometry",
        "sourceCrs": "EPSG:3006",
        "outputCrs": "EPSG:4326",
        "generatedAt": "2026-04-30",
        "simplificationToleranceMeters": 5,
        "runtimeImportApproved": false
      },
      "geometry": {
        "type": "MultiLineString",
        "coordinates": [
          [
            [
              17.1225074,
              66.4876469
            ],
            [
              17.1208744,
              66.4869082
            ],
            [
              17.1199444,
              66.4867105
            ],
            [
              17.1197548,
              66.4863778
            ],
            [
              17.119154,
              66.4861689
            ],
            [
              17.1164452,
              66.4859167
            ],
            [
              17.1157785,
              66.4857808
            ],
            [
              17.1151873,
              66.4852753
            ],
            [
              17.1141718,
              66.4848824
            ],
            [
              17.1134746,
              66.4843176
            ],
            [
              17.1125777,
              66.4839204
            ],
            [
              17.1113786,
              66.483213
            ],
            [
              17.1102312,
              66.4821957
            ],
            [
              17.1094861,
              66.4817159
            ],
            [
              17.1090864,
              66.4812445
            ],
            [
              17.1076769,
              66.4804354
            ],
            [
              17.1065541,
              66.4790889
            ],
            [
              17.1058733,
              66.4774226
            ],
            [
              17.1045685,
              66.4763525
            ],
            [
              17.1038808,
              66.4755882
            ],
            [
              17.103163,
              66.475178
            ],
            [
              17.1004261,
              66.474381
            ],
            [
              17.0995803,
              66.4739784
            ],
            [
              17.0989146,
              66.473383
            ],
            [
              17.0980991,
              66.4731339
            ],
            [
              17.097226,
              66.4726097
            ],
            [
              17.0962779,
              66.4723776
            ],
            [
              17.0946084,
              66.4721807
            ],
            [
              17.0944087,
              66.472025
            ],
            [
              17.092324,
              66.4712704
            ],
            [
              17.0913101,
              66.4707872
            ],
            [
              17.0900611,
              66.4706544
            ],
            [
              17.0838415,
              66.469065
            ],
            [
              17.0791982,
              66.4674541
            ],
            [
              17.068988,
              66.4631121
            ],
            [
              17.0654314,
              66.4614747
            ],
            [
              17.0612952,
              66.4600805
            ],
            [
              17.0590305,
              66.4592199
            ],
            [
              17.0575099,
              66.4580382
            ],
            [
              17.0565118,
              66.4567697
            ],
            [
              17.0560237,
              66.4564979
            ],
            [
              17.0554194,
              66.4563302
            ],
            [
              17.0544602,
              66.4562411
            ],
            [
              17.0535805,
              66.4560411
            ],
            [
              17.0496175,
              66.4546878
            ],
            [
              17.0467094,
              66.4540692
            ],
            [
              17.0449273,
              66.4536299
            ],
            [
              17.0444708,
              66.4534476
            ],
            [
              17.0422476,
              66.453046
            ],
            [
              17.0417335,
              66.4522033
            ],
            [
              17.0413053,
              66.451964
            ],
            [
              17.0399411,
              66.4515008
            ],
            [
              17.0381035,
              66.4502906
            ],
            [
              17.03776,
              66.4499392
            ],
            [
              17.0376443,
              66.4492895
            ],
            [
              17.0354679,
              66.4481423
            ],
            [
              17.0337536,
              66.4467403
            ],
            [
              17.0314945,
              66.446877
            ],
            [
              17.0298429,
              66.4468055
            ],
            [
              17.029488,
              66.4467449
            ],
            [
              17.0285322,
              66.4463629
            ],
            [
              17.027088,
              66.445995
            ],
            [
              17.0259107,
              66.4461651
            ],
            [
              17.0251495,
              66.4461556
            ],
            [
              17.0242853,
              66.4460367
            ],
            [
              17.0215087,
              66.4459668
            ],
            [
              17.0206799,
              66.4457892
            ],
            [
              17.0198861,
              66.4455531
            ],
            [
              17.0187065,
              66.4449464
            ],
            [
              17.0186233,
              66.4447428
            ],
            [
              17.0177626,
              66.4445992
            ],
            [
              17.015149,
              66.4437873
            ],
            [
              17.0149298,
              66.4435431
            ],
            [
              17.0130748,
              66.4424598
            ],
            [
              17.0114887,
              66.4417703
            ],
            [
              17.0109712,
              66.4412635
            ],
            [
              17.0110786,
              66.4410555
            ],
            [
              17.0101598,
              66.4403094
            ],
            [
              17.0096378,
              66.4401919
            ],
            [
              17.0076862,
              66.440071
            ],
            [
              17.0068691,
              66.4400693
            ],
            [
              17.0047317,
              66.4402402
            ],
            [
              17.0033135,
              66.439912
            ],
            [
              17.0016848,
              66.4398023
            ],
            [
              16.9994707,
              66.4393382
            ],
            [
              16.9988781,
              66.4393013
            ],
            [
              16.9967243,
              66.4386724
            ],
            [
              16.995031,
              66.4384424
            ],
            [
              16.9940411,
              66.4381978
            ],
            [
              16.9920661,
              66.4379899
            ],
            [
              16.9906137,
              66.4373265
            ],
            [
              16.9899107,
              66.4371679
            ],
            [
              16.9878161,
              66.4369193
            ],
            [
              16.9870384,
              66.4369335
            ],
            [
              16.9863714,
              66.436773
            ],
            [
              16.9837489,
              66.4365638
            ],
            [
              16.9831526,
              66.4364548
            ],
            [
              16.9822112,
              66.4362107
            ],
            [
              16.9799419,
              66.4354028
            ],
            [
              16.9786032,
              66.4350486
            ],
            [
              16.9784537,
              66.4349218
            ],
            [
              16.974142,
              66.4334915
            ],
            [
              16.9736402,
              66.4334214
            ],
            [
              16.9733487,
              66.4329826
            ],
            [
              16.9725977,
              66.4328235
            ],
            [
              16.9720616,
              66.4328026
            ],
            [
              16.9700019,
              66.4322162
            ],
            [
              16.9661906,
              66.4317554
            ],
            [
              16.9651834,
              66.4319133
            ],
            [
              16.9638702,
              66.4325293
            ],
            [
              16.9622663,
              66.432693
            ],
            [
              16.9614836,
              66.4326781
            ],
            [
              16.9607599,
              66.4324691
            ],
            [
              16.9586782,
              66.4325983
            ],
            [
              16.957505,
              66.4324456
            ],
            [
              16.956651,
              66.4320709
            ],
            [
              16.9565985,
              66.4314812
            ],
            [
              16.9567942,
              66.4311781
            ],
            [
              16.9566238,
              66.4303423
            ],
            [
              16.9562772,
              66.430149
            ],
            [
              16.9553801,
              66.4299158
            ],
            [
              16.9555603,
              66.4296854
            ],
            [
              16.9553694,
              66.4295932
            ],
            [
              16.9543744,
              66.4295254
            ],
            [
              16.9531097,
              66.4292486
            ],
            [
              16.9525825,
              66.4289287
            ],
            [
              16.9511688,
              66.4285366
            ],
            [
              16.950567,
              66.4281589
            ],
            [
              16.9503849,
              66.4278958
            ],
            [
              16.9504813,
              66.4274178
            ],
            [
              16.9509642,
              66.4271945
            ],
            [
              16.9506428,
              66.4262318
            ],
            [
              16.9507197,
              66.426018
            ],
            [
              16.9509581,
              66.4259128
            ]
          ],
          [
            [
              16.9509461,
              66.4229995
            ],
            [
              16.9500467,
              66.4224363
            ],
            [
              16.9488895,
              66.4224266
            ],
            [
              16.9496983,
              66.4221977
            ],
            [
              16.9502453,
              66.4217816
            ],
            [
              16.9503101,
              66.4210092
            ],
            [
              16.9517877,
              66.4201958
            ],
            [
              16.9522539,
              66.4202224
            ],
            [
              16.954071,
              66.4199101
            ],
            [
              16.9545816,
              66.4197444
            ],
            [
              16.9546695,
              66.4194546
            ],
            [
              16.9558507,
              66.4190409
            ],
            [
              16.955494,
              66.4185553
            ],
            [
              16.9579205,
              66.4180344
            ],
            [
              16.9591358,
              66.4178739
            ],
            [
              16.9640926,
              66.4177114
            ],
            [
              16.9684835,
              66.417393
            ],
            [
              16.9692122,
              66.4174098
            ],
            [
              16.9717368,
              66.4178512
            ],
            [
              16.9721507,
              66.417855
            ],
            [
              16.9725867,
              66.4176687
            ],
            [
              16.9725815,
              66.4175767
            ],
            [
              16.9712365,
              66.4166202
            ],
            [
              16.9711041,
              66.4162759
            ],
            [
              16.9712085,
              66.415931
            ],
            [
              16.9721229,
              66.415566
            ],
            [
              16.9736191,
              66.4154578
            ],
            [
              16.9760868,
              66.4151528
            ],
            [
              16.9766047,
              66.4152302
            ],
            [
              16.9769161,
              66.4151639
            ],
            [
              16.9771005,
              66.4150491
            ],
            [
              16.9769255,
              66.4146995
            ],
            [
              16.9771146,
              66.4143572
            ],
            [
              16.9776725,
              66.414056
            ],
            [
              16.9778654,
              66.4132956
            ],
            [
              16.9777633,
              66.4130198
            ],
            [
              16.9781403,
              66.4127146
            ],
            [
              16.9777071,
              66.4119875
            ],
            [
              16.9769579,
              66.4116573
            ],
            [
              16.9768223,
              66.4114724
            ],
            [
              16.9771086,
              66.4110892
            ],
            [
              16.9768125,
              66.410574
            ],
            [
              16.9768358,
              66.4095382
            ],
            [
              16.9762883,
              66.4089443
            ],
            [
              16.9756632,
              66.4087063
            ],
            [
              16.9749209,
              66.4081458
            ],
            [
              16.9744768,
              66.4073851
            ],
            [
              16.9738206,
              66.4069531
            ],
            [
              16.9740598,
              66.4060167
            ],
            [
              16.9725006,
              66.4040072
            ],
            [
              16.9714662,
              66.4032273
            ],
            [
              16.9710684,
              66.4026865
            ],
            [
              16.9717127,
              66.4022467
            ],
            [
              16.9717298,
              66.402069
            ],
            [
              16.9710813,
              66.4015607
            ],
            [
              16.9697852,
              66.4011479
            ],
            [
              16.9684912,
              66.4001968
            ],
            [
              16.9682854,
              66.3993275
            ],
            [
              16.9677184,
              66.3984102
            ],
            [
              16.9677139,
              66.3979975
            ],
            [
              16.9671924,
              66.3975714
            ],
            [
              16.9670161,
              66.3972285
            ],
            [
              16.9673885,
              66.3969338
            ],
            [
              16.9686576,
              66.3963454
            ],
            [
              16.9700416,
              66.395874
            ],
            [
              16.9708242,
              66.3958105
            ],
            [
              16.9716893,
              66.3954954
            ],
            [
              16.9716442,
              66.3952062
            ],
            [
              16.971034,
              66.3943706
            ],
            [
              16.9712108,
              66.3941779
            ],
            [
              16.9714454,
              66.3930203
            ],
            [
              16.9721428,
              66.392209
            ],
            [
              16.971986,
              66.3917438
            ],
            [
              16.9721752,
              66.3913537
            ],
            [
              16.9719476,
              66.3904602
            ],
            [
              16.9717103,
              66.3903048
            ],
            [
              16.9709696,
              66.3901206
            ],
            [
              16.9708455,
              66.3897762
            ],
            [
              16.9692611,
              66.3896635
            ],
            [
              16.9683299,
              66.3889477
            ],
            [
              16.9677028,
              66.3888827
            ],
            [
              16.9665218,
              66.3889807
            ],
            [
              16.9660845,
              66.3880122
            ],
            [
              16.9651048,
              66.3869966
            ],
            [
              16.9641126,
              66.3868818
            ],
            [
              16.9634228,
              66.3865743
            ],
            [
              16.961694,
              66.3854215
            ],
            [
              16.9616992,
              66.3850279
            ],
            [
              16.9606581,
              66.3847424
            ],
            [
              16.9591738,
              66.3846253
            ],
            [
              16.9577269,
              66.3838786
            ],
            [
              16.9604305,
              66.3834846
            ]
          ]
        ]
      }
    },
    {
      "type": "Feature",
      "properties": {
        "schemaVersion": "candidate-kungsleden-geometry/v1",
        "trailId": "kungsleden",
        "sectionId": "kungsleden-section-18-jackvik-adolfstrom",
        "sectionNumber": 18,
        "name": "Jäckvik-Adolfström",
        "from": "Jäckvik",
        "to": "Adolfström",
        "source": "Naturvardsverket/Lansstyrelsen Leder WFS official state-trail geometry",
        "sourceCrs": "EPSG:3006",
        "outputCrs": "EPSG:4326",
        "generatedAt": "2026-04-30",
        "simplificationToleranceMeters": 5,
        "runtimeImportApproved": false
      },
      "geometry": {
        "type": "LineString",
        "coordinates": [
          [
            16.9577285,
            66.3838776
          ],
          [
            16.9556153,
            66.3830055
          ],
          [
            16.9545524,
            66.3822779
          ],
          [
            16.9531787,
            66.3816204
          ],
          [
            16.9527125,
            66.3812476
          ],
          [
            16.9522677,
            66.3810995
          ],
          [
            16.9517968,
            66.3810498
          ],
          [
            16.9506412,
            66.3810601
          ],
          [
            16.9490625,
            66.3809138
          ],
          [
            16.9482459,
            66.3804169
          ],
          [
            16.9478743,
            66.3802853
          ],
          [
            16.9467677,
            66.3801771
          ],
          [
            16.9466669,
            66.3799847
          ],
          [
            16.9456526,
            66.3796831
          ],
          [
            16.9456556,
            66.3794652
          ],
          [
            16.9462276,
            66.3791637
          ],
          [
            16.9462778,
            66.3789808
          ],
          [
            16.945502,
            66.3785715
          ],
          [
            16.9448026,
            66.3783796
          ],
          [
            16.9442928,
            66.378017
          ],
          [
            16.943732,
            66.3777958
          ],
          [
            16.9435991,
            66.3775579
          ],
          [
            16.9425619,
            66.3767345
          ],
          [
            16.9419788,
            66.3765138
          ],
          [
            16.9406575,
            66.3762472
          ],
          [
            16.940429,
            66.3761137
          ],
          [
            16.9396706,
            66.3759266
          ],
          [
            16.9384884,
            66.3753473
          ],
          [
            16.9373972,
            66.3753422
          ],
          [
            16.9365851,
            66.3750759
          ],
          [
            16.9355521,
            66.3749587
          ],
          [
            16.9343767,
            66.3745203
          ],
          [
            16.9319628,
            66.3739817
          ],
          [
            16.9310557,
            66.3735695
          ],
          [
            16.9303562,
            66.3730336
          ],
          [
            16.9298322,
            66.3729148
          ],
          [
            16.9280724,
            66.3720361
          ],
          [
            16.9264386,
            66.3705629
          ],
          [
            16.9251671,
            66.3701169
          ],
          [
            16.9235615,
            66.3696941
          ],
          [
            16.9229065,
            66.3693463
          ],
          [
            16.9223628,
            66.368521
          ],
          [
            16.9210676,
            66.3681178
          ],
          [
            16.9204656,
            66.367788
          ],
          [
            16.9197016,
            66.3670535
          ],
          [
            16.9197326,
            66.3664374
          ],
          [
            16.9185613,
            66.3654168
          ],
          [
            16.9159589,
            66.3646703
          ],
          [
            16.9142346,
            66.3640722
          ],
          [
            16.9125357,
            66.3633384
          ],
          [
            16.9117511,
            66.3631634
          ],
          [
            16.9099794,
            66.3625627
          ],
          [
            16.9045788,
            66.3612238
          ],
          [
            16.9025224,
            66.3605882
          ],
          [
            16.9015938,
            66.3604633
          ],
          [
            16.9005846,
            66.3605533
          ],
          [
            16.8984538,
            66.3605302
          ],
          [
            16.8969633,
            66.3603891
          ],
          [
            16.8946373,
            66.3599643
          ],
          [
            16.8936585,
            66.3597095
          ],
          [
            16.8928521,
            66.3593873
          ],
          [
            16.8913849,
            66.3590512
          ],
          [
            16.8888086,
            66.358214
          ],
          [
            16.8874196,
            66.3581503
          ],
          [
            16.885371,
            66.3581974
          ],
          [
            16.8814653,
            66.3578143
          ],
          [
            16.8792005,
            66.357723
          ],
          [
            16.8760301,
            66.3573491
          ],
          [
            16.8741995,
            66.3570417
          ],
          [
            16.870985,
            66.3561653
          ],
          [
            16.8669818,
            66.3554025
          ],
          [
            16.8610693,
            66.3552502
          ],
          [
            16.8591409,
            66.35506
          ],
          [
            16.8575768,
            66.3546357
          ],
          [
            16.8558931,
            66.3543641
          ],
          [
            16.851768,
            66.3533459
          ],
          [
            16.848523,
            66.3530213
          ],
          [
            16.8473261,
            66.3526849
          ],
          [
            16.846306,
            66.3525208
          ],
          [
            16.8454947,
            66.3521287
          ],
          [
            16.8437432,
            66.3517161
          ],
          [
            16.8432409,
            66.3515119
          ],
          [
            16.8425518,
            66.3514738
          ],
          [
            16.8409006,
            66.3515874
          ],
          [
            16.840016,
            66.351874
          ],
          [
            16.8387113,
            66.3521016
          ],
          [
            16.8364997,
            66.352042
          ],
          [
            16.835943,
            66.3519095
          ],
          [
            16.8355539,
            66.3514929
          ],
          [
            16.8350062,
            66.3512551
          ],
          [
            16.8343986,
            66.3507848
          ],
          [
            16.8337435,
            66.3507494
          ],
          [
            16.8331868,
            66.3505955
          ],
          [
            16.8325453,
            66.3505819
          ],
          [
            16.8311006,
            66.3503571
          ],
          [
            16.829955,
            66.3499741
          ],
          [
            16.8294836,
            66.3499787
          ],
          [
            16.826154,
            66.3496146
          ],
          [
            16.8254282,
            66.3496858
          ],
          [
            16.8236384,
            66.3495435
          ],
          [
            16.8227499,
            66.3493108
          ],
          [
            16.8226434,
            66.3491897
          ],
          [
            16.820836,
            66.3487644
          ],
          [
            16.8202538,
            66.3484724
          ],
          [
            16.8194022,
            66.3482476
          ],
          [
            16.8191554,
            66.3478047
          ],
          [
            16.8181444,
            66.3475103
          ],
          [
            16.8174336,
            66.3470197
          ],
          [
            16.8174169,
            66.3468911
          ],
          [
            16.8169616,
            66.3466835
          ],
          [
            16.816775,
            66.3463757
          ],
          [
            16.8157239,
            66.3462489
          ],
          [
            16.8138933,
            66.3458512
          ],
          [
            16.8130345,
            66.3455081
          ],
          [
            16.8120162,
            66.3454345
          ],
          [
            16.8110668,
            66.3450106
          ],
          [
            16.8102025,
            66.3450473
          ],
          [
            16.8098506,
            66.3449442
          ],
          [
            16.8087678,
            66.3448952
          ],
          [
            16.8082926,
            66.3447236
          ],
          [
            16.808279,
            66.3446187
          ],
          [
            16.8068636,
            66.3443872
          ],
          [
            16.8065038,
            66.3440467
          ],
          [
            16.8065208,
            66.3438669
          ],
          [
            16.8060218,
            66.3434692
          ],
          [
            16.8065242,
            66.343284
          ],
          [
            16.8063035,
            66.3429094
          ],
          [
            16.8062832,
            66.3421344
          ],
          [
            16.8058758,
            66.3415515
          ],
          [
            16.8054074,
            66.3413798
          ],
          [
            16.8048508,
            66.3413526
          ],
          [
            16.802795,
            66.3409206
          ],
          [
            16.8003998,
            66.3405871
          ],
          [
            16.799318,
            66.3403419
          ],
          [
            16.7975393,
            66.339654
          ],
          [
            16.795686,
            66.3394769
          ],
          [
            16.7945896,
            66.3389388
          ],
          [
            16.7923523,
            66.3384071
          ],
          [
            16.7895524,
            66.3372837
          ],
          [
            16.7890568,
            66.3365466
          ],
          [
            16.7884798,
            66.3363
          ],
          [
            16.7879605,
            66.3358436
          ],
          [
            16.7873155,
            66.3357088
          ],
          [
            16.7871153,
            66.3355861
          ],
          [
            16.7860936,
            66.3354036
          ],
          [
            16.7849836,
            66.334907
          ],
          [
            16.783622,
            66.3346893
          ],
          [
            16.7834841,
            66.3346148
          ],
          [
            16.7837069,
            66.3341252
          ],
          [
            16.7835531,
            66.333991
          ],
          [
            16.7828583,
            66.3338207
          ],
          [
            16.7824711,
            66.3335546
          ],
          [
            16.7811134,
            66.3333928
          ],
          [
            16.7791139,
            66.3333098
          ],
          [
            16.7780956,
            66.3331969
          ],
          [
            16.7775918,
            66.3329265
          ],
          [
            16.7762765,
            66.3325625
          ],
          [
            16.7721555,
            66.3324496
          ],
          [
            16.7703947,
            66.3322687
          ],
          [
            16.7701242,
            66.3322154
          ],
          [
            16.769509,
            66.3316257
          ],
          [
            16.7674034,
            66.3315703
          ],
          [
            16.7668518,
            66.3314383
          ],
          [
            16.7667298,
            66.331317
          ],
          [
            16.7668412,
            66.3310955
          ],
          [
            16.7674458,
            66.3306612
          ],
          [
            16.7676142,
            66.3303206
          ],
          [
            16.7684694,
            66.3295093
          ],
          [
            16.7691165,
            66.3293602
          ],
          [
            16.7693445,
            66.3288513
          ],
          [
            16.7691946,
            66.3286554
          ],
          [
            16.769737,
            66.3278803
          ],
          [
            16.7700818,
            66.3276375
          ],
          [
            16.7700499,
            66.3267176
          ],
          [
            16.7703151,
            66.3264301
          ],
          [
            16.770225,
            66.3259616
          ],
          [
            16.7699651,
            66.3257444
          ],
          [
            16.7692544,
            66.3255144
          ],
          [
            16.7692862,
            66.3250821
          ],
          [
            16.768724,
            66.3245688
          ],
          [
            16.7689043,
            66.3242621
          ],
          [
            16.7687824,
            66.3239128
          ],
          [
            16.7691184,
            66.3233036
          ],
          [
            16.7689792,
            66.3229533
          ],
          [
            16.7694001,
            66.3223685
          ],
          [
            16.7693424,
            66.3222336
          ],
          [
            16.7696072,
            66.3220577
          ],
          [
            16.7693764,
            66.3207886
          ],
          [
            16.7687247,
            66.3203715
          ],
          [
            16.7688095,
            66.3200443
          ],
          [
            16.7685176,
            66.3196435
          ],
          [
            16.7686126,
            66.3188064
          ],
          [
            16.7683411,
            66.3184165
          ],
          [
            16.7679711,
            66.318257
          ],
          [
            16.7668591,
            66.3181557
          ],
          [
            16.7659545,
            66.317428
          ],
          [
            16.7651295,
            66.3172114
          ],
          [
            16.7646267,
            66.3166513
          ],
          [
            16.763107,
            66.3158805
          ],
          [
            16.7627133,
            66.3155219
          ],
          [
            16.7626914,
            66.3152176
          ],
          [
            16.7624521,
            66.3149636
          ],
          [
            16.7615698,
            66.3144331
          ],
          [
            16.7603338,
            66.3142102
          ],
          [
            16.7603813,
            66.3138325
          ],
          [
            16.7595226,
            66.3136852
          ],
          [
            16.7590819,
            66.3134705
          ],
          [
            16.7593577,
            66.3129144
          ],
          [
            16.7590342,
            66.3126459
          ],
          [
            16.7583278,
            66.3125871
          ],
          [
            16.7574566,
            66.3126613
          ],
          [
            16.7570306,
            66.312602
          ],
          [
            16.7560979,
            66.3123056
          ],
          [
            16.7555384,
            66.3122493
          ],
          [
            16.7551678,
            66.3119662
          ],
          [
            16.7547435,
            66.3119215
          ],
          [
            16.7538101,
            66.3120344
          ],
          [
            16.7529085,
            66.3120451
          ],
          [
            16.7515642,
            66.3124855
          ],
          [
            16.751084,
            66.3125351
          ],
          [
            16.7502566,
            66.3123604
          ],
          [
            16.7494823,
            66.3119918
          ],
          [
            16.7477558,
            66.3114877
          ],
          [
            16.7464529,
            66.311336
          ],
          [
            16.7447313,
            66.3114477
          ],
          [
            16.7437326,
            66.3116078
          ],
          [
            16.742802,
            66.3115879
          ],
          [
            16.7411396,
            66.3109967
          ],
          [
            16.7392515,
            66.3106302
          ],
          [
            16.7382279,
            66.3102615
          ],
          [
            16.7364803,
            66.3098452
          ],
          [
            16.7356997,
            66.3094953
          ],
          [
            16.7343091,
            66.3090827
          ],
          [
            16.7334473,
            66.3082269
          ],
          [
            16.7327512,
            66.3077608
          ],
          [
            16.7315661,
            66.3076142
          ],
          [
            16.7298839,
            66.307188
          ],
          [
            16.7277873,
            66.3070182
          ],
          [
            16.7241658,
            66.3063988
          ],
          [
            16.7231963,
            66.3061624
          ],
          [
            16.7230222,
            66.3058926
          ],
          [
            16.7212737,
            66.305503
          ],
          [
            16.7203124,
            66.3051333
          ],
          [
            16.7190776,
            66.3049035
          ],
          [
            16.7185555,
            66.3047104
          ],
          [
            16.7175031,
            66.3045971
          ],
          [
            16.7171799,
            66.3044639
          ],
          [
            16.7162932,
            66.304424
          ],
          [
            16.7150087,
            66.3040177
          ],
          [
            16.712332,
            66.3037646
          ],
          [
            16.7112298,
            66.3037579
          ],
          [
            16.7090504,
            66.3035914
          ],
          [
            16.7073764,
            66.3033083
          ],
          [
            16.7065974,
            66.3029952
          ],
          [
            16.7043434,
            66.302792
          ],
          [
            16.7033241,
            66.3025789
          ],
          [
            16.7008628,
            66.3023091
          ],
          [
            16.7004567,
            66.3021925
          ],
          [
            16.6984264,
            66.3021892
          ],
          [
            16.6965287,
            66.3019427
          ],
          [
            16.6954763,
            66.3017096
          ],
          [
            16.6951237,
            66.3014712
          ],
          [
            16.6940164,
            66.3014529
          ],
          [
            16.6933747,
            66.3013186
          ],
          [
            16.693014,
            66.3012013
          ],
          [
            16.6928708,
            66.3010308
          ],
          [
            16.6914601,
            66.3005916
          ],
          [
            16.6909933,
            66.3005362
          ],
          [
            16.6889408,
            66.3004701
          ],
          [
            16.6883362,
            66.3005661
          ],
          [
            16.687005,
            66.300436
          ],
          [
            16.6862412,
            66.3005106
          ],
          [
            16.6854881,
            66.3004914
          ],
          [
            16.6830431,
            66.3002548
          ],
          [
            16.6809004,
            66.3001759
          ],
          [
            16.6789471,
            66.2999362
          ],
          [
            16.6777329,
            66.2994077
          ],
          [
            16.6764697,
            66.2991507
          ],
          [
            16.6766206,
            66.2978847
          ],
          [
            16.6755025,
            66.2965054
          ],
          [
            16.6742891,
            66.2957287
          ],
          [
            16.673716,
            66.2950405
          ],
          [
            16.6735931,
            66.2938313
          ],
          [
            16.6743796,
            66.292134
          ],
          [
            16.6743024,
            66.2918836
          ],
          [
            16.6739366,
            66.2916296
          ],
          [
            16.6741022,
            66.2911135
          ],
          [
            16.6740032,
            66.2906526
          ],
          [
            16.6725463,
            66.2895364
          ],
          [
            16.6725234,
            66.2891893
          ],
          [
            16.6715959,
            66.2884857
          ],
          [
            16.6702212,
            66.2879171
          ],
          [
            16.6700721,
            66.2875982
          ],
          [
            16.6692302,
            66.287238
          ],
          [
            16.6685471,
            66.2868075
          ],
          [
            16.6680864,
            66.2858669
          ],
          [
            16.6675176,
            66.2853571
          ],
          [
            16.6663622,
            66.2851121
          ],
          [
            16.6649861,
            66.2851239
          ],
          [
            16.66384,
            66.2849512
          ],
          [
            16.6633293,
            66.2849936
          ],
          [
            16.6630214,
            66.284855
          ],
          [
            16.6630292,
            66.2846027
          ],
          [
            16.6639843,
            66.2835737
          ],
          [
            16.6639916,
            66.2830881
          ],
          [
            16.6637521,
            66.2827745
          ],
          [
            16.6637065,
            66.2823195
          ],
          [
            16.6633562,
            66.2818259
          ],
          [
            16.6624824,
            66.2813309
          ],
          [
            16.6623517,
            66.2810306
          ],
          [
            16.6620462,
            66.2808493
          ],
          [
            16.662315,
            66.2803631
          ],
          [
            16.6611688,
            66.2796119
          ],
          [
            16.6612039,
            66.2794458
          ],
          [
            16.660229,
            66.2783122
          ],
          [
            16.6600828,
            66.2777724
          ]
        ]
      }
    },
    {
      "type": "Feature",
      "properties": {
        "schemaVersion": "candidate-kungsleden-geometry/v1",
        "trailId": "kungsleden",
        "sectionId": "kungsleden-section-19-adolfstrom-sjnulttjie",
        "sectionNumber": 19,
        "name": "Adolfström-Sjnulttjie raststuga",
        "from": "Adolfström",
        "to": "Sjnulttjie raststuga",
        "source": "Naturvardsverket/Lansstyrelsen Leder WFS official state-trail geometry",
        "sourceCrs": "EPSG:3006",
        "outputCrs": "EPSG:4326",
        "generatedAt": "2026-04-30",
        "simplificationToleranceMeters": 5,
        "runtimeImportApproved": false
      },
      "geometry": {
        "type": "LineString",
        "coordinates": [
          [
            16.6490127,
            66.2783945
          ],
          [
            16.6486208,
            66.2787772
          ],
          [
            16.6494254,
            66.2789744
          ],
          [
            16.6484636,
            66.279166
          ],
          [
            16.6480943,
            66.2793604
          ],
          [
            16.6477338,
            66.2796855
          ],
          [
            16.6478594,
            66.2799131
          ],
          [
            16.6476613,
            66.2801536
          ],
          [
            16.6477151,
            66.2805425
          ],
          [
            16.6463166,
            66.2813115
          ],
          [
            16.6455792,
            66.281429
          ],
          [
            16.6445223,
            66.2813944
          ],
          [
            16.6430285,
            66.2816129
          ],
          [
            16.6379464,
            66.2835008
          ],
          [
            16.6365842,
            66.2838444
          ],
          [
            16.6359811,
            66.2838928
          ],
          [
            16.6354616,
            66.2840837
          ],
          [
            16.6346488,
            66.2841767
          ],
          [
            16.6338272,
            66.2845414
          ],
          [
            16.632684,
            66.2847861
          ],
          [
            16.6321181,
            66.2848059
          ],
          [
            16.6315244,
            66.2850503
          ],
          [
            16.6307497,
            66.2851565
          ],
          [
            16.6305593,
            66.2853292
          ],
          [
            16.629104,
            66.2854973
          ],
          [
            16.6280416,
            66.2859501
          ],
          [
            16.6267932,
            66.2861685
          ],
          [
            16.6261648,
            66.2864337
          ],
          [
            16.6257993,
            66.2869954
          ],
          [
            16.6253248,
            66.2872799
          ],
          [
            16.6233537,
            66.2878363
          ],
          [
            16.6223062,
            66.2879807
          ],
          [
            16.6213138,
            66.2883474
          ],
          [
            16.6206966,
            66.2884717
          ],
          [
            16.620561,
            66.2886867
          ],
          [
            16.6195543,
            66.2889023
          ],
          [
            16.6183441,
            66.2895016
          ],
          [
            16.6176244,
            66.2897008
          ],
          [
            16.6171695,
            66.2899822
          ],
          [
            16.6165596,
            66.2900668
          ],
          [
            16.6155802,
            66.2904037
          ],
          [
            16.615551,
            66.2908819
          ],
          [
            16.6160937,
            66.2915528
          ],
          [
            16.6159548,
            66.2917642
          ],
          [
            16.611986,
            66.2933026
          ],
          [
            16.6116753,
            66.2938018
          ],
          [
            16.6109052,
            66.294343
          ],
          [
            16.609861,
            66.294677
          ],
          [
            16.6094989,
            66.2946607
          ],
          [
            16.608721,
            66.2948495
          ],
          [
            16.6082498,
            66.2948222
          ],
          [
            16.6074004,
            66.2945833
          ],
          [
            16.6063346,
            66.2948206
          ],
          [
            16.6051142,
            66.2954542
          ],
          [
            16.6045379,
            66.2959879
          ],
          [
            16.60404,
            66.2961718
          ],
          [
            16.6037619,
            66.2964267
          ],
          [
            16.6027495,
            66.2965917
          ],
          [
            16.6019815,
            66.2968123
          ],
          [
            16.6010931,
            66.2968267
          ],
          [
            16.6004717,
            66.2969417
          ],
          [
            16.5986738,
            66.2968683
          ],
          [
            16.5970835,
            66.2970847
          ],
          [
            16.5964342,
            66.2974474
          ],
          [
            16.595897,
            66.2975682
          ],
          [
            16.5953359,
            66.2978853
          ],
          [
            16.5932292,
            66.2986219
          ],
          [
            16.5933158,
            66.299014
          ],
          [
            16.5929612,
            66.2991749
          ],
          [
            16.5925348,
            66.2996145
          ],
          [
            16.5924015,
            66.3000139
          ],
          [
            16.5916684,
            66.3006232
          ],
          [
            16.5910667,
            66.300731
          ],
          [
            16.5897189,
            66.3012014
          ],
          [
            16.5886222,
            66.301425
          ],
          [
            16.5877044,
            66.3017876
          ],
          [
            16.5872522,
            66.3018572
          ],
          [
            16.586762,
            66.3017872
          ],
          [
            16.5859693,
            66.3014946
          ],
          [
            16.5853921,
            66.3014153
          ],
          [
            16.5836816,
            66.3013487
          ],
          [
            16.5825128,
            66.3014254
          ],
          [
            16.5821002,
            66.3013725
          ],
          [
            16.5812218,
            66.3009878
          ],
          [
            16.5787552,
            66.3002389
          ],
          [
            16.5774302,
            66.3000104
          ],
          [
            16.5767393,
            66.2997967
          ],
          [
            16.5754147,
            66.2989035
          ],
          [
            16.5747136,
            66.2988743
          ],
          [
            16.574018,
            66.2986828
          ],
          [
            16.5705251,
            66.2980478
          ],
          [
            16.5697609,
            66.2980373
          ],
          [
            16.5683486,
            66.2976252
          ],
          [
            16.566929,
            66.2968791
          ],
          [
            16.5667765,
            66.2966878
          ],
          [
            16.5670362,
            66.2962748
          ],
          [
            16.5678442,
            66.2958116
          ],
          [
            16.5678445,
            66.2952738
          ],
          [
            16.5671697,
            66.2948999
          ],
          [
            16.5666376,
            66.2943134
          ],
          [
            16.5657186,
            66.2937981
          ],
          [
            16.5658178,
            66.2935949
          ],
          [
            16.565416,
            66.2934089
          ],
          [
            16.5651898,
            66.293022
          ],
          [
            16.5637351,
            66.292443
          ],
          [
            16.5627609,
            66.2921742
          ],
          [
            16.5621772,
            66.2917653
          ],
          [
            16.561501,
            66.2916827
          ],
          [
            16.5600696,
            66.2917821
          ],
          [
            16.5586314,
            66.2916556
          ],
          [
            16.5580727,
            66.2914692
          ],
          [
            16.5571099,
            66.2909494
          ],
          [
            16.5568632,
            66.2906996
          ],
          [
            16.5570349,
            66.2901493
          ],
          [
            16.5568862,
            66.2897707
          ],
          [
            16.5561629,
            66.2895081
          ],
          [
            16.5552534,
            66.2887011
          ],
          [
            16.5555571,
            66.2881686
          ],
          [
            16.5553035,
            66.287616
          ],
          [
            16.5547738,
            66.2871148
          ],
          [
            16.5544362,
            66.286984
          ],
          [
            16.5534344,
            66.2860271
          ],
          [
            16.5521102,
            66.2863238
          ],
          [
            16.5517483,
            66.2865297
          ],
          [
            16.5504443,
            66.2869744
          ],
          [
            16.5496851,
            66.2870981
          ],
          [
            16.5492107,
            66.2870746
          ],
          [
            16.5476876,
            66.2873816
          ],
          [
            16.5474406,
            66.2874772
          ],
          [
            16.5472583,
            66.2877508
          ],
          [
            16.5460669,
            66.2876759
          ],
          [
            16.5443682,
            66.2877022
          ],
          [
            16.5435181,
            66.2875023
          ],
          [
            16.5430265,
            66.2874844
          ],
          [
            16.5408797,
            66.2878497
          ],
          [
            16.5403423,
            66.2880297
          ],
          [
            16.5401246,
            66.288245
          ],
          [
            16.5392916,
            66.2883728
          ],
          [
            16.538171,
            66.2884344
          ],
          [
            16.5368024,
            66.2882636
          ],
          [
            16.533854,
            66.2884663
          ],
          [
            16.5327008,
            66.288826
          ],
          [
            16.532217,
            66.2891032
          ],
          [
            16.5311701,
            66.289355
          ],
          [
            16.5303662,
            66.2896506
          ],
          [
            16.5287267,
            66.2896508
          ],
          [
            16.5281646,
            66.2894938
          ],
          [
            16.5277453,
            66.2891445
          ],
          [
            16.5278779,
            66.2888498
          ],
          [
            16.5275484,
            66.2882278
          ],
          [
            16.5269449,
            66.287971
          ],
          [
            16.526053,
            66.2878603
          ],
          [
            16.5258054,
            66.2875931
          ],
          [
            16.5245152,
            66.287283
          ],
          [
            16.524167,
            66.2873188
          ],
          [
            16.5233733,
            66.2878788
          ],
          [
            16.5223574,
            66.2880978
          ],
          [
            16.5219178,
            66.2886435
          ],
          [
            16.5212745,
            66.2889439
          ],
          [
            16.5210053,
            66.2890238
          ],
          [
            16.5204243,
            66.2890317
          ],
          [
            16.5193009,
            66.288911
          ],
          [
            16.5173458,
            66.2885695
          ],
          [
            16.5166073,
            66.2883635
          ],
          [
            16.5154594,
            66.2871047
          ],
          [
            16.5147801,
            66.2869061
          ],
          [
            16.5132795,
            66.2868366
          ],
          [
            16.5120152,
            66.286968
          ],
          [
            16.5109401,
            66.2866626
          ],
          [
            16.5097245,
            66.286472
          ],
          [
            16.508659,
            66.2861454
          ],
          [
            16.5076107,
            66.2860057
          ],
          [
            16.5071541,
            66.2858483
          ],
          [
            16.5067189,
            66.2853222
          ],
          [
            16.5049216,
            66.2843108
          ],
          [
            16.5048081,
            66.2839057
          ],
          [
            16.504416,
            66.2836605
          ],
          [
            16.5040996,
            66.2832434
          ],
          [
            16.5024965,
            66.2823304
          ],
          [
            16.499889,
            66.2815652
          ],
          [
            16.4989125,
            66.2814831
          ],
          [
            16.4980567,
            66.2815516
          ],
          [
            16.4944405,
            66.2813461
          ],
          [
            16.4941366,
            66.281185
          ],
          [
            16.4926754,
            66.2807804
          ],
          [
            16.4926445,
            66.2806757
          ],
          [
            16.4920328,
            66.2804123
          ],
          [
            16.4918702,
            66.2801052
          ],
          [
            16.4911367,
            66.2797102
          ],
          [
            16.4902192,
            66.2797634
          ],
          [
            16.4886409,
            66.2800909
          ],
          [
            16.4876445,
            66.2801044
          ],
          [
            16.4874268,
            66.2804577
          ],
          [
            16.4876194,
            66.2806182
          ],
          [
            16.4887512,
            66.2805906
          ],
          [
            16.4889215,
            66.2806519
          ],
          [
            16.4878727,
            66.2810307
          ],
          [
            16.4874908,
            66.2814448
          ],
          [
            16.4866286,
            66.2814843
          ],
          [
            16.4855681,
            66.2817552
          ],
          [
            16.4849315,
            66.2818122
          ],
          [
            16.4840999,
            66.2817487
          ],
          [
            16.4828425,
            66.2815045
          ],
          [
            16.4818214,
            66.2814992
          ],
          [
            16.4806875,
            66.2816193
          ],
          [
            16.4799837,
            66.2816164
          ],
          [
            16.4786454,
            66.2813665
          ],
          [
            16.4777519,
            66.2808621
          ],
          [
            16.4770132,
            66.2806731
          ],
          [
            16.4734629,
            66.2801424
          ],
          [
            16.4730838,
            66.2800251
          ],
          [
            16.4710653,
            66.2799706
          ],
          [
            16.4702103,
            66.2796447
          ],
          [
            16.4678355,
            66.279388
          ],
          [
            16.4666926,
            66.2789031
          ],
          [
            16.4655178,
            66.2788322
          ],
          [
            16.4631253,
            66.2782993
          ],
          [
            16.4598999,
            66.278094
          ],
          [
            16.4586757,
            66.2778935
          ],
          [
            16.4582278,
            66.2777206
          ],
          [
            16.4557288,
            66.2779738
          ],
          [
            16.4540264,
            66.2778836
          ],
          [
            16.453818,
            66.2778306
          ],
          [
            16.4534011,
            66.2774
          ],
          [
            16.4523264,
            66.2767713
          ],
          [
            16.4518728,
            66.2766168
          ],
          [
            16.4488717,
            66.2761276
          ],
          [
            16.4474255,
            66.2761364
          ],
          [
            16.4459184,
            66.2757558
          ],
          [
            16.4445961,
            66.2757544
          ],
          [
            16.4431614,
            66.2755966
          ],
          [
            16.4409759,
            66.2758486
          ],
          [
            16.4392428,
            66.2756943
          ],
          [
            16.4384106,
            66.2754246
          ],
          [
            16.4366127,
            66.2738077
          ],
          [
            16.4335982,
            66.2728939
          ],
          [
            16.431977,
            66.2726383
          ],
          [
            16.428239,
            66.2718138
          ],
          [
            16.4179273,
            66.269986
          ],
          [
            16.4143502,
            66.2692071
          ],
          [
            16.4128506,
            66.2685072
          ],
          [
            16.4118989,
            66.2685675
          ],
          [
            16.4108037,
            66.2685091
          ],
          [
            16.4080534,
            66.2680281
          ],
          [
            16.4066742,
            66.2676872
          ],
          [
            16.4051516,
            66.2676116
          ],
          [
            16.4046784,
            66.2674337
          ],
          [
            16.4041158,
            66.2670255
          ],
          [
            16.4034138,
            66.266776
          ],
          [
            16.3988295,
            66.2660713
          ],
          [
            16.3972674,
            66.2655399
          ],
          [
            16.396341,
            66.2653535
          ],
          [
            16.3953333,
            66.2653008
          ],
          [
            16.3923407,
            66.264301
          ],
          [
            16.3920712,
            66.2631449
          ],
          [
            16.3913584,
            66.2617097
          ],
          [
            16.3906715,
            66.2612337
          ],
          [
            16.3898545,
            66.2603117
          ],
          [
            16.3890897,
            66.2598292
          ],
          [
            16.3874964,
            66.2581578
          ],
          [
            16.3873844,
            66.2576204
          ],
          [
            16.387521,
            66.2554332
          ],
          [
            16.3856899,
            66.2540797
          ],
          [
            16.3850732,
            66.2534428
          ],
          [
            16.3861616,
            66.2518573
          ],
          [
            16.3859223,
            66.251201
          ],
          [
            16.3861553,
            66.2504422
          ],
          [
            16.3860548,
            66.2500785
          ],
          [
            16.3857025,
            66.2497205
          ],
          [
            16.3850585,
            66.2494151
          ],
          [
            16.3840786,
            66.2486833
          ],
          [
            16.3841632,
            66.2484604
          ],
          [
            16.3835444,
            66.2472754
          ],
          [
            16.3827976,
            66.246867
          ],
          [
            16.3820251,
            66.2462656
          ],
          [
            16.3820243,
            66.2459919
          ],
          [
            16.3814943,
            66.245432
          ],
          [
            16.3802119,
            66.2448443
          ],
          [
            16.3797452,
            66.2443342
          ],
          [
            16.3791161,
            66.2428019
          ],
          [
            16.3793021,
            66.2416004
          ],
          [
            16.3797294,
            66.2409819
          ],
          [
            16.3795034,
            66.2399875
          ],
          [
            16.3790814,
            66.23917
          ],
          [
            16.3793742,
            66.2373835
          ],
          [
            16.3792571,
            66.2371424
          ],
          [
            16.3783943,
            66.2364101
          ],
          [
            16.37861,
            66.2361813
          ],
          [
            16.3800759,
            66.2356576
          ],
          [
            16.3804503,
            66.2347259
          ],
          [
            16.3796201,
            66.2335691
          ],
          [
            16.3781631,
            66.2326745
          ],
          [
            16.3770282,
            66.23172
          ],
          [
            16.376492,
            66.2309526
          ],
          [
            16.3763324,
            66.2303765
          ],
          [
            16.3765267,
            66.2300316
          ],
          [
            16.3770292,
            66.2297773
          ],
          [
            16.3774553,
            66.229334
          ],
          [
            16.3777011,
            66.2285106
          ],
          [
            16.3767824,
            66.2267801
          ],
          [
            16.3758464,
            66.2258357
          ],
          [
            16.3759687,
            66.2249834
          ],
          [
            16.3752947,
            66.2245344
          ],
          [
            16.3756182,
            66.2224713
          ],
          [
            16.3750188,
            66.2207593
          ],
          [
            16.3753716,
            66.2197178
          ],
          [
            16.3755744,
            66.2193601
          ],
          [
            16.3761725,
            66.2189127
          ],
          [
            16.3767625,
            66.2180104
          ],
          [
            16.3767699,
            66.2175019
          ],
          [
            16.3764847,
            66.2173827
          ],
          [
            16.3764892,
            66.2172801
          ],
          [
            16.3770404,
            66.2168728
          ],
          [
            16.3772475,
            66.2162887
          ],
          [
            16.3779109,
            66.215594
          ],
          [
            16.379339,
            66.2146527
          ],
          [
            16.3800207,
            66.2139869
          ],
          [
            16.3806655,
            66.2137277
          ],
          [
            16.3809681,
            66.2134791
          ],
          [
            16.3810849,
            66.2129497
          ],
          [
            16.383457,
            66.2115441
          ],
          [
            16.3839067,
            66.2109839
          ]
        ]
      }
    },
    {
      "type": "Feature",
      "properties": {
        "schemaVersion": "candidate-kungsleden-geometry/v1",
        "trailId": "kungsleden",
        "sectionId": "kungsleden-section-20-sjnulttjie-ravfallsstugan",
        "sectionNumber": 20,
        "name": "Sjnulttjie raststuga-Rävfallsstugan",
        "from": "Sjnulttjie raststuga",
        "to": "Rävfallsstugan",
        "source": "Naturvardsverket/Lansstyrelsen Leder WFS official state-trail geometry",
        "sourceCrs": "EPSG:3006",
        "outputCrs": "EPSG:4326",
        "generatedAt": "2026-04-30",
        "simplificationToleranceMeters": 5,
        "runtimeImportApproved": false
      },
      "geometry": {
        "type": "MultiLineString",
        "coordinates": [
          [
            [
              16.3839067,
              66.2109839
            ],
            [
              16.3856834,
              66.2085265
            ],
            [
              16.3860178,
              66.2073731
            ],
            [
              16.3855737,
              66.206837
            ],
            [
              16.385299,
              66.2058704
            ],
            [
              16.3841228,
              66.2051341
            ],
            [
              16.3832117,
              66.2043378
            ],
            [
              16.3835806,
              66.2034858
            ],
            [
              16.3828579,
              66.201892
            ],
            [
              16.3824923,
              66.2003093
            ],
            [
              16.380461,
              66.1985945
            ],
            [
              16.3788358,
              66.1967852
            ],
            [
              16.3775155,
              66.196175
            ],
            [
              16.3761689,
              66.1953074
            ],
            [
              16.3758755,
              66.1947657
            ],
            [
              16.374902,
              66.1936839
            ],
            [
              16.3737102,
              66.1915354
            ],
            [
              16.3732715,
              66.1912646
            ],
            [
              16.37137,
              66.1908379
            ],
            [
              16.370932,
              66.1906117
            ],
            [
              16.3693926,
              66.1890369
            ],
            [
              16.3677563,
              66.1877918
            ],
            [
              16.3667118,
              66.187223
            ],
            [
              16.364495,
              66.1852597
            ],
            [
              16.3644704,
              66.1843313
            ],
            [
              16.3651936,
              66.1836784
            ],
            [
              16.3657031,
              66.1833849
            ],
            [
              16.3662094,
              66.1831353
            ],
            [
              16.3681545,
              66.182529
            ],
            [
              16.3694619,
              66.1819422
            ],
            [
              16.3710632,
              66.1814604
            ],
            [
              16.3715427,
              66.181225
            ],
            [
              16.3715223,
              66.1802469
            ],
            [
              16.3710147,
              66.1797971
            ],
            [
              16.371056,
              66.1794969
            ],
            [
              16.3705739,
              66.178435
            ],
            [
              16.3680127,
              66.1763991
            ],
            [
              16.3663923,
              66.1748774
            ],
            [
              16.3625371,
              66.1719593
            ],
            [
              16.3624625,
              66.1717423
            ],
            [
              16.3615536,
              66.1712134
            ],
            [
              16.3606155,
              66.1709254
            ],
            [
              16.3591375,
              66.1710282
            ],
            [
              16.3586966,
              66.1709821
            ],
            [
              16.3580475,
              66.1710428
            ],
            [
              16.3578589,
              66.1711262
            ],
            [
              16.3568273,
              66.1711126
            ],
            [
              16.3548108,
              66.1705563
            ],
            [
              16.3543081,
              66.17034
            ],
            [
              16.3507569,
              66.1696808
            ],
            [
              16.3493057,
              66.1689681
            ],
            [
              16.3481238,
              66.16808
            ],
            [
              16.3475471,
              66.1673402
            ],
            [
              16.3479836,
              66.1668658
            ],
            [
              16.3481079,
              66.1661737
            ],
            [
              16.3487473,
              66.1654348
            ],
            [
              16.3487942,
              66.1636651
            ],
            [
              16.3490171,
              66.1631711
            ],
            [
              16.3505031,
              66.1617587
            ],
            [
              16.3513382,
              66.1612304
            ],
            [
              16.3519146,
              66.160264
            ],
            [
              16.3520478,
              66.1592145
            ],
            [
              16.3525055,
              66.1583912
            ],
            [
              16.3544214,
              66.157145
            ],
            [
              16.3542801,
              66.1560253
            ],
            [
              16.3547871,
              66.1548513
            ],
            [
              16.3552498,
              66.1522252
            ],
            [
              16.3561658,
              66.1508713
            ],
            [
              16.3581719,
              66.1484749
            ],
            [
              16.3613407,
              66.1423244
            ],
            [
              16.3613473,
              66.1411066
            ],
            [
              16.3617455,
              66.1392778
            ],
            [
              16.3621046,
              66.1386534
            ],
            [
              16.3608787,
              66.1364596
            ],
            [
              16.360877,
              66.1357455
            ],
            [
              16.3602152,
              66.1350089
            ],
            [
              16.3602675,
              66.1345296
            ],
            [
              16.3607125,
              66.1338303
            ],
            [
              16.3606726,
              66.13345
            ],
            [
              16.3612114,
              66.1322106
            ],
            [
              16.3610676,
              66.1318654
            ],
            [
              16.3603479,
              66.1310725
            ],
            [
              16.360113,
              66.129806
            ],
            [
              16.3596897,
              66.1288339
            ],
            [
              16.3594067,
              66.1286971
            ],
            [
              16.3595863,
              66.128588
            ],
            [
              16.3600185,
              66.1274118
            ],
            [
              16.3601807,
              66.1259775
            ],
            [
              16.3596124,
              66.1256893
            ],
            [
              16.359317,
              66.125233
            ],
            [
              16.3587861,
              66.1249436
            ],
            [
              16.3585733,
              66.124475
            ],
            [
              16.3575914,
              66.1239088
            ],
            [
              16.3570968,
              66.1232215
            ],
            [
              16.356162,
              66.1223718
            ],
            [
              16.3518101,
              66.1199217
            ],
            [
              16.3505528,
              66.119439
            ],
            [
              16.3482237,
              66.118093
            ],
            [
              16.3469044,
              66.1174325
            ],
            [
              16.3432659,
              66.1161687
            ],
            [
              16.3423276,
              66.1155738
            ],
            [
              16.3413149,
              66.1146695
            ],
            [
              16.3381311,
              66.1130999
            ],
            [
              16.3341108,
              66.1116942
            ],
            [
              16.3304878,
              66.1106045
            ],
            [
              16.327757,
              66.1095956
            ]
          ],
          [
            [
              16.3321066,
              66.1110643
            ],
            [
              16.330044,
              66.1104363
            ],
            [
              16.3280822,
              66.1096511
            ],
            [
              16.3264057,
              66.1091107
            ],
            [
              16.3228729,
              66.1070022
            ],
            [
              16.3208216,
              66.1060074
            ],
            [
              16.3198505,
              66.1054174
            ],
            [
              16.3190953,
              66.1046264
            ],
            [
              16.3173588,
              66.1033179
            ],
            [
              16.3154755,
              66.1016037
            ],
            [
              16.3131482,
              66.100294
            ],
            [
              16.3120844,
              66.0999109
            ],
            [
              16.3114142,
              66.0995629
            ],
            [
              16.3100736,
              66.099137
            ],
            [
              16.3083341,
              66.0981147
            ],
            [
              16.3076587,
              66.097035
            ],
            [
              16.3065902,
              66.0959646
            ],
            [
              16.305421,
              66.0938179
            ],
            [
              16.3038562,
              66.0925532
            ],
            [
              16.302421,
              66.0916416
            ],
            [
              16.3018943,
              66.0915294
            ],
            [
              16.3011159,
              66.0910257
            ],
            [
              16.3009413,
              66.090779
            ],
            [
              16.299888,
              66.0905316
            ],
            [
              16.298541,
              66.089933
            ],
            [
              16.2978633,
              66.0894782
            ],
            [
              16.2967573,
              66.0891008
            ],
            [
              16.2901259,
              66.0860398
            ],
            [
              16.2888782,
              66.0853651
            ],
            [
              16.2870485,
              66.0846296
            ],
            [
              16.2814029,
              66.0820086
            ],
            [
              16.280036,
              66.0807083
            ],
            [
              16.2777095,
              66.0775613
            ],
            [
              16.277374,
              66.0781304
            ],
            [
              16.2754415,
              66.0789548
            ],
            [
              16.2731111,
              66.0793693
            ],
            [
              16.2725153,
              66.0795594
            ],
            [
              16.2710004,
              66.0797161
            ],
            [
              16.2700769,
              66.0799214
            ],
            [
              16.2684502,
              66.0807289
            ],
            [
              16.2680412,
              66.0807963
            ],
            [
              16.267318,
              66.0810729
            ],
            [
              16.266597,
              66.0812177
            ],
            [
              16.264873,
              66.0813066
            ],
            [
              16.2638743,
              66.0811977
            ],
            [
              16.2633329,
              66.0809362
            ],
            [
              16.2607369,
              66.0803193
            ],
            [
              16.2598706,
              66.0799047
            ],
            [
              16.2588809,
              66.079061
            ],
            [
              16.2587075,
              66.0785966
            ],
            [
              16.2588869,
              66.0781683
            ],
            [
              16.2587985,
              66.0778836
            ],
            [
              16.2584748,
              66.0777239
            ],
            [
              16.2535505,
              66.0772542
            ],
            [
              16.2521382,
              66.076785
            ],
            [
              16.2518934,
              66.0766232
            ],
            [
              16.2518317,
              66.0760824
            ],
            [
              16.2516395,
              66.0759202
            ],
            [
              16.2512663,
              66.0758235
            ],
            [
              16.2474302,
              66.0757655
            ],
            [
              16.2425499,
              66.0754959
            ],
            [
              16.2401964,
              66.0754412
            ],
            [
              16.238628,
              66.0756568
            ],
            [
              16.2379705,
              66.0759401
            ],
            [
              16.2373325,
              66.0760022
            ],
            [
              16.2364902,
              66.0759006
            ],
            [
              16.2352443,
              66.0758833
            ],
            [
              16.2342092,
              66.0760625
            ],
            [
              16.2330162,
              66.0760614
            ],
            [
              16.2323383,
              66.0761914
            ],
            [
              16.2295515,
              66.0763682
            ],
            [
              16.2287417,
              66.0763595
            ],
            [
              16.2287224,
              66.0762596
            ],
            [
              16.2281403,
              66.076193
            ],
            [
              16.2276392,
              66.0763536
            ],
            [
              16.2272072,
              66.0763584
            ],
            [
              16.2264045,
              66.0762052
            ],
            [
              16.2246193,
              66.0762562
            ],
            [
              16.223737,
              66.0761505
            ],
            [
              16.2201306,
              66.0767001
            ],
            [
              16.2191765,
              66.0769272
            ],
            [
              16.218271,
              66.0772519
            ],
            [
              16.2163019,
              66.0769666
            ],
            [
              16.2119019,
              66.0770499
            ],
            [
              16.2072815,
              66.0776085
            ],
            [
              16.2070533,
              66.0775769
            ],
            [
              16.2056818,
              66.0769204
            ],
            [
              16.2048414,
              66.0768641
            ],
            [
              16.2045782,
              66.0767389
            ],
            [
              16.2045346,
              66.0755937
            ],
            [
              16.2039975,
              66.0746504
            ],
            [
              16.2021054,
              66.073792
            ],
            [
              16.201365,
              66.0732814
            ],
            [
              16.1994852,
              66.0728666
            ],
            [
              16.1980131,
              66.0723374
            ],
            [
              16.1974926,
              66.0723343
            ],
            [
              16.1963051,
              66.0725714
            ],
            [
              16.1956683,
              66.0725835
            ],
            [
              16.1944509,
              66.0724315
            ],
            [
              16.1937556,
              66.0724416
            ],
            [
              16.1915195,
              66.0727628
            ],
            [
              16.1904269,
              66.07303
            ],
            [
              16.1833186,
              66.0734666
            ],
            [
              16.1815019,
              66.0739499
            ],
            [
              16.1772686,
              66.0746333
            ],
            [
              16.1754596,
              66.0750109
            ],
            [
              16.1734353,
              66.0752332
            ],
            [
              16.1716606,
              66.0756343
            ],
            [
              16.16997,
              66.075748
            ],
            [
              16.1691321,
              66.0756475
            ],
            [
              16.1686703,
              66.0754611
            ],
            [
              16.1674903,
              66.0752326
            ],
            [
              16.1668032,
              66.0752319
            ],
            [
              16.1653156,
              66.0756289
            ],
            [
              16.1646456,
              66.0760019
            ],
            [
              16.1643593,
              66.0764551
            ],
            [
              16.1634554,
              66.0771504
            ],
            [
              16.1625759,
              66.0774182
            ],
            [
              16.1610881,
              66.0774947
            ],
            [
              16.1602748,
              66.0776136
            ],
            [
              16.1596577,
              66.0778675
            ],
            [
              16.1591618,
              66.0778949
            ],
            [
              16.158374,
              66.078508
            ],
            [
              16.1572367,
              66.0789078
            ],
            [
              16.1566026,
              66.0793457
            ],
            [
              16.1553302,
              66.080996
            ],
            [
              16.1545293,
              66.0815529
            ],
            [
              16.1531177,
              66.0821981
            ],
            [
              16.1521768,
              66.0823808
            ],
            [
              16.1514464,
              66.0826517
            ],
            [
              16.1504297,
              66.0832242
            ],
            [
              16.1494332,
              66.0831558
            ],
            [
              16.1484323,
              66.0833189
            ],
            [
              16.1469877,
              66.0841101
            ],
            [
              16.1436374,
              66.0852927
            ],
            [
              16.1426174,
              66.0854699
            ],
            [
              16.1401762,
              66.0856536
            ],
            [
              16.1386212,
              66.0860763
            ],
            [
              16.1373619,
              66.0861833
            ],
            [
              16.1366517,
              66.0870209
            ],
            [
              16.1352309,
              66.0881392
            ],
            [
              16.1349682,
              66.088205
            ],
            [
              16.1338816,
              66.0888776
            ],
            [
              16.1335594,
              66.0889339
            ],
            [
              16.1332358,
              66.0892876
            ],
            [
              16.1332351,
              66.0894932
            ],
            [
              16.1318881,
              66.0902875
            ],
            [
              16.1310217,
              66.0904954
            ],
            [
              16.1292252,
              66.0911393
            ],
            [
              16.1283074,
              66.0912997
            ],
            [
              16.1277012,
              66.0914958
            ],
            [
              16.1275441,
              66.0917265
            ],
            [
              16.1262768,
              66.0926579
            ],
            [
              16.1244539,
              66.0934915
            ],
            [
              16.1235829,
              66.0941566
            ],
            [
              16.1223488,
              66.0946206
            ],
            [
              16.1210553,
              66.0954212
            ],
            [
              16.1206674,
              66.0954349
            ]
          ]
        ]
      }
    },
    {
      "type": "Feature",
      "properties": {
        "schemaVersion": "candidate-kungsleden-geometry/v1",
        "trailId": "kungsleden",
        "sectionId": "kungsleden-section-21-ravfallsstugan-ammarnas",
        "sectionNumber": 21,
        "name": "Rävfallsstugan-Ammarnäs",
        "from": "Rävfallsstugan",
        "to": "Ammarnäs",
        "source": "Naturvardsverket/Lansstyrelsen Leder WFS official state-trail geometry",
        "sourceCrs": "EPSG:3006",
        "outputCrs": "EPSG:4326",
        "generatedAt": "2026-04-30",
        "simplificationToleranceMeters": 5,
        "runtimeImportApproved": false
      },
      "geometry": {
        "type": "LineString",
        "coordinates": [
          [
            16.1210553,
            66.0954212
          ],
          [
            16.1203343,
            66.0953944
          ],
          [
            16.1192479,
            66.0948432
          ],
          [
            16.1185551,
            66.0946595
          ],
          [
            16.1167272,
            66.0946122
          ],
          [
            16.1161353,
            66.0948166
          ],
          [
            16.113902,
            66.0948832
          ],
          [
            16.111652,
            66.0950832
          ],
          [
            16.1094186,
            66.0951499
          ],
          [
            16.1072853,
            66.0949999
          ],
          [
            16.1051686,
            66.0950832
          ],
          [
            16.1032686,
            66.0954666
          ],
          [
            16.101652,
            66.0961499
          ],
          [
            16.0995686,
            66.0965999
          ],
          [
            16.0974186,
            66.0968332
          ],
          [
            16.0949686,
            66.0969332
          ],
          [
            16.0927853,
            66.0968666
          ],
          [
            16.090452,
            66.0968999
          ],
          [
            16.0874337,
            66.096782
          ],
          [
            16.0861857,
            66.0965089
          ],
          [
            16.0839259,
            66.0963526
          ],
          [
            16.0835173,
            66.0962071
          ],
          [
            16.0832553,
            66.0962386
          ],
          [
            16.0821479,
            66.0966885
          ],
          [
            16.0807752,
            66.0977198
          ],
          [
            16.0800154,
            66.0981315
          ],
          [
            16.0799178,
            66.0983677
          ],
          [
            16.0801125,
            66.0990937
          ],
          [
            16.0792946,
            66.0996806
          ],
          [
            16.078452,
            66.1000166
          ],
          [
            16.0751663,
            66.1006058
          ],
          [
            16.0719687,
            66.1004499
          ],
          [
            16.0700617,
            66.1002595
          ],
          [
            16.0658102,
            66.0995957
          ],
          [
            16.0645466,
            66.0992759
          ],
          [
            16.0631445,
            66.0987803
          ],
          [
            16.0626974,
            66.0987245
          ],
          [
            16.0626656,
            66.0985234
          ],
          [
            16.0622968,
            66.0984386
          ],
          [
            16.0618314,
            66.0980582
          ],
          [
            16.0614953,
            66.0979712
          ],
          [
            16.060752,
            66.0974833
          ],
          [
            16.0594796,
            66.0969025
          ],
          [
            16.0588486,
            66.0963656
          ],
          [
            16.0588216,
            66.0961664
          ],
          [
            16.0585358,
            66.0960506
          ],
          [
            16.0577022,
            66.0959328
          ],
          [
            16.0559757,
            66.0953939
          ],
          [
            16.055419,
            66.0948393
          ],
          [
            16.053763,
            66.0943056
          ],
          [
            16.0518339,
            66.0931659
          ],
          [
            16.0508471,
            66.0919438
          ],
          [
            16.0508943,
            66.091727
          ],
          [
            16.0499954,
            66.0907038
          ],
          [
            16.0498095,
            66.0900555
          ],
          [
            16.050149,
            66.0897759
          ],
          [
            16.0501665,
            66.0895194
          ],
          [
            16.0519177,
            66.0871582
          ],
          [
            16.0549551,
            66.0844501
          ],
          [
            16.0563853,
            66.0833666
          ],
          [
            16.0593003,
            66.0815887
          ],
          [
            16.0601173,
            66.0812071
          ],
          [
            16.0609836,
            66.0805516
          ],
          [
            16.0650865,
            66.077967
          ],
          [
            16.0686131,
            66.0758269
          ],
          [
            16.0702964,
            66.0750309
          ],
          [
            16.074359,
            66.0722014
          ],
          [
            16.0805397,
            66.0669616
          ],
          [
            16.0824107,
            66.0655554
          ],
          [
            16.0844929,
            66.0636653
          ],
          [
            16.086952,
            66.0617833
          ],
          [
            16.0892853,
            66.0591333
          ],
          [
            16.0934853,
            66.0557666
          ],
          [
            16.095092,
            66.0547636
          ],
          [
            16.0954988,
            66.0546582
          ],
          [
            16.0968251,
            66.0539802
          ],
          [
            16.0976824,
            66.053807
          ],
          [
            16.0985965,
            66.0531111
          ],
          [
            16.099152,
            66.0528499
          ],
          [
            16.1021214,
            66.0519388
          ],
          [
            16.1027546,
            66.0516665
          ],
          [
            16.1033713,
            66.0507998
          ],
          [
            16.1041271,
            66.0502304
          ],
          [
            16.1047142,
            66.0495425
          ],
          [
            16.1047633,
            66.0493826
          ],
          [
            16.1045395,
            66.0491791
          ],
          [
            16.1047963,
            66.0482029
          ],
          [
            16.1047124,
            66.0478844
          ],
          [
            16.1049665,
            66.0476015
          ],
          [
            16.1057053,
            66.0458908
          ],
          [
            16.1060156,
            66.045503
          ],
          [
            16.107042,
            66.0448214
          ],
          [
            16.1077807,
            66.0439728
          ],
          [
            16.1075952,
            66.0437899
          ],
          [
            16.1075048,
            66.042463
          ],
          [
            16.1076497,
            66.0419264
          ],
          [
            16.109252,
            66.0389179
          ],
          [
            16.1101129,
            66.0374474
          ],
          [
            16.1107131,
            66.0368563
          ],
          [
            16.1108871,
            66.0363479
          ],
          [
            16.1117975,
            66.035481
          ],
          [
            16.1136219,
            66.0345828
          ],
          [
            16.1151436,
            66.0327485
          ],
          [
            16.1153602,
            66.0320405
          ],
          [
            16.1159238,
            66.0311532
          ],
          [
            16.1158069,
            66.0309357
          ],
          [
            16.1159535,
            66.0307656
          ],
          [
            16.1205519,
            66.0271166
          ],
          [
            16.1256123,
            66.0236055
          ],
          [
            16.1263138,
            66.0227875
          ],
          [
            16.126798,
            66.0218059
          ],
          [
            16.1283903,
            66.0200223
          ],
          [
            16.1294258,
            66.0184231
          ],
          [
            16.1283651,
            66.0167083
          ],
          [
            16.128254,
            66.0162001
          ],
          [
            16.1279419,
            66.0161093
          ],
          [
            16.1253079,
            66.0145883
          ],
          [
            16.1246099,
            66.0140008
          ],
          [
            16.1237363,
            66.0137679
          ],
          [
            16.1228339,
            66.013199
          ],
          [
            16.1228377,
            66.0130717
          ],
          [
            16.1221433,
            66.0128812
          ],
          [
            16.1216977,
            66.0126166
          ],
          [
            16.1205852,
            66.0122166
          ],
          [
            16.1186981,
            66.0113622
          ],
          [
            16.1183367,
            66.0111008
          ],
          [
            16.1186058,
            66.0102157
          ],
          [
            16.119315,
            66.0098934
          ],
          [
            16.1213976,
            66.0084424
          ],
          [
            16.1218786,
            66.0079223
          ],
          [
            16.1219519,
            66.007785
          ],
          [
            16.121319,
            66.0070774
          ],
          [
            16.1215817,
            66.0067925
          ],
          [
            16.123364,
            66.0058394
          ],
          [
            16.1241345,
            66.0057502
          ],
          [
            16.1244501,
            66.0056074
          ],
          [
            16.1246353,
            66.0051333
          ],
          [
            16.1246519,
            66.0032166
          ],
          [
            16.123886,
            66.0024379
          ],
          [
            16.1237901,
            66.0021651
          ],
          [
            16.1240582,
            66.0020055
          ],
          [
            16.1244772,
            66.001351
          ],
          [
            16.1252686,
            66.0006833
          ],
          [
            16.1253198,
            66.0001483
          ],
          [
            16.1259722,
            65.9985482
          ],
          [
            16.1263613,
            65.9981712
          ],
          [
            16.1268519,
            65.9980333
          ],
          [
            16.1268213,
            65.9978146
          ],
          [
            16.1273575,
            65.9972827
          ],
          [
            16.1274835,
            65.9966493
          ],
          [
            16.1276697,
            65.9965359
          ],
          [
            16.1283127,
            65.9964191
          ],
          [
            16.1286404,
            65.9962363
          ],
          [
            16.1288344,
            65.9959823
          ],
          [
            16.1291511,
            65.9958679
          ],
          [
            16.1296474,
            65.9951729
          ],
          [
            16.1301962,
            65.9949296
          ],
          [
            16.1305805,
            65.9948679
          ],
          [
            16.1306704,
            65.9946868
          ],
          [
            16.1312508,
            65.9946294
          ],
          [
            16.132121,
            65.9934302
          ],
          [
            16.1323751,
            65.9932726
          ],
          [
            16.1331038,
            65.9929843
          ],
          [
            16.1343186,
            65.9927833
          ],
          [
            16.1355613,
            65.9921476
          ],
          [
            16.1373258,
            65.9914585
          ],
          [
            16.1376196,
            65.9912512
          ],
          [
            16.1383552,
            65.9910178
          ],
          [
            16.1402731,
            65.9899021
          ],
          [
            16.1408702,
            65.9893886
          ],
          [
            16.1419608,
            65.9891697
          ],
          [
            16.1424114,
            65.9889252
          ],
          [
            16.1438657,
            65.9888137
          ],
          [
            16.1441274,
            65.98862
          ],
          [
            16.1457313,
            65.9879984
          ],
          [
            16.1464211,
            65.9875773
          ],
          [
            16.1463855,
            65.9871996
          ],
          [
            16.1486653,
            65.9860621
          ],
          [
            16.1491691,
            65.9856557
          ],
          [
            16.1531965,
            65.983789
          ],
          [
            16.1556206,
            65.9830738
          ],
          [
            16.1584519,
            65.9812
          ],
          [
            16.1587838,
            65.9808753
          ],
          [
            16.1584678,
            65.9801769
          ],
          [
            16.1591787,
            65.9792029
          ],
          [
            16.1600039,
            65.9786953
          ],
          [
            16.1598019,
            65.97795
          ],
          [
            16.1572306,
            65.9764238
          ],
          [
            16.157098,
            65.9761703
          ],
          [
            16.1571984,
            65.9759188
          ],
          [
            16.1576605,
            65.9751119
          ],
          [
            16.1587685,
            65.97475
          ],
          [
            16.1590661,
            65.974562
          ],
          [
            16.1592653,
            65.9738179
          ],
          [
            16.1595432,
            65.9736771
          ],
          [
            16.1601483,
            65.9735605
          ],
          [
            16.1609329,
            65.9728823
          ],
          [
            16.1624419,
            65.9722536
          ],
          [
            16.1628839,
            65.9718305
          ],
          [
            16.1679019,
            65.9710833
          ],
          [
            16.1700812,
            65.9702793
          ],
          [
            16.1714519,
            65.9699833
          ],
          [
            16.17319,
            65.9693934
          ],
          [
            16.1741763,
            65.9691618
          ],
          [
            16.1746524,
            65.9691809
          ],
          [
            16.1752946,
            65.969064
          ],
          [
            16.1760359,
            65.9690773
          ],
          [
            16.1790429,
            65.96872
          ],
          [
            16.1795987,
            65.9687518
          ],
          [
            16.1807762,
            65.968625
          ],
          [
            16.1817674,
            65.9684009
          ],
          [
            16.182854,
            65.9680222
          ],
          [
            16.1837482,
            65.9675139
          ],
          [
            16.1841352,
            65.9674217
          ],
          [
            16.1858641,
            65.9672336
          ],
          [
            16.1875379,
            65.967367
          ],
          [
            16.1884084,
            65.967554
          ],
          [
            16.1890412,
            65.9675377
          ],
          [
            16.1902921,
            65.9671899
          ],
          [
            16.1907813,
            65.9668918
          ],
          [
            16.1911381,
            65.9664503
          ],
          [
            16.1911073,
            65.9660896
          ],
          [
            16.1905784,
            65.9652334
          ],
          [
            16.1891098,
            65.9639432
          ],
          [
            16.190076,
            65.9634372
          ],
          [
            16.1894537,
            65.9629857
          ],
          [
            16.1886506,
            65.9628309
          ],
          [
            16.1894049,
            65.962526
          ],
          [
            16.1894647,
            65.9617188
          ],
          [
            16.190166,
            65.961476
          ],
          [
            16.1903102,
            65.9609616
          ],
          [
            16.1877338,
            65.9606396
          ],
          [
            16.187537,
            65.9604132
          ],
          [
            16.1894752,
            65.9590308
          ],
          [
            16.1913152,
            65.9585417
          ],
          [
            16.1919537,
            65.9582519
          ],
          [
            16.191705,
            65.9579119
          ],
          [
            16.1919684,
            65.957568
          ],
          [
            16.1915011,
            65.9575336
          ],
          [
            16.1918408,
            65.9568283
          ],
          [
            16.1914103,
            65.9565847
          ],
          [
            16.1897152,
            65.95618
          ],
          [
            16.1891829,
            65.9557473
          ],
          [
            16.1891644,
            65.9553486
          ],
          [
            16.1893705,
            65.9550673
          ],
          [
            16.1913709,
            65.9552797
          ],
          [
            16.1926223,
            65.9551561
          ],
          [
            16.1958738,
            65.9544898
          ],
          [
            16.1965862,
            65.9540427
          ],
          [
            16.198875,
            65.9537578
          ],
          [
            16.1995221,
            65.9535698
          ],
          [
            16.1995203,
            65.9533108
          ],
          [
            16.2007617,
            65.9524091
          ],
          [
            16.2026346,
            65.9519384
          ]
        ]
      }
    },
    {
      "type": "Feature",
      "properties": {
        "schemaVersion": "candidate-kungsleden-geometry/v1",
        "trailId": "kungsleden",
        "sectionId": "kungsleden-section-22-ammarnas-aigert",
        "sectionNumber": 22,
        "name": "Ammarnäs-Aigert",
        "from": "Ammarnäs",
        "to": "Aigert",
        "source": "Naturvardsverket/Lansstyrelsen Leder WFS official state-trail geometry",
        "sourceCrs": "EPSG:3006",
        "outputCrs": "EPSG:4326",
        "generatedAt": "2026-04-30",
        "simplificationToleranceMeters": 5,
        "runtimeImportApproved": false
      },
      "geometry": {
        "type": "LineString",
        "coordinates": [
          [
            16.2026346,
            65.9519384
          ],
          [
            16.20255,
            65.951717
          ],
          [
            16.2000034,
            65.9502769
          ],
          [
            16.1985475,
            65.9491344
          ],
          [
            16.1983852,
            65.9485
          ],
          [
            16.1977685,
            65.9476166
          ],
          [
            16.1965103,
            65.9463821
          ],
          [
            16.1966711,
            65.9460888
          ],
          [
            16.1941491,
            65.9451564
          ],
          [
            16.1919923,
            65.9446912
          ],
          [
            16.1906649,
            65.9445472
          ],
          [
            16.1899399,
            65.944218
          ],
          [
            16.1893185,
            65.9440666
          ],
          [
            16.1875684,
            65.9440132
          ],
          [
            16.1860089,
            65.9436288
          ],
          [
            16.1853715,
            65.943306
          ],
          [
            16.1846467,
            65.9432321
          ],
          [
            16.1828768,
            65.9433288
          ],
          [
            16.1814019,
            65.94325
          ],
          [
            16.1783221,
            65.9423251
          ],
          [
            16.1743634,
            65.9422605
          ],
          [
            16.1704149,
            65.9421007
          ],
          [
            16.1620653,
            65.9415764
          ],
          [
            16.1609832,
            65.9414451
          ],
          [
            16.1597685,
            65.9413833
          ],
          [
            16.1589681,
            65.9414247
          ],
          [
            16.1582164,
            65.9413651
          ],
          [
            16.1571737,
            65.9411385
          ],
          [
            16.1561176,
            65.941099
          ],
          [
            16.1554326,
            65.9409053
          ],
          [
            16.1534932,
            65.9406261
          ],
          [
            16.1525896,
            65.9407426
          ],
          [
            16.1522828,
            65.9407123
          ],
          [
            16.1518758,
            65.9410388
          ],
          [
            16.1516521,
            65.9410761
          ],
          [
            16.1507959,
            65.9407946
          ],
          [
            16.1499962,
            65.940311
          ],
          [
            16.1496683,
            65.9402956
          ],
          [
            16.1493084,
            65.9403755
          ],
          [
            16.1486825,
            65.9403623
          ],
          [
            16.1476352,
            65.9406333
          ],
          [
            16.1459719,
            65.9407209
          ],
          [
            16.1451754,
            65.9406319
          ],
          [
            16.1445113,
            65.9407407
          ],
          [
            16.1434685,
            65.9410833
          ],
          [
            16.1430307,
            65.9411256
          ],
          [
            16.1423193,
            65.9414781
          ],
          [
            16.1405202,
            65.9417348
          ],
          [
            16.1376266,
            65.9417444
          ],
          [
            16.1368594,
            65.941661
          ],
          [
            16.1366482,
            65.9414905
          ],
          [
            16.1352336,
            65.9415632
          ],
          [
            16.1328026,
            65.9410173
          ],
          [
            16.1324784,
            65.941085
          ],
          [
            16.1314959,
            65.9415581
          ],
          [
            16.13023,
            65.9418702
          ],
          [
            16.1297904,
            65.9421256
          ],
          [
            16.1284906,
            65.942331
          ],
          [
            16.1277019,
            65.9431
          ],
          [
            16.1260185,
            65.9436833
          ],
          [
            16.124301,
            65.9444568
          ],
          [
            16.1229352,
            65.9448833
          ],
          [
            16.1225741,
            65.944876
          ],
          [
            16.1215204,
            65.945225
          ],
          [
            16.1198185,
            65.9460333
          ],
          [
            16.1185999,
            65.9462908
          ],
          [
            16.1180868,
            65.946532
          ],
          [
            16.116974,
            65.9468635
          ],
          [
            16.1139423,
            65.9472209
          ],
          [
            16.1120095,
            65.9470954
          ],
          [
            16.1117142,
            65.9469937
          ],
          [
            16.1091652,
            65.9455698
          ],
          [
            16.1083942,
            65.9448958
          ],
          [
            16.1078096,
            65.9448288
          ],
          [
            16.1066126,
            65.9442231
          ],
          [
            16.1048787,
            65.9438142
          ],
          [
            16.1037175,
            65.9436979
          ],
          [
            16.102165,
            65.9437832
          ],
          [
            16.1015875,
            65.9438824
          ],
          [
            16.1007934,
            65.9438495
          ],
          [
            16.1004329,
            65.9437511
          ],
          [
            16.0991041,
            65.9436271
          ],
          [
            16.0979867,
            65.9428368
          ],
          [
            16.0959712,
            65.9429758
          ],
          [
            16.0952203,
            65.9429307
          ],
          [
            16.0952445,
            65.9428178
          ],
          [
            16.0948284,
            65.9426101
          ],
          [
            16.0945913,
            65.9423358
          ],
          [
            16.0946784,
            65.942163
          ],
          [
            16.0943673,
            65.9415183
          ],
          [
            16.09446,
            65.941307
          ]
        ]
      }
    },
    {
      "type": "Feature",
      "properties": {
        "schemaVersion": "candidate-kungsleden-geometry/v1",
        "trailId": "kungsleden",
        "sectionId": "kungsleden-section-23-aigert-serve",
        "sectionNumber": 23,
        "name": "Aigert-Serve",
        "from": "Aigert",
        "to": "Serve",
        "source": "Naturvardsverket/Lansstyrelsen Leder WFS official state-trail geometry",
        "sourceCrs": "EPSG:3006",
        "outputCrs": "EPSG:4326",
        "generatedAt": "2026-04-30",
        "simplificationToleranceMeters": 5,
        "runtimeImportApproved": false
      },
      "geometry": {
        "type": "LineString",
        "coordinates": [
          [
            16.09446,
            65.941307
          ],
          [
            16.0939711,
            65.9402451
          ],
          [
            16.0943521,
            65.9399723
          ],
          [
            16.0931865,
            65.9390666
          ],
          [
            16.0928582,
            65.9373359
          ],
          [
            16.0921328,
            65.9368633
          ],
          [
            16.0908435,
            65.9364629
          ],
          [
            16.0900331,
            65.9355279
          ],
          [
            16.0897379,
            65.9354232
          ],
          [
            16.0889419,
            65.9346543
          ],
          [
            16.0878391,
            65.9341903
          ],
          [
            16.0857352,
            65.9335333
          ],
          [
            16.0849458,
            65.9334985
          ],
          [
            16.0837295,
            65.9332697
          ],
          [
            16.0807186,
            65.9316333
          ],
          [
            16.0776176,
            65.9301878
          ],
          [
            16.0762446,
            65.9298592
          ],
          [
            16.0758649,
            65.9296422
          ],
          [
            16.0754396,
            65.9295532
          ],
          [
            16.0749463,
            65.9292273
          ],
          [
            16.0737322,
            65.9286986
          ],
          [
            16.0699852,
            65.9278333
          ],
          [
            16.0632311,
            65.9269585
          ],
          [
            16.0619404,
            65.9268517
          ],
          [
            16.060657,
            65.9265697
          ],
          [
            16.0577519,
            65.9261833
          ],
          [
            16.0480207,
            65.9241014
          ],
          [
            16.0447019,
            65.9231498
          ],
          [
            16.0442322,
            65.9231419
          ],
          [
            16.0440265,
            65.923265
          ],
          [
            16.0409601,
            65.9237962
          ],
          [
            16.0368019,
            65.92465
          ],
          [
            16.0352581,
            65.9247428
          ],
          [
            16.0306101,
            65.9244417
          ],
          [
            16.0279914,
            65.9236461
          ],
          [
            16.0215063,
            65.9220929
          ],
          [
            16.0204552,
            65.9219693
          ],
          [
            16.0195172,
            65.9215868
          ],
          [
            16.0185436,
            65.9214033
          ],
          [
            16.0162352,
            65.9207333
          ],
          [
            16.0142019,
            65.9203667
          ],
          [
            16.0111497,
            65.9199862
          ],
          [
            16.0069998,
            65.9199452
          ],
          [
            16.0038891,
            65.9204671
          ],
          [
            16.0030151,
            65.9209684
          ],
          [
            15.9993506,
            65.9220131
          ],
          [
            15.9972532,
            65.9222611
          ],
          [
            15.996383,
            65.9224893
          ],
          [
            15.9939741,
            65.9227631
          ],
          [
            15.9882193,
            65.9227931
          ],
          [
            15.9847792,
            65.9233033
          ],
          [
            15.9824954,
            65.9230444
          ],
          [
            15.9813867,
            65.9229926
          ],
          [
            15.9784346,
            65.9234996
          ],
          [
            15.9747519,
            65.92375
          ],
          [
            15.9738519,
            65.92375
          ],
          [
            15.9693616,
            65.9231165
          ],
          [
            15.9676186,
            65.9230667
          ],
          [
            15.9671753,
            65.9230979
          ],
          [
            15.9670406,
            65.9232241
          ],
          [
            15.9653622,
            65.9236031
          ],
          [
            15.9646303,
            65.9239249
          ],
          [
            15.9630686,
            65.9241
          ],
          [
            15.9619105,
            65.9240635
          ],
          [
            15.9588754,
            65.9234842
          ],
          [
            15.9537127,
            65.9235809
          ],
          [
            15.9517189,
            65.9241118
          ],
          [
            15.9503569,
            65.9253794
          ],
          [
            15.9496876,
            65.9257671
          ],
          [
            15.9484967,
            65.9262607
          ],
          [
            15.941234,
            65.9260509
          ],
          [
            15.9372222,
            65.926478
          ],
          [
            15.930052,
            65.9292333
          ],
          [
            15.925245,
            65.9308085
          ],
          [
            15.9242488,
            65.9310462
          ],
          [
            15.9204853,
            65.93225
          ],
          [
            15.9196635,
            65.9326311
          ],
          [
            15.9176277,
            65.9342347
          ],
          [
            15.9169648,
            65.9343014
          ],
          [
            15.9159825,
            65.9346719
          ],
          [
            15.9155853,
            65.9353333
          ],
          [
            15.9158925,
            65.9363171
          ],
          [
            15.9145285,
            65.9385093
          ],
          [
            15.9141657,
            65.9389045
          ],
          [
            15.9138576,
            65.939007
          ],
          [
            15.9119686,
            65.9403833
          ],
          [
            15.9098481,
            65.9424474
          ],
          [
            15.907972,
            65.9430852
          ],
          [
            15.9078133,
            65.943335
          ],
          [
            15.9070047,
            65.9438905
          ],
          [
            15.9068478,
            65.9441934
          ],
          [
            15.9050266,
            65.9449391
          ],
          [
            15.9037749,
            65.9456055
          ],
          [
            15.9030714,
            65.945847
          ],
          [
            15.9020576,
            65.946003
          ],
          [
            15.9012278,
            65.9463611
          ],
          [
            15.9008715,
            65.9464202
          ],
          [
            15.8945766,
            65.9507471
          ],
          [
            15.8923346,
            65.9514647
          ],
          [
            15.8916037,
            65.9515981
          ],
          [
            15.8892737,
            65.9531385
          ],
          [
            15.8863512,
            65.9545152
          ],
          [
            15.8851838,
            65.9552227
          ],
          [
            15.8844104,
            65.9554759
          ],
          [
            15.8810263,
            65.955634
          ],
          [
            15.8798801,
            65.9557431
          ],
          [
            15.8785749,
            65.955969
          ],
          [
            15.877202,
            65.9560333
          ],
          [
            15.861702,
            65.95535
          ],
          [
            15.8541687,
            65.95555
          ],
          [
            15.8468353,
            65.9560167
          ],
          [
            15.8449395,
            65.9562334
          ],
          [
            15.8420406,
            65.9561467
          ],
          [
            15.83862,
            65.9561939
          ],
          [
            15.837709,
            65.9563831
          ],
          [
            15.8350024,
            65.956056
          ],
          [
            15.8322224,
            65.9563293
          ],
          [
            15.8311323,
            65.9567416
          ],
          [
            15.824598,
            65.9579866
          ],
          [
            15.8230576,
            65.9584449
          ],
          [
            15.8209635,
            65.9586308
          ],
          [
            15.8192613,
            65.958695
          ],
          [
            15.8169058,
            65.9585708
          ],
          [
            15.8155012,
            65.9586219
          ],
          [
            15.8135099,
            65.9585261
          ],
          [
            15.8119937,
            65.9585816
          ],
          [
            15.8091129,
            65.9587791
          ],
          [
            15.8070209,
            65.9590331
          ],
          [
            15.8058495,
            65.9593944
          ],
          [
            15.8036687,
            65.95985
          ],
          [
            15.8023016,
            65.9599998
          ],
          [
            15.8010567,
            65.9602475
          ],
          [
            15.799752,
            65.9608164
          ],
          [
            15.7987042,
            65.9614125
          ],
          [
            15.7962618,
            65.9622418
          ],
          [
            15.7962187,
            65.9627
          ],
          [
            15.7970194,
            65.9644351
          ],
          [
            15.7965665,
            65.9648477
          ],
          [
            15.796608,
            65.9651323
          ],
          [
            15.79721,
            65.9658892
          ],
          [
            15.7970451,
            65.9662017
          ],
          [
            15.797114,
            65.9665455
          ],
          [
            15.7965632,
            65.9670884
          ],
          [
            15.7963237,
            65.9675762
          ],
          [
            15.7927863,
            65.9680384
          ],
          [
            15.792158,
            65.9680582
          ],
          [
            15.7914017,
            65.9678912
          ],
          [
            15.7908373,
            65.9679012
          ],
          [
            15.787161,
            65.9693444
          ],
          [
            15.786047,
            65.9696635
          ],
          [
            15.7851854,
            65.96975
          ],
          [
            15.7833187,
            65.9702167
          ],
          [
            15.779154,
            65.9706671
          ],
          [
            15.7759142,
            65.9711749
          ],
          [
            15.7738571,
            65.9717027
          ],
          [
            15.7717012,
            65.971856
          ],
          [
            15.7706025,
            65.9721131
          ],
          [
            15.7670458,
            65.9725511
          ],
          [
            15.7643817,
            65.9730462
          ]
        ]
      }
    },
    {
      "type": "Feature",
      "properties": {
        "schemaVersion": "candidate-kungsleden-geometry/v1",
        "trailId": "kungsleden",
        "sectionId": "kungsleden-section-24-serve-tarnasjo",
        "sectionNumber": 24,
        "name": "Serve-Tarnasjo",
        "from": "Serve",
        "to": "Tarnasjo",
        "source": "Naturvardsverket/Lansstyrelsen Leder WFS official state-trail geometry",
        "sourceCrs": "EPSG:3006",
        "outputCrs": "EPSG:4326",
        "generatedAt": "2026-04-30",
        "simplificationToleranceMeters": 5,
        "runtimeImportApproved": false
      },
      "geometry": {
        "type": "LineString",
        "coordinates": [
          [
            15.7643817,
            65.9730462
          ],
          [
            15.7637154,
            65.9731611
          ],
          [
            15.7621258,
            65.9731714
          ],
          [
            15.76052,
            65.9730274
          ],
          [
            15.7590513,
            65.9731866
          ],
          [
            15.7586559,
            65.9734022
          ],
          [
            15.7577443,
            65.9736915
          ],
          [
            15.7570928,
            65.9743072
          ],
          [
            15.7570992,
            65.9745256
          ],
          [
            15.7564127,
            65.974745
          ],
          [
            15.755747,
            65.9746889
          ],
          [
            15.7542788,
            65.9742759
          ],
          [
            15.7537703,
            65.9742143
          ],
          [
            15.7528276,
            65.9742403
          ],
          [
            15.7523586,
            65.9743351
          ],
          [
            15.7511745,
            65.9748679
          ],
          [
            15.7488034,
            65.9746445
          ],
          [
            15.7451517,
            65.9750444
          ],
          [
            15.7433908,
            65.9755775
          ],
          [
            15.738283,
            65.975379
          ],
          [
            15.7331539,
            65.9762652
          ],
          [
            15.7309689,
            65.9768477
          ],
          [
            15.729034,
            65.9772177
          ],
          [
            15.7262826,
            65.9773471
          ],
          [
            15.7252052,
            65.977148
          ],
          [
            15.7223521,
            65.9771167
          ],
          [
            15.7200021,
            65.9772833
          ],
          [
            15.7172088,
            65.9771783
          ],
          [
            15.7155354,
            65.9769667
          ],
          [
            15.7123185,
            65.9772651
          ],
          [
            15.7114972,
            65.9772618
          ],
          [
            15.7103344,
            65.9771319
          ],
          [
            15.7084468,
            65.9771145
          ],
          [
            15.7066021,
            65.9773167
          ],
          [
            15.7054354,
            65.977323
          ],
          [
            15.7047477,
            65.9773095
          ],
          [
            15.7030056,
            65.9768664
          ],
          [
            15.7013051,
            65.9766653
          ],
          [
            15.6985929,
            65.9765257
          ],
          [
            15.6934629,
            65.9765774
          ],
          [
            15.6923475,
            65.9764684
          ],
          [
            15.6917904,
            65.9765445
          ],
          [
            15.6874064,
            65.976182
          ],
          [
            15.6865914,
            65.9761951
          ],
          [
            15.6847822,
            65.9760608
          ],
          [
            15.6827302,
            65.9757731
          ],
          [
            15.6822824,
            65.9758012
          ],
          [
            15.6806998,
            65.9756421
          ],
          [
            15.6785449,
            65.9747661
          ],
          [
            15.6780961,
            65.9743147
          ],
          [
            15.6742403,
            65.9734201
          ],
          [
            15.6726473,
            65.9728573
          ],
          [
            15.6707657,
            65.9728371
          ],
          [
            15.6663021,
            65.9725667
          ],
          [
            15.6639021,
            65.9725167
          ],
          [
            15.6615688,
            65.9727167
          ],
          [
            15.6595688,
            65.9730667
          ],
          [
            15.6588517,
            65.9733348
          ],
          [
            15.6587975,
            65.9734893
          ],
          [
            15.6577972,
            65.9739969
          ],
          [
            15.6565521,
            65.97445
          ],
          [
            15.6542319,
            65.9750946
          ],
          [
            15.6535787,
            65.9755151
          ],
          [
            15.6535015,
            65.975684
          ],
          [
            15.6527069,
            65.9760411
          ],
          [
            15.6500052,
            65.9769878
          ],
          [
            15.6471287,
            65.9770237
          ],
          [
            15.6466664,
            65.9769354
          ],
          [
            15.6450799,
            65.9768495
          ],
          [
            15.6406021,
            65.9769834
          ],
          [
            15.6383521,
            65.9772667
          ],
          [
            15.6352828,
            65.9777781
          ],
          [
            15.6325176,
            65.9780743
          ],
          [
            15.6320167,
            65.978074
          ],
          [
            15.630916,
            65.9778459
          ],
          [
            15.6296799,
            65.9777963
          ],
          [
            15.6280721,
            65.9775536
          ],
          [
            15.6272383,
            65.9775167
          ],
          [
            15.6234552,
            65.9762027
          ],
          [
            15.6214195,
            65.9758406
          ],
          [
            15.6205575,
            65.975602
          ],
          [
            15.6188451,
            65.9748777
          ],
          [
            15.6155315,
            65.9746441
          ],
          [
            15.6141729,
            65.9743362
          ],
          [
            15.6128237,
            65.9741754
          ],
          [
            15.6107024,
            65.9736284
          ],
          [
            15.6080416,
            65.9736579
          ],
          [
            15.604667,
            65.9745305
          ],
          [
            15.6027158,
            65.9752646
          ],
          [
            15.5999021,
            65.9755667
          ],
          [
            15.5968416,
            65.9756127
          ],
          [
            15.5949763,
            65.9757979
          ],
          [
            15.5939336,
            65.9760417
          ],
          [
            15.5915295,
            65.9771073
          ],
          [
            15.5884855,
            65.9780167
          ],
          [
            15.5875599,
            65.9784946
          ],
          [
            15.5868636,
            65.9793732
          ],
          [
            15.5865586,
            65.9795334
          ],
          [
            15.5859166,
            65.9797353
          ],
          [
            15.5846688,
            65.9799667
          ],
          [
            15.5773021,
            65.9822334
          ],
          [
            15.5755962,
            65.982656
          ],
          [
            15.572669,
            65.9825388
          ],
          [
            15.5705495,
            65.982587
          ],
          [
            15.56779,
            65.9829367
          ],
          [
            15.5666688,
            65.9834667
          ],
          [
            15.5661445,
            65.9838685
          ],
          [
            15.5646276,
            65.9845672
          ],
          [
            15.5626361,
            65.9859395
          ],
          [
            15.5597368,
            65.9865744
          ],
          [
            15.5579291,
            65.986778
          ],
          [
            15.5560464,
            65.9867468
          ],
          [
            15.5544119,
            65.9868737
          ],
          [
            15.5526922,
            65.9873784
          ],
          [
            15.5504978,
            65.9874836
          ],
          [
            15.5481527,
            65.9873614
          ],
          [
            15.5454973,
            65.9874349
          ],
          [
            15.5450001,
            65.9873465
          ],
          [
            15.5431836,
            65.9865957
          ],
          [
            15.5426568,
            65.9864836
          ],
          [
            15.5397266,
            65.9867882
          ],
          [
            15.5352688,
            65.9868
          ],
          [
            15.5325534,
            65.9873212
          ],
          [
            15.5310516,
            65.9873929
          ],
          [
            15.5286355,
            65.9872834
          ],
          [
            15.5259118,
            65.9868004
          ],
          [
            15.5245188,
            65.98665
          ],
          [
            15.5205257,
            65.9869778
          ],
          [
            15.5178355,
            65.9875667
          ],
          [
            15.5168955,
            65.9875502
          ],
          [
            15.5145136,
            65.9879024
          ],
          [
            15.5125262,
            65.9878853
          ],
          [
            15.5110617,
            65.9877881
          ],
          [
            15.5090361,
            65.9878969
          ],
          [
            15.5029189,
            65.98875
          ],
          [
            15.5020311,
            65.9887317
          ],
          [
            15.4994352,
            65.9882939
          ],
          [
            15.4979993,
            65.9884671
          ],
          [
            15.496932,
            65.988715
          ]
        ]
      }
    },
    {
      "type": "Feature",
      "properties": {
        "schemaVersion": "candidate-kungsleden-geometry/v1",
        "trailId": "kungsleden",
        "sectionId": "kungsleden-section-25-tarnasjo-syter",
        "sectionNumber": 25,
        "name": "Tarnasjo-Syter",
        "from": "Tarnasjo",
        "to": "Syter",
        "source": "Naturvardsverket/Lansstyrelsen Leder WFS official state-trail geometry",
        "sourceCrs": "EPSG:3006",
        "outputCrs": "EPSG:4326",
        "generatedAt": "2026-04-30",
        "simplificationToleranceMeters": 5,
        "runtimeImportApproved": false
      },
      "geometry": {
        "type": "LineString",
        "coordinates": [
          [
            15.496932,
            65.988715
          ],
          [
            15.4966429,
            65.9885383
          ],
          [
            15.496159,
            65.9884302
          ],
          [
            15.4958897,
            65.9878333
          ],
          [
            15.4953842,
            65.9874777
          ],
          [
            15.494867,
            65.9855336
          ],
          [
            15.4958778,
            65.9844046
          ],
          [
            15.4961305,
            65.9829275
          ],
          [
            15.4951141,
            65.9822802
          ],
          [
            15.4938293,
            65.981679
          ],
          [
            15.4931131,
            65.9808653
          ],
          [
            15.4920214,
            65.9799547
          ],
          [
            15.4919941,
            65.979756
          ],
          [
            15.4925024,
            65.979219
          ],
          [
            15.492412,
            65.979015
          ],
          [
            15.4914908,
            65.9778555
          ],
          [
            15.4894932,
            65.9757701
          ],
          [
            15.487769,
            65.9753361
          ],
          [
            15.4872661,
            65.9748486
          ],
          [
            15.4872517,
            65.9747337
          ],
          [
            15.4878416,
            65.9744075
          ],
          [
            15.4877665,
            65.9734408
          ],
          [
            15.4873909,
            65.9731965
          ],
          [
            15.4866361,
            65.9716216
          ],
          [
            15.4864251,
            65.9714193
          ],
          [
            15.4852267,
            65.9709503
          ],
          [
            15.4850125,
            65.9706146
          ],
          [
            15.4856391,
            65.9697896
          ],
          [
            15.4856461,
            65.9690149
          ],
          [
            15.4860834,
            65.968637
          ],
          [
            15.4867926,
            65.9683545
          ],
          [
            15.4885794,
            65.967354
          ],
          [
            15.4895325,
            65.966635
          ],
          [
            15.4895639,
            65.9662232
          ],
          [
            15.4898018,
            65.965931
          ],
          [
            15.4913642,
            65.9646662
          ],
          [
            15.4920489,
            65.9638267
          ],
          [
            15.4948479,
            65.9616941
          ],
          [
            15.4953804,
            65.9610808
          ],
          [
            15.4963205,
            65.9594811
          ],
          [
            15.4978168,
            65.9580417
          ],
          [
            15.4979371,
            65.9573188
          ],
          [
            15.4975865,
            65.9570438
          ],
          [
            15.4974225,
            65.9558975
          ],
          [
            15.4972388,
            65.955602
          ],
          [
            15.4968174,
            65.955299
          ],
          [
            15.495713,
            65.9548132
          ],
          [
            15.4955386,
            65.9545272
          ],
          [
            15.4954913,
            65.9536889
          ],
          [
            15.4950224,
            65.9531294
          ],
          [
            15.4941056,
            65.9525466
          ],
          [
            15.492703,
            65.9519443
          ],
          [
            15.4921223,
            65.9497826
          ],
          [
            15.4912492,
            65.9489262
          ],
          [
            15.4912176,
            65.9485284
          ],
          [
            15.4919351,
            65.9476866
          ],
          [
            15.492419,
            65.9468139
          ],
          [
            15.492752,
            65.9465467
          ],
          [
            15.4942914,
            65.945741
          ],
          [
            15.4966571,
            65.9451414
          ],
          [
            15.4970088,
            65.944927
          ],
          [
            15.497192,
            65.9440831
          ],
          [
            15.4970563,
            65.9431498
          ],
          [
            15.4966332,
            65.9420527
          ],
          [
            15.4969979,
            65.9413648
          ],
          [
            15.4976639,
            65.9409286
          ],
          [
            15.4979305,
            65.9400416
          ],
          [
            15.4994999,
            65.9390219
          ],
          [
            15.4996017,
            65.9382196
          ],
          [
            15.4982139,
            65.9372927
          ],
          [
            15.4981657,
            65.93697
          ],
          [
            15.4977518,
            65.9364483
          ],
          [
            15.4984418,
            65.935552
          ],
          [
            15.4990321,
            65.9351814
          ],
          [
            15.4994055,
            65.9344667
          ],
          [
            15.4999449,
            65.9342809
          ],
          [
            15.5000566,
            65.9340582
          ],
          [
            15.4998352,
            65.9334749
          ],
          [
            15.5001909,
            65.9331994
          ],
          [
            15.500316,
            65.9329136
          ],
          [
            15.4999559,
            65.93234
          ],
          [
            15.4996385,
            65.9320869
          ],
          [
            15.4980755,
            65.9316798
          ],
          [
            15.4967516,
            65.9311778
          ],
          [
            15.4967104,
            65.9307958
          ],
          [
            15.4963034,
            65.9301242
          ],
          [
            15.4937868,
            65.9288468
          ],
          [
            15.492135,
            65.9276843
          ],
          [
            15.4916328,
            65.9270274
          ],
          [
            15.49123,
            65.9268709
          ],
          [
            15.4910673,
            65.926248
          ],
          [
            15.4905859,
            65.9256241
          ],
          [
            15.490578,
            65.9251055
          ],
          [
            15.4903066,
            65.9246498
          ],
          [
            15.4903048,
            65.9243468
          ],
          [
            15.4908438,
            65.923792
          ],
          [
            15.4907608,
            65.9236309
          ],
          [
            15.4898967,
            65.9232216
          ],
          [
            15.4878647,
            65.9224997
          ],
          [
            15.4869317,
            65.9222607
          ],
          [
            15.4852166,
            65.922019
          ],
          [
            15.4840427,
            65.921708
          ],
          [
            15.48295,
            65.9203992
          ],
          [
            15.4824162,
            65.9201081
          ],
          [
            15.480643,
            65.9196783
          ],
          [
            15.4803347,
            65.9195014
          ],
          [
            15.4797391,
            65.9189196
          ],
          [
            15.4796344,
            65.9185525
          ],
          [
            15.4789244,
            65.9176366
          ],
          [
            15.4791123,
            65.9170404
          ],
          [
            15.4787032,
            65.9168291
          ],
          [
            15.4782468,
            65.9163006
          ],
          [
            15.4780803,
            65.9158785
          ],
          [
            15.4784158,
            65.9154191
          ],
          [
            15.4767266,
            65.9151397
          ],
          [
            15.4755288,
            65.9146407
          ],
          [
            15.4738709,
            65.9148209
          ],
          [
            15.4726111,
            65.9147415
          ],
          [
            15.4717511,
            65.914471
          ],
          [
            15.4711859,
            65.914047
          ],
          [
            15.4707114,
            65.9134282
          ],
          [
            15.4690342,
            65.9135095
          ],
          [
            15.4678652,
            65.9128272
          ],
          [
            15.4669085,
            65.911504
          ],
          [
            15.4659,
            65.9114309
          ],
          [
            15.4646219,
            65.9108861
          ],
          [
            15.4638662,
            65.9103549
          ],
          [
            15.4634822,
            65.9097463
          ],
          [
            15.4633604,
            65.909198
          ],
          [
            15.463469,
            65.9090148
          ],
          [
            15.4631629,
            65.9085889
          ],
          [
            15.4622289,
            65.9085003
          ],
          [
            15.4604491,
            65.9080933
          ],
          [
            15.4588207,
            65.9078563
          ],
          [
            15.4583524,
            65.9077161
          ],
          [
            15.4575859,
            65.9069845
          ],
          [
            15.4564165,
            65.9066746
          ],
          [
            15.4556401,
            65.9059864
          ],
          [
            15.4554944,
            65.9055943
          ],
          [
            15.4539877,
            65.9045212
          ],
          [
            15.4543594,
            65.9031169
          ],
          [
            15.4543306,
            65.9028646
          ],
          [
            15.453855,
            65.9023962
          ],
          [
            15.4536115,
            65.9023219
          ],
          [
            15.4530371,
            65.9023332
          ],
          [
            15.4521649,
            65.9022327
          ],
          [
            15.4511586,
            65.9022846
          ],
          [
            15.4503088,
            65.9022427
          ],
          [
            15.449629,
            65.9020097
          ],
          [
            15.4487279,
            65.9013716
          ],
          [
            15.4462832,
            65.9011732
          ],
          [
            15.4453948,
            65.901036
          ],
          [
            15.4445395,
            65.9007696
          ],
          [
            15.4421543,
            65.9004375
          ],
          [
            15.4370288,
            65.9003888
          ],
          [
            15.4358923,
            65.9004994
          ],
          [
            15.4346493,
            65.9004621
          ],
          [
            15.4326104,
            65.9006646
          ],
          [
            15.4312327,
            65.9006989
          ],
          [
            15.4278675,
            65.9010524
          ],
          [
            15.4217964,
            65.9005381
          ],
          [
            15.4191403,
            65.8999481
          ],
          [
            15.4182905,
            65.899843
          ],
          [
            15.4156429,
            65.8991774
          ],
          [
            15.4146471,
            65.8991083
          ],
          [
            15.4124015,
            65.8987132
          ],
          [
            15.4103428,
            65.898022
          ],
          [
            15.4094743,
            65.8979472
          ],
          [
            15.4087686,
            65.8978002
          ],
          [
            15.4083302,
            65.8976485
          ],
          [
            15.4078944,
            65.8972447
          ],
          [
            15.4076708,
            65.8971837
          ],
          [
            15.4044288,
            65.8965854
          ],
          [
            15.4028422,
            65.8960222
          ],
          [
            15.4009627,
            65.8950599
          ],
          [
            15.4005177,
            65.8944823
          ],
          [
            15.3984508,
            65.8934562
          ],
          [
            15.398097,
            65.8931883
          ],
          [
            15.3975687,
            65.8922561
          ],
          [
            15.3969467,
            65.8921571
          ],
          [
            15.3968987,
            65.8925952
          ],
          [
            15.3965228,
            65.8927038
          ]
        ]
      }
    },
    {
      "type": "Feature",
      "properties": {
        "schemaVersion": "candidate-kungsleden-geometry/v1",
        "trailId": "kungsleden",
        "sectionId": "kungsleden-section-26-syter-viterskalet",
        "sectionNumber": 26,
        "name": "Syter-Viterskalet",
        "from": "Syter",
        "to": "Viterskalet",
        "source": "Naturvardsverket/Lansstyrelsen Leder WFS official state-trail geometry",
        "sourceCrs": "EPSG:3006",
        "outputCrs": "EPSG:4326",
        "generatedAt": "2026-04-30",
        "simplificationToleranceMeters": 5,
        "runtimeImportApproved": false
      },
      "geometry": {
        "type": "LineString",
        "coordinates": [
          [
            15.3965228,
            65.8927038
          ],
          [
            15.3960218,
            65.892424
          ],
          [
            15.3952814,
            65.8924051
          ],
          [
            15.39453,
            65.892146
          ],
          [
            15.392976,
            65.8920758
          ],
          [
            15.3922688,
            65.891861
          ],
          [
            15.3916022,
            65.8914443
          ],
          [
            15.3903892,
            65.8913673
          ],
          [
            15.3884759,
            65.8910457
          ],
          [
            15.3872015,
            65.8907374
          ],
          [
            15.3849276,
            65.8895888
          ],
          [
            15.3831848,
            65.8890057
          ],
          [
            15.3817098,
            65.8883743
          ],
          [
            15.3809339,
            65.8879163
          ],
          [
            15.3786371,
            65.8871416
          ],
          [
            15.3779327,
            65.8866033
          ],
          [
            15.3754466,
            65.8852712
          ],
          [
            15.373525,
            65.8848338
          ],
          [
            15.3730939,
            65.8846182
          ],
          [
            15.3729308,
            65.8843783
          ],
          [
            15.3720324,
            65.8839561
          ],
          [
            15.3696569,
            65.8832111
          ],
          [
            15.3686936,
            65.8828129
          ],
          [
            15.3678293,
            65.8827348
          ],
          [
            15.365031,
            65.8818276
          ],
          [
            15.3646073,
            65.8816179
          ],
          [
            15.3637059,
            65.8814776
          ],
          [
            15.3619132,
            65.8808855
          ],
          [
            15.36011,
            65.8800529
          ],
          [
            15.3571915,
            65.8793357
          ],
          [
            15.3565348,
            65.8790465
          ],
          [
            15.3538022,
            65.8781834
          ],
          [
            15.3451764,
            65.875764
          ],
          [
            15.3445566,
            65.8755072
          ],
          [
            15.3441898,
            65.8751965
          ],
          [
            15.3434188,
            65.8748001
          ],
          [
            15.3421541,
            65.8742545
          ],
          [
            15.3368663,
            65.8724769
          ],
          [
            15.3359235,
            65.8719122
          ],
          [
            15.3346994,
            65.8714461
          ],
          [
            15.3336086,
            65.8706414
          ],
          [
            15.3331053,
            65.870411
          ],
          [
            15.3323197,
            65.8696472
          ],
          [
            15.3313421,
            65.8691745
          ],
          [
            15.3291657,
            65.8684997
          ],
          [
            15.3287158,
            65.868468
          ],
          [
            15.3270899,
            65.8677475
          ],
          [
            15.3265687,
            65.8672353
          ],
          [
            15.3246836,
            65.8677852
          ],
          [
            15.3231844,
            65.8678982
          ],
          [
            15.3222803,
            65.8680722
          ],
          [
            15.3211489,
            65.8680301
          ],
          [
            15.3206131,
            65.8680816
          ],
          [
            15.3192125,
            65.8685534
          ],
          [
            15.3171571,
            65.868249
          ],
          [
            15.312878,
            65.8684475
          ],
          [
            15.3094004,
            65.868888
          ],
          [
            15.3074993,
            65.8689772
          ],
          [
            15.304347,
            65.8694827
          ],
          [
            15.3030898,
            65.8698442
          ],
          [
            15.3017082,
            65.870111
          ],
          [
            15.2939846,
            65.8724612
          ],
          [
            15.2898857,
            65.8735461
          ],
          [
            15.2887312,
            65.8740587
          ],
          [
            15.2870293,
            65.8742458
          ],
          [
            15.2831381,
            65.8744964
          ],
          [
            15.2788585,
            65.8750502
          ],
          [
            15.2738999,
            65.8751838
          ],
          [
            15.2729121,
            65.8750342
          ],
          [
            15.2709705,
            65.8752097
          ],
          [
            15.2701145,
            65.8751816
          ],
          [
            15.2669765,
            65.8753681
          ],
          [
            15.2658321,
            65.8754976
          ],
          [
            15.2650797,
            65.8756681
          ],
          [
            15.263275,
            65.8757661
          ],
          [
            15.2626651,
            65.875693
          ],
          [
            15.2616574,
            65.8757125
          ],
          [
            15.2600344,
            65.8758518
          ],
          [
            15.2591514,
            65.8760283
          ],
          [
            15.2571813,
            65.8762601
          ],
          [
            15.2545504,
            65.8764218
          ],
          [
            15.2541801,
            65.8763749
          ],
          [
            15.250913,
            65.8767304
          ],
          [
            15.2470429,
            65.8769889
          ],
          [
            15.2427685,
            65.8774438
          ],
          [
            15.2251231,
            65.8790107
          ],
          [
            15.217668,
            65.8799472
          ],
          [
            15.2153272,
            65.8801671
          ],
          [
            15.2118349,
            65.880367
          ],
          [
            15.209456,
            65.8806233
          ],
          [
            15.2071308,
            65.8809944
          ],
          [
            15.2061957,
            65.8810669
          ],
          [
            15.2013284,
            65.8819487
          ],
          [
            15.1958063,
            65.8826057
          ],
          [
            15.1940827,
            65.8829788
          ],
          [
            15.1921773,
            65.8832868
          ],
          [
            15.1879503,
            65.8845561
          ],
          [
            15.1865589,
            65.8847477
          ],
          [
            15.1858928,
            65.8849235
          ],
          [
            15.1817174,
            65.8853499
          ],
          [
            15.180182,
            65.8857196
          ],
          [
            15.1791019,
            65.8858396
          ],
          [
            15.1770448,
            65.8862989
          ],
          [
            15.1750151,
            65.8865297
          ],
          [
            15.1738541,
            65.8865043
          ],
          [
            15.1720852,
            65.8866903
          ],
          [
            15.1697909,
            65.8864228
          ],
          [
            15.1661504,
            65.885507
          ],
          [
            15.164139,
            65.8852124
          ],
          [
            15.1611594,
            65.884917
          ],
          [
            15.159372,
            65.884934
          ],
          [
            15.1588293,
            65.8850086
          ],
          [
            15.1585839,
            65.8851266
          ],
          [
            15.1579512,
            65.8849117
          ]
        ]
      }
    },
    {
      "type": "Feature",
      "properties": {
        "schemaVersion": "candidate-kungsleden-geometry/v1",
        "trailId": "kungsleden",
        "sectionId": "kungsleden-section-27-viterskalet-hemavan",
        "sectionNumber": 27,
        "name": "Viterskalet-Hemavan",
        "from": "Viterskalet / STF Viterskalet Fjallstuga / Viterskalsstugan",
        "to": "Hemavan, Kungsledens sodra entre / Naturum Vindelfjallen",
        "source": "Naturvardsverket/Lansstyrelsen Leder WFS official state-trail geometry",
        "sourceCrs": "EPSG:3006",
        "outputCrs": "EPSG:4326",
        "generatedAt": "2026-04-30",
        "simplificationToleranceMeters": 5,
        "runtimeImportApproved": false
      },
      "geometry": {
        "type": "LineString",
        "coordinates": [
          [
            15.1579512,
            65.8849117
          ],
          [
            15.1572885,
            65.8845058
          ],
          [
            15.1562349,
            65.8842132
          ],
          [
            15.1557849,
            65.884175
          ],
          [
            15.151897,
            65.882998
          ],
          [
            15.1503466,
            65.8820797
          ],
          [
            15.149865,
            65.8815905
          ],
          [
            15.1499211,
            65.8812582
          ],
          [
            15.1496578,
            65.8808786
          ],
          [
            15.1489664,
            65.8804846
          ],
          [
            15.1487759,
            65.8801466
          ],
          [
            15.1491564,
            65.8794756
          ],
          [
            15.1489872,
            65.8790693
          ],
          [
            15.1484489,
            65.878782
          ],
          [
            15.1478912,
            65.8786739
          ],
          [
            15.1460632,
            65.878608
          ],
          [
            15.1455838,
            65.8784767
          ],
          [
            15.1444228,
            65.8778582
          ],
          [
            15.1443325,
            65.8772637
          ],
          [
            15.142446,
            65.8760548
          ],
          [
            15.1404651,
            65.8750383
          ],
          [
            15.1388262,
            65.8745021
          ],
          [
            15.1378683,
            65.8743677
          ],
          [
            15.1360644,
            65.8738601
          ],
          [
            15.1350443,
            65.8734729
          ],
          [
            15.1327441,
            65.872866
          ],
          [
            15.1321413,
            65.8724108
          ],
          [
            15.1312258,
            65.872027
          ],
          [
            15.1265399,
            65.871034
          ],
          [
            15.1264,
            65.8709095
          ],
          [
            15.1242064,
            65.870662
          ],
          [
            15.1234661,
            65.8705095
          ],
          [
            15.1221433,
            65.8704322
          ],
          [
            15.1214292,
            65.8702904
          ],
          [
            15.1206185,
            65.8699599
          ],
          [
            15.1179673,
            65.8685733
          ],
          [
            15.1176529,
            65.8682993
          ],
          [
            15.1139922,
            65.866739
          ],
          [
            15.1122076,
            65.8664483
          ],
          [
            15.1111695,
            65.8657725
          ],
          [
            15.1081743,
            65.8650803
          ],
          [
            15.106266,
            65.8642663
          ],
          [
            15.1058122,
            65.8639105
          ],
          [
            15.1024267,
            65.8626832
          ],
          [
            15.1022057,
            65.8625267
          ],
          [
            15.1004301,
            65.862205
          ],
          [
            15.0988525,
            65.8620636
          ],
          [
            15.0968437,
            65.8613955
          ],
          [
            15.0967622,
            65.8613053
          ],
          [
            15.096947,
            65.8611106
          ],
          [
            15.0968072,
            65.8609302
          ],
          [
            15.0968623,
            65.8601611
          ],
          [
            15.0973003,
            65.8594772
          ],
          [
            15.0964175,
            65.8590694
          ],
          [
            15.0964665,
            65.8584418
          ],
          [
            15.0959505,
            65.8582104
          ],
          [
            15.0959486,
            65.8576834
          ],
          [
            15.0961449,
            65.8574887
          ],
          [
            15.0970597,
            65.8571748
          ],
          [
            15.0975209,
            65.8564956
          ],
          [
            15.0977755,
            65.8563577
          ],
          [
            15.0978203,
            65.8559636
          ],
          [
            15.0982366,
            65.8556643
          ],
          [
            15.0983833,
            65.8546245
          ],
          [
            15.0982423,
            65.8541166
          ],
          [
            15.0988155,
            65.8524545
          ],
          [
            15.099543,
            65.8517324
          ],
          [
            15.0996215,
            65.8510535
          ],
          [
            15.0993886,
            65.850764
          ],
          [
            15.0999988,
            65.8497002
          ],
          [
            15.0994596,
            65.8481528
          ],
          [
            15.09799,
            65.8472315
          ],
          [
            15.097931,
            65.8469776
          ],
          [
            15.0971351,
            65.846444
          ],
          [
            15.0968434,
            65.8459077
          ],
          [
            15.0956132,
            65.845448
          ],
          [
            15.0954848,
            65.845213
          ],
          [
            15.0954248,
            65.8446505
          ],
          [
            15.0958085,
            65.8434372
          ],
          [
            15.0957549,
            65.8430432
          ],
          [
            15.0952359,
            65.8421439
          ],
          [
            15.0954913,
            65.8407099
          ],
          [
            15.0952859,
            65.8400027
          ],
          [
            15.0957943,
            65.8396297
          ],
          [
            15.0957148,
            65.8384951
          ],
          [
            15.0961979,
            65.8375452
          ],
          [
            15.0954569,
            65.8361167
          ],
          [
            15.0966291,
            65.8351403
          ],
          [
            15.0983308,
            65.8348164
          ],
          [
            15.0989257,
            65.8343958
          ],
          [
            15.099824,
            65.8330375
          ],
          [
            15.1007783,
            65.8326831
          ],
          [
            15.1012203,
            65.8316977
          ],
          [
            15.1009805,
            65.8310878
          ],
          [
            15.1007195,
            65.8309764
          ],
          [
            15.100933,
            65.8307864
          ],
          [
            15.1001524,
            65.8293813
          ],
          [
            15.0996495,
            65.82907
          ],
          [
            15.0997946,
            65.8287135
          ],
          [
            15.1014475,
            65.8272415
          ],
          [
            15.1020901,
            65.8269107
          ],
          [
            15.1024129,
            65.8265459
          ],
          [
            15.1041603,
            65.8256502
          ],
          [
            15.1048701,
            65.8247819
          ],
          [
            15.1048132,
            65.8244648
          ],
          [
            15.105117,
            65.8240088
          ],
          [
            15.1050552,
            65.82361
          ],
          [
            15.1058087,
            65.8232449
          ],
          [
            15.1062068,
            65.8231934
          ],
          [
            15.1075997,
            65.8217966
          ],
          [
            15.1082374,
            65.8214581
          ],
          [
            15.1095324,
            65.8210584
          ],
          [
            15.109828,
            65.8208569
          ],
          [
            15.1114715,
            65.8207342
          ],
          [
            15.1119385,
            65.820561
          ],
          [
            15.1122052,
            65.8201259
          ],
          [
            15.1139797,
            65.819253
          ],
          [
            15.1150106,
            65.8188534
          ],
          [
            15.1153399,
            65.8189671
          ],
          [
            15.1158007,
            65.8189645
          ],
          [
            15.1162951,
            65.8188502
          ],
          [
            15.1166935,
            65.8186327
          ],
          [
            15.1175437,
            65.8184718
          ],
          [
            15.1197114,
            65.8178292
          ],
          [
            15.12,
            65.8170782
          ],
          [
            15.1198268,
            65.8165116
          ],
          [
            15.1184518,
            65.8158148
          ],
          [
            15.1181025,
            65.8153735
          ],
          [
            15.1177121,
            65.8151307
          ],
          [
            15.1169285,
            65.81494
          ],
          [
            15.1153042,
            65.8147454
          ],
          [
            15.1140451,
            65.8146823
          ],
          [
            15.1103478,
            65.8149129
          ],
          [
            15.1091921,
            65.8146431
          ],
          [
            15.1082891,
            65.8146295
          ],
          [
            15.1066833,
            65.8146769
          ],
          [
            15.1058507,
            65.8148876
          ],
          [
            15.104844,
            65.814929
          ]
        ]
      }
    }
  ]
}
