{
  "type": "FeatureCollection",
  "features": [
    {
      "type": "Feature",
      "properties": {
        "schemaVersion": 1,
        "trailId": "nordkalottleden",
        "sectionId": "nordkalottleden-kalottireitti-01-kilpisjarvi-saarijarvi",
        "sectionNumber": 1,
        "name": "Kalottireitti pohjoiseen: Kilpisjärvi - Saarijärvi",
        "sourceKind": "official-luontoon-ogc",
        "sourceUrl": "https://www.luontoon.fi/geo/features/collections/public.all_lines_details_view/items?limit=1&source_unique_id=uljas-9F510DA4-B3F2-4389-A7E5-B2F0B2E72D7A",
        "sourceUrls": [
          "https://www.luontoon.fi/geo/features/collections/public.all_lines_details_view/items?limit=1&source_unique_id=uljas-9F510DA4-B3F2-4389-A7E5-B2F0B2E72D7A"
        ],
        "sourceAccessed": "2026-04-30",
        "generatedAt": "2026-04-30T06:26:02.442Z",
        "sourceDirection": "Kilpisjärvi to Meekonjärvi via Saarijärvi and Kuonjarjohka",
        "appDirection": "Kilpisjärvi to Saarijärvi",
        "officialDistanceKm": 11,
        "geometryDistanceKm": 12.004,
        "geometryPointCount": 733,
        "endpointSnap": {
          "start": {
            "selectedEndpointLabel": "Kilpisjärven luontokeskuksen pysäköintialue / Kilpisjärvi Visitor Centre parking",
            "selectedEndpoint": {
              "lat": 69.011758,
              "lon": 20.890607
            },
            "routeLinePoint": {
              "lat": 69.011868,
              "lon": 20.890606
            },
            "gapMeters": 12.2
          },
          "end": {
            "selectedEndpointLabel": "Saarijärvi current hut yard / official open wilderness hut",
            "selectedEndpoint": {
              "lat": 69.065026006,
              "lon": 21.088385665
            },
            "routeLinePoint": {
              "lat": 69.064453,
              "lon": 21.091862
            },
            "gapMeters": 152.3
          }
        },
        "maxEndpointGapMeters": 152.3,
        "quality": "official route-line candidate; endpoint connector/gap review required",
        "caveats": [
          "Selected Saarijärvi hut yard is offset from official route-line endpoint; do not invent a hut-yard connector."
        ],
        "warnings": [
          "end endpoint gap exceeds 50 m",
          "endpoint connector or endpoint-policy decision required before navigation-grade import"
        ],
        "importReadiness": "research geometry artifact only; not runtime app geometry",
        "sourceMetadata": {
          "sourceUrl": "https://www.luontoon.fi/geo/features/collections/public.all_lines_details_view/items?limit=1&source_unique_id=uljas-9F510DA4-B3F2-4389-A7E5-B2F0B2E72D7A",
          "sourceUniqueId": "uljas-9F510DA4-B3F2-4389-A7E5-B2F0B2E72D7A",
          "featureName": "Kalottireitti",
          "reportedLengthKm": 76.65,
          "lineCount": 15
        }
      },
      "geometry": {
        "type": "LineString",
        "coordinates": [
          [
            20.890606,
            69.011868
          ],
          [
            20.890139,
            69.011977
          ],
          [
            20.889963,
            69.011997
          ],
          [
            20.890709,
            69.012403
          ],
          [
            20.890709,
            69.012403
          ],
          [
            20.89076,
            69.01244
          ],
          [
            20.890881,
            69.012529
          ],
          [
            20.890912,
            69.012556
          ],
          [
            20.891311,
            69.012894
          ],
          [
            20.891586,
            69.013043
          ],
          [
            20.891635,
            69.013069
          ],
          [
            20.891849,
            69.013185
          ],
          [
            20.891983,
            69.013251
          ],
          [
            20.892035,
            69.013277
          ],
          [
            20.892069,
            69.013294
          ],
          [
            20.89217,
            69.013344
          ],
          [
            20.892244,
            69.013378
          ],
          [
            20.892354,
            69.013428
          ],
          [
            20.892395,
            69.013447
          ],
          [
            20.892557,
            69.013535
          ],
          [
            20.892589,
            69.013552
          ],
          [
            20.892849,
            69.013719
          ],
          [
            20.892823,
            69.013806
          ],
          [
            20.892819,
            69.013819
          ],
          [
            20.8928,
            69.013886
          ],
          [
            20.892776,
            69.013966
          ],
          [
            20.892751,
            69.014052
          ],
          [
            20.892747,
            69.014065
          ],
          [
            20.89274,
            69.014088
          ],
          [
            20.892736,
            69.014101
          ],
          [
            20.892717,
            69.01411
          ],
          [
            20.892403,
            69.014267
          ],
          [
            20.892378,
            69.01428
          ],
          [
            20.892358,
            69.01429
          ],
          [
            20.891954,
            69.01443
          ],
          [
            20.891696,
            69.014578
          ],
          [
            20.891677,
            69.014689
          ],
          [
            20.891671,
            69.014721
          ],
          [
            20.891667,
            69.014743
          ],
          [
            20.891652,
            69.014834
          ],
          [
            20.891806,
            69.014978
          ],
          [
            20.8919,
            69.015031
          ],
          [
            20.891992,
            69.015083
          ],
          [
            20.892114,
            69.015152
          ],
          [
            20.8922,
            69.015201
          ],
          [
            20.892411,
            69.015369
          ],
          [
            20.892425,
            69.01538
          ],
          [
            20.892286,
            69.015544
          ],
          [
            20.892231,
            69.015609
          ],
          [
            20.892235,
            69.015635
          ],
          [
            20.892242,
            69.015679
          ],
          [
            20.892261,
            69.015804
          ],
          [
            20.892219,
            69.015841
          ],
          [
            20.892135,
            69.01592
          ],
          [
            20.892232,
            69.016038
          ],
          [
            20.892275,
            69.01609
          ],
          [
            20.892314,
            69.016136
          ],
          [
            20.89249,
            69.016177
          ],
          [
            20.892879,
            69.016328
          ],
          [
            20.893002,
            69.016517
          ],
          [
            20.89305,
            69.016565
          ],
          [
            20.893087,
            69.016602
          ],
          [
            20.893172,
            69.016686
          ],
          [
            20.893251,
            69.016897
          ],
          [
            20.893241,
            69.016906
          ],
          [
            20.892909,
            69.01723
          ],
          [
            20.892877,
            69.017278
          ],
          [
            20.89284,
            69.017335
          ],
          [
            20.892699,
            69.01755
          ],
          [
            20.892652,
            69.017815
          ],
          [
            20.892607,
            69.018055
          ],
          [
            20.8927,
            69.018236
          ],
          [
            20.892967,
            69.018331
          ],
          [
            20.89306,
            69.018364
          ],
          [
            20.8933,
            69.018447
          ],
          [
            20.893433,
            69.018468
          ],
          [
            20.893461,
            69.018472
          ],
          [
            20.893765,
            69.018521
          ],
          [
            20.894322,
            69.018517
          ],
          [
            20.894875,
            69.018479
          ],
          [
            20.895176,
            69.018439
          ],
          [
            20.895258,
            69.018427
          ],
          [
            20.895468,
            69.018399
          ],
          [
            20.895495,
            69.018397
          ],
          [
            20.896333,
            69.01841
          ],
          [
            20.896782,
            69.018514
          ],
          [
            20.897143,
            69.018635
          ],
          [
            20.89729,
            69.018685
          ],
          [
            20.897449,
            69.01875
          ],
          [
            20.897516,
            69.018777
          ],
          [
            20.897668,
            69.01884
          ],
          [
            20.897742,
            69.01887
          ],
          [
            20.898195,
            69.01891
          ],
          [
            20.898792,
            69.01897
          ],
          [
            20.899372,
            69.019076
          ],
          [
            20.899395,
            69.019085
          ],
          [
            20.899622,
            69.019166
          ],
          [
            20.899732,
            69.019206
          ],
          [
            20.899845,
            69.019246
          ],
          [
            20.900142,
            69.019444
          ],
          [
            20.900428,
            69.019659
          ],
          [
            20.900621,
            69.019758
          ],
          [
            20.900721,
            69.019832
          ],
          [
            20.901198,
            69.019975
          ],
          [
            20.901357,
            69.020013
          ],
          [
            20.90145,
            69.02003
          ],
          [
            20.90198,
            69.020159
          ],
          [
            20.902233,
            69.020227
          ],
          [
            20.902441,
            69.020231
          ],
          [
            20.902812,
            69.020232
          ],
          [
            20.903007,
            69.020239
          ],
          [
            20.90319,
            69.020276
          ],
          [
            20.903354,
            69.020314
          ],
          [
            20.903548,
            69.020325
          ],
          [
            20.903845,
            69.020339
          ],
          [
            20.903926,
            69.020343
          ],
          [
            20.903971,
            69.020354
          ],
          [
            20.904003,
            69.020365
          ],
          [
            20.904072,
            69.020372
          ],
          [
            20.904152,
            69.020365
          ],
          [
            20.904225,
            69.020344
          ],
          [
            20.904264,
            69.020326
          ],
          [
            20.904468,
            69.020281
          ],
          [
            20.904567,
            69.020268
          ],
          [
            20.904869,
            69.020245
          ],
          [
            20.9051,
            69.020243
          ],
          [
            20.905318,
            69.020262
          ],
          [
            20.905479,
            69.020263
          ],
          [
            20.905589,
            69.02027
          ],
          [
            20.905633,
            69.020279
          ],
          [
            20.905806,
            69.020264
          ],
          [
            20.906075,
            69.020277
          ],
          [
            20.906214,
            69.020295
          ],
          [
            20.90635,
            69.020301
          ],
          [
            20.906446,
            69.020289
          ],
          [
            20.906706,
            69.020258
          ],
          [
            20.906905,
            69.020218
          ],
          [
            20.906975,
            69.020204
          ],
          [
            20.907114,
            69.020209
          ],
          [
            20.907218,
            69.020208
          ],
          [
            20.907346,
            69.020216
          ],
          [
            20.907724,
            69.020188
          ],
          [
            20.907958,
            69.020168
          ],
          [
            20.90815,
            69.020145
          ],
          [
            20.90834,
            69.020129
          ],
          [
            20.908537,
            69.020111
          ],
          [
            20.908724,
            69.020096
          ],
          [
            20.908821,
            69.020069
          ],
          [
            20.90897,
            69.020023
          ],
          [
            20.909044,
            69.020004
          ],
          [
            20.909176,
            69.019993
          ],
          [
            20.909336,
            69.019967
          ],
          [
            20.909454,
            69.019927
          ],
          [
            20.909622,
            69.019886
          ],
          [
            20.909779,
            69.019859
          ],
          [
            20.909853,
            69.01983
          ],
          [
            20.909986,
            69.019777
          ],
          [
            20.910329,
            69.019721
          ],
          [
            20.910639,
            69.01971
          ],
          [
            20.910936,
            69.019686
          ],
          [
            20.911105,
            69.01966
          ],
          [
            20.911276,
            69.019643
          ],
          [
            20.911476,
            69.019609
          ],
          [
            20.911781,
            69.019603
          ],
          [
            20.912161,
            69.019581
          ],
          [
            20.91247,
            69.01952
          ],
          [
            20.912879,
            69.019427
          ],
          [
            20.913004,
            69.019417
          ],
          [
            20.913252,
            69.019377
          ],
          [
            20.913539,
            69.019373
          ],
          [
            20.913891,
            69.019364
          ],
          [
            20.914198,
            69.019361
          ],
          [
            20.914373,
            69.019377
          ],
          [
            20.914641,
            69.019375
          ],
          [
            20.91484,
            69.01937
          ],
          [
            20.915029,
            69.019362
          ],
          [
            20.915294,
            69.019373
          ],
          [
            20.915497,
            69.01938
          ],
          [
            20.915708,
            69.019373
          ],
          [
            20.915772,
            69.019366
          ],
          [
            20.916001,
            69.019359
          ],
          [
            20.916218,
            69.019367
          ],
          [
            20.91673,
            69.01944
          ],
          [
            20.917154,
            69.01951
          ],
          [
            20.917421,
            69.019551
          ],
          [
            20.917548,
            69.019566
          ],
          [
            20.917778,
            69.019563
          ],
          [
            20.917982,
            69.019579
          ],
          [
            20.918053,
            69.019582
          ],
          [
            20.918256,
            69.019608
          ],
          [
            20.918327,
            69.019616
          ],
          [
            20.918439,
            69.019628
          ],
          [
            20.918529,
            69.01963
          ],
          [
            20.91871,
            69.019608
          ],
          [
            20.91904,
            69.01956
          ],
          [
            20.91921,
            69.01951
          ],
          [
            20.91942,
            69.01947
          ],
          [
            20.91971,
            69.01947
          ],
          [
            20.92017,
            69.01956
          ],
          [
            20.92034,
            69.01963
          ],
          [
            20.92057,
            69.01968
          ],
          [
            20.920669,
            69.019713
          ],
          [
            20.92078,
            69.01975
          ],
          [
            20.92097,
            69.01978
          ],
          [
            20.92121,
            69.01977
          ],
          [
            20.92146,
            69.0198
          ],
          [
            20.92172,
            69.01981
          ],
          [
            20.922,
            69.0198
          ],
          [
            20.92219,
            69.01976
          ],
          [
            20.92237,
            69.0197
          ],
          [
            20.92264,
            69.01968
          ],
          [
            20.922836,
            69.019723
          ],
          [
            20.923166,
            69.019762
          ],
          [
            20.92335,
            69.01977
          ],
          [
            20.92358,
            69.01981
          ],
          [
            20.923692,
            69.019856
          ],
          [
            20.923736,
            69.019877
          ],
          [
            20.923861,
            69.019921
          ],
          [
            20.924148,
            69.019992
          ],
          [
            20.924381,
            69.020022
          ],
          [
            20.924444,
            69.020022
          ],
          [
            20.924798,
            69.020041
          ],
          [
            20.925107,
            69.020089
          ],
          [
            20.925345,
            69.02014
          ],
          [
            20.92547,
            69.020181
          ],
          [
            20.92582,
            69.02021
          ],
          [
            20.926142,
            69.020227
          ],
          [
            20.926372,
            69.020241
          ],
          [
            20.926583,
            69.020261
          ],
          [
            20.926746,
            69.020254
          ],
          [
            20.927037,
            69.02022
          ],
          [
            20.927277,
            69.020222
          ],
          [
            20.927458,
            69.020264
          ],
          [
            20.927633,
            69.020292
          ],
          [
            20.927764,
            69.020308
          ],
          [
            20.928057,
            69.020326
          ],
          [
            20.928196,
            69.020337
          ],
          [
            20.928399,
            69.02036
          ],
          [
            20.92882,
            69.020344
          ],
          [
            20.928925,
            69.020353
          ],
          [
            20.929013,
            69.020364
          ],
          [
            20.929205,
            69.020377
          ],
          [
            20.929374,
            69.020388
          ],
          [
            20.929717,
            69.02042
          ],
          [
            20.92985,
            69.020425
          ],
          [
            20.930075,
            69.020452
          ],
          [
            20.930177,
            69.020469
          ],
          [
            20.930228,
            69.020496
          ],
          [
            20.930696,
            69.020681
          ],
          [
            20.930954,
            69.02076
          ],
          [
            20.931078,
            69.020829
          ],
          [
            20.93151,
            69.020978
          ],
          [
            20.931775,
            69.02111
          ],
          [
            20.93208,
            69.021222
          ],
          [
            20.932395,
            69.021322
          ],
          [
            20.932668,
            69.021385
          ],
          [
            20.93286,
            69.021406
          ],
          [
            20.933279,
            69.021428
          ],
          [
            20.933505,
            69.021449
          ],
          [
            20.933774,
            69.021475
          ],
          [
            20.933983,
            69.021494
          ],
          [
            20.9341,
            69.021516
          ],
          [
            20.934282,
            69.021533
          ],
          [
            20.934452,
            69.021515
          ],
          [
            20.934616,
            69.021513
          ],
          [
            20.934766,
            69.021506
          ],
          [
            20.934947,
            69.021466
          ],
          [
            20.9351,
            69.021422
          ],
          [
            20.935194,
            69.021411
          ],
          [
            20.935342,
            69.021412
          ],
          [
            20.935719,
            69.021499
          ],
          [
            20.935941,
            69.021552
          ],
          [
            20.936182,
            69.021599
          ],
          [
            20.936276,
            69.021591
          ],
          [
            20.93637,
            69.021582
          ],
          [
            20.936666,
            69.021607
          ],
          [
            20.93683,
            69.02166
          ],
          [
            20.93688,
            69.021684
          ],
          [
            20.937072,
            69.021698
          ],
          [
            20.937858,
            69.021822
          ],
          [
            20.93819,
            69.021877
          ],
          [
            20.938753,
            69.021992
          ],
          [
            20.938981,
            69.02203
          ],
          [
            20.939016,
            69.022058
          ],
          [
            20.93886,
            69.02229
          ],
          [
            20.9387,
            69.02237
          ],
          [
            20.93862,
            69.02246
          ],
          [
            20.93847,
            69.02254
          ],
          [
            20.93827,
            69.0226
          ],
          [
            20.937929,
            69.02287
          ],
          [
            20.93791,
            69.02294
          ],
          [
            20.93804,
            69.02303
          ],
          [
            20.9381,
            69.02312
          ],
          [
            20.93841,
            69.02323
          ],
          [
            20.938499,
            69.023335
          ],
          [
            20.93849,
            69.02342
          ],
          [
            20.93872,
            69.02358
          ],
          [
            20.93887,
            69.02365
          ],
          [
            20.93902,
            69.0238
          ],
          [
            20.939125,
            69.023973
          ],
          [
            20.93935,
            69.02401
          ],
          [
            20.93955,
            69.02406
          ],
          [
            20.939563,
            69.024113
          ],
          [
            20.9396,
            69.02423
          ],
          [
            20.939413,
            69.024299
          ],
          [
            20.93936,
            69.02438
          ],
          [
            20.93941,
            69.02447
          ],
          [
            20.93942,
            69.02461
          ],
          [
            20.9394,
            69.02466
          ],
          [
            20.93956,
            69.02483
          ],
          [
            20.939742,
            69.024977
          ],
          [
            20.9398,
            69.02508
          ],
          [
            20.93993,
            69.02515
          ],
          [
            20.9399,
            69.02523
          ],
          [
            20.93981,
            69.02531
          ],
          [
            20.9398,
            69.02541
          ],
          [
            20.94,
            69.02558
          ],
          [
            20.94021,
            69.02563
          ],
          [
            20.94037,
            69.0257
          ],
          [
            20.94093,
            69.02588
          ],
          [
            20.94117,
            69.02604
          ],
          [
            20.94137,
            69.0261
          ],
          [
            20.94149,
            69.02619
          ],
          [
            20.9415,
            69.02638
          ],
          [
            20.94198,
            69.02659
          ],
          [
            20.94205,
            69.02664
          ],
          [
            20.9423,
            69.02665
          ],
          [
            20.942306,
            69.026681
          ],
          [
            20.94232,
            69.02675
          ],
          [
            20.942364,
            69.026823
          ],
          [
            20.9424,
            69.02689
          ],
          [
            20.94255,
            69.02697
          ],
          [
            20.942613,
            69.027021
          ],
          [
            20.94265,
            69.02705
          ],
          [
            20.942701,
            69.027094
          ],
          [
            20.94283,
            69.02718
          ],
          [
            20.943,
            69.02726
          ],
          [
            20.94302,
            69.02731
          ],
          [
            20.94317,
            69.02741
          ],
          [
            20.94344,
            69.02751
          ],
          [
            20.94344,
            69.02751
          ],
          [
            20.943547,
            69.027546
          ],
          [
            20.94384,
            69.02766
          ],
          [
            20.94404,
            69.02773
          ],
          [
            20.944293,
            69.027996
          ],
          [
            20.944505,
            69.028455
          ],
          [
            20.944472,
            69.028603
          ],
          [
            20.944495,
            69.028667
          ],
          [
            20.944514,
            69.028754
          ],
          [
            20.944558,
            69.028858
          ],
          [
            20.944484,
            69.029092
          ],
          [
            20.944514,
            69.029285
          ],
          [
            20.944517,
            69.029622
          ],
          [
            20.944533,
            69.029834
          ],
          [
            20.944487,
            69.029922
          ],
          [
            20.944322,
            69.030021
          ],
          [
            20.944248,
            69.030067
          ],
          [
            20.944274,
            69.030173
          ],
          [
            20.944131,
            69.030393
          ],
          [
            20.943965,
            69.030657
          ],
          [
            20.943979,
            69.030767
          ],
          [
            20.944013,
            69.030837
          ],
          [
            20.944223,
            69.030937
          ],
          [
            20.944325,
            69.031034
          ],
          [
            20.944958,
            69.031368
          ],
          [
            20.945355,
            69.031557
          ],
          [
            20.945578,
            69.031676
          ],
          [
            20.945691,
            69.031705
          ],
          [
            20.945937,
            69.03183
          ],
          [
            20.945968,
            69.03187
          ],
          [
            20.945982,
            69.031944
          ],
          [
            20.946017,
            69.031996
          ],
          [
            20.946087,
            69.032046
          ],
          [
            20.946076,
            69.032114
          ],
          [
            20.94601,
            69.032298
          ],
          [
            20.945908,
            69.032569
          ],
          [
            20.945918,
            69.032663
          ],
          [
            20.945793,
            69.032898
          ],
          [
            20.94584,
            69.03298
          ],
          [
            20.945836,
            69.033089
          ],
          [
            20.945807,
            69.033197
          ],
          [
            20.946018,
            69.033347
          ],
          [
            20.94621,
            69.033553
          ],
          [
            20.946403,
            69.033634
          ],
          [
            20.947142,
            69.03388
          ],
          [
            20.947344,
            69.033945
          ],
          [
            20.947913,
            69.034066
          ],
          [
            20.948489,
            69.034224
          ],
          [
            20.94894,
            69.034478
          ],
          [
            20.94921,
            69.034572
          ],
          [
            20.949318,
            69.034646
          ],
          [
            20.949424,
            69.03485
          ],
          [
            20.949476,
            69.034978
          ],
          [
            20.949376,
            69.035265
          ],
          [
            20.949351,
            69.035507
          ],
          [
            20.949415,
            69.035576
          ],
          [
            20.94988,
            69.035705
          ],
          [
            20.950193,
            69.035854
          ],
          [
            20.950888,
            69.035996
          ],
          [
            20.952475,
            69.036292
          ],
          [
            20.9532,
            69.036442
          ],
          [
            20.95344,
            69.036509
          ],
          [
            20.953938,
            69.03668
          ],
          [
            20.954461,
            69.036893
          ],
          [
            20.955246,
            69.037206
          ],
          [
            20.955687,
            69.037342
          ],
          [
            20.956052,
            69.037449
          ],
          [
            20.956867,
            69.037694
          ],
          [
            20.957813,
            69.037956
          ],
          [
            20.958002,
            69.038083
          ],
          [
            20.958215,
            69.038148
          ],
          [
            20.958485,
            69.038218
          ],
          [
            20.958721,
            69.038306
          ],
          [
            20.958935,
            69.03844
          ],
          [
            20.959081,
            69.03861
          ],
          [
            20.959315,
            69.03875
          ],
          [
            20.95954,
            69.038867
          ],
          [
            20.959634,
            69.039042
          ],
          [
            20.959729,
            69.039122
          ],
          [
            20.959902,
            69.039183
          ],
          [
            20.96002,
            69.03927
          ],
          [
            20.96022,
            69.039339
          ],
          [
            20.960567,
            69.039397
          ],
          [
            20.960938,
            69.039428
          ],
          [
            20.961571,
            69.039418
          ],
          [
            20.961936,
            69.039409
          ],
          [
            20.962993,
            69.039323
          ],
          [
            20.963433,
            69.03931
          ],
          [
            20.963723,
            69.039308
          ],
          [
            20.963951,
            69.039305
          ],
          [
            20.964196,
            69.039317
          ],
          [
            20.964258,
            69.03935
          ],
          [
            20.964278,
            69.039388
          ],
          [
            20.964358,
            69.039423
          ],
          [
            20.964557,
            69.039453
          ],
          [
            20.9648,
            69.039462
          ],
          [
            20.965057,
            69.039476
          ],
          [
            20.965373,
            69.039481
          ],
          [
            20.96558,
            69.039489
          ],
          [
            20.965998,
            69.039546
          ],
          [
            20.966844,
            69.039829
          ],
          [
            20.967201,
            69.039969
          ],
          [
            20.967548,
            69.040088
          ],
          [
            20.968172,
            69.04028
          ],
          [
            20.968222,
            69.040295
          ],
          [
            20.969535,
            69.040515
          ],
          [
            20.970344,
            69.040699
          ],
          [
            20.971398,
            69.040914
          ],
          [
            20.971674,
            69.040996
          ],
          [
            20.971804,
            69.041028
          ],
          [
            20.972389,
            69.041161
          ],
          [
            20.972752,
            69.041197
          ],
          [
            20.972966,
            69.041224
          ],
          [
            20.973315,
            69.041299
          ],
          [
            20.973523,
            69.041357
          ],
          [
            20.974171,
            69.041527
          ],
          [
            20.974424,
            69.041627
          ],
          [
            20.974847,
            69.041693
          ],
          [
            20.975387,
            69.041742
          ],
          [
            20.976194,
            69.041826
          ],
          [
            20.976816,
            69.041899
          ],
          [
            20.977205,
            69.041925
          ],
          [
            20.97787,
            69.041939
          ],
          [
            20.978428,
            69.041961
          ],
          [
            20.978687,
            69.041979
          ],
          [
            20.978905,
            69.042013
          ],
          [
            20.979666,
            69.042018
          ],
          [
            20.979857,
            69.042028
          ],
          [
            20.980102,
            69.042055
          ],
          [
            20.98052,
            69.042069
          ],
          [
            20.980972,
            69.042048
          ],
          [
            20.981981,
            69.042049
          ],
          [
            20.982225,
            69.042049
          ],
          [
            20.982954,
            69.04201
          ],
          [
            20.983296,
            69.041991
          ],
          [
            20.983605,
            69.041995
          ],
          [
            20.983964,
            69.041957
          ],
          [
            20.984475,
            69.041976
          ],
          [
            20.984741,
            69.041959
          ],
          [
            20.985095,
            69.04196
          ],
          [
            20.985373,
            69.041937
          ],
          [
            20.985689,
            69.041879
          ],
          [
            20.985776,
            69.041879
          ],
          [
            20.986203,
            69.041871
          ],
          [
            20.98642,
            69.041827
          ],
          [
            20.987233,
            69.041763
          ],
          [
            20.987879,
            69.041729
          ],
          [
            20.98812,
            69.041743
          ],
          [
            20.988596,
            69.041775
          ],
          [
            20.988939,
            69.041783
          ],
          [
            20.989196,
            69.041781
          ],
          [
            20.989517,
            69.041753
          ],
          [
            20.98983,
            69.041732
          ],
          [
            20.990749,
            69.041755
          ],
          [
            20.992055,
            69.041817
          ],
          [
            20.992403,
            69.0418
          ],
          [
            20.992706,
            69.041813
          ],
          [
            20.993097,
            69.041785
          ],
          [
            20.993877,
            69.041796
          ],
          [
            20.9954,
            69.041775
          ],
          [
            20.995514,
            69.041768
          ],
          [
            20.996064,
            69.041801
          ],
          [
            20.996267,
            69.041805
          ],
          [
            20.99697,
            69.041691
          ],
          [
            20.997224,
            69.041619
          ],
          [
            20.997383,
            69.041597
          ],
          [
            20.99889,
            69.041577
          ],
          [
            20.999382,
            69.041596
          ],
          [
            20.999587,
            69.041611
          ],
          [
            20.999983,
            69.041679
          ],
          [
            21.000827,
            69.04173
          ],
          [
            21.001143,
            69.041754
          ],
          [
            21.001399,
            69.041791
          ],
          [
            21.001723,
            69.041852
          ],
          [
            21.001963,
            69.041889
          ],
          [
            21.002164,
            69.041902
          ],
          [
            21.002412,
            69.0419
          ],
          [
            21.00265,
            69.041917
          ],
          [
            21.003218,
            69.041963
          ],
          [
            21.003876,
            69.04203
          ],
          [
            21.00408,
            69.042042
          ],
          [
            21.004361,
            69.042056
          ],
          [
            21.004507,
            69.042077
          ],
          [
            21.005051,
            69.042191
          ],
          [
            21.005309,
            69.042238
          ],
          [
            21.00567,
            69.042283
          ],
          [
            21.006211,
            69.042349
          ],
          [
            21.007328,
            69.042582
          ],
          [
            21.007725,
            69.04269
          ],
          [
            21.008315,
            69.042822
          ],
          [
            21.008747,
            69.042878
          ],
          [
            21.008932,
            69.042892
          ],
          [
            21.009093,
            69.042916
          ],
          [
            21.009274,
            69.042947
          ],
          [
            21.009446,
            69.042952
          ],
          [
            21.009591,
            69.042964
          ],
          [
            21.009722,
            69.042992
          ],
          [
            21.009899,
            69.043053
          ],
          [
            21.010238,
            69.043159
          ],
          [
            21.010944,
            69.043275
          ],
          [
            21.011399,
            69.043348
          ],
          [
            21.011821,
            69.043432
          ],
          [
            21.012573,
            69.043496
          ],
          [
            21.012914,
            69.043584
          ],
          [
            21.013371,
            69.043637
          ],
          [
            21.013787,
            69.043726
          ],
          [
            21.014405,
            69.043788
          ],
          [
            21.015457,
            69.043874
          ],
          [
            21.015877,
            69.043965
          ],
          [
            21.016178,
            69.044024
          ],
          [
            21.016359,
            69.044043
          ],
          [
            21.016566,
            69.044027
          ],
          [
            21.017028,
            69.044039
          ],
          [
            21.017296,
            69.044033
          ],
          [
            21.017538,
            69.044074
          ],
          [
            21.017925,
            69.04414
          ],
          [
            21.018133,
            69.044184
          ],
          [
            21.01842,
            69.044354
          ],
          [
            21.018518,
            69.044404
          ],
          [
            21.018578,
            69.044413
          ],
          [
            21.019354,
            69.044503
          ],
          [
            21.019713,
            69.044551
          ],
          [
            21.020813,
            69.044647
          ],
          [
            21.020981,
            69.044657
          ],
          [
            21.021521,
            69.044707
          ],
          [
            21.021914,
            69.044759
          ],
          [
            21.023074,
            69.044873
          ],
          [
            21.024286,
            69.044968
          ],
          [
            21.02476,
            69.045051
          ],
          [
            21.025714,
            69.045224
          ],
          [
            21.026038,
            69.045255
          ],
          [
            21.02656,
            69.045277
          ],
          [
            21.026873,
            69.045292
          ],
          [
            21.027238,
            69.045343
          ],
          [
            21.028194,
            69.045557
          ],
          [
            21.02896,
            69.04568
          ],
          [
            21.029398,
            69.045795
          ],
          [
            21.029785,
            69.045849
          ],
          [
            21.030181,
            69.045954
          ],
          [
            21.03074,
            69.046063
          ],
          [
            21.031968,
            69.046252
          ],
          [
            21.032521,
            69.046388
          ],
          [
            21.03366,
            69.046568
          ],
          [
            21.034248,
            69.046662
          ],
          [
            21.034681,
            69.046686
          ],
          [
            21.035438,
            69.046789
          ],
          [
            21.035775,
            69.046878
          ],
          [
            21.036172,
            69.046955
          ],
          [
            21.037206,
            69.047144
          ],
          [
            21.037974,
            69.047261
          ],
          [
            21.03856,
            69.047295
          ],
          [
            21.039149,
            69.047352
          ],
          [
            21.03968,
            69.047328
          ],
          [
            21.04008,
            69.04734
          ],
          [
            21.040604,
            69.047454
          ],
          [
            21.041102,
            69.047492
          ],
          [
            21.041411,
            69.047548
          ],
          [
            21.042266,
            69.047609
          ],
          [
            21.042909,
            69.047699
          ],
          [
            21.043405,
            69.047885
          ],
          [
            21.043946,
            69.047953
          ],
          [
            21.044399,
            69.048074
          ],
          [
            21.045215,
            69.048105
          ],
          [
            21.045917,
            69.048211
          ],
          [
            21.046356,
            69.048334
          ],
          [
            21.046926,
            69.048353
          ],
          [
            21.047368,
            69.048398
          ],
          [
            21.047692,
            69.048364
          ],
          [
            21.048305,
            69.048474
          ],
          [
            21.048771,
            69.048488
          ],
          [
            21.049591,
            69.048436
          ],
          [
            21.050407,
            69.04844
          ],
          [
            21.051192,
            69.048474
          ],
          [
            21.051604,
            69.048495
          ],
          [
            21.052133,
            69.048549
          ],
          [
            21.052725,
            69.048561
          ],
          [
            21.053546,
            69.04861
          ],
          [
            21.05389,
            69.048618
          ],
          [
            21.054349,
            69.048672
          ],
          [
            21.054871,
            69.048706
          ],
          [
            21.055264,
            69.04869
          ],
          [
            21.056033,
            69.048786
          ],
          [
            21.056835,
            69.048856
          ],
          [
            21.057506,
            69.048898
          ],
          [
            21.057938,
            69.048898
          ],
          [
            21.058257,
            69.048962
          ],
          [
            21.058806,
            69.048986
          ],
          [
            21.059553,
            69.04903
          ],
          [
            21.060022,
            69.049033
          ],
          [
            21.060645,
            69.049015
          ],
          [
            21.061068,
            69.048993
          ],
          [
            21.061686,
            69.048773
          ],
          [
            21.062076,
            69.04875
          ],
          [
            21.063108,
            69.048757
          ],
          [
            21.064007,
            69.0487
          ],
          [
            21.064602,
            69.048651
          ],
          [
            21.064901,
            69.048673
          ],
          [
            21.065301,
            69.048685
          ],
          [
            21.065802,
            69.048669
          ],
          [
            21.066218,
            69.048634
          ],
          [
            21.066471,
            69.048667
          ],
          [
            21.066831,
            69.048632
          ],
          [
            21.067123,
            69.048605
          ],
          [
            21.06726,
            69.048625
          ],
          [
            21.067614,
            69.048713
          ],
          [
            21.068112,
            69.048796
          ],
          [
            21.068226,
            69.048815
          ],
          [
            21.068685,
            69.048858
          ],
          [
            21.06925,
            69.04903
          ],
          [
            21.069641,
            69.049209
          ],
          [
            21.069887,
            69.049374
          ],
          [
            21.070384,
            69.049654
          ],
          [
            21.070593,
            69.049768
          ],
          [
            21.070702,
            69.049956
          ],
          [
            21.071323,
            69.050213
          ],
          [
            21.071888,
            69.050337
          ],
          [
            21.072568,
            69.050546
          ],
          [
            21.072974,
            69.050699
          ],
          [
            21.073253,
            69.050797
          ],
          [
            21.073528,
            69.051096
          ],
          [
            21.073712,
            69.051263
          ],
          [
            21.073762,
            69.051456
          ],
          [
            21.073907,
            69.051692
          ],
          [
            21.073935,
            69.051904
          ],
          [
            21.074,
            69.052124
          ],
          [
            21.073831,
            69.05247
          ],
          [
            21.073931,
            69.052619
          ],
          [
            21.073893,
            69.052725
          ],
          [
            21.074062,
            69.052859
          ],
          [
            21.074115,
            69.052992
          ],
          [
            21.07546,
            69.053564
          ],
          [
            21.075916,
            69.053645
          ],
          [
            21.076244,
            69.053742
          ],
          [
            21.077099,
            69.054089
          ],
          [
            21.077054,
            69.054376
          ],
          [
            21.076847,
            69.054563
          ],
          [
            21.076983,
            69.054866
          ],
          [
            21.077428,
            69.055147
          ],
          [
            21.077947,
            69.055434
          ],
          [
            21.078268,
            69.055616
          ],
          [
            21.078512,
            69.055719
          ],
          [
            21.078773,
            69.055886
          ],
          [
            21.07897,
            69.056031
          ],
          [
            21.079055,
            69.056325
          ],
          [
            21.079331,
            69.056495
          ],
          [
            21.07967,
            69.056586
          ],
          [
            21.080318,
            69.056696
          ],
          [
            21.080667,
            69.056794
          ],
          [
            21.081054,
            69.056876
          ],
          [
            21.081498,
            69.056914
          ],
          [
            21.081906,
            69.056998
          ],
          [
            21.082354,
            69.057015
          ],
          [
            21.083454,
            69.057172
          ],
          [
            21.083875,
            69.057586
          ],
          [
            21.08408,
            69.057892
          ],
          [
            21.084171,
            69.058128
          ],
          [
            21.084247,
            69.058315
          ],
          [
            21.084439,
            69.058446
          ],
          [
            21.084911,
            69.058656
          ],
          [
            21.085105,
            69.058771
          ],
          [
            21.085189,
            69.058953
          ],
          [
            21.085344,
            69.059043
          ],
          [
            21.085438,
            69.059114
          ],
          [
            21.085833,
            69.05932
          ],
          [
            21.086121,
            69.059493
          ],
          [
            21.08631,
            69.059624
          ],
          [
            21.086388,
            69.059687
          ],
          [
            21.086448,
            69.059807
          ],
          [
            21.086865,
            69.059969
          ],
          [
            21.087447,
            69.060115
          ],
          [
            21.087604,
            69.060188
          ],
          [
            21.087865,
            69.06021
          ],
          [
            21.088863,
            69.06044
          ],
          [
            21.089032,
            69.060542
          ],
          [
            21.089421,
            69.060909
          ],
          [
            21.089804,
            69.061208
          ],
          [
            21.090342,
            69.061466
          ],
          [
            21.090627,
            69.061847
          ],
          [
            21.091155,
            69.061933
          ],
          [
            21.091446,
            69.062014
          ],
          [
            21.091941,
            69.062034
          ],
          [
            21.092052,
            69.062163
          ],
          [
            21.091844,
            69.06239
          ],
          [
            21.091253,
            69.062819
          ],
          [
            21.091478,
            69.063043
          ],
          [
            21.091375,
            69.063229
          ],
          [
            21.091542,
            69.063337
          ],
          [
            21.091315,
            69.063619
          ],
          [
            21.091456,
            69.063794
          ],
          [
            21.09133,
            69.064015
          ],
          [
            21.091376,
            69.064122
          ],
          [
            21.091647,
            69.064286
          ],
          [
            21.091862,
            69.064453
          ]
        ]
      }
    },
    {
      "type": "Feature",
      "properties": {
        "schemaVersion": 1,
        "trailId": "nordkalottleden",
        "sectionId": "nordkalottleden-kalottireitti-02-saarijarvi-kuonjarjohka",
        "sectionNumber": 2,
        "name": "Kalottireitti pohjoiseen: Saarijärvi - Kuonjarjohka / Guonjarjohka",
        "sourceKind": "official-luontoon-ogc",
        "sourceUrl": "https://www.luontoon.fi/geo/features/collections/public.all_lines_details_view/items?limit=1&source_unique_id=uljas-9F510DA4-B3F2-4389-A7E5-B2F0B2E72D7A",
        "sourceUrls": [
          "https://www.luontoon.fi/geo/features/collections/public.all_lines_details_view/items?limit=1&source_unique_id=uljas-9F510DA4-B3F2-4389-A7E5-B2F0B2E72D7A"
        ],
        "sourceAccessed": "2026-04-30",
        "generatedAt": "2026-04-30T06:26:02.442Z",
        "sourceDirection": "Kilpisjärvi to Meekonjärvi via Saarijärvi and Kuonjarjohka",
        "appDirection": "Saarijärvi to Kuonjarjohka",
        "officialDistanceKm": 10,
        "geometryDistanceKm": 8.466,
        "geometryPointCount": 371,
        "endpointSnap": {
          "start": {
            "selectedEndpointLabel": "Saarijärvi current hut yard / official open wilderness hut",
            "selectedEndpoint": {
              "lat": 69.065026006,
              "lon": 21.088385665
            },
            "routeLinePoint": {
              "lat": 69.064453,
              "lon": 21.091862
            },
            "gapMeters": 152.3
          },
          "end": {
            "selectedEndpointLabel": "Guonjarjohka / Kuonjarjoki shared rental hut and open wilderness hut",
            "selectedEndpoint": {
              "lat": 69.101881709,
              "lon": 21.219140053
            },
            "routeLinePoint": {
              "lat": 69.101723,
              "lon": 21.219157
            },
            "gapMeters": 17.7
          }
        },
        "maxEndpointGapMeters": 152.3,
        "quality": "official route-line candidate; endpoint connector/gap review required",
        "caveats": [
          "Selected Saarijärvi hut yard is offset from official route-line endpoint; do not invent a hut-yard connector."
        ],
        "warnings": [
          "start endpoint gap exceeds 50 m",
          "endpoint connector or endpoint-policy decision required before navigation-grade import"
        ],
        "importReadiness": "research geometry artifact only; not runtime app geometry",
        "sourceMetadata": {
          "sourceUrl": "https://www.luontoon.fi/geo/features/collections/public.all_lines_details_view/items?limit=1&source_unique_id=uljas-9F510DA4-B3F2-4389-A7E5-B2F0B2E72D7A",
          "sourceUniqueId": "uljas-9F510DA4-B3F2-4389-A7E5-B2F0B2E72D7A",
          "featureName": "Kalottireitti",
          "reportedLengthKm": 76.65,
          "lineCount": 15
        }
      },
      "geometry": {
        "type": "LineString",
        "coordinates": [
          [
            21.091862,
            69.064453
          ],
          [
            21.092113,
            69.064648
          ],
          [
            21.092176,
            69.06472
          ],
          [
            21.092825,
            69.065467
          ],
          [
            21.093768,
            69.065863
          ],
          [
            21.093828,
            69.066264
          ],
          [
            21.093662,
            69.066642
          ],
          [
            21.093263,
            69.067126
          ],
          [
            21.093266,
            69.067298
          ],
          [
            21.093008,
            69.067472
          ],
          [
            21.093027,
            69.067866
          ],
          [
            21.09314,
            69.068106
          ],
          [
            21.093137,
            69.068304
          ],
          [
            21.093056,
            69.068584
          ],
          [
            21.092663,
            69.068859
          ],
          [
            21.091723,
            69.069215
          ],
          [
            21.09137,
            69.069648
          ],
          [
            21.091382,
            69.069811
          ],
          [
            21.091283,
            69.070052
          ],
          [
            21.090988,
            69.070278
          ],
          [
            21.090826,
            69.070569
          ],
          [
            21.090611,
            69.070688
          ],
          [
            21.090866,
            69.070866
          ],
          [
            21.090964,
            69.071246
          ],
          [
            21.091164,
            69.071392
          ],
          [
            21.091227,
            69.071535
          ],
          [
            21.09211,
            69.071827
          ],
          [
            21.093743,
            69.072395
          ],
          [
            21.094986,
            69.07313
          ],
          [
            21.095269,
            69.073486
          ],
          [
            21.095517,
            69.073696
          ],
          [
            21.095716,
            69.074102
          ],
          [
            21.0958,
            69.074746
          ],
          [
            21.096023,
            69.075126
          ],
          [
            21.09598,
            69.07537
          ],
          [
            21.096318,
            69.075683
          ],
          [
            21.096757,
            69.075823
          ],
          [
            21.097498,
            69.07616
          ],
          [
            21.098053,
            69.076497
          ],
          [
            21.098684,
            69.076826
          ],
          [
            21.099258,
            69.077166
          ],
          [
            21.099471,
            69.077356
          ],
          [
            21.100103,
            69.077725
          ],
          [
            21.100557,
            69.078133
          ],
          [
            21.100576,
            69.078154
          ],
          [
            21.100859,
            69.078464
          ],
          [
            21.10092,
            69.078626
          ],
          [
            21.101112,
            69.078773
          ],
          [
            21.101117,
            69.079004
          ],
          [
            21.101247,
            69.079218
          ],
          [
            21.101384,
            69.079438
          ],
          [
            21.101638,
            69.079642
          ],
          [
            21.101856,
            69.079897
          ],
          [
            21.102183,
            69.080113
          ],
          [
            21.102603,
            69.080612
          ],
          [
            21.102916,
            69.080903
          ],
          [
            21.103391,
            69.081189
          ],
          [
            21.103907,
            69.081414
          ],
          [
            21.104382,
            69.081559
          ],
          [
            21.105115,
            69.081755
          ],
          [
            21.105435,
            69.081889
          ],
          [
            21.105433,
            69.082094
          ],
          [
            21.105205,
            69.082261
          ],
          [
            21.105347,
            69.082468
          ],
          [
            21.105431,
            69.082601
          ],
          [
            21.105696,
            69.082733
          ],
          [
            21.106304,
            69.082945
          ],
          [
            21.106978,
            69.083211
          ],
          [
            21.10739,
            69.083348
          ],
          [
            21.107849,
            69.083437
          ],
          [
            21.108608,
            69.083648
          ],
          [
            21.108949,
            69.083787
          ],
          [
            21.109322,
            69.083985
          ],
          [
            21.109733,
            69.084137
          ],
          [
            21.11042,
            69.084363
          ],
          [
            21.110823,
            69.084536
          ],
          [
            21.111233,
            69.084807
          ],
          [
            21.111522,
            69.084993
          ],
          [
            21.111743,
            69.085233
          ],
          [
            21.112029,
            69.085496
          ],
          [
            21.112329,
            69.085679
          ],
          [
            21.1125,
            69.085806
          ],
          [
            21.112706,
            69.086034
          ],
          [
            21.112975,
            69.086229
          ],
          [
            21.113378,
            69.086505
          ],
          [
            21.113543,
            69.086613
          ],
          [
            21.113811,
            69.086849
          ],
          [
            21.113948,
            69.087111
          ],
          [
            21.114083,
            69.087254
          ],
          [
            21.114282,
            69.087493
          ],
          [
            21.114336,
            69.087637
          ],
          [
            21.114432,
            69.087807
          ],
          [
            21.114512,
            69.087921
          ],
          [
            21.114709,
            69.08808
          ],
          [
            21.114796,
            69.088127
          ],
          [
            21.11485,
            69.088227
          ],
          [
            21.114931,
            69.088405
          ],
          [
            21.11508,
            69.088599
          ],
          [
            21.115192,
            69.088806
          ],
          [
            21.115383,
            69.088969
          ],
          [
            21.115517,
            69.089103
          ],
          [
            21.115692,
            69.089259
          ],
          [
            21.115891,
            69.089386
          ],
          [
            21.116096,
            69.089481
          ],
          [
            21.116183,
            69.089545
          ],
          [
            21.11635,
            69.089637
          ],
          [
            21.116501,
            69.089754
          ],
          [
            21.116683,
            69.089921
          ],
          [
            21.1167,
            69.09005
          ],
          [
            21.116819,
            69.09015
          ],
          [
            21.11686,
            69.090256
          ],
          [
            21.117025,
            69.090348
          ],
          [
            21.117182,
            69.090516
          ],
          [
            21.117333,
            69.090641
          ],
          [
            21.117514,
            69.090845
          ],
          [
            21.117784,
            69.091015
          ],
          [
            21.11806,
            69.091184
          ],
          [
            21.118383,
            69.091315
          ],
          [
            21.118408,
            69.091457
          ],
          [
            21.118495,
            69.091519
          ],
          [
            21.118583,
            69.09165
          ],
          [
            21.118718,
            69.091823
          ],
          [
            21.118956,
            69.092028
          ],
          [
            21.119052,
            69.092209
          ],
          [
            21.119311,
            69.092295
          ],
          [
            21.119571,
            69.092395
          ],
          [
            21.119811,
            69.092484
          ],
          [
            21.120016,
            69.092595
          ],
          [
            21.120119,
            69.092706
          ],
          [
            21.120409,
            69.092826
          ],
          [
            21.120669,
            69.092929
          ],
          [
            21.121139,
            69.09302
          ],
          [
            21.121463,
            69.093085
          ],
          [
            21.121823,
            69.09314
          ],
          [
            21.122007,
            69.093199
          ],
          [
            21.121977,
            69.093275
          ],
          [
            21.1219,
            69.093334
          ],
          [
            21.122206,
            69.09353
          ],
          [
            21.122931,
            69.0939
          ],
          [
            21.123143,
            69.093998
          ],
          [
            21.123529,
            69.094218
          ],
          [
            21.12392,
            69.094383
          ],
          [
            21.12414,
            69.09445
          ],
          [
            21.124547,
            69.094505
          ],
          [
            21.124939,
            69.094456
          ],
          [
            21.125273,
            69.094511
          ],
          [
            21.125548,
            69.094586
          ],
          [
            21.12575,
            69.094575
          ],
          [
            21.126158,
            69.094627
          ],
          [
            21.12658,
            69.094649
          ],
          [
            21.126925,
            69.094732
          ],
          [
            21.127152,
            69.094754
          ],
          [
            21.12775,
            69.094807
          ],
          [
            21.128347,
            69.094999
          ],
          [
            21.128825,
            69.095095
          ],
          [
            21.129333,
            69.095274
          ],
          [
            21.129867,
            69.095407
          ],
          [
            21.130369,
            69.095529
          ],
          [
            21.130949,
            69.095659
          ],
          [
            21.131396,
            69.095702
          ],
          [
            21.131663,
            69.095777
          ],
          [
            21.132062,
            69.095849
          ],
          [
            21.13244,
            69.095985
          ],
          [
            21.132918,
            69.096068
          ],
          [
            21.133254,
            69.096159
          ],
          [
            21.133686,
            69.096328
          ],
          [
            21.134097,
            69.096559
          ],
          [
            21.134349,
            69.09669
          ],
          [
            21.134537,
            69.096789
          ],
          [
            21.134687,
            69.096912
          ],
          [
            21.134861,
            69.097004
          ],
          [
            21.135057,
            69.097054
          ],
          [
            21.135247,
            69.097193
          ],
          [
            21.135398,
            69.097335
          ],
          [
            21.135533,
            69.097488
          ],
          [
            21.135763,
            69.097691
          ],
          [
            21.135992,
            69.097853
          ],
          [
            21.13615,
            69.097948
          ],
          [
            21.136325,
            69.098036
          ],
          [
            21.136585,
            69.098159
          ],
          [
            21.136822,
            69.098278
          ],
          [
            21.137246,
            69.098414
          ],
          [
            21.13735,
            69.098573
          ],
          [
            21.137547,
            69.098676
          ],
          [
            21.137737,
            69.098821
          ],
          [
            21.13806,
            69.098971
          ],
          [
            21.138211,
            69.099127
          ],
          [
            21.138511,
            69.099313
          ],
          [
            21.138724,
            69.099419
          ],
          [
            21.138939,
            69.099483
          ],
          [
            21.139105,
            69.099608
          ],
          [
            21.139318,
            69.099747
          ],
          [
            21.139744,
            69.099978
          ],
          [
            21.140265,
            69.100286
          ],
          [
            21.140737,
            69.100483
          ],
          [
            21.140936,
            69.100648
          ],
          [
            21.141101,
            69.100703
          ],
          [
            21.141307,
            69.100892
          ],
          [
            21.141441,
            69.101039
          ],
          [
            21.141482,
            69.101165
          ],
          [
            21.14173,
            69.101321
          ],
          [
            21.141828,
            69.101365
          ],
          [
            21.142171,
            69.101519
          ],
          [
            21.142478,
            69.10166
          ],
          [
            21.142723,
            69.101828
          ],
          [
            21.143096,
            69.101963
          ],
          [
            21.143333,
            69.10208
          ],
          [
            21.143522,
            69.10218
          ],
          [
            21.143821,
            69.102336
          ],
          [
            21.144089,
            69.102453
          ],
          [
            21.144233,
            69.10254
          ],
          [
            21.144399,
            69.102624
          ],
          [
            21.144574,
            69.102797
          ],
          [
            21.144767,
            69.103001
          ],
          [
            21.145004,
            69.103166
          ],
          [
            21.145229,
            69.103406
          ],
          [
            21.145631,
            69.103572
          ],
          [
            21.145907,
            69.103748
          ],
          [
            21.146229,
            69.103822
          ],
          [
            21.146848,
            69.103874
          ],
          [
            21.147304,
            69.103891
          ],
          [
            21.147759,
            69.103935
          ],
          [
            21.148103,
            69.103987
          ],
          [
            21.149088,
            69.104161
          ],
          [
            21.149669,
            69.104249
          ],
          [
            21.150297,
            69.104416
          ],
          [
            21.150925,
            69.10459
          ],
          [
            21.151396,
            69.104673
          ],
          [
            21.151854,
            69.10473
          ],
          [
            21.152372,
            69.104821
          ],
          [
            21.152772,
            69.104913
          ],
          [
            21.153461,
            69.105158
          ],
          [
            21.153994,
            69.105274
          ],
          [
            21.154645,
            69.105371
          ],
          [
            21.155132,
            69.105515
          ],
          [
            21.155751,
            69.105605
          ],
          [
            21.1563,
            69.105677
          ],
          [
            21.156754,
            69.105715
          ],
          [
            21.157125,
            69.105704
          ],
          [
            21.157344,
            69.105695
          ],
          [
            21.157806,
            69.105733
          ],
          [
            21.158189,
            69.105751
          ],
          [
            21.158475,
            69.105774
          ],
          [
            21.158616,
            69.105765
          ],
          [
            21.158983,
            69.105734
          ],
          [
            21.15964,
            69.105766
          ],
          [
            21.160165,
            69.105806
          ],
          [
            21.160634,
            69.105839
          ],
          [
            21.161026,
            69.105882
          ],
          [
            21.161449,
            69.105923
          ],
          [
            21.16176,
            69.105985
          ],
          [
            21.162073,
            69.106007
          ],
          [
            21.16237,
            69.105976
          ],
          [
            21.162666,
            69.105933
          ],
          [
            21.162853,
            69.105902
          ],
          [
            21.163016,
            69.10589
          ],
          [
            21.163533,
            69.105853
          ],
          [
            21.163863,
            69.105824
          ],
          [
            21.164254,
            69.105837
          ],
          [
            21.165058,
            69.10591
          ],
          [
            21.165433,
            69.10589
          ],
          [
            21.165622,
            69.105951
          ],
          [
            21.165934,
            69.10601
          ],
          [
            21.16667,
            69.106059
          ],
          [
            21.16696,
            69.106114
          ],
          [
            21.167239,
            69.106178
          ],
          [
            21.167537,
            69.106238
          ],
          [
            21.167936,
            69.106271
          ],
          [
            21.168297,
            69.106318
          ],
          [
            21.16883,
            69.106417
          ],
          [
            21.169408,
            69.10653
          ],
          [
            21.169689,
            69.106554
          ],
          [
            21.170114,
            69.106612
          ],
          [
            21.170397,
            69.106706
          ],
          [
            21.170747,
            69.106743
          ],
          [
            21.171053,
            69.106815
          ],
          [
            21.171511,
            69.106849
          ],
          [
            21.172114,
            69.106917
          ],
          [
            21.172264,
            69.106961
          ],
          [
            21.172489,
            69.106992
          ],
          [
            21.173013,
            69.106991
          ],
          [
            21.173551,
            69.107005
          ],
          [
            21.174231,
            69.107006
          ],
          [
            21.174965,
            69.106915
          ],
          [
            21.175643,
            69.106832
          ],
          [
            21.176089,
            69.106809
          ],
          [
            21.176588,
            69.106738
          ],
          [
            21.177314,
            69.106706
          ],
          [
            21.178032,
            69.106629
          ],
          [
            21.178794,
            69.106569
          ],
          [
            21.179537,
            69.106531
          ],
          [
            21.180014,
            69.106538
          ],
          [
            21.180044,
            69.106542
          ],
          [
            21.1806,
            69.10655
          ],
          [
            21.181444,
            69.106577
          ],
          [
            21.181883,
            69.106615
          ],
          [
            21.182654,
            69.106656
          ],
          [
            21.183263,
            69.106809
          ],
          [
            21.183372,
            69.106932
          ],
          [
            21.183778,
            69.107031
          ],
          [
            21.183887,
            69.10711
          ],
          [
            21.184212,
            69.107181
          ],
          [
            21.184629,
            69.107322
          ],
          [
            21.184784,
            69.107418
          ],
          [
            21.18509,
            69.107483
          ],
          [
            21.18542,
            69.107483
          ],
          [
            21.18625,
            69.107445
          ],
          [
            21.186456,
            69.107437
          ],
          [
            21.186832,
            69.107459
          ],
          [
            21.18738,
            69.1074
          ],
          [
            21.188005,
            69.10739
          ],
          [
            21.188633,
            69.107385
          ],
          [
            21.188717,
            69.107387
          ],
          [
            21.189174,
            69.107308
          ],
          [
            21.189679,
            69.107292
          ],
          [
            21.190479,
            69.107225
          ],
          [
            21.191417,
            69.107116
          ],
          [
            21.192432,
            69.106955
          ],
          [
            21.193245,
            69.106796
          ],
          [
            21.193685,
            69.106682
          ],
          [
            21.194366,
            69.106555
          ],
          [
            21.19572,
            69.106281
          ],
          [
            21.196098,
            69.106169
          ],
          [
            21.196708,
            69.106028
          ],
          [
            21.197314,
            69.105981
          ],
          [
            21.197731,
            69.105885
          ],
          [
            21.198227,
            69.105825
          ],
          [
            21.198784,
            69.105684
          ],
          [
            21.199129,
            69.105525
          ],
          [
            21.199835,
            69.105442
          ],
          [
            21.200376,
            69.105315
          ],
          [
            21.20104,
            69.10514
          ],
          [
            21.201691,
            69.105027
          ],
          [
            21.202008,
            69.104964
          ],
          [
            21.20243,
            69.104757
          ],
          [
            21.203199,
            69.104455
          ],
          [
            21.203903,
            69.104308
          ],
          [
            21.204391,
            69.104217
          ],
          [
            21.204965,
            69.104026
          ],
          [
            21.205235,
            69.103939
          ],
          [
            21.205816,
            69.103837
          ],
          [
            21.206459,
            69.103751
          ],
          [
            21.207103,
            69.103682
          ],
          [
            21.207553,
            69.103633
          ],
          [
            21.207886,
            69.103604
          ],
          [
            21.208048,
            69.103578
          ],
          [
            21.20822,
            69.103548
          ],
          [
            21.20884,
            69.103465
          ],
          [
            21.209274,
            69.103391
          ],
          [
            21.209629,
            69.103312
          ],
          [
            21.210053,
            69.103175
          ],
          [
            21.210339,
            69.103093
          ],
          [
            21.210578,
            69.103028
          ],
          [
            21.210786,
            69.102961
          ],
          [
            21.211375,
            69.102873
          ],
          [
            21.212018,
            69.102792
          ],
          [
            21.212797,
            69.102697
          ],
          [
            21.213687,
            69.102557
          ],
          [
            21.214268,
            69.102469
          ],
          [
            21.214771,
            69.102367
          ],
          [
            21.215069,
            69.10233
          ],
          [
            21.215488,
            69.102303
          ],
          [
            21.215945,
            69.102218
          ],
          [
            21.21637,
            69.102108
          ],
          [
            21.21682,
            69.102096
          ],
          [
            21.217207,
            69.102016
          ],
          [
            21.217771,
            69.101862
          ],
          [
            21.218102,
            69.101777
          ],
          [
            21.218405,
            69.101749
          ],
          [
            21.218759,
            69.101718
          ],
          [
            21.219157,
            69.101723
          ]
        ]
      }
    },
    {
      "type": "Feature",
      "properties": {
        "schemaVersion": 1,
        "trailId": "nordkalottleden",
        "sectionId": "nordkalottleden-kalottireitti-03-kuonjarjohka-meekonjarvi",
        "sectionNumber": 3,
        "name": "Kalottireitti pohjoiseen: Kuonjarjohka / Guonjarjohka - Meekonjärvi / Megonjávri",
        "sourceKind": "official-luontoon-ogc",
        "sourceUrl": "https://www.luontoon.fi/geo/features/collections/public.all_lines_details_view/items?limit=1&source_unique_id=uljas-9F510DA4-B3F2-4389-A7E5-B2F0B2E72D7A",
        "sourceUrls": [
          "https://www.luontoon.fi/geo/features/collections/public.all_lines_details_view/items?limit=1&source_unique_id=uljas-9F510DA4-B3F2-4389-A7E5-B2F0B2E72D7A"
        ],
        "sourceAccessed": "2026-04-30",
        "generatedAt": "2026-04-30T06:26:02.442Z",
        "sourceDirection": "Kilpisjärvi to Meekonjärvi via Saarijärvi and Kuonjarjohka",
        "appDirection": "Kuonjarjohka to Meekonjärvi",
        "officialDistanceKm": 10,
        "geometryDistanceKm": 9.451,
        "geometryPointCount": 825,
        "endpointSnap": {
          "start": {
            "selectedEndpointLabel": "Kuonjarjohka / Guonjarjohka / Kuonjarjoki hut area",
            "selectedEndpoint": {
              "lat": 69.101881709,
              "lon": 21.219140053
            },
            "routeLinePoint": {
              "lat": 69.101723,
              "lon": 21.219157
            },
            "gapMeters": 17.7
          },
          "end": {
            "selectedEndpointLabel": "Meekonjärvi / Megonjávri shared/rental hut area",
            "selectedEndpoint": {
              "lat": 69.162017314,
              "lon": 21.34248001
            },
            "routeLinePoint": {
              "lat": 69.162015,
              "lon": 21.342351
            },
            "gapMeters": 5.1
          }
        },
        "maxEndpointGapMeters": 17.7,
        "quality": "high-quality official route-line candidate",
        "caveats": [
          "Meekonjärvi hut access is represented by official spur linework, not by a synthetic connector."
        ],
        "warnings": [],
        "importReadiness": "research geometry artifact only; not runtime app geometry",
        "sourceMetadata": {
          "sourceUrl": "https://www.luontoon.fi/geo/features/collections/public.all_lines_details_view/items?limit=1&source_unique_id=uljas-9F510DA4-B3F2-4389-A7E5-B2F0B2E72D7A",
          "sourceUniqueId": "uljas-9F510DA4-B3F2-4389-A7E5-B2F0B2E72D7A",
          "featureName": "Kalottireitti",
          "reportedLengthKm": 76.65,
          "lineCount": 15
        }
      },
      "geometry": {
        "type": "LineString",
        "coordinates": [
          [
            21.219157,
            69.101723
          ],
          [
            21.219592,
            69.101729
          ],
          [
            21.220358,
            69.101769
          ],
          [
            21.221353,
            69.101898
          ],
          [
            21.221596,
            69.101986
          ],
          [
            21.222292,
            69.102158
          ],
          [
            21.223185,
            69.10236
          ],
          [
            21.223871,
            69.102448
          ],
          [
            21.224629,
            69.102576
          ],
          [
            21.2251,
            69.102738
          ],
          [
            21.225802,
            69.103066
          ],
          [
            21.225901,
            69.103112
          ],
          [
            21.226063,
            69.103204
          ],
          [
            21.226697,
            69.103355
          ],
          [
            21.22722,
            69.103552
          ],
          [
            21.227621,
            69.103707
          ],
          [
            21.228128,
            69.103867
          ],
          [
            21.228553,
            69.104023
          ],
          [
            21.228874,
            69.104114
          ],
          [
            21.229266,
            69.104201
          ],
          [
            21.229712,
            69.104309
          ],
          [
            21.229719,
            69.104311
          ],
          [
            21.229962,
            69.10435
          ],
          [
            21.230385,
            69.104446
          ],
          [
            21.230776,
            69.104536
          ],
          [
            21.231445,
            69.104645
          ],
          [
            21.231987,
            69.104821
          ],
          [
            21.232622,
            69.104979
          ],
          [
            21.233084,
            69.105078
          ],
          [
            21.233454,
            69.105184
          ],
          [
            21.233806,
            69.105249
          ],
          [
            21.234237,
            69.105353
          ],
          [
            21.23463,
            69.105477
          ],
          [
            21.235528,
            69.105675
          ],
          [
            21.235887,
            69.105818
          ],
          [
            21.236428,
            69.105977
          ],
          [
            21.237237,
            69.10621
          ],
          [
            21.237965,
            69.10636
          ],
          [
            21.238701,
            69.106544
          ],
          [
            21.239247,
            69.10687
          ],
          [
            21.239751,
            69.107079
          ],
          [
            21.240044,
            69.107256
          ],
          [
            21.240512,
            69.107551
          ],
          [
            21.240897,
            69.107885
          ],
          [
            21.241441,
            69.108125
          ],
          [
            21.241735,
            69.108329
          ],
          [
            21.242021,
            69.108467
          ],
          [
            21.242194,
            69.108551
          ],
          [
            21.242305,
            69.108637
          ],
          [
            21.242605,
            69.10882
          ],
          [
            21.242937,
            69.109045
          ],
          [
            21.243228,
            69.109338
          ],
          [
            21.243442,
            69.109557
          ],
          [
            21.243555,
            69.109702
          ],
          [
            21.243667,
            69.109804
          ],
          [
            21.243896,
            69.109951
          ],
          [
            21.244106,
            69.110085
          ],
          [
            21.244257,
            69.110202
          ],
          [
            21.244566,
            69.110424
          ],
          [
            21.244961,
            69.110665
          ],
          [
            21.245212,
            69.11085
          ],
          [
            21.245612,
            69.110979
          ],
          [
            21.246304,
            69.111239
          ],
          [
            21.246503,
            69.111304
          ],
          [
            21.246772,
            69.111368
          ],
          [
            21.247061,
            69.111451
          ],
          [
            21.247249,
            69.11151
          ],
          [
            21.2474,
            69.111582
          ],
          [
            21.247592,
            69.11164
          ],
          [
            21.247796,
            69.111692
          ],
          [
            21.247997,
            69.111746
          ],
          [
            21.24818,
            69.111807
          ],
          [
            21.248376,
            69.111863
          ],
          [
            21.248558,
            69.111925
          ],
          [
            21.248761,
            69.111977
          ],
          [
            21.24896,
            69.112032
          ],
          [
            21.249155,
            69.112089
          ],
          [
            21.249343,
            69.112148
          ],
          [
            21.24954,
            69.112203
          ],
          [
            21.249725,
            69.112264
          ],
          [
            21.249913,
            69.112323
          ],
          [
            21.250101,
            69.112383
          ],
          [
            21.250297,
            69.112439
          ],
          [
            21.250313,
            69.112528
          ],
          [
            21.250414,
            69.11261
          ],
          [
            21.250554,
            69.112685
          ],
          [
            21.250676,
            69.112763
          ],
          [
            21.250802,
            69.11284
          ],
          [
            21.250978,
            69.112904
          ],
          [
            21.251148,
            69.11297
          ],
          [
            21.251308,
            69.113039
          ],
          [
            21.251472,
            69.113107
          ],
          [
            21.251657,
            69.113168
          ],
          [
            21.251843,
            69.113228
          ],
          [
            21.252028,
            69.113288
          ],
          [
            21.252218,
            69.113347
          ],
          [
            21.252389,
            69.113413
          ],
          [
            21.252577,
            69.113472
          ],
          [
            21.252784,
            69.113523
          ],
          [
            21.252976,
            69.11358
          ],
          [
            21.253186,
            69.113629
          ],
          [
            21.253432,
            69.113647
          ],
          [
            21.253623,
            69.113705
          ],
          [
            21.253831,
            69.113755
          ],
          [
            21.254066,
            69.113786
          ],
          [
            21.254293,
            69.113823
          ],
          [
            21.254527,
            69.113856
          ],
          [
            21.254755,
            69.113892
          ],
          [
            21.254939,
            69.113953
          ],
          [
            21.255131,
            69.114011
          ],
          [
            21.255362,
            69.114045
          ],
          [
            21.255596,
            69.114077
          ],
          [
            21.255816,
            69.11412
          ],
          [
            21.256038,
            69.114161
          ],
          [
            21.256206,
            69.114228
          ],
          [
            21.256387,
            69.11429
          ],
          [
            21.256573,
            69.11435
          ],
          [
            21.256809,
            69.11438
          ],
          [
            21.256996,
            69.11444
          ],
          [
            21.25722,
            69.114481
          ],
          [
            21.257447,
            69.114519
          ],
          [
            21.257652,
            69.11457
          ],
          [
            21.257863,
            69.114619
          ],
          [
            21.258091,
            69.114657
          ],
          [
            21.258295,
            69.114709
          ],
          [
            21.258523,
            69.114747
          ],
          [
            21.258726,
            69.114799
          ],
          [
            21.258938,
            69.114847
          ],
          [
            21.259161,
            69.114888
          ],
          [
            21.259377,
            69.114934
          ],
          [
            21.259596,
            69.114978
          ],
          [
            21.259819,
            69.115019
          ],
          [
            21.260035,
            69.115065
          ],
          [
            21.260208,
            69.11513
          ],
          [
            21.260396,
            69.115189
          ],
          [
            21.260589,
            69.115247
          ],
          [
            21.260791,
            69.1153
          ],
          [
            21.260978,
            69.11536
          ],
          [
            21.261197,
            69.115403
          ],
          [
            21.261411,
            69.11545
          ],
          [
            21.261646,
            69.115481
          ],
          [
            21.261861,
            69.115527
          ],
          [
            21.262078,
            69.115572
          ],
          [
            21.2623,
            69.115613
          ],
          [
            21.262504,
            69.115665
          ],
          [
            21.26272,
            69.115711
          ],
          [
            21.262942,
            69.115752
          ],
          [
            21.263183,
            69.115777
          ],
          [
            21.263427,
            69.115797
          ],
          [
            21.263622,
            69.115853
          ],
          [
            21.263823,
            69.115907
          ],
          [
            21.264034,
            69.115956
          ],
          [
            21.264261,
            69.115994
          ],
          [
            21.264498,
            69.116023
          ],
          [
            21.264721,
            69.116064
          ],
          [
            21.264954,
            69.116098
          ],
          [
            21.265176,
            69.11614
          ],
          [
            21.265397,
            69.116182
          ],
          [
            21.265618,
            69.116225
          ],
          [
            21.265853,
            69.116256
          ],
          [
            21.266083,
            69.116292
          ],
          [
            21.266328,
            69.11631
          ],
          [
            21.266573,
            69.116329
          ],
          [
            21.266823,
            69.116337
          ],
          [
            21.267066,
            69.116357
          ],
          [
            21.267268,
            69.11641
          ],
          [
            21.267467,
            69.116464
          ],
          [
            21.267693,
            69.116503
          ],
          [
            21.267898,
            69.116554
          ],
          [
            21.268109,
            69.116603
          ],
          [
            21.268319,
            69.116651
          ],
          [
            21.26853,
            69.1167
          ],
          [
            21.268706,
            69.116764
          ],
          [
            21.268916,
            69.116813
          ],
          [
            21.269126,
            69.116862
          ],
          [
            21.269327,
            69.116916
          ],
          [
            21.26956,
            69.116949
          ],
          [
            21.269784,
            69.116989
          ],
          [
            21.270018,
            69.117022
          ],
          [
            21.270216,
            69.117076
          ],
          [
            21.270402,
            69.117136
          ],
          [
            21.270638,
            69.117167
          ],
          [
            21.270858,
            69.11721
          ],
          [
            21.271107,
            69.117218
          ],
          [
            21.271358,
            69.117224
          ],
          [
            21.271501,
            69.117151
          ],
          [
            21.271745,
            69.117172
          ],
          [
            21.27198,
            69.117204
          ],
          [
            21.272213,
            69.117236
          ],
          [
            21.272352,
            69.11731
          ],
          [
            21.272497,
            69.117383
          ],
          [
            21.272583,
            69.117467
          ],
          [
            21.272563,
            69.117556
          ],
          [
            21.272526,
            69.117645
          ],
          [
            21.272595,
            69.11773
          ],
          [
            21.272758,
            69.117799
          ],
          [
            21.273003,
            69.117817
          ],
          [
            21.273251,
            69.117831
          ],
          [
            21.273494,
            69.117853
          ],
          [
            21.273741,
            69.117868
          ],
          [
            21.27399,
            69.11788
          ],
          [
            21.274239,
            69.117891
          ],
          [
            21.274484,
            69.117912
          ],
          [
            21.27472,
            69.117942
          ],
          [
            21.274956,
            69.117973
          ],
          [
            21.27519,
            69.118006
          ],
          [
            21.275428,
            69.118035
          ],
          [
            21.275677,
            69.118046
          ],
          [
            21.275928,
            69.118053
          ],
          [
            21.276178,
            69.118059
          ],
          [
            21.276416,
            69.118087
          ],
          [
            21.276609,
            69.118144
          ],
          [
            21.276808,
            69.118198
          ],
          [
            21.277036,
            69.118236
          ],
          [
            21.2772,
            69.118303
          ],
          [
            21.277422,
            69.118344
          ],
          [
            21.277604,
            69.118406
          ],
          [
            21.277744,
            69.11848
          ],
          [
            21.27785,
            69.11856
          ],
          [
            21.277984,
            69.118636
          ],
          [
            21.278108,
            69.118713
          ],
          [
            21.278288,
            69.118775
          ],
          [
            21.278461,
            69.118839
          ],
          [
            21.278671,
            69.118888
          ],
          [
            21.278862,
            69.118946
          ],
          [
            21.279045,
            69.119007
          ],
          [
            21.279265,
            69.11905
          ],
          [
            21.279496,
            69.119085
          ],
          [
            21.279657,
            69.119154
          ],
          [
            21.279841,
            69.119215
          ],
          [
            21.280061,
            69.119258
          ],
          [
            21.280274,
            69.119306
          ],
          [
            21.280481,
            69.119356
          ],
          [
            21.28068,
            69.119411
          ],
          [
            21.280877,
            69.119466
          ],
          [
            21.281084,
            69.119516
          ],
          [
            21.281297,
            69.119563
          ],
          [
            21.281525,
            69.1196
          ],
          [
            21.281753,
            69.119637
          ],
          [
            21.281982,
            69.119674
          ],
          [
            21.282219,
            69.119703
          ],
          [
            21.282439,
            69.119746
          ],
          [
            21.282658,
            69.119789
          ],
          [
            21.282877,
            69.119832
          ],
          [
            21.283097,
            69.119876
          ],
          [
            21.283321,
            69.119916
          ],
          [
            21.283554,
            69.119948
          ],
          [
            21.283767,
            69.119996
          ],
          [
            21.283982,
            69.120042
          ],
          [
            21.284213,
            69.120077
          ],
          [
            21.284457,
            69.120098
          ],
          [
            21.284664,
            69.120149
          ],
          [
            21.284879,
            69.120195
          ],
          [
            21.285122,
            69.120219
          ],
          [
            21.285324,
            69.120272
          ],
          [
            21.285517,
            69.120329
          ],
          [
            21.285766,
            69.120342
          ],
          [
            21.285982,
            69.120388
          ],
          [
            21.286196,
            69.120435
          ],
          [
            21.28644,
            69.120456
          ],
          [
            21.286664,
            69.120497
          ],
          [
            21.2869,
            69.120528
          ],
          [
            21.287119,
            69.120572
          ],
          [
            21.28736,
            69.120598
          ],
          [
            21.287595,
            69.120629
          ],
          [
            21.287807,
            69.120677
          ],
          [
            21.288384,
            69.120777
          ],
          [
            21.288626,
            69.120801
          ],
          [
            21.288868,
            69.120824
          ],
          [
            21.289111,
            69.120847
          ],
          [
            21.289353,
            69.120871
          ],
          [
            21.289585,
            69.120905
          ],
          [
            21.289806,
            69.120948
          ],
          [
            21.290024,
            69.120993
          ],
          [
            21.290262,
            69.121021
          ],
          [
            21.290501,
            69.121049
          ],
          [
            21.290739,
            69.121077
          ],
          [
            21.290978,
            69.121104
          ],
          [
            21.291227,
            69.121117
          ],
          [
            21.291468,
            69.121141
          ],
          [
            21.291699,
            69.121176
          ],
          [
            21.291935,
            69.121207
          ],
          [
            21.292174,
            69.121235
          ],
          [
            21.292414,
            69.121261
          ],
          [
            21.292655,
            69.121286
          ],
          [
            21.29289,
            69.121317
          ],
          [
            21.293136,
            69.121336
          ],
          [
            21.293376,
            69.121362
          ],
          [
            21.293621,
            69.121381
          ],
          [
            21.293867,
            69.121399
          ],
          [
            21.294113,
            69.121418
          ],
          [
            21.294357,
            69.121439
          ],
          [
            21.2946,
            69.121462
          ],
          [
            21.294843,
            69.121485
          ],
          [
            21.295085,
            69.121509
          ],
          [
            21.295321,
            69.121539
          ],
          [
            21.295556,
            69.121572
          ],
          [
            21.295797,
            69.121597
          ],
          [
            21.296032,
            69.121628
          ],
          [
            21.296268,
            69.12166
          ],
          [
            21.296514,
            69.121676
          ],
          [
            21.296748,
            69.12171
          ],
          [
            21.296996,
            69.121724
          ],
          [
            21.297233,
            69.121754
          ],
          [
            21.297484,
            69.121753
          ],
          [
            21.297724,
            69.12178
          ],
          [
            21.297948,
            69.121821
          ],
          [
            21.298187,
            69.121848
          ],
          [
            21.2984,
            69.121896
          ],
          [
            21.298636,
            69.121926
          ],
          [
            21.298855,
            69.12197
          ],
          [
            21.299062,
            69.122021
          ],
          [
            21.299294,
            69.122056
          ],
          [
            21.299534,
            69.122082
          ],
          [
            21.299764,
            69.122118
          ],
          [
            21.299963,
            69.122173
          ],
          [
            21.300146,
            69.122234
          ],
          [
            21.300346,
            69.122289
          ],
          [
            21.300558,
            69.122336
          ],
          [
            21.30079,
            69.122371
          ],
          [
            21.300997,
            69.122422
          ],
          [
            21.301175,
            69.122485
          ],
          [
            21.301361,
            69.122545
          ],
          [
            21.301528,
            69.122612
          ],
          [
            21.301713,
            69.122673
          ],
          [
            21.301871,
            69.122743
          ],
          [
            21.30203,
            69.122812
          ],
          [
            21.302235,
            69.122864
          ],
          [
            21.302448,
            69.122912
          ],
          [
            21.302645,
            69.122967
          ],
          [
            21.302863,
            69.123012
          ],
          [
            21.303047,
            69.123073
          ],
          [
            21.303227,
            69.123136
          ],
          [
            21.30339,
            69.123204
          ],
          [
            21.303557,
            69.123271
          ],
          [
            21.303727,
            69.123337
          ],
          [
            21.30389,
            69.123405
          ],
          [
            21.304052,
            69.123474
          ],
          [
            21.304196,
            69.123547
          ],
          [
            21.30436,
            69.123615
          ],
          [
            21.304556,
            69.123671
          ],
          [
            21.304673,
            69.12375
          ],
          [
            21.304792,
            69.123829
          ],
          [
            21.304892,
            69.123912
          ],
          [
            21.305074,
            69.123973
          ],
          [
            21.305208,
            69.124049
          ],
          [
            21.305334,
            69.124126
          ],
          [
            21.305433,
            69.124207
          ],
          [
            21.305597,
            69.124274
          ],
          [
            21.30568,
            69.124358
          ],
          [
            21.305804,
            69.124435
          ],
          [
            21.305949,
            69.124508
          ],
          [
            21.306071,
            69.124586
          ],
          [
            21.306171,
            69.124667
          ],
          [
            21.306291,
            69.124745
          ],
          [
            21.306401,
            69.124825
          ],
          [
            21.306531,
            69.124902
          ],
          [
            21.306616,
            69.124986
          ],
          [
            21.306726,
            69.125066
          ],
          [
            21.306837,
            69.125147
          ],
          [
            21.306947,
            69.125227
          ],
          [
            21.307058,
            69.125307
          ],
          [
            21.307168,
            69.125388
          ],
          [
            21.307279,
            69.125468
          ],
          [
            21.307389,
            69.125549
          ],
          [
            21.30752,
            69.125625
          ],
          [
            21.307624,
            69.125707
          ],
          [
            21.307741,
            69.125785
          ],
          [
            21.307894,
            69.125855
          ],
          [
            21.308081,
            69.125913
          ],
          [
            21.308153,
            69.125998
          ],
          [
            21.308316,
            69.126065
          ],
          [
            21.308515,
            69.126119
          ],
          [
            21.308687,
            69.126184
          ],
          [
            21.308849,
            69.126253
          ],
          [
            21.308986,
            69.126328
          ],
          [
            21.309171,
            69.126388
          ],
          [
            21.309309,
            69.126463
          ],
          [
            21.309478,
            69.126529
          ],
          [
            21.309699,
            69.126572
          ],
          [
            21.309899,
            69.126626
          ],
          [
            21.310116,
            69.126672
          ],
          [
            21.310322,
            69.126723
          ],
          [
            21.310504,
            69.126785
          ],
          [
            21.310659,
            69.126855
          ],
          [
            21.310858,
            69.12691
          ],
          [
            21.311075,
            69.126955
          ],
          [
            21.311285,
            69.127004
          ],
          [
            21.311479,
            69.127061
          ],
          [
            21.311665,
            69.127121
          ],
          [
            21.311891,
            69.127161
          ],
          [
            21.312112,
            69.127203
          ],
          [
            21.312336,
            69.127244
          ],
          [
            21.312561,
            69.127284
          ],
          [
            21.312778,
            69.127329
          ],
          [
            21.312982,
            69.127381
          ],
          [
            21.3132,
            69.127426
          ],
          [
            21.31342,
            69.127469
          ],
          [
            21.313634,
            69.127516
          ],
          [
            21.313861,
            69.127554
          ],
          [
            21.314076,
            69.127601
          ],
          [
            21.314255,
            69.127664
          ],
          [
            21.314442,
            69.127724
          ],
          [
            21.314632,
            69.127782
          ],
          [
            21.314819,
            69.127843
          ],
          [
            21.315012,
            69.1279
          ],
          [
            21.315172,
            69.127969
          ],
          [
            21.315405,
            69.128003
          ],
          [
            21.315622,
            69.128048
          ],
          [
            21.315816,
            69.128104
          ],
          [
            21.315996,
            69.128167
          ],
          [
            21.316206,
            69.128216
          ],
          [
            21.316437,
            69.128251
          ],
          [
            21.316652,
            69.128297
          ],
          [
            21.316816,
            69.128365
          ],
          [
            21.317053,
            69.128395
          ],
          [
            21.317293,
            69.12842
          ],
          [
            21.317525,
            69.128454
          ],
          [
            21.317749,
            69.128495
          ],
          [
            21.317993,
            69.128515
          ],
          [
            21.318228,
            69.128546
          ],
          [
            21.318449,
            69.128589
          ],
          [
            21.318535,
            69.128673
          ],
          [
            21.318733,
            69.128728
          ],
          [
            21.318973,
            69.128754
          ],
          [
            21.319211,
            69.128782
          ],
          [
            21.319456,
            69.128801
          ],
          [
            21.319705,
            69.128801
          ],
          [
            21.319954,
            69.128809
          ],
          [
            21.320198,
            69.128829
          ],
          [
            21.320441,
            69.128854
          ],
          [
            21.320672,
            69.128889
          ],
          [
            21.320831,
            69.128958
          ],
          [
            21.320965,
            69.129034
          ],
          [
            21.321214,
            69.129046
          ],
          [
            21.321425,
            69.129095
          ],
          [
            21.321676,
            69.129097
          ],
          [
            21.321907,
            69.129133
          ],
          [
            21.322144,
            69.129162
          ],
          [
            21.322364,
            69.129205
          ],
          [
            21.322606,
            69.12923
          ],
          [
            21.322849,
            69.129252
          ],
          [
            21.323083,
            69.129285
          ],
          [
            21.323329,
            69.129304
          ],
          [
            21.323513,
            69.129365
          ],
          [
            21.323737,
            69.129406
          ],
          [
            21.323957,
            69.129448
          ],
          [
            21.324188,
            69.129483
          ],
          [
            21.324423,
            69.129515
          ],
          [
            21.324623,
            69.129569
          ],
          [
            21.324843,
            69.129613
          ],
          [
            21.325065,
            69.129654
          ],
          [
            21.325259,
            69.129711
          ],
          [
            21.325485,
            69.129751
          ],
          [
            21.325721,
            69.129782
          ],
          [
            21.325969,
            69.129797
          ],
          [
            21.326192,
            69.129838
          ],
          [
            21.32642,
            69.129876
          ],
          [
            21.326671,
            69.129881
          ],
          [
            21.326922,
            69.12988
          ],
          [
            21.327172,
            69.129885
          ],
          [
            21.327423,
            69.12988
          ],
          [
            21.327672,
            69.12989
          ],
          [
            21.327914,
            69.129915
          ],
          [
            21.32816,
            69.129933
          ],
          [
            21.328408,
            69.12995
          ],
          [
            21.328636,
            69.129987
          ],
          [
            21.328884,
            69.130002
          ],
          [
            21.329097,
            69.130049
          ],
          [
            21.329291,
            69.130106
          ],
          [
            21.329458,
            69.130171
          ],
          [
            21.329668,
            69.130221
          ],
          [
            21.329828,
            69.13029
          ],
          [
            21.330001,
            69.130354
          ],
          [
            21.330087,
            69.130439
          ],
          [
            21.330189,
            69.13052
          ],
          [
            21.330334,
            69.130594
          ],
          [
            21.3305,
            69.130661
          ],
          [
            21.330706,
            69.130712
          ],
          [
            21.33091,
            69.130765
          ],
          [
            21.331104,
            69.130821
          ],
          [
            21.331304,
            69.130875
          ],
          [
            21.331521,
            69.13092
          ],
          [
            21.331766,
            69.130932
          ],
          [
            21.331973,
            69.130982
          ],
          [
            21.332185,
            69.131029
          ],
          [
            21.332327,
            69.131103
          ],
          [
            21.332527,
            69.131157
          ],
          [
            21.332685,
            69.131226
          ],
          [
            21.332818,
            69.131302
          ],
          [
            21.333009,
            69.13136
          ],
          [
            21.333156,
            69.131433
          ],
          [
            21.333315,
            69.131502
          ],
          [
            21.333476,
            69.131571
          ],
          [
            21.333659,
            69.131633
          ],
          [
            21.333853,
            69.13169
          ],
          [
            21.334012,
            69.131759
          ],
          [
            21.334224,
            69.131807
          ],
          [
            21.334376,
            69.131878
          ],
          [
            21.33452,
            69.131952
          ],
          [
            21.33472,
            69.132005
          ],
          [
            21.334872,
            69.132076
          ],
          [
            21.335056,
            69.132137
          ],
          [
            21.335235,
            69.1322
          ],
          [
            21.335397,
            69.132268
          ],
          [
            21.335543,
            69.13234
          ],
          [
            21.335691,
            69.132412
          ],
          [
            21.3358,
            69.132493
          ],
          [
            21.335925,
            69.13257
          ],
          [
            21.336103,
            69.132634
          ],
          [
            21.336279,
            69.132698
          ],
          [
            21.336408,
            69.132774
          ],
          [
            21.336572,
            69.132842
          ],
          [
            21.336649,
            69.132928
          ],
          [
            21.336802,
            69.132999
          ],
          [
            21.336907,
            69.13308
          ],
          [
            21.337019,
            69.13316
          ],
          [
            21.337126,
            69.133241
          ],
          [
            21.337219,
            69.133324
          ],
          [
            21.33731,
            69.133408
          ],
          [
            21.33741,
            69.13349
          ],
          [
            21.337551,
            69.133564
          ],
          [
            21.337659,
            69.133645
          ],
          [
            21.337774,
            69.133724
          ],
          [
            21.337842,
            69.13381
          ],
          [
            21.337921,
            69.133895
          ],
          [
            21.337959,
            69.133983
          ],
          [
            21.337992,
            69.134072
          ],
          [
            21.338044,
            69.13416
          ],
          [
            21.338099,
            69.134247
          ],
          [
            21.338243,
            69.13432
          ],
          [
            21.338295,
            69.134407
          ],
          [
            21.338421,
            69.134484
          ],
          [
            21.338576,
            69.134554
          ],
          [
            21.338724,
            69.134626
          ],
          [
            21.338845,
            69.134704
          ],
          [
            21.338917,
            69.13479
          ],
          [
            21.33892,
            69.134879
          ],
          [
            21.338943,
            69.134968
          ],
          [
            21.339047,
            69.13505
          ],
          [
            21.339114,
            69.135136
          ],
          [
            21.339144,
            69.135225
          ],
          [
            21.339214,
            69.135311
          ],
          [
            21.3393,
            69.135395
          ],
          [
            21.339371,
            69.135481
          ],
          [
            21.339388,
            69.13557
          ],
          [
            21.339472,
            69.135654
          ],
          [
            21.33954,
            69.13574
          ],
          [
            21.339676,
            69.135814
          ],
          [
            21.339778,
            69.135895
          ],
          [
            21.33987,
            69.135977
          ],
          [
            21.339972,
            69.136058
          ],
          [
            21.340068,
            69.13614
          ],
          [
            21.340146,
            69.136224
          ],
          [
            21.340229,
            69.136308
          ],
          [
            21.340312,
            69.136392
          ],
          [
            21.340394,
            69.136477
          ],
          [
            21.340477,
            69.136561
          ],
          [
            21.340544,
            69.136647
          ],
          [
            21.340558,
            69.136736
          ],
          [
            21.34063,
            69.136822
          ],
          [
            21.34067,
            69.136874
          ],
          [
            21.340687,
            69.136909
          ],
          [
            21.340698,
            69.136999
          ],
          [
            21.340698,
            69.137088
          ],
          [
            21.340706,
            69.137178
          ],
          [
            21.340691,
            69.137267
          ],
          [
            21.340698,
            69.137357
          ],
          [
            21.34069,
            69.137447
          ],
          [
            21.340741,
            69.137534
          ],
          [
            21.340736,
            69.137624
          ],
          [
            21.340796,
            69.137711
          ],
          [
            21.340798,
            69.137801
          ],
          [
            21.340827,
            69.13789
          ],
          [
            21.340837,
            69.137979
          ],
          [
            21.340894,
            69.138066
          ],
          [
            21.340936,
            69.138155
          ],
          [
            21.340953,
            69.138244
          ],
          [
            21.340992,
            69.138332
          ],
          [
            21.341007,
            69.138422
          ],
          [
            21.34103,
            69.138511
          ],
          [
            21.341017,
            69.1386
          ],
          [
            21.341046,
            69.138689
          ],
          [
            21.341046,
            69.138779
          ],
          [
            21.341075,
            69.138868
          ],
          [
            21.341092,
            69.138957
          ],
          [
            21.341129,
            69.139046
          ],
          [
            21.341155,
            69.139135
          ],
          [
            21.341178,
            69.139224
          ],
          [
            21.341237,
            69.139311
          ],
          [
            21.341263,
            69.1394
          ],
          [
            21.341264,
            69.13949
          ],
          [
            21.341258,
            69.139579
          ],
          [
            21.341285,
            69.139668
          ],
          [
            21.341302,
            69.139758
          ],
          [
            21.34131,
            69.139847
          ],
          [
            21.341339,
            69.139936
          ],
          [
            21.341356,
            69.140025
          ],
          [
            21.341364,
            69.140115
          ],
          [
            21.341364,
            69.140204
          ],
          [
            21.341356,
            69.140294
          ],
          [
            21.341322,
            69.140382
          ],
          [
            21.341284,
            69.140471
          ],
          [
            21.341255,
            69.14056
          ],
          [
            21.341267,
            69.140649
          ],
          [
            21.34126,
            69.140739
          ],
          [
            21.341259,
            69.140828
          ],
          [
            21.341258,
            69.140918
          ],
          [
            21.341287,
            69.141006
          ],
          [
            21.341297,
            69.141096
          ],
          [
            21.34125,
            69.141184
          ],
          [
            21.341197,
            69.141272
          ],
          [
            21.341179,
            69.141361
          ],
          [
            21.341177,
            69.141451
          ],
          [
            21.341184,
            69.14154
          ],
          [
            21.34117,
            69.14163
          ],
          [
            21.341121,
            69.141717
          ],
          [
            21.341052,
            69.141804
          ],
          [
            21.340996,
            69.141891
          ],
          [
            21.340927,
            69.141977
          ],
          [
            21.340896,
            69.142066
          ],
          [
            21.340905,
            69.142156
          ],
          [
            21.34089,
            69.142245
          ],
          [
            21.340867,
            69.142334
          ],
          [
            21.340828,
            69.142423
          ],
          [
            21.340786,
            69.142511
          ],
          [
            21.340726,
            69.142598
          ],
          [
            21.340673,
            69.142686
          ],
          [
            21.340638,
            69.142775
          ],
          [
            21.340559,
            69.14286
          ],
          [
            21.340555,
            69.142949
          ],
          [
            21.340554,
            69.143039
          ],
          [
            21.340591,
            69.143128
          ],
          [
            21.340615,
            69.143217
          ],
          [
            21.340624,
            69.143306
          ],
          [
            21.340593,
            69.143395
          ],
          [
            21.340607,
            69.143485
          ],
          [
            21.340638,
            69.143574
          ],
          [
            21.340626,
            69.143663
          ],
          [
            21.340616,
            69.143753
          ],
          [
            21.340595,
            69.143842
          ],
          [
            21.340598,
            69.143932
          ],
          [
            21.340634,
            69.14402
          ],
          [
            21.340659,
            69.144109
          ],
          [
            21.340695,
            69.144198
          ],
          [
            21.340799,
            69.144279
          ],
          [
            21.340815,
            69.144368
          ],
          [
            21.340831,
            69.144457
          ],
          [
            21.340809,
            69.144546
          ],
          [
            21.340787,
            69.144635
          ],
          [
            21.340765,
            69.144724
          ],
          [
            21.340743,
            69.144813
          ],
          [
            21.340723,
            69.144902
          ],
          [
            21.340697,
            69.144991
          ],
          [
            21.340676,
            69.14508
          ],
          [
            21.340672,
            69.145169
          ],
          [
            21.340717,
            69.145256
          ],
          [
            21.340788,
            69.145341
          ],
          [
            21.340781,
            69.145431
          ],
          [
            21.340742,
            69.145519
          ],
          [
            21.340642,
            69.145601
          ],
          [
            21.340575,
            69.145688
          ],
          [
            21.340493,
            69.145772
          ],
          [
            21.340483,
            69.145783
          ],
          [
            21.340444,
            69.145871
          ],
          [
            21.340405,
            69.145959
          ],
          [
            21.340366,
            69.146047
          ],
          [
            21.340318,
            69.146134
          ],
          [
            21.340287,
            69.146223
          ],
          [
            21.340247,
            69.146311
          ],
          [
            21.340212,
            69.146399
          ],
          [
            21.340111,
            69.146481
          ],
          [
            21.340065,
            69.146569
          ],
          [
            21.340126,
            69.146656
          ],
          [
            21.3402,
            69.146741
          ],
          [
            21.340263,
            69.146827
          ],
          [
            21.340308,
            69.146915
          ],
          [
            21.340402,
            69.146997
          ],
          [
            21.340472,
            69.147082
          ],
          [
            21.340505,
            69.14717
          ],
          [
            21.34052,
            69.147259
          ],
          [
            21.340463,
            69.147346
          ],
          [
            21.34041,
            69.147432
          ],
          [
            21.340331,
            69.147517
          ],
          [
            21.340298,
            69.147605
          ],
          [
            21.340274,
            69.147694
          ],
          [
            21.340171,
            69.147775
          ],
          [
            21.340141,
            69.147864
          ],
          [
            21.340093,
            69.147952
          ],
          [
            21.34006,
            69.148041
          ],
          [
            21.340089,
            69.14813
          ],
          [
            21.340158,
            69.148216
          ],
          [
            21.340197,
            69.148304
          ],
          [
            21.340191,
            69.148393
          ],
          [
            21.34005,
            69.148467
          ],
          [
            21.339878,
            69.148533
          ],
          [
            21.339818,
            69.148619
          ],
          [
            21.339808,
            69.148708
          ],
          [
            21.33983,
            69.148797
          ],
          [
            21.33983,
            69.148887
          ],
          [
            21.339845,
            69.148976
          ],
          [
            21.339794,
            69.149063
          ],
          [
            21.339743,
            69.149149
          ],
          [
            21.339663,
            69.149234
          ],
          [
            21.33958,
            69.149317
          ],
          [
            21.339574,
            69.149406
          ],
          [
            21.339581,
            69.149495
          ],
          [
            21.33955,
            69.149583
          ],
          [
            21.339543,
            69.149672
          ],
          [
            21.339451,
            69.149755
          ],
          [
            21.339418,
            69.149844
          ],
          [
            21.339473,
            69.149931
          ],
          [
            21.339499,
            69.150021
          ],
          [
            21.339453,
            69.150109
          ],
          [
            21.339445,
            69.150198
          ],
          [
            21.339451,
            69.150288
          ],
          [
            21.339452,
            69.150377
          ],
          [
            21.339473,
            69.150466
          ],
          [
            21.339549,
            69.150551
          ],
          [
            21.339574,
            69.150639
          ],
          [
            21.339644,
            69.150723
          ],
          [
            21.339768,
            69.1508
          ],
          [
            21.339817,
            69.150888
          ],
          [
            21.339938,
            69.150966
          ],
          [
            21.340009,
            69.151052
          ],
          [
            21.340082,
            69.151138
          ],
          [
            21.340198,
            69.151217
          ],
          [
            21.340379,
            69.151279
          ],
          [
            21.340726,
            69.151461
          ],
          [
            21.341191,
            69.151718
          ],
          [
            21.34168,
            69.152076
          ],
          [
            21.341853,
            69.152196
          ],
          [
            21.341885,
            69.152383
          ],
          [
            21.341772,
            69.152566
          ],
          [
            21.341745,
            69.15266
          ],
          [
            21.341752,
            69.152867
          ],
          [
            21.341765,
            69.153001
          ],
          [
            21.341793,
            69.153088
          ],
          [
            21.341843,
            69.153248
          ],
          [
            21.341792,
            69.15342
          ],
          [
            21.341683,
            69.153581
          ],
          [
            21.341778,
            69.153719
          ],
          [
            21.341793,
            69.153861
          ],
          [
            21.341749,
            69.154047
          ],
          [
            21.341666,
            69.154229
          ],
          [
            21.341589,
            69.154347
          ],
          [
            21.341555,
            69.154438
          ],
          [
            21.341595,
            69.154549
          ],
          [
            21.341712,
            69.154647
          ],
          [
            21.341782,
            69.154725
          ],
          [
            21.341842,
            69.154794
          ],
          [
            21.34191,
            69.154844
          ],
          [
            21.341881,
            69.154874
          ],
          [
            21.341827,
            69.154949
          ],
          [
            21.341749,
            69.155054
          ],
          [
            21.341713,
            69.155108
          ],
          [
            21.341661,
            69.155177
          ],
          [
            21.341616,
            69.155235
          ],
          [
            21.341557,
            69.155298
          ],
          [
            21.341546,
            69.155355
          ],
          [
            21.341554,
            69.155381
          ],
          [
            21.341495,
            69.155422
          ],
          [
            21.341458,
            69.155461
          ],
          [
            21.341389,
            69.1555
          ],
          [
            21.341279,
            69.155591
          ],
          [
            21.341159,
            69.155712
          ],
          [
            21.340977,
            69.155818
          ],
          [
            21.340878,
            69.155926
          ],
          [
            21.340722,
            69.156102
          ],
          [
            21.340585,
            69.156329
          ],
          [
            21.340471,
            69.156481
          ],
          [
            21.340342,
            69.156683
          ],
          [
            21.340271,
            69.156742
          ],
          [
            21.340162,
            69.156844
          ],
          [
            21.340147,
            69.156919
          ],
          [
            21.340249,
            69.156976
          ],
          [
            21.340191,
            69.157067
          ],
          [
            21.340067,
            69.157183
          ],
          [
            21.340031,
            69.15724
          ],
          [
            21.340101,
            69.157286
          ],
          [
            21.340148,
            69.157344
          ],
          [
            21.339742,
            69.157514
          ],
          [
            21.339622,
            69.157585
          ],
          [
            21.339609,
            69.157651
          ],
          [
            21.339645,
            69.157688
          ],
          [
            21.339803,
            69.157772
          ],
          [
            21.340022,
            69.157804
          ],
          [
            21.34021,
            69.157934
          ],
          [
            21.340202,
            69.15795
          ],
          [
            21.340221,
            69.157988
          ],
          [
            21.340333,
            69.15808
          ],
          [
            21.340447,
            69.158228
          ],
          [
            21.340594,
            69.158364
          ],
          [
            21.340668,
            69.15844
          ],
          [
            21.340671,
            69.158553
          ],
          [
            21.340755,
            69.158652
          ],
          [
            21.340752,
            69.158717
          ],
          [
            21.340819,
            69.158911
          ],
          [
            21.340849,
            69.159071
          ],
          [
            21.340855,
            69.159181
          ],
          [
            21.340995,
            69.15928
          ],
          [
            21.341134,
            69.159568
          ],
          [
            21.341227,
            69.159934
          ],
          [
            21.34121,
            69.159968
          ],
          [
            21.3412,
            69.160054
          ],
          [
            21.341191,
            69.160114
          ],
          [
            21.341259,
            69.160208
          ],
          [
            21.341176,
            69.160263
          ],
          [
            21.341209,
            69.1603
          ],
          [
            21.34134,
            69.160384
          ],
          [
            21.341557,
            69.160494
          ],
          [
            21.341698,
            69.160572
          ],
          [
            21.341833,
            69.160691
          ],
          [
            21.341898,
            69.160885
          ],
          [
            21.341895,
            69.160973
          ],
          [
            21.341885,
            69.161137
          ],
          [
            21.341907,
            69.161197
          ],
          [
            21.341976,
            69.161216
          ],
          [
            21.341995,
            69.161369
          ],
          [
            21.342023,
            69.161432
          ],
          [
            21.342165,
            69.161557
          ],
          [
            21.34221,
            69.161614
          ],
          [
            21.342312,
            69.16179
          ],
          [
            21.34236,
            69.161957
          ],
          [
            21.342351,
            69.162015
          ]
        ]
      }
    },
    {
      "type": "Feature",
      "properties": {
        "schemaVersion": 1,
        "trailId": "nordkalottleden",
        "sectionId": "nordkalottleden-kalottireitti-04-meekonjarvi-pihtsusjarvi",
        "sectionNumber": 4,
        "name": "Kalottireitti pohjoiseen: Meekonjärvi / Megonjávri - Pihtsusjärvi / Pitsusjärvi / Bihčosjávri",
        "sourceKind": "official-luontoon-ogc",
        "sourceUrl": "https://www.luontoon.fi/geo/features/collections/public.all_lines_details_view/items?limit=1&source_unique_id=uljas-9F510DA4-B3F2-4389-A7E5-B2F0B2E72D7A",
        "sourceUrls": [
          "https://www.luontoon.fi/geo/features/collections/public.all_lines_details_view/items?limit=1&source_unique_id=uljas-9F510DA4-B3F2-4389-A7E5-B2F0B2E72D7A"
        ],
        "sourceAccessed": "2026-04-30",
        "generatedAt": "2026-04-30T06:26:02.442Z",
        "sourceDirection": "Meekonjärvi to Somas/Kopmajoki-side official route line",
        "appDirection": "Meekonjärvi to Pihtsusjärvi",
        "officialDistanceKm": 12,
        "geometryDistanceKm": 10.331,
        "geometryPointCount": 651,
        "endpointSnap": {
          "start": {
            "selectedEndpointLabel": "Meekonjärvi / Megonjávri shared/rental hut area",
            "selectedEndpoint": {
              "lat": 69.162017314,
              "lon": 21.34248001
            },
            "routeLinePoint": {
              "lat": 69.162015,
              "lon": 21.342351
            },
            "gapMeters": 5.1
          },
          "end": {
            "selectedEndpointLabel": "Bihčosjávri / Pitsusjärvi open wilderness and shared rental hut",
            "selectedEndpoint": {
              "lat": 69.231153625,
              "lon": 21.289356745
            },
            "routeLinePoint": {
              "lat": 69.231161,
              "lon": 21.289172
            },
            "gapMeters": 7.4
          }
        },
        "maxEndpointGapMeters": 7.4,
        "quality": "high-quality official route-line candidate",
        "caveats": [
          "Meekonjärvi hut access is represented by official spur linework, not by a synthetic connector."
        ],
        "warnings": [],
        "importReadiness": "research geometry artifact only; not runtime app geometry",
        "sourceMetadata": {
          "sourceUrl": "https://www.luontoon.fi/geo/features/collections/public.all_lines_details_view/items?limit=1&source_unique_id=uljas-9F510DA4-B3F2-4389-A7E5-B2F0B2E72D7A",
          "sourceUniqueId": "uljas-9F510DA4-B3F2-4389-A7E5-B2F0B2E72D7A",
          "featureName": "Kalottireitti",
          "reportedLengthKm": 76.65,
          "lineCount": 15
        }
      },
      "geometry": {
        "type": "LineString",
        "coordinates": [
          [
            21.342351,
            69.162015
          ],
          [
            21.342346,
            69.162051
          ],
          [
            21.342242,
            69.162062
          ],
          [
            21.341259,
            69.162093
          ],
          [
            21.341177,
            69.162102
          ],
          [
            21.340753,
            69.16213
          ],
          [
            21.340419,
            69.162181
          ],
          [
            21.339517,
            69.162458
          ],
          [
            21.339326,
            69.162551
          ],
          [
            21.339147,
            69.162658
          ],
          [
            21.339021,
            69.16269
          ],
          [
            21.337862,
            69.163098
          ],
          [
            21.33694,
            69.163656
          ],
          [
            21.336632,
            69.163893
          ],
          [
            21.336618,
            69.164192
          ],
          [
            21.33647,
            69.16443
          ],
          [
            21.336331,
            69.164597
          ],
          [
            21.336028,
            69.164887
          ],
          [
            21.335882,
            69.164962
          ],
          [
            21.335709,
            69.164984
          ],
          [
            21.335514,
            69.165051
          ],
          [
            21.3353,
            69.165135
          ],
          [
            21.335052,
            69.16563
          ],
          [
            21.334665,
            69.165866
          ],
          [
            21.334611,
            69.16589
          ],
          [
            21.334441,
            69.165946
          ],
          [
            21.33436,
            69.166039
          ],
          [
            21.334182,
            69.166349
          ],
          [
            21.334021,
            69.166746
          ],
          [
            21.333921,
            69.16703
          ],
          [
            21.333748,
            69.167233
          ],
          [
            21.333657,
            69.167365
          ],
          [
            21.333628,
            69.16749
          ],
          [
            21.333687,
            69.167802
          ],
          [
            21.333837,
            69.168146
          ],
          [
            21.334246,
            69.168348
          ],
          [
            21.334776,
            69.168407
          ],
          [
            21.335983,
            69.168366
          ],
          [
            21.336274,
            69.16835
          ],
          [
            21.336514,
            69.168367
          ],
          [
            21.336686,
            69.168413
          ],
          [
            21.336802,
            69.168441
          ],
          [
            21.336905,
            69.168456
          ],
          [
            21.337039,
            69.168484
          ],
          [
            21.337082,
            69.168524
          ],
          [
            21.337261,
            69.168593
          ],
          [
            21.337586,
            69.16867
          ],
          [
            21.337735,
            69.168701
          ],
          [
            21.337956,
            69.168803
          ],
          [
            21.338371,
            69.168928
          ],
          [
            21.33871,
            69.169003
          ],
          [
            21.338943,
            69.169058
          ],
          [
            21.339136,
            69.169064
          ],
          [
            21.339339,
            69.169068
          ],
          [
            21.33964,
            69.169094
          ],
          [
            21.340106,
            69.169193
          ],
          [
            21.340308,
            69.169265
          ],
          [
            21.340508,
            69.169321
          ],
          [
            21.340627,
            69.169372
          ],
          [
            21.340763,
            69.169432
          ],
          [
            21.3409,
            69.169503
          ],
          [
            21.341114,
            69.169574
          ],
          [
            21.341375,
            69.169667
          ],
          [
            21.341502,
            69.169833
          ],
          [
            21.341535,
            69.169959
          ],
          [
            21.341667,
            69.170112
          ],
          [
            21.341729,
            69.170183
          ],
          [
            21.341742,
            69.170299
          ],
          [
            21.341642,
            69.170451
          ],
          [
            21.341609,
            69.170579
          ],
          [
            21.341517,
            69.170662
          ],
          [
            21.341407,
            69.170791
          ],
          [
            21.341326,
            69.17092
          ],
          [
            21.341153,
            69.171071
          ],
          [
            21.341063,
            69.171147
          ],
          [
            21.340993,
            69.171171
          ],
          [
            21.340795,
            69.171342
          ],
          [
            21.340579,
            69.171465
          ],
          [
            21.34028,
            69.17161
          ],
          [
            21.340118,
            69.171656
          ],
          [
            21.339907,
            69.171758
          ],
          [
            21.339627,
            69.171881
          ],
          [
            21.339388,
            69.17203
          ],
          [
            21.339053,
            69.172209
          ],
          [
            21.338889,
            69.172288
          ],
          [
            21.338671,
            69.172381
          ],
          [
            21.338355,
            69.172539
          ],
          [
            21.337861,
            69.172719
          ],
          [
            21.337735,
            69.172799
          ],
          [
            21.337653,
            69.17295
          ],
          [
            21.337684,
            69.173008
          ],
          [
            21.337678,
            69.173111
          ],
          [
            21.337708,
            69.173199
          ],
          [
            21.337643,
            69.173296
          ],
          [
            21.337605,
            69.173376
          ],
          [
            21.33743,
            69.173455
          ],
          [
            21.337268,
            69.173543
          ],
          [
            21.337103,
            69.173583
          ],
          [
            21.336674,
            69.173765
          ],
          [
            21.33635,
            69.173915
          ],
          [
            21.33615,
            69.174042
          ],
          [
            21.335906,
            69.174183
          ],
          [
            21.335424,
            69.174399
          ],
          [
            21.335262,
            69.174447
          ],
          [
            21.334873,
            69.174604
          ],
          [
            21.334696,
            69.174704
          ],
          [
            21.334499,
            69.174792
          ],
          [
            21.334363,
            69.174864
          ],
          [
            21.3343,
            69.174963
          ],
          [
            21.334278,
            69.175002
          ],
          [
            21.3342,
            69.175128
          ],
          [
            21.33389,
            69.175265
          ],
          [
            21.333648,
            69.175349
          ],
          [
            21.333387,
            69.175464
          ],
          [
            21.333201,
            69.17551
          ],
          [
            21.333019,
            69.175566
          ],
          [
            21.332953,
            69.175614
          ],
          [
            21.332924,
            69.175672
          ],
          [
            21.332778,
            69.17581
          ],
          [
            21.332685,
            69.175923
          ],
          [
            21.332426,
            69.176079
          ],
          [
            21.332316,
            69.17617
          ],
          [
            21.332298,
            69.176221
          ],
          [
            21.332318,
            69.176302
          ],
          [
            21.332186,
            69.176387
          ],
          [
            21.332038,
            69.176427
          ],
          [
            21.331759,
            69.176557
          ],
          [
            21.331548,
            69.176715
          ],
          [
            21.331347,
            69.176831
          ],
          [
            21.331224,
            69.176861
          ],
          [
            21.331086,
            69.176908
          ],
          [
            21.330984,
            69.176977
          ],
          [
            21.330826,
            69.17703
          ],
          [
            21.330677,
            69.177076
          ],
          [
            21.33059,
            69.177181
          ],
          [
            21.33049,
            69.177279
          ],
          [
            21.330328,
            69.177375
          ],
          [
            21.330315,
            69.177448
          ],
          [
            21.328864,
            69.177949
          ],
          [
            21.327084,
            69.17891
          ],
          [
            21.325914,
            69.179227
          ],
          [
            21.322971,
            69.179044
          ],
          [
            21.321995,
            69.179033
          ],
          [
            21.320742,
            69.179437
          ],
          [
            21.319371,
            69.180062
          ],
          [
            21.318736,
            69.180171
          ],
          [
            21.317483,
            69.180154
          ],
          [
            21.315016,
            69.180324
          ],
          [
            21.313049,
            69.180186
          ],
          [
            21.311437,
            69.179945
          ],
          [
            21.311158,
            69.179979
          ],
          [
            21.311063,
            69.179982
          ],
          [
            21.311001,
            69.179964
          ],
          [
            21.310888,
            69.179937
          ],
          [
            21.310532,
            69.179967
          ],
          [
            21.310235,
            69.180028
          ],
          [
            21.309929,
            69.180079
          ],
          [
            21.309663,
            69.180126
          ],
          [
            21.309375,
            69.180155
          ],
          [
            21.308744,
            69.180135
          ],
          [
            21.308295,
            69.180124
          ],
          [
            21.308068,
            69.180109
          ],
          [
            21.307762,
            69.180112
          ],
          [
            21.307359,
            69.18008
          ],
          [
            21.306742,
            69.180109
          ],
          [
            21.306323,
            69.180136
          ],
          [
            21.305986,
            69.18012
          ],
          [
            21.305521,
            69.180169
          ],
          [
            21.305094,
            69.180154
          ],
          [
            21.30366,
            69.180312
          ],
          [
            21.302653,
            69.180435
          ],
          [
            21.302202,
            69.180483
          ],
          [
            21.301937,
            69.180497
          ],
          [
            21.3016,
            69.180521
          ],
          [
            21.300818,
            69.180551
          ],
          [
            21.30013,
            69.180599
          ],
          [
            21.299837,
            69.180666
          ],
          [
            21.299589,
            69.18067
          ],
          [
            21.299335,
            69.180732
          ],
          [
            21.299018,
            69.180805
          ],
          [
            21.298943,
            69.1809
          ],
          [
            21.298856,
            69.180982
          ],
          [
            21.298149,
            69.18114
          ],
          [
            21.298082,
            69.181181
          ],
          [
            21.297974,
            69.181492
          ],
          [
            21.297849,
            69.181611
          ],
          [
            21.29759,
            69.181729
          ],
          [
            21.297315,
            69.181858
          ],
          [
            21.296958,
            69.182041
          ],
          [
            21.296409,
            69.182277
          ],
          [
            21.296063,
            69.182448
          ],
          [
            21.295962,
            69.182488
          ],
          [
            21.295882,
            69.182588
          ],
          [
            21.29573,
            69.182669
          ],
          [
            21.295575,
            69.182723
          ],
          [
            21.295355,
            69.182743
          ],
          [
            21.295231,
            69.182789
          ],
          [
            21.29512,
            69.182851
          ],
          [
            21.29479,
            69.182921
          ],
          [
            21.294461,
            69.182961
          ],
          [
            21.294204,
            69.18301
          ],
          [
            21.294088,
            69.183082
          ],
          [
            21.293774,
            69.183156
          ],
          [
            21.293654,
            69.183165
          ],
          [
            21.293594,
            69.183161
          ],
          [
            21.293408,
            69.183173
          ],
          [
            21.293282,
            69.183206
          ],
          [
            21.293108,
            69.183259
          ],
          [
            21.292842,
            69.183275
          ],
          [
            21.292491,
            69.183359
          ],
          [
            21.292423,
            69.183398
          ],
          [
            21.292364,
            69.183501
          ],
          [
            21.29246,
            69.183535
          ],
          [
            21.292673,
            69.18353
          ],
          [
            21.293025,
            69.183618
          ],
          [
            21.293051,
            69.183704
          ],
          [
            21.292997,
            69.183739
          ],
          [
            21.292975,
            69.183766
          ],
          [
            21.2931,
            69.183798
          ],
          [
            21.293452,
            69.183847
          ],
          [
            21.293548,
            69.183888
          ],
          [
            21.293532,
            69.18395
          ],
          [
            21.293457,
            69.184046
          ],
          [
            21.2935,
            69.184122
          ],
          [
            21.293674,
            69.184187
          ],
          [
            21.294048,
            69.184268
          ],
          [
            21.294167,
            69.184326
          ],
          [
            21.294322,
            69.184383
          ],
          [
            21.29473,
            69.184513
          ],
          [
            21.295028,
            69.184579
          ],
          [
            21.295187,
            69.184605
          ],
          [
            21.295302,
            69.184669
          ],
          [
            21.295475,
            69.184684
          ],
          [
            21.295891,
            69.184799
          ],
          [
            21.296125,
            69.184939
          ],
          [
            21.29635,
            69.185001
          ],
          [
            21.296496,
            69.185087
          ],
          [
            21.296989,
            69.185224
          ],
          [
            21.297427,
            69.185311
          ],
          [
            21.298177,
            69.185501
          ],
          [
            21.298486,
            69.185578
          ],
          [
            21.298643,
            69.185694
          ],
          [
            21.298835,
            69.185812
          ],
          [
            21.298843,
            69.185892
          ],
          [
            21.298727,
            69.185958
          ],
          [
            21.298567,
            69.186066
          ],
          [
            21.298436,
            69.186128
          ],
          [
            21.298387,
            69.186182
          ],
          [
            21.298457,
            69.186293
          ],
          [
            21.298521,
            69.186373
          ],
          [
            21.298511,
            69.186483
          ],
          [
            21.298451,
            69.186536
          ],
          [
            21.298333,
            69.18657
          ],
          [
            21.298184,
            69.186627
          ],
          [
            21.298085,
            69.186688
          ],
          [
            21.297988,
            69.186732
          ],
          [
            21.297962,
            69.18676
          ],
          [
            21.29794,
            69.186817
          ],
          [
            21.29784,
            69.186879
          ],
          [
            21.29759,
            69.187032
          ],
          [
            21.297335,
            69.187209
          ],
          [
            21.29722,
            69.187271
          ],
          [
            21.29718,
            69.18732
          ],
          [
            21.296959,
            69.187428
          ],
          [
            21.2968,
            69.187524
          ],
          [
            21.296732,
            69.187607
          ],
          [
            21.2966,
            69.187633
          ],
          [
            21.296485,
            69.187671
          ],
          [
            21.296315,
            69.187746
          ],
          [
            21.296166,
            69.187798
          ],
          [
            21.296049,
            69.187821
          ],
          [
            21.295859,
            69.187922
          ],
          [
            21.295638,
            69.188039
          ],
          [
            21.295467,
            69.188109
          ],
          [
            21.295328,
            69.188179
          ],
          [
            21.295273,
            69.188225
          ],
          [
            21.295188,
            69.188311
          ],
          [
            21.295069,
            69.188413
          ],
          [
            21.294898,
            69.188521
          ],
          [
            21.294647,
            69.188632
          ],
          [
            21.294526,
            69.18868
          ],
          [
            21.29444,
            69.188768
          ],
          [
            21.2943,
            69.188969
          ],
          [
            21.294175,
            69.189093
          ],
          [
            21.294053,
            69.189241
          ],
          [
            21.293953,
            69.189417
          ],
          [
            21.293878,
            69.189538
          ],
          [
            21.293746,
            69.189625
          ],
          [
            21.293395,
            69.189766
          ],
          [
            21.29313,
            69.189828
          ],
          [
            21.292804,
            69.189883
          ],
          [
            21.292458,
            69.189944
          ],
          [
            21.292163,
            69.189991
          ],
          [
            21.291827,
            69.190003
          ],
          [
            21.291518,
            69.190017
          ],
          [
            21.291189,
            69.190016
          ],
          [
            21.290899,
            69.190018
          ],
          [
            21.290719,
            69.190041
          ],
          [
            21.290645,
            69.190088
          ],
          [
            21.290602,
            69.190168
          ],
          [
            21.29054,
            69.190213
          ],
          [
            21.290484,
            69.19029
          ],
          [
            21.290447,
            69.190371
          ],
          [
            21.290415,
            69.190401
          ],
          [
            21.290418,
            69.190451
          ],
          [
            21.290364,
            69.190494
          ],
          [
            21.290314,
            69.19054
          ],
          [
            21.289988,
            69.190601
          ],
          [
            21.289699,
            69.190649
          ],
          [
            21.289535,
            69.190647
          ],
          [
            21.28934,
            69.19066
          ],
          [
            21.289169,
            69.190679
          ],
          [
            21.289052,
            69.190719
          ],
          [
            21.288836,
            69.190771
          ],
          [
            21.28863,
            69.190803
          ],
          [
            21.288236,
            69.190852
          ],
          [
            21.288058,
            69.190879
          ],
          [
            21.287933,
            69.190883
          ],
          [
            21.287654,
            69.190904
          ],
          [
            21.287383,
            69.190956
          ],
          [
            21.287268,
            69.190987
          ],
          [
            21.287127,
            69.191011
          ],
          [
            21.2868,
            69.191076
          ],
          [
            21.28636,
            69.191202
          ],
          [
            21.286003,
            69.191293
          ],
          [
            21.285948,
            69.191334
          ],
          [
            21.285813,
            69.191426
          ],
          [
            21.285376,
            69.191601
          ],
          [
            21.285076,
            69.191721
          ],
          [
            21.284835,
            69.19181
          ],
          [
            21.284687,
            69.191919
          ],
          [
            21.284462,
            69.192011
          ],
          [
            21.284271,
            69.192084
          ],
          [
            21.283911,
            69.192194
          ],
          [
            21.283696,
            69.192279
          ],
          [
            21.283389,
            69.192368
          ],
          [
            21.282975,
            69.192418
          ],
          [
            21.282904,
            69.192449
          ],
          [
            21.282917,
            69.192472
          ],
          [
            21.282916,
            69.192519
          ],
          [
            21.282858,
            69.192575
          ],
          [
            21.282754,
            69.192624
          ],
          [
            21.282721,
            69.192655
          ],
          [
            21.282615,
            69.192684
          ],
          [
            21.282494,
            69.192757
          ],
          [
            21.282367,
            69.1928
          ],
          [
            21.282191,
            69.192844
          ],
          [
            21.282127,
            69.192897
          ],
          [
            21.282039,
            69.192929
          ],
          [
            21.281821,
            69.192971
          ],
          [
            21.281632,
            69.19302
          ],
          [
            21.281591,
            69.19305
          ],
          [
            21.281634,
            69.193092
          ],
          [
            21.281615,
            69.193124
          ],
          [
            21.281316,
            69.193189
          ],
          [
            21.280954,
            69.193269
          ],
          [
            21.280714,
            69.193369
          ],
          [
            21.280613,
            69.193437
          ],
          [
            21.280525,
            69.193538
          ],
          [
            21.280451,
            69.193626
          ],
          [
            21.280337,
            69.193692
          ],
          [
            21.280256,
            69.193711
          ],
          [
            21.280146,
            69.193757
          ],
          [
            21.280105,
            69.193808
          ],
          [
            21.279994,
            69.193879
          ],
          [
            21.279846,
            69.193919
          ],
          [
            21.279804,
            69.193956
          ],
          [
            21.279693,
            69.19403
          ],
          [
            21.279546,
            69.194081
          ],
          [
            21.279398,
            69.194165
          ],
          [
            21.279345,
            69.194254
          ],
          [
            21.279232,
            69.194337
          ],
          [
            21.279224,
            69.194376
          ],
          [
            21.279136,
            69.194488
          ],
          [
            21.279019,
            69.194555
          ],
          [
            21.278954,
            69.194572
          ],
          [
            21.278767,
            69.194618
          ],
          [
            21.278661,
            69.194704
          ],
          [
            21.278593,
            69.194799
          ],
          [
            21.278592,
            69.194833
          ],
          [
            21.278474,
            69.194956
          ],
          [
            21.278359,
            69.195041
          ],
          [
            21.278258,
            69.195145
          ],
          [
            21.27817,
            69.195369
          ],
          [
            21.278078,
            69.195636
          ],
          [
            21.278085,
            69.195688
          ],
          [
            21.278034,
            69.195782
          ],
          [
            21.278077,
            69.195854
          ],
          [
            21.278135,
            69.195979
          ],
          [
            21.278205,
            69.196139
          ],
          [
            21.278239,
            69.196215
          ],
          [
            21.278311,
            69.196301
          ],
          [
            21.278359,
            69.19635
          ],
          [
            21.278394,
            69.196418
          ],
          [
            21.278446,
            69.196487
          ],
          [
            21.278436,
            69.196599
          ],
          [
            21.278633,
            69.196795
          ],
          [
            21.278644,
            69.196863
          ],
          [
            21.278613,
            69.196942
          ],
          [
            21.278663,
            69.197096
          ],
          [
            21.278679,
            69.197189
          ],
          [
            21.278595,
            69.197243
          ],
          [
            21.278492,
            69.197318
          ],
          [
            21.278446,
            69.197404
          ],
          [
            21.278435,
            69.197556
          ],
          [
            21.278453,
            69.19766
          ],
          [
            21.278386,
            69.1977
          ],
          [
            21.278349,
            69.197812
          ],
          [
            21.278356,
            69.197864
          ],
          [
            21.278461,
            69.197926
          ],
          [
            21.278518,
            69.197953
          ],
          [
            21.278534,
            69.198076
          ],
          [
            21.278654,
            69.198198
          ],
          [
            21.278575,
            69.198357
          ],
          [
            21.278571,
            69.19844
          ],
          [
            21.278641,
            69.198533
          ],
          [
            21.278667,
            69.198618
          ],
          [
            21.278632,
            69.198719
          ],
          [
            21.27863,
            69.198746
          ],
          [
            21.278771,
            69.198884
          ],
          [
            21.2789,
            69.199054
          ],
          [
            21.27899,
            69.199222
          ],
          [
            21.279047,
            69.1993
          ],
          [
            21.279151,
            69.199417
          ],
          [
            21.279257,
            69.199461
          ],
          [
            21.279396,
            69.199543
          ],
          [
            21.279539,
            69.199702
          ],
          [
            21.279554,
            69.199839
          ],
          [
            21.27953,
            69.199928
          ],
          [
            21.279514,
            69.200032
          ],
          [
            21.279567,
            69.200086
          ],
          [
            21.279618,
            69.200111
          ],
          [
            21.279846,
            69.200157
          ],
          [
            21.280096,
            69.200265
          ],
          [
            21.280155,
            69.200305
          ],
          [
            21.280295,
            69.200373
          ],
          [
            21.280505,
            69.200431
          ],
          [
            21.280755,
            69.200491
          ],
          [
            21.280915,
            69.200585
          ],
          [
            21.281066,
            69.200694
          ],
          [
            21.281254,
            69.200742
          ],
          [
            21.281381,
            69.200761
          ],
          [
            21.281579,
            69.200793
          ],
          [
            21.28179,
            69.200897
          ],
          [
            21.281915,
            69.200963
          ],
          [
            21.282192,
            69.201109
          ],
          [
            21.282419,
            69.201185
          ],
          [
            21.282683,
            69.201271
          ],
          [
            21.282768,
            69.201285
          ],
          [
            21.282988,
            69.201346
          ],
          [
            21.283344,
            69.201488
          ],
          [
            21.283435,
            69.201582
          ],
          [
            21.283626,
            69.201651
          ],
          [
            21.283816,
            69.201712
          ],
          [
            21.28403,
            69.201762
          ],
          [
            21.284256,
            69.201823
          ],
          [
            21.284344,
            69.201881
          ],
          [
            21.284405,
            69.201918
          ],
          [
            21.284519,
            69.201974
          ],
          [
            21.284614,
            69.202023
          ],
          [
            21.284734,
            69.202054
          ],
          [
            21.284807,
            69.202114
          ],
          [
            21.284914,
            69.202145
          ],
          [
            21.285084,
            69.202181
          ],
          [
            21.285221,
            69.202216
          ],
          [
            21.285359,
            69.202246
          ],
          [
            21.285516,
            69.202381
          ],
          [
            21.285611,
            69.20244
          ],
          [
            21.285623,
            69.202505
          ],
          [
            21.285691,
            69.202554
          ],
          [
            21.285792,
            69.202626
          ],
          [
            21.285866,
            69.20268
          ],
          [
            21.285995,
            69.202741
          ],
          [
            21.286013,
            69.202785
          ],
          [
            21.286057,
            69.202875
          ],
          [
            21.286143,
            69.202915
          ],
          [
            21.286239,
            69.202944
          ],
          [
            21.286415,
            69.203029
          ],
          [
            21.286537,
            69.203077
          ],
          [
            21.286562,
            69.203106
          ],
          [
            21.286664,
            69.203174
          ],
          [
            21.286835,
            69.203217
          ],
          [
            21.287027,
            69.203264
          ],
          [
            21.287221,
            69.203342
          ],
          [
            21.287392,
            69.203423
          ],
          [
            21.287397,
            69.203447
          ],
          [
            21.287466,
            69.20357
          ],
          [
            21.287538,
            69.203625
          ],
          [
            21.287556,
            69.203706
          ],
          [
            21.287553,
            69.203795
          ],
          [
            21.287605,
            69.20393
          ],
          [
            21.287617,
            69.204047
          ],
          [
            21.287629,
            69.204123
          ],
          [
            21.28756,
            69.204182
          ],
          [
            21.287534,
            69.204248
          ],
          [
            21.287392,
            69.20435
          ],
          [
            21.287313,
            69.204467
          ],
          [
            21.28733,
            69.204565
          ],
          [
            21.287316,
            69.204643
          ],
          [
            21.287312,
            69.204787
          ],
          [
            21.287268,
            69.204904
          ],
          [
            21.287231,
            69.204946
          ],
          [
            21.28733,
            69.205136
          ],
          [
            21.287338,
            69.205239
          ],
          [
            21.287229,
            69.205285
          ],
          [
            21.287229,
            69.205357
          ],
          [
            21.287281,
            69.205395
          ],
          [
            21.287309,
            69.205523
          ],
          [
            21.28739,
            69.205663
          ],
          [
            21.287424,
            69.205726
          ],
          [
            21.287405,
            69.205797
          ],
          [
            21.287447,
            69.205833
          ],
          [
            21.287548,
            69.205889
          ],
          [
            21.287558,
            69.205992
          ],
          [
            21.287521,
            69.206085
          ],
          [
            21.287493,
            69.206188
          ],
          [
            21.287523,
            69.206278
          ],
          [
            21.287642,
            69.206377
          ],
          [
            21.287665,
            69.206433
          ],
          [
            21.287807,
            69.206512
          ],
          [
            21.288098,
            69.20669
          ],
          [
            21.288297,
            69.206792
          ],
          [
            21.288456,
            69.20685
          ],
          [
            21.288695,
            69.206918
          ],
          [
            21.288957,
            69.206963
          ],
          [
            21.289166,
            69.207044
          ],
          [
            21.289213,
            69.207143
          ],
          [
            21.289207,
            69.207203
          ],
          [
            21.289254,
            69.207265
          ],
          [
            21.28977,
            69.20753
          ],
          [
            21.290461,
            69.207698
          ],
          [
            21.290914,
            69.2078
          ],
          [
            21.291302,
            69.207946
          ],
          [
            21.291783,
            69.208143
          ],
          [
            21.292048,
            69.208269
          ],
          [
            21.292166,
            69.20833
          ],
          [
            21.292402,
            69.208414
          ],
          [
            21.292674,
            69.208528
          ],
          [
            21.293144,
            69.20876
          ],
          [
            21.293875,
            69.209055
          ],
          [
            21.294245,
            69.209378
          ],
          [
            21.294285,
            69.209537
          ],
          [
            21.294385,
            69.209736
          ],
          [
            21.294373,
            69.209802
          ],
          [
            21.294219,
            69.209911
          ],
          [
            21.293999,
            69.210021
          ],
          [
            21.29388,
            69.210128
          ],
          [
            21.29375,
            69.210202
          ],
          [
            21.29367,
            69.210436
          ],
          [
            21.293765,
            69.210523
          ],
          [
            21.294049,
            69.210749
          ],
          [
            21.294489,
            69.210994
          ],
          [
            21.294671,
            69.211036
          ],
          [
            21.295005,
            69.211032
          ],
          [
            21.295386,
            69.21109
          ],
          [
            21.295471,
            69.211116
          ],
          [
            21.295645,
            69.211249
          ],
          [
            21.295897,
            69.211351
          ],
          [
            21.296068,
            69.211463
          ],
          [
            21.296453,
            69.211644
          ],
          [
            21.296895,
            69.211879
          ],
          [
            21.297273,
            69.212042
          ],
          [
            21.297433,
            69.212179
          ],
          [
            21.297669,
            69.212301
          ],
          [
            21.29791,
            69.212388
          ],
          [
            21.298438,
            69.212674
          ],
          [
            21.298956,
            69.212957
          ],
          [
            21.299307,
            69.213192
          ],
          [
            21.299419,
            69.213334
          ],
          [
            21.299772,
            69.213571
          ],
          [
            21.300151,
            69.213826
          ],
          [
            21.300237,
            69.21392
          ],
          [
            21.299911,
            69.214073
          ],
          [
            21.299625,
            69.214368
          ],
          [
            21.299587,
            69.214407
          ],
          [
            21.299724,
            69.214526
          ],
          [
            21.29981,
            69.214738
          ],
          [
            21.300033,
            69.215068
          ],
          [
            21.299992,
            69.215437
          ],
          [
            21.299851,
            69.215578
          ],
          [
            21.29989,
            69.215706
          ],
          [
            21.299919,
            69.215872
          ],
          [
            21.299855,
            69.216032
          ],
          [
            21.300005,
            69.216279
          ],
          [
            21.300135,
            69.21662
          ],
          [
            21.300216,
            69.216825
          ],
          [
            21.300087,
            69.217053
          ],
          [
            21.299878,
            69.217275
          ],
          [
            21.29965,
            69.217488
          ],
          [
            21.299587,
            69.217595
          ],
          [
            21.299602,
            69.217773
          ],
          [
            21.299405,
            69.21792
          ],
          [
            21.299276,
            69.218032
          ],
          [
            21.299247,
            69.218204
          ],
          [
            21.299113,
            69.218633
          ],
          [
            21.298971,
            69.218927
          ],
          [
            21.298659,
            69.219232
          ],
          [
            21.298348,
            69.219611
          ],
          [
            21.298124,
            69.220294
          ],
          [
            21.298073,
            69.220671
          ],
          [
            21.298049,
            69.220945
          ],
          [
            21.29807,
            69.221069
          ],
          [
            21.298141,
            69.221166
          ],
          [
            21.29825,
            69.221365
          ],
          [
            21.298266,
            69.221569
          ],
          [
            21.2982,
            69.221737
          ],
          [
            21.298096,
            69.221869
          ],
          [
            21.297924,
            69.22207
          ],
          [
            21.297898,
            69.222173
          ],
          [
            21.297872,
            69.222292
          ],
          [
            21.297699,
            69.222379
          ],
          [
            21.297503,
            69.222481
          ],
          [
            21.297226,
            69.222669
          ],
          [
            21.297048,
            69.222811
          ],
          [
            21.297006,
            69.22291
          ],
          [
            21.296969,
            69.223051
          ],
          [
            21.296835,
            69.223237
          ],
          [
            21.296577,
            69.223421
          ],
          [
            21.296374,
            69.223519
          ],
          [
            21.296147,
            69.223649
          ],
          [
            21.296155,
            69.223883
          ],
          [
            21.296055,
            69.224202
          ],
          [
            21.295927,
            69.224645
          ],
          [
            21.295818,
            69.224876
          ],
          [
            21.295633,
            69.225049
          ],
          [
            21.295467,
            69.225211
          ],
          [
            21.295453,
            69.225287
          ],
          [
            21.295332,
            69.225401
          ],
          [
            21.295066,
            69.225655
          ],
          [
            21.294853,
            69.225807
          ],
          [
            21.294829,
            69.225923
          ],
          [
            21.294719,
            69.226076
          ],
          [
            21.294634,
            69.226136
          ],
          [
            21.294274,
            69.226411
          ],
          [
            21.293723,
            69.226958
          ],
          [
            21.292833,
            69.227749
          ],
          [
            21.292644,
            69.227943
          ],
          [
            21.292567,
            69.228154
          ],
          [
            21.292622,
            69.228253
          ],
          [
            21.292717,
            69.228443
          ],
          [
            21.292863,
            69.22868
          ],
          [
            21.292868,
            69.228747
          ],
          [
            21.292141,
            69.229033
          ],
          [
            21.291691,
            69.229239
          ],
          [
            21.291252,
            69.229478
          ],
          [
            21.290527,
            69.229804
          ],
          [
            21.290029,
            69.230026
          ],
          [
            21.289981,
            69.230087
          ],
          [
            21.289794,
            69.230286
          ],
          [
            21.289164,
            69.231139
          ],
          [
            21.289172,
            69.231161
          ]
        ]
      }
    },
    {
      "type": "Feature",
      "properties": {
        "schemaVersion": 1,
        "trailId": "nordkalottleden",
        "sectionId": "nordkalottleden-kalottireitti-05-pihtsusjarvi-kopmajoki",
        "sectionNumber": 5,
        "name": "Kalottireitti pohjoiseen: Pihtsusjärvi / Pitsusjärvi / Bihčosjávri - Kopmajoki / Goapmajohka",
        "sourceKind": "official-luontoon-ogc",
        "sourceUrl": "https://www.luontoon.fi/geo/features/collections/public.all_lines_details_view/items?limit=1&source_unique_id=uljas-9F510DA4-B3F2-4389-A7E5-B2F0B2E72D7A",
        "sourceUrls": [
          "https://www.luontoon.fi/geo/features/collections/public.all_lines_details_view/items?limit=1&source_unique_id=uljas-9F510DA4-B3F2-4389-A7E5-B2F0B2E72D7A"
        ],
        "sourceAccessed": "2026-04-30",
        "generatedAt": "2026-04-30T06:26:02.442Z",
        "sourceDirection": "Meekonjärvi to Somas/Kopmajoki-side official route line",
        "appDirection": "Pihtsusjärvi to Kopmajoki",
        "officialDistanceKm": 10,
        "geometryDistanceKm": 10.833,
        "geometryPointCount": 569,
        "endpointSnap": {
          "start": {
            "selectedEndpointLabel": "Bihčosjávri / Pitsusjärvi open wilderness and shared rental hut",
            "selectedEndpoint": {
              "lat": 69.231153625,
              "lon": 21.289356745
            },
            "routeLinePoint": {
              "lat": 69.231161,
              "lon": 21.289172
            },
            "gapMeters": 7.4
          },
          "end": {
            "selectedEndpointLabel": "Goapmajohka / Kopmajoki open wilderness hut",
            "selectedEndpoint": {
              "lat": 69.269899699,
              "lon": 21.496694241
            },
            "routeLinePoint": {
              "lat": 69.269867,
              "lon": 21.496799
            },
            "gapMeters": 5.5
          }
        },
        "maxEndpointGapMeters": 7.4,
        "quality": "high-quality official route-line candidate",
        "caveats": [],
        "warnings": [],
        "importReadiness": "research geometry artifact only; not runtime app geometry",
        "sourceMetadata": {
          "sourceUrl": "https://www.luontoon.fi/geo/features/collections/public.all_lines_details_view/items?limit=1&source_unique_id=uljas-9F510DA4-B3F2-4389-A7E5-B2F0B2E72D7A",
          "sourceUniqueId": "uljas-9F510DA4-B3F2-4389-A7E5-B2F0B2E72D7A",
          "featureName": "Kalottireitti",
          "reportedLengthKm": 76.65,
          "lineCount": 15
        }
      },
      "geometry": {
        "type": "LineString",
        "coordinates": [
          [
            21.289172,
            69.231161
          ],
          [
            21.289192,
            69.231223
          ],
          [
            21.28929,
            69.23126
          ],
          [
            21.289878,
            69.231333
          ],
          [
            21.290414,
            69.231316
          ],
          [
            21.290721,
            69.23128
          ],
          [
            21.290906,
            69.231265
          ],
          [
            21.291232,
            69.231277
          ],
          [
            21.292327,
            69.231496
          ],
          [
            21.29262,
            69.23158
          ],
          [
            21.292913,
            69.231687
          ],
          [
            21.293465,
            69.23176
          ],
          [
            21.293872,
            69.2318
          ],
          [
            21.294198,
            69.231802
          ],
          [
            21.29458,
            69.231783
          ],
          [
            21.294811,
            69.231743
          ],
          [
            21.29503,
            69.231739
          ],
          [
            21.295379,
            69.231815
          ],
          [
            21.29557,
            69.231892
          ],
          [
            21.295737,
            69.231948
          ],
          [
            21.296578,
            69.232116
          ],
          [
            21.297071,
            69.232219
          ],
          [
            21.297259,
            69.232234
          ],
          [
            21.297725,
            69.232234
          ],
          [
            21.298214,
            69.232212
          ],
          [
            21.298613,
            69.232201
          ],
          [
            21.299168,
            69.232234
          ],
          [
            21.299556,
            69.232289
          ],
          [
            21.299682,
            69.232322
          ],
          [
            21.299844,
            69.232329
          ],
          [
            21.300103,
            69.232392
          ],
          [
            21.30041,
            69.232425
          ],
          [
            21.300649,
            69.232471
          ],
          [
            21.300791,
            69.23248
          ],
          [
            21.300881,
            69.232482
          ],
          [
            21.300994,
            69.232513
          ],
          [
            21.301205,
            69.232551
          ],
          [
            21.301479,
            69.232607
          ],
          [
            21.302854,
            69.232813
          ],
          [
            21.303489,
            69.23289
          ],
          [
            21.303874,
            69.232955
          ],
          [
            21.304231,
            69.233015
          ],
          [
            21.304967,
            69.233137
          ],
          [
            21.305502,
            69.233291
          ],
          [
            21.306011,
            69.233407
          ],
          [
            21.306806,
            69.233569
          ],
          [
            21.30702,
            69.233593
          ],
          [
            21.308075,
            69.233631
          ],
          [
            21.308715,
            69.233706
          ],
          [
            21.309005,
            69.233783
          ],
          [
            21.309622,
            69.233925
          ],
          [
            21.309868,
            69.234004
          ],
          [
            21.310091,
            69.234066
          ],
          [
            21.31028,
            69.234152
          ],
          [
            21.310592,
            69.234264
          ],
          [
            21.310942,
            69.23439
          ],
          [
            21.311305,
            69.234661
          ],
          [
            21.311333,
            69.234745
          ],
          [
            21.311439,
            69.23481
          ],
          [
            21.311578,
            69.234864
          ],
          [
            21.31172,
            69.234986
          ],
          [
            21.312001,
            69.235351
          ],
          [
            21.312262,
            69.235584
          ],
          [
            21.312488,
            69.235858
          ],
          [
            21.312506,
            69.235987
          ],
          [
            21.312507,
            69.236243
          ],
          [
            21.312478,
            69.236374
          ],
          [
            21.312595,
            69.236524
          ],
          [
            21.312818,
            69.2367
          ],
          [
            21.313154,
            69.236935
          ],
          [
            21.313657,
            69.237225
          ],
          [
            21.313978,
            69.237384
          ],
          [
            21.314332,
            69.237595
          ],
          [
            21.314518,
            69.237798
          ],
          [
            21.314525,
            69.237889
          ],
          [
            21.314497,
            69.237971
          ],
          [
            21.314519,
            69.238106
          ],
          [
            21.314649,
            69.238351
          ],
          [
            21.314753,
            69.238458
          ],
          [
            21.314897,
            69.23856
          ],
          [
            21.315136,
            69.238681
          ],
          [
            21.315316,
            69.238788
          ],
          [
            21.315439,
            69.238907
          ],
          [
            21.315674,
            69.239044
          ],
          [
            21.31586,
            69.239304
          ],
          [
            21.315997,
            69.239412
          ],
          [
            21.316318,
            69.239585
          ],
          [
            21.316606,
            69.239826
          ],
          [
            21.316728,
            69.239977
          ],
          [
            21.316712,
            69.240093
          ],
          [
            21.316616,
            69.240307
          ],
          [
            21.316699,
            69.240423
          ],
          [
            21.316939,
            69.240612
          ],
          [
            21.316829,
            69.240702
          ],
          [
            21.316779,
            69.240801
          ],
          [
            21.31664,
            69.24097
          ],
          [
            21.316729,
            69.24106
          ],
          [
            21.316715,
            69.24116
          ],
          [
            21.316736,
            69.241258
          ],
          [
            21.316816,
            69.24132
          ],
          [
            21.316922,
            69.241374
          ],
          [
            21.317053,
            69.241426
          ],
          [
            21.317261,
            69.241476
          ],
          [
            21.317419,
            69.241565
          ],
          [
            21.317524,
            69.241691
          ],
          [
            21.31754,
            69.241781
          ],
          [
            21.31756,
            69.241885
          ],
          [
            21.317562,
            69.241978
          ],
          [
            21.317695,
            69.242088
          ],
          [
            21.317741,
            69.242205
          ],
          [
            21.317831,
            69.242287
          ],
          [
            21.317957,
            69.242392
          ],
          [
            21.318033,
            69.242526
          ],
          [
            21.318047,
            69.242601
          ],
          [
            21.318159,
            69.242782
          ],
          [
            21.318291,
            69.242923
          ],
          [
            21.318572,
            69.243064
          ],
          [
            21.319159,
            69.243274
          ],
          [
            21.31931,
            69.243356
          ],
          [
            21.319539,
            69.243463
          ],
          [
            21.319748,
            69.243513
          ],
          [
            21.320005,
            69.243553
          ],
          [
            21.320282,
            69.243607
          ],
          [
            21.320892,
            69.243845
          ],
          [
            21.321163,
            69.243914
          ],
          [
            21.32127,
            69.24398
          ],
          [
            21.321537,
            69.244064
          ],
          [
            21.322133,
            69.24424
          ],
          [
            21.322358,
            69.244328
          ],
          [
            21.322617,
            69.244413
          ],
          [
            21.322946,
            69.244479
          ],
          [
            21.323362,
            69.24455
          ],
          [
            21.323908,
            69.244674
          ],
          [
            21.324337,
            69.24476
          ],
          [
            21.324638,
            69.244841
          ],
          [
            21.324834,
            69.244951
          ],
          [
            21.324982,
            69.245155
          ],
          [
            21.325118,
            69.245303
          ],
          [
            21.325239,
            69.245457
          ],
          [
            21.325463,
            69.245589
          ],
          [
            21.325753,
            69.245763
          ],
          [
            21.326014,
            69.245857
          ],
          [
            21.326374,
            69.246019
          ],
          [
            21.326609,
            69.246225
          ],
          [
            21.326611,
            69.246358
          ],
          [
            21.326561,
            69.246525
          ],
          [
            21.326552,
            69.246608
          ],
          [
            21.3266,
            69.246675
          ],
          [
            21.326932,
            69.246895
          ],
          [
            21.32718,
            69.24704
          ],
          [
            21.327282,
            69.247096
          ],
          [
            21.327563,
            69.247346
          ],
          [
            21.327656,
            69.247428
          ],
          [
            21.327858,
            69.247538
          ],
          [
            21.328025,
            69.247651
          ],
          [
            21.328453,
            69.247917
          ],
          [
            21.328656,
            69.248036
          ],
          [
            21.329235,
            69.248217
          ],
          [
            21.329871,
            69.24836
          ],
          [
            21.330122,
            69.248397
          ],
          [
            21.33046,
            69.24846
          ],
          [
            21.331348,
            69.24868
          ],
          [
            21.331923,
            69.248785
          ],
          [
            21.332746,
            69.248934
          ],
          [
            21.333651,
            69.249151
          ],
          [
            21.333891,
            69.249202
          ],
          [
            21.334099,
            69.249256
          ],
          [
            21.334449,
            69.249335
          ],
          [
            21.335,
            69.249476
          ],
          [
            21.335571,
            69.249702
          ],
          [
            21.335671,
            69.249874
          ],
          [
            21.335806,
            69.249971
          ],
          [
            21.336019,
            69.250059
          ],
          [
            21.336123,
            69.25014
          ],
          [
            21.336287,
            69.250192
          ],
          [
            21.336486,
            69.250211
          ],
          [
            21.336688,
            69.250236
          ],
          [
            21.337113,
            69.250308
          ],
          [
            21.337535,
            69.250421
          ],
          [
            21.337731,
            69.250511
          ],
          [
            21.33794,
            69.250591
          ],
          [
            21.338649,
            69.250811
          ],
          [
            21.339054,
            69.250947
          ],
          [
            21.339509,
            69.251121
          ],
          [
            21.340025,
            69.251294
          ],
          [
            21.340405,
            69.251401
          ],
          [
            21.340631,
            69.251465
          ],
          [
            21.340808,
            69.251528
          ],
          [
            21.341309,
            69.251657
          ],
          [
            21.341581,
            69.251713
          ],
          [
            21.341952,
            69.251852
          ],
          [
            21.342183,
            69.251958
          ],
          [
            21.342412,
            69.252026
          ],
          [
            21.343083,
            69.252198
          ],
          [
            21.343861,
            69.252413
          ],
          [
            21.344203,
            69.252537
          ],
          [
            21.344609,
            69.252733
          ],
          [
            21.345039,
            69.252951
          ],
          [
            21.345286,
            69.253084
          ],
          [
            21.345638,
            69.253297
          ],
          [
            21.346345,
            69.253712
          ],
          [
            21.346479,
            69.253763
          ],
          [
            21.346617,
            69.25383
          ],
          [
            21.346793,
            69.254005
          ],
          [
            21.346994,
            69.254105
          ],
          [
            21.347323,
            69.254326
          ],
          [
            21.347692,
            69.254548
          ],
          [
            21.347888,
            69.254636
          ],
          [
            21.348294,
            69.254782
          ],
          [
            21.348693,
            69.25488
          ],
          [
            21.349416,
            69.255067
          ],
          [
            21.349766,
            69.255158
          ],
          [
            21.350179,
            69.255307
          ],
          [
            21.350289,
            69.25535
          ],
          [
            21.350501,
            69.255385
          ],
          [
            21.350705,
            69.255446
          ],
          [
            21.350874,
            69.255526
          ],
          [
            21.351446,
            69.255632
          ],
          [
            21.352158,
            69.25575
          ],
          [
            21.352887,
            69.255866
          ],
          [
            21.353333,
            69.25598
          ],
          [
            21.353815,
            69.256053
          ],
          [
            21.354379,
            69.256083
          ],
          [
            21.354964,
            69.256108
          ],
          [
            21.355347,
            69.256123
          ],
          [
            21.355781,
            69.256153
          ],
          [
            21.356199,
            69.256171
          ],
          [
            21.35716,
            69.256102
          ],
          [
            21.35791,
            69.256105
          ],
          [
            21.358383,
            69.256099
          ],
          [
            21.358755,
            69.256076
          ],
          [
            21.359339,
            69.256022
          ],
          [
            21.359837,
            69.255962
          ],
          [
            21.360368,
            69.25587
          ],
          [
            21.360748,
            69.25578
          ],
          [
            21.36135,
            69.255642
          ],
          [
            21.362733,
            69.255339
          ],
          [
            21.363316,
            69.255214
          ],
          [
            21.363499,
            69.255195
          ],
          [
            21.364004,
            69.25518
          ],
          [
            21.364361,
            69.255177
          ],
          [
            21.364948,
            69.255196
          ],
          [
            21.365278,
            69.255187
          ],
          [
            21.36561,
            69.25516
          ],
          [
            21.366161,
            69.255079
          ],
          [
            21.366784,
            69.255053
          ],
          [
            21.367031,
            69.255055
          ],
          [
            21.367498,
            69.255044
          ],
          [
            21.368452,
            69.255077
          ],
          [
            21.36914,
            69.255109
          ],
          [
            21.369783,
            69.255132
          ],
          [
            21.370784,
            69.255177
          ],
          [
            21.371162,
            69.255166
          ],
          [
            21.371711,
            69.255165
          ],
          [
            21.372161,
            69.255167
          ],
          [
            21.373004,
            69.255192
          ],
          [
            21.373444,
            69.255195
          ],
          [
            21.373988,
            69.255187
          ],
          [
            21.374567,
            69.25516
          ],
          [
            21.37514,
            69.255142
          ],
          [
            21.375296,
            69.255143
          ],
          [
            21.375966,
            69.255189
          ],
          [
            21.376069,
            69.255196
          ],
          [
            21.37641,
            69.255199
          ],
          [
            21.376932,
            69.255181
          ],
          [
            21.377094,
            69.255172
          ],
          [
            21.377429,
            69.255179
          ],
          [
            21.377905,
            69.255227
          ],
          [
            21.378138,
            69.25525
          ],
          [
            21.378768,
            69.2553
          ],
          [
            21.379062,
            69.255323
          ],
          [
            21.379447,
            69.255308
          ],
          [
            21.380035,
            69.255286
          ],
          [
            21.380964,
            69.255141
          ],
          [
            21.381219,
            69.255046
          ],
          [
            21.381624,
            69.254893
          ],
          [
            21.382173,
            69.254622
          ],
          [
            21.382362,
            69.25441
          ],
          [
            21.382511,
            69.254247
          ],
          [
            21.382816,
            69.253985
          ],
          [
            21.382887,
            69.25392
          ],
          [
            21.38313,
            69.253601
          ],
          [
            21.383386,
            69.253445
          ],
          [
            21.383606,
            69.25331
          ],
          [
            21.384101,
            69.253201
          ],
          [
            21.38443,
            69.253129
          ],
          [
            21.384747,
            69.252984
          ],
          [
            21.38504,
            69.252853
          ],
          [
            21.385291,
            69.252775
          ],
          [
            21.385684,
            69.252682
          ],
          [
            21.385741,
            69.252669
          ],
          [
            21.38669,
            69.252526
          ],
          [
            21.387739,
            69.252485
          ],
          [
            21.388206,
            69.252453
          ],
          [
            21.388804,
            69.252415
          ],
          [
            21.389032,
            69.252405
          ],
          [
            21.389427,
            69.252383
          ],
          [
            21.389613,
            69.252377
          ],
          [
            21.389974,
            69.252386
          ],
          [
            21.390174,
            69.252379
          ],
          [
            21.390326,
            69.252363
          ],
          [
            21.39055,
            69.252352
          ],
          [
            21.390805,
            69.252316
          ],
          [
            21.391182,
            69.252259
          ],
          [
            21.39156,
            69.252205
          ],
          [
            21.391825,
            69.252174
          ],
          [
            21.392502,
            69.25213
          ],
          [
            21.393588,
            69.252046
          ],
          [
            21.394608,
            69.252067
          ],
          [
            21.395172,
            69.252127
          ],
          [
            21.396163,
            69.252236
          ],
          [
            21.396473,
            69.25227
          ],
          [
            21.397481,
            69.252341
          ],
          [
            21.398402,
            69.252446
          ],
          [
            21.399115,
            69.252412
          ],
          [
            21.399443,
            69.252394
          ],
          [
            21.400244,
            69.25233
          ],
          [
            21.400533,
            69.252331
          ],
          [
            21.40134,
            69.252346
          ],
          [
            21.401694,
            69.252363
          ],
          [
            21.402154,
            69.252389
          ],
          [
            21.402449,
            69.252404
          ],
          [
            21.402792,
            69.252402
          ],
          [
            21.403129,
            69.252413
          ],
          [
            21.403694,
            69.252447
          ],
          [
            21.404214,
            69.252489
          ],
          [
            21.404446,
            69.2525
          ],
          [
            21.404709,
            69.252524
          ],
          [
            21.405089,
            69.252571
          ],
          [
            21.405391,
            69.252587
          ],
          [
            21.40569,
            69.252584
          ],
          [
            21.406143,
            69.252587
          ],
          [
            21.407134,
            69.252693
          ],
          [
            21.407569,
            69.252711
          ],
          [
            21.407679,
            69.252717
          ],
          [
            21.408649,
            69.252808
          ],
          [
            21.409583,
            69.252799
          ],
          [
            21.410137,
            69.252822
          ],
          [
            21.410442,
            69.252834
          ],
          [
            21.410617,
            69.252823
          ],
          [
            21.410891,
            69.252745
          ],
          [
            21.411085,
            69.252664
          ],
          [
            21.411162,
            69.252634
          ],
          [
            21.41134,
            69.252611
          ],
          [
            21.411446,
            69.252614
          ],
          [
            21.411764,
            69.252672
          ],
          [
            21.412302,
            69.252765
          ],
          [
            21.412872,
            69.25287
          ],
          [
            21.413302,
            69.252964
          ],
          [
            21.413561,
            69.253004
          ],
          [
            21.413796,
            69.253007
          ],
          [
            21.414177,
            69.252964
          ],
          [
            21.414574,
            69.252919
          ],
          [
            21.414702,
            69.25291
          ],
          [
            21.414906,
            69.252933
          ],
          [
            21.415615,
            69.253012
          ],
          [
            21.415826,
            69.253034
          ],
          [
            21.41615,
            69.253
          ],
          [
            21.416489,
            69.252924
          ],
          [
            21.416703,
            69.252862
          ],
          [
            21.416966,
            69.252791
          ],
          [
            21.417309,
            69.252739
          ],
          [
            21.417462,
            69.252719
          ],
          [
            21.417898,
            69.252642
          ],
          [
            21.418348,
            69.252603
          ],
          [
            21.41903,
            69.252578
          ],
          [
            21.419438,
            69.25258
          ],
          [
            21.41997,
            69.252551
          ],
          [
            21.420375,
            69.252567
          ],
          [
            21.420726,
            69.252612
          ],
          [
            21.42104,
            69.252645
          ],
          [
            21.421278,
            69.252687
          ],
          [
            21.421562,
            69.25273
          ],
          [
            21.421951,
            69.252813
          ],
          [
            21.422272,
            69.252909
          ],
          [
            21.422429,
            69.25295
          ],
          [
            21.422723,
            69.25305
          ],
          [
            21.422911,
            69.253076
          ],
          [
            21.423111,
            69.253133
          ],
          [
            21.423261,
            69.253177
          ],
          [
            21.423413,
            69.253215
          ],
          [
            21.423668,
            69.253279
          ],
          [
            21.424144,
            69.253359
          ],
          [
            21.424318,
            69.253375
          ],
          [
            21.42507,
            69.253466
          ],
          [
            21.425678,
            69.253504
          ],
          [
            21.426241,
            69.253548
          ],
          [
            21.426904,
            69.253545
          ],
          [
            21.427441,
            69.253583
          ],
          [
            21.427733,
            69.25361
          ],
          [
            21.427865,
            69.253634
          ],
          [
            21.428595,
            69.253776
          ],
          [
            21.42914,
            69.253884
          ],
          [
            21.430178,
            69.25414
          ],
          [
            21.4309,
            69.254256
          ],
          [
            21.431097,
            69.254287
          ],
          [
            21.431722,
            69.254352
          ],
          [
            21.432687,
            69.254464
          ],
          [
            21.433607,
            69.254568
          ],
          [
            21.434434,
            69.254648
          ],
          [
            21.434913,
            69.254689
          ],
          [
            21.435323,
            69.25469
          ],
          [
            21.435968,
            69.254687
          ],
          [
            21.436148,
            69.254669
          ],
          [
            21.436826,
            69.254601
          ],
          [
            21.436913,
            69.254592
          ],
          [
            21.437291,
            69.254552
          ],
          [
            21.437798,
            69.254538
          ],
          [
            21.438485,
            69.254581
          ],
          [
            21.43897,
            69.254628
          ],
          [
            21.439618,
            69.254772
          ],
          [
            21.440031,
            69.254878
          ],
          [
            21.440232,
            69.254908
          ],
          [
            21.440536,
            69.254966
          ],
          [
            21.440768,
            69.255028
          ],
          [
            21.440901,
            69.255087
          ],
          [
            21.441057,
            69.255107
          ],
          [
            21.441273,
            69.255171
          ],
          [
            21.441401,
            69.255233
          ],
          [
            21.441571,
            69.255252
          ],
          [
            21.441982,
            69.255338
          ],
          [
            21.442891,
            69.255605
          ],
          [
            21.443191,
            69.255655
          ],
          [
            21.443579,
            69.25571
          ],
          [
            21.443856,
            69.255729
          ],
          [
            21.4441,
            69.255735
          ],
          [
            21.444341,
            69.255725
          ],
          [
            21.44458,
            69.255737
          ],
          [
            21.444992,
            69.255725
          ],
          [
            21.445365,
            69.255702
          ],
          [
            21.445499,
            69.255689
          ],
          [
            21.445826,
            69.255695
          ],
          [
            21.445998,
            69.25568
          ],
          [
            21.446184,
            69.255651
          ],
          [
            21.446424,
            69.255655
          ],
          [
            21.446765,
            69.255635
          ],
          [
            21.447054,
            69.255595
          ],
          [
            21.447284,
            69.255579
          ],
          [
            21.448227,
            69.255574
          ],
          [
            21.448582,
            69.255574
          ],
          [
            21.449315,
            69.255525
          ],
          [
            21.450245,
            69.255502
          ],
          [
            21.450765,
            69.255459
          ],
          [
            21.451464,
            69.255404
          ],
          [
            21.451663,
            69.255389
          ],
          [
            21.45204,
            69.255362
          ],
          [
            21.452156,
            69.255354
          ],
          [
            21.452731,
            69.25538
          ],
          [
            21.453142,
            69.255399
          ],
          [
            21.453989,
            69.255514
          ],
          [
            21.454182,
            69.255537
          ],
          [
            21.454849,
            69.255605
          ],
          [
            21.455351,
            69.255685
          ],
          [
            21.455995,
            69.25581
          ],
          [
            21.456517,
            69.255933
          ],
          [
            21.456785,
            69.255996
          ],
          [
            21.457434,
            69.25608
          ],
          [
            21.457493,
            69.256088
          ],
          [
            21.457538,
            69.256085
          ],
          [
            21.458226,
            69.255996
          ],
          [
            21.458384,
            69.256019
          ],
          [
            21.458941,
            69.256102
          ],
          [
            21.459684,
            69.256204
          ],
          [
            21.460094,
            69.256258
          ],
          [
            21.460393,
            69.25636
          ],
          [
            21.460807,
            69.256501
          ],
          [
            21.46123,
            69.25669
          ],
          [
            21.461544,
            69.256828
          ],
          [
            21.461986,
            69.257012
          ],
          [
            21.462344,
            69.257186
          ],
          [
            21.462673,
            69.257358
          ],
          [
            21.463199,
            69.25751
          ],
          [
            21.463449,
            69.257582
          ],
          [
            21.464125,
            69.257717
          ],
          [
            21.464325,
            69.257757
          ],
          [
            21.465279,
            69.257837
          ],
          [
            21.465563,
            69.257869
          ],
          [
            21.465918,
            69.25791
          ],
          [
            21.466218,
            69.257946
          ],
          [
            21.466505,
            69.257952
          ],
          [
            21.466767,
            69.257967
          ],
          [
            21.467035,
            69.25801
          ],
          [
            21.467482,
            69.258102
          ],
          [
            21.46763,
            69.258165
          ],
          [
            21.467962,
            69.258246
          ],
          [
            21.468258,
            69.258362
          ],
          [
            21.468416,
            69.258418
          ],
          [
            21.468602,
            69.258473
          ],
          [
            21.468819,
            69.258521
          ],
          [
            21.469162,
            69.258575
          ],
          [
            21.46982,
            69.258691
          ],
          [
            21.47068,
            69.258872
          ],
          [
            21.471759,
            69.259095
          ],
          [
            21.472257,
            69.259211
          ],
          [
            21.472645,
            69.259295
          ],
          [
            21.473137,
            69.259422
          ],
          [
            21.474056,
            69.259624
          ],
          [
            21.474855,
            69.259838
          ],
          [
            21.475196,
            69.259909
          ],
          [
            21.475682,
            69.260119
          ],
          [
            21.476308,
            69.26033
          ],
          [
            21.476906,
            69.260591
          ],
          [
            21.477244,
            69.260753
          ],
          [
            21.47764,
            69.260966
          ],
          [
            21.478106,
            69.261271
          ],
          [
            21.478519,
            69.261497
          ],
          [
            21.47887,
            69.261677
          ],
          [
            21.479121,
            69.261812
          ],
          [
            21.479223,
            69.261885
          ],
          [
            21.479353,
            69.262006
          ],
          [
            21.479523,
            69.26208
          ],
          [
            21.479547,
            69.262142
          ],
          [
            21.479575,
            69.262235
          ],
          [
            21.479742,
            69.262364
          ],
          [
            21.479854,
            69.262493
          ],
          [
            21.480026,
            69.262703
          ],
          [
            21.480109,
            69.262851
          ],
          [
            21.480226,
            69.262958
          ],
          [
            21.480402,
            69.263084
          ],
          [
            21.480514,
            69.263213
          ],
          [
            21.480539,
            69.263256
          ],
          [
            21.480582,
            69.263326
          ],
          [
            21.480732,
            69.263388
          ],
          [
            21.480962,
            69.263461
          ],
          [
            21.48155,
            69.26361
          ],
          [
            21.482146,
            69.263762
          ],
          [
            21.482677,
            69.263899
          ],
          [
            21.483363,
            69.264143
          ],
          [
            21.483725,
            69.264347
          ],
          [
            21.483914,
            69.264462
          ],
          [
            21.484233,
            69.264782
          ],
          [
            21.48449,
            69.264989
          ],
          [
            21.484814,
            69.265258
          ],
          [
            21.485097,
            69.265514
          ],
          [
            21.485328,
            69.265765
          ],
          [
            21.485936,
            69.265985
          ],
          [
            21.486302,
            69.266129
          ],
          [
            21.486837,
            69.266286
          ],
          [
            21.487362,
            69.266385
          ],
          [
            21.487824,
            69.266487
          ],
          [
            21.488316,
            69.26663
          ],
          [
            21.488679,
            69.266755
          ],
          [
            21.489026,
            69.266867
          ],
          [
            21.489269,
            69.266941
          ],
          [
            21.489669,
            69.267047
          ],
          [
            21.489873,
            69.267118
          ],
          [
            21.490044,
            69.267191
          ],
          [
            21.490182,
            69.267234
          ],
          [
            21.490582,
            69.267372
          ],
          [
            21.491007,
            69.267541
          ],
          [
            21.491302,
            69.267712
          ],
          [
            21.49153,
            69.267829
          ],
          [
            21.491758,
            69.268021
          ],
          [
            21.492167,
            69.268164
          ],
          [
            21.492499,
            69.26828
          ],
          [
            21.493052,
            69.268394
          ],
          [
            21.493347,
            69.268455
          ],
          [
            21.493749,
            69.268539
          ],
          [
            21.494511,
            69.26868
          ],
          [
            21.494663,
            69.268734
          ],
          [
            21.49486,
            69.26877
          ],
          [
            21.495497,
            69.269029
          ],
          [
            21.495766,
            69.269135
          ],
          [
            21.496259,
            69.269389
          ],
          [
            21.496296,
            69.269446
          ],
          [
            21.496508,
            69.26965
          ],
          [
            21.496628,
            69.269779
          ],
          [
            21.496774,
            69.269857
          ],
          [
            21.496799,
            69.269867
          ]
        ]
      }
    },
    {
      "type": "Feature",
      "properties": {
        "schemaVersion": 1,
        "trailId": "nordkalottleden",
        "sectionId": "nordkalottleden-kalottireitti-06-kopmajoki-somashytta",
        "sectionNumber": 6,
        "name": "Kalottireitti / Nordkalottruta: Kopmajoki / Goapmajohka - Somashytta / Somájávri",
        "sourceKind": "official-mixed-luontoon-geonorge",
        "sourceUrl": "https://www.luontoon.fi/geo/features/collections/public.all_lines_details_view/items?limit=1&source_unique_id=uljas-9F510DA4-B3F2-4389-A7E5-B2F0B2E72D7A",
        "sourceUrls": [
          "https://www.luontoon.fi/geo/features/collections/public.all_lines_details_view/items?limit=1&source_unique_id=uljas-9F510DA4-B3F2-4389-A7E5-B2F0B2E72D7A",
          "https://kartkatalog.geonorge.no/metadata/d1422d17-6d95-4ef1-96ab-8af31744dd63"
        ],
        "sourceAccessed": "2026-04-30",
        "generatedAt": "2026-04-30T06:26:02.442Z",
        "sourceDirection": "Luontoon/Metsähallitus official line toward Somas plus Kartverket/Geonorge Turrutebasen fin5 line from the Norway-side boundary toward Somashytta",
        "appDirection": "Kopmajoki to Somashytta",
        "officialDistanceKm": 3,
        "geometryDistanceKm": 3.248,
        "geometryPointCount": 210,
        "endpointSnap": {
          "start": {
            "selectedEndpointLabel": "Goapmajohka / Kopmajoki open wilderness hut",
            "selectedEndpoint": {
              "lat": 69.269899699,
              "lon": 21.496694241
            },
            "routeLinePoint": {
              "lat": 69.269867,
              "lon": 21.496799
            },
            "gapMeters": 5.5
          },
          "end": {
            "selectedEndpointLabel": "Somashytta / Somájávrribarta hut",
            "selectedEndpoint": {
              "lat": 69.2967089,
              "lon": 21.5033438
            },
            "routeLinePoint": {
              "lat": 69.296698,
              "lon": 21.503601
            },
            "gapMeters": 10.2
          }
        },
        "maxEndpointGapMeters": 10.2,
        "quality": "high-quality official route-line candidate",
        "caveats": [
          "Mixed official-source geometry joins Luontoon/Metsähallitus and Kartverket/Geonorge Turrutebasen linework at the Finland-Norway boundary; the source junction gap is recorded in source metadata."
        ],
        "warnings": [],
        "importReadiness": "research geometry artifact only; not runtime app geometry",
        "sourceMetadata": {
          "sourceParts": [
            {
              "source": "Luontoon/Metsähallitus OGC",
              "sourceUrl": "https://www.luontoon.fi/geo/features/collections/public.all_lines_details_view/items?limit=1&source_unique_id=uljas-9F510DA4-B3F2-4389-A7E5-B2F0B2E72D7A",
              "chain": "meekonjarviToSomas"
            },
            {
              "sourceZip": "geometry/source-downloads/Friluftsliv_5544_Nordreisa_4326_TurOgFriluftsruter_GPX.zip",
              "sourceGpx": "Friluftsliv_5544_Nordreisa_4326_TurOgFriluftsruter_GPX.gpx",
              "routeIndex": 26,
              "routeName": "fin5",
              "routeComment": "Geometri hentet fra Vbase, 20170509",
              "routeSource": "DNT | Troms Turlag",
              "routeType": "Fotrute",
              "routePointCount": 2347,
              "routeMeasuredKm": 28.649,
              "notes": [
                "Reversed for the Norway-side boundary-to-Somashytta portion."
              ]
            }
          ],
          "sourceJunctionGapsMeters": [
            {
              "from": "Luontoon Somas-side official line endpoint",
              "to": "Turrutebasen fin5 Norway-side boundary endpoint",
              "gapMeters": 36.8
            }
          ]
        }
      },
      "geometry": {
        "type": "LineString",
        "coordinates": [
          [
            21.496799,
            69.269867
          ],
          [
            21.496909,
            69.269912
          ],
          [
            21.496966,
            69.26993
          ],
          [
            21.497142,
            69.269997
          ],
          [
            21.49749,
            69.270163
          ],
          [
            21.497659,
            69.270269
          ],
          [
            21.497899,
            69.270431
          ],
          [
            21.498019,
            69.270507
          ],
          [
            21.498343,
            69.270595
          ],
          [
            21.498571,
            69.270709
          ],
          [
            21.498978,
            69.270953
          ],
          [
            21.499274,
            69.271074
          ],
          [
            21.49943,
            69.271152
          ],
          [
            21.499722,
            69.271319
          ],
          [
            21.499848,
            69.271395
          ],
          [
            21.500043,
            69.271495
          ],
          [
            21.500146,
            69.271547
          ],
          [
            21.500283,
            69.271645
          ],
          [
            21.500478,
            69.271794
          ],
          [
            21.500777,
            69.272041
          ],
          [
            21.501134,
            69.272243
          ],
          [
            21.501381,
            69.27232
          ],
          [
            21.501719,
            69.272425
          ],
          [
            21.501824,
            69.272458
          ],
          [
            21.50249,
            69.272742
          ],
          [
            21.502997,
            69.273036
          ],
          [
            21.503163,
            69.273242
          ],
          [
            21.503244,
            69.273343
          ],
          [
            21.503397,
            69.273551
          ],
          [
            21.503455,
            69.273653
          ],
          [
            21.503476,
            69.273684
          ],
          [
            21.503398,
            69.274
          ],
          [
            21.503372,
            69.274127
          ],
          [
            21.503407,
            69.274266
          ],
          [
            21.503458,
            69.274698
          ],
          [
            21.503362,
            69.274963
          ],
          [
            21.503235,
            69.275291
          ],
          [
            21.503241,
            69.275662
          ],
          [
            21.50308,
            69.275891
          ],
          [
            21.502981,
            69.275965
          ],
          [
            21.502819,
            69.276098
          ],
          [
            21.502383,
            69.276248
          ],
          [
            21.502042,
            69.2764
          ],
          [
            21.501767,
            69.276523
          ],
          [
            21.501355,
            69.276724
          ],
          [
            21.501177,
            69.276811
          ],
          [
            21.501007,
            69.277079
          ],
          [
            21.500915,
            69.277235
          ],
          [
            21.500856,
            69.277359
          ],
          [
            21.500797,
            69.277481
          ],
          [
            21.500764,
            69.27755
          ],
          [
            21.500978,
            69.27786
          ],
          [
            21.501036,
            69.277903
          ],
          [
            21.501158,
            69.277994
          ],
          [
            21.501313,
            69.278197
          ],
          [
            21.50149,
            69.278547
          ],
          [
            21.501485,
            69.278663
          ],
          [
            21.501482,
            69.278735
          ],
          [
            21.501477,
            69.278861
          ],
          [
            21.501617,
            69.27898
          ],
          [
            21.501754,
            69.279098
          ],
          [
            21.501833,
            69.279166
          ],
          [
            21.501799,
            69.279314
          ],
          [
            21.501785,
            69.279377
          ],
          [
            21.501941,
            69.279575
          ],
          [
            21.502181,
            69.279914
          ],
          [
            21.502344,
            69.280127
          ],
          [
            21.502562,
            69.280266
          ],
          [
            21.502863,
            69.280458
          ],
          [
            21.502925,
            69.280536
          ],
          [
            21.503028,
            69.280607
          ],
          [
            21.503582,
            69.280867
          ],
          [
            21.503774,
            69.28097
          ],
          [
            21.504356,
            69.281274
          ],
          [
            21.504767,
            69.281469
          ],
          [
            21.50529,
            69.281785
          ],
          [
            21.505474,
            69.28186
          ],
          [
            21.505755,
            69.281976
          ],
          [
            21.505957,
            69.282061
          ],
          [
            21.506405,
            69.282279
          ],
          [
            21.507004,
            69.28256
          ],
          [
            21.507172,
            69.282641
          ],
          [
            21.507764,
            69.282967
          ],
          [
            21.508086,
            69.283148
          ],
          [
            21.508363,
            69.283297
          ],
          [
            21.508751,
            69.28349
          ],
          [
            21.508854,
            69.283542
          ],
          [
            21.509118,
            69.283762
          ],
          [
            21.509658,
            69.284209
          ],
          [
            21.509896,
            69.284449
          ],
          [
            21.509938,
            69.284491
          ],
          [
            21.510147,
            69.284805
          ],
          [
            21.510458,
            69.285182
          ],
          [
            21.510496,
            69.285291
          ],
          [
            21.510564,
            69.28568
          ],
          [
            21.510612,
            69.285931
          ],
          [
            21.510862,
            69.286604
          ],
          [
            21.510906,
            69.286944
          ],
          [
            21.510813,
            69.287294
          ],
          [
            21.510649,
            69.287464
          ],
          [
            21.510462,
            69.287675
          ],
          [
            21.510353,
            69.287875
          ],
          [
            21.510318,
            69.288206
          ],
          [
            21.509985,
            69.288541
          ],
          [
            21.509844,
            69.288703
          ],
          [
            21.509836,
            69.288728
          ],
          [
            21.509812,
            69.28876
          ],
          [
            21.50973,
            69.288829
          ],
          [
            21.509691,
            69.288868
          ],
          [
            21.509676,
            69.288907
          ],
          [
            21.509673,
            69.288948
          ],
          [
            21.509654,
            69.288966
          ],
          [
            21.509603,
            69.289009
          ],
          [
            21.509587,
            69.289029
          ],
          [
            21.509537,
            69.289079
          ],
          [
            21.509452,
            69.289145
          ],
          [
            21.509432,
            69.2892
          ],
          [
            21.509455,
            69.289252
          ],
          [
            21.509465,
            69.289292
          ],
          [
            21.509426,
            69.289365
          ],
          [
            21.509372,
            69.289412
          ],
          [
            21.509363,
            69.289439
          ],
          [
            21.509373,
            69.289464
          ],
          [
            21.509362,
            69.289508
          ],
          [
            21.509331,
            69.28954
          ],
          [
            21.50927,
            69.289624
          ],
          [
            21.509211,
            69.28971
          ],
          [
            21.509215,
            69.28974
          ],
          [
            21.509219,
            69.28977
          ],
          [
            21.509203,
            69.289805
          ],
          [
            21.509158,
            69.289834
          ],
          [
            21.50913,
            69.289855
          ],
          [
            21.509135,
            69.289878
          ],
          [
            21.509128,
            69.289949
          ],
          [
            21.509082,
            69.289998
          ],
          [
            21.509021,
            69.290058
          ],
          [
            21.508958,
            69.290106
          ],
          [
            21.508938,
            69.290136
          ],
          [
            21.508882,
            69.290201
          ],
          [
            21.508805,
            69.290291
          ],
          [
            21.508773,
            69.290336
          ],
          [
            21.508725,
            69.290443
          ],
          [
            21.50866,
            69.290558
          ],
          [
            21.508525,
            69.290634
          ],
          [
            21.508303,
            69.290774
          ],
          [
            21.50816,
            69.290861
          ],
          [
            21.508008,
            69.290988
          ],
          [
            21.50786,
            69.291136
          ],
          [
            21.507726,
            69.291263
          ],
          [
            21.507566,
            69.291439
          ],
          [
            21.507493,
            69.291521
          ],
          [
            21.507379,
            69.291591
          ],
          [
            21.507141,
            69.291713
          ],
          [
            21.507021,
            69.291789
          ],
          [
            21.506882,
            69.291891
          ],
          [
            21.506799,
            69.291972
          ],
          [
            21.506705,
            69.292054
          ],
          [
            21.506598,
            69.292172
          ],
          [
            21.5065,
            69.292254
          ],
          [
            21.506373,
            69.292383
          ],
          [
            21.506248,
            69.292499
          ],
          [
            21.506146,
            69.292605
          ],
          [
            21.506086,
            69.29267
          ],
          [
            21.505985,
            69.292774
          ],
          [
            21.505896,
            69.292878
          ],
          [
            21.505752,
            69.292965
          ],
          [
            21.505644,
            69.293043
          ],
          [
            21.505535,
            69.293137
          ],
          [
            21.505438,
            69.29323
          ],
          [
            21.505329,
            69.293359
          ],
          [
            21.505256,
            69.293466
          ],
          [
            21.505237,
            69.293557
          ],
          [
            21.505226,
            69.293687
          ],
          [
            21.505193,
            69.293763
          ],
          [
            21.505164,
            69.29385
          ],
          [
            21.505108,
            69.293943
          ],
          [
            21.505026,
            69.294043
          ],
          [
            21.50495,
            69.294117
          ],
          [
            21.504896,
            69.294175
          ],
          [
            21.504839,
            69.294256
          ],
          [
            21.504793,
            69.294363
          ],
          [
            21.504772,
            69.294463
          ],
          [
            21.504749,
            69.294558
          ],
          [
            21.504698,
            69.294666
          ],
          [
            21.504615,
            69.294736
          ],
          [
            21.504541,
            69.29481
          ],
          [
            21.504513,
            69.294853
          ],
          [
            21.504511,
            69.294931
          ],
          [
            21.504498,
            69.295003
          ],
          [
            21.504509,
            69.295058
          ],
          [
            21.504559,
            69.295139
          ],
          [
            21.504586,
            69.295203
          ],
          [
            21.504581,
            69.295251
          ],
          [
            21.504494,
            69.295323
          ],
          [
            21.504343,
            69.295414
          ],
          [
            21.504215,
            69.29549
          ],
          [
            21.504136,
            69.295588
          ],
          [
            21.504091,
            69.295668
          ],
          [
            21.504032,
            69.295789
          ],
          [
            21.503974,
            69.29592
          ],
          [
            21.50394,
            69.296005
          ],
          [
            21.503919,
            69.296029
          ],
          [
            21.50384,
            69.296094
          ],
          [
            21.503804,
            69.296123
          ],
          [
            21.503772,
            69.296172
          ],
          [
            21.50372,
            69.296274
          ],
          [
            21.503682,
            69.296384
          ],
          [
            21.503653,
            69.296456
          ],
          [
            21.503594,
            69.296675
          ],
          [
            21.503601,
            69.296698
          ]
        ]
      }
    },
    {
      "type": "Feature",
      "properties": {
        "schemaVersion": 1,
        "trailId": "nordkalottleden",
        "sectionId": "nordkalottleden-kalottireitti-07-somashytta-saraelv",
        "sectionNumber": 7,
        "name": "Kalottireitti / Nordkalottruta: Somashytta / Somájávri - Saraelv / Ovi Raishiin",
        "sourceKind": "official-geonorge-turrutebasen-gpx",
        "sourceUrl": "https://kartkatalog.geonorge.no/metadata/d1422d17-6d95-4ef1-96ab-8af31744dd63",
        "sourceUrls": [
          "https://kartkatalog.geonorge.no/metadata/d1422d17-6d95-4ef1-96ab-8af31744dd63"
        ],
        "sourceAccessed": "2026-04-30",
        "generatedAt": "2026-04-30T06:26:02.442Z",
        "sourceDirection": "Turrutebasen fin5/DNT Troms line clipped from Somashytta to Saraelv",
        "appDirection": "Somashytta to Saraelv",
        "officialDistanceKm": 31,
        "geometryDistanceKm": 28.466,
        "geometryPointCount": 2382,
        "endpointSnap": {
          "start": {
            "selectedEndpointLabel": "Somashytta / Somájávrribarta hut",
            "selectedEndpoint": {
              "lat": 69.2967089,
              "lon": 21.5033438
            },
            "routeLinePoint": {
              "lat": 69.296698,
              "lon": 21.503601
            },
            "gapMeters": 10.2
          },
          "end": {
            "selectedEndpointLabel": "Saraelv road/trail route endpoint",
            "selectedEndpoint": {
              "lat": 69.4560783,
              "lon": 21.5284203
            },
            "routeLinePoint": {
              "lat": 69.456078,
              "lon": 21.52842
            },
            "gapMeters": 0
          }
        },
        "maxEndpointGapMeters": 10.2,
        "quality": "high-quality official route-line candidate",
        "caveats": [
          "Official wording combines Saraelv/Ovi Raishiin; this chain uses the Turrutebasen fin5 main line plus its Saraelv connector segment."
        ],
        "warnings": [],
        "importReadiness": "research geometry artifact only; not runtime app geometry",
        "sourceMetadata": {
          "sourceParts": [
            {
              "sourceZip": "geometry/source-downloads/Friluftsliv_5544_Nordreisa_4326_TurOgFriluftsruter_GPX.zip",
              "sourceGpx": "Friluftsliv_5544_Nordreisa_4326_TurOgFriluftsruter_GPX.gpx",
              "routeIndex": 26,
              "routeName": "fin5",
              "routeComment": "Geometri hentet fra Vbase, 20170509",
              "routeSource": "DNT | Troms Turlag",
              "routeType": "Fotrute",
              "routePointCount": 2347,
              "routeMeasuredKm": 28.649,
              "notes": [
                "Reversed and clipped from Somashytta toward the Saraelv connector."
              ]
            },
            {
              "sourceZip": "geometry/source-downloads/Friluftsliv_5544_Nordreisa_4326_TurOgFriluftsruter_GPX.zip",
              "sourceGpx": "Friluftsliv_5544_Nordreisa_4326_TurOgFriluftsruter_GPX.gpx",
              "routeIndex": 25,
              "routeName": "fin5",
              "routeComment": "Geometri hentet fra Vbase, 20170509",
              "routeSource": "DNT | Troms Turlag",
              "routeType": "Fotrute",
              "routePointCount": 186,
              "routeMeasuredKm": 1.016,
              "notes": [
                "Saraelv connector segment appended to reach the selected road/trail endpoint."
              ]
            }
          ]
        }
      },
      "geometry": {
        "type": "LineString",
        "coordinates": [
          [
            21.503601,
            69.296698
          ],
          [
            21.503813,
            69.297346
          ],
          [
            21.503095,
            69.29766
          ],
          [
            21.502798,
            69.297791
          ],
          [
            21.502769,
            69.297804
          ],
          [
            21.50227,
            69.298022
          ],
          [
            21.502197,
            69.298054
          ],
          [
            21.5,
            69.299057
          ],
          [
            21.499384,
            69.299338
          ],
          [
            21.497777,
            69.3
          ],
          [
            21.497448,
            69.300136
          ],
          [
            21.495822,
            69.300403
          ],
          [
            21.495399,
            69.300983
          ],
          [
            21.494674,
            69.301553
          ],
          [
            21.494543,
            69.301617
          ],
          [
            21.493856,
            69.301945
          ],
          [
            21.493596,
            69.30207
          ],
          [
            21.493444,
            69.302143
          ],
          [
            21.492679,
            69.30258
          ],
          [
            21.492662,
            69.302748
          ],
          [
            21.492648,
            69.302883
          ],
          [
            21.492583,
            69.303526
          ],
          [
            21.492583,
            69.303534
          ],
          [
            21.492623,
            69.303759
          ],
          [
            21.492779,
            69.304614
          ],
          [
            21.492707,
            69.305117
          ],
          [
            21.492656,
            69.305479
          ],
          [
            21.492645,
            69.305486
          ],
          [
            21.491492,
            69.306292
          ],
          [
            21.490102,
            69.307205
          ],
          [
            21.486686,
            69.308728
          ],
          [
            21.486389,
            69.308861
          ],
          [
            21.486047,
            69.309303
          ],
          [
            21.485591,
            69.309893
          ],
          [
            21.485569,
            69.309922
          ],
          [
            21.485523,
            69.310002
          ],
          [
            21.485155,
            69.310655
          ],
          [
            21.485028,
            69.311416
          ],
          [
            21.484995,
            69.311609
          ],
          [
            21.484974,
            69.311736
          ],
          [
            21.484806,
            69.312863
          ],
          [
            21.484596,
            69.313393
          ],
          [
            21.484408,
            69.313867
          ],
          [
            21.484318,
            69.314095
          ],
          [
            21.484302,
            69.314136
          ],
          [
            21.483073,
            69.315527
          ],
          [
            21.482715,
            69.315663
          ],
          [
            21.482077,
            69.315907
          ],
          [
            21.48199,
            69.31594
          ],
          [
            21.481315,
            69.316198
          ],
          [
            21.481281,
            69.316212
          ],
          [
            21.481254,
            69.316222
          ],
          [
            21.480908,
            69.31629
          ],
          [
            21.480703,
            69.316331
          ],
          [
            21.480281,
            69.316415
          ],
          [
            21.47958,
            69.316554
          ],
          [
            21.477134,
            69.317273
          ],
          [
            21.47698,
            69.317337
          ],
          [
            21.476597,
            69.317496
          ],
          [
            21.475313,
            69.318029
          ],
          [
            21.47488,
            69.318209
          ],
          [
            21.474625,
            69.318313
          ],
          [
            21.47355,
            69.318754
          ],
          [
            21.473075,
            69.318948
          ],
          [
            21.472908,
            69.319008
          ],
          [
            21.472563,
            69.31913
          ],
          [
            21.471982,
            69.319337
          ],
          [
            21.471243,
            69.319599
          ],
          [
            21.46941,
            69.320174
          ],
          [
            21.46905,
            69.320287
          ],
          [
            21.46881,
            69.320363
          ],
          [
            21.467449,
            69.320911
          ],
          [
            21.46734,
            69.320955
          ],
          [
            21.46656,
            69.321542
          ],
          [
            21.465271,
            69.322511
          ],
          [
            21.463683,
            69.323556
          ],
          [
            21.46329,
            69.324781
          ],
          [
            21.46291,
            69.325442
          ],
          [
            21.46279,
            69.325651
          ],
          [
            21.462653,
            69.32663
          ],
          [
            21.462588,
            69.327092
          ],
          [
            21.462426,
            69.327435
          ],
          [
            21.462328,
            69.327643
          ],
          [
            21.462157,
            69.328005
          ],
          [
            21.461813,
            69.328734
          ],
          [
            21.46118,
            69.329425
          ],
          [
            21.461115,
            69.329496
          ],
          [
            21.460667,
            69.329986
          ],
          [
            21.459545,
            69.330476
          ],
          [
            21.458365,
            69.331192
          ],
          [
            21.458036,
            69.331787
          ],
          [
            21.457219,
            69.332445
          ],
          [
            21.457151,
            69.332486
          ],
          [
            21.457018,
            69.33251
          ],
          [
            21.456878,
            69.332544
          ],
          [
            21.456669,
            69.332637
          ],
          [
            21.45659,
            69.332691
          ],
          [
            21.456487,
            69.332893
          ],
          [
            21.45648,
            69.332906
          ],
          [
            21.456411,
            69.332996
          ],
          [
            21.456294,
            69.333075
          ],
          [
            21.455827,
            69.333251
          ],
          [
            21.45579,
            69.333277
          ],
          [
            21.455791,
            69.333359
          ],
          [
            21.455894,
            69.333439
          ],
          [
            21.455954,
            69.333487
          ],
          [
            21.456023,
            69.333573
          ],
          [
            21.456221,
            69.333702
          ],
          [
            21.456334,
            69.333779
          ],
          [
            21.456367,
            69.333835
          ],
          [
            21.456318,
            69.333899
          ],
          [
            21.456094,
            69.33406
          ],
          [
            21.455488,
            69.334352
          ],
          [
            21.455268,
            69.334452
          ],
          [
            21.455016,
            69.334533
          ],
          [
            21.454275,
            69.334652
          ],
          [
            21.454157,
            69.334691
          ],
          [
            21.453987,
            69.334794
          ],
          [
            21.453623,
            69.335087
          ],
          [
            21.453572,
            69.335148
          ],
          [
            21.453452,
            69.335292
          ],
          [
            21.453338,
            69.33537
          ],
          [
            21.453169,
            69.335432
          ],
          [
            21.45234,
            69.335555
          ],
          [
            21.45222,
            69.335596
          ],
          [
            21.452026,
            69.335774
          ],
          [
            21.451588,
            69.336018
          ],
          [
            21.451489,
            69.33606
          ],
          [
            21.451475,
            69.336066
          ],
          [
            21.450724,
            69.336271
          ],
          [
            21.450332,
            69.336398
          ],
          [
            21.45,
            69.336528
          ],
          [
            21.449637,
            69.33667
          ],
          [
            21.449322,
            69.336821
          ],
          [
            21.449198,
            69.336898
          ],
          [
            21.44908,
            69.336971
          ],
          [
            21.448853,
            69.337145
          ],
          [
            21.448306,
            69.337654
          ],
          [
            21.448133,
            69.337799
          ],
          [
            21.447518,
            69.338107
          ],
          [
            21.446872,
            69.33839
          ],
          [
            21.446362,
            69.338549
          ],
          [
            21.444333,
            69.339073
          ],
          [
            21.443508,
            69.339345
          ],
          [
            21.441843,
            69.339984
          ],
          [
            21.440727,
            69.340437
          ],
          [
            21.440538,
            69.340532
          ],
          [
            21.439049,
            69.341131
          ],
          [
            21.438799,
            69.341217
          ],
          [
            21.438348,
            69.341327
          ],
          [
            21.437513,
            69.341451
          ],
          [
            21.437352,
            69.34148
          ],
          [
            21.437037,
            69.341537
          ],
          [
            21.436645,
            69.34162
          ],
          [
            21.43629,
            69.341716
          ],
          [
            21.435925,
            69.341843
          ],
          [
            21.435484,
            69.341942
          ],
          [
            21.435095,
            69.342078
          ],
          [
            21.433099,
            69.342609
          ],
          [
            21.432056,
            69.342863
          ],
          [
            21.431734,
            69.342924
          ],
          [
            21.429626,
            69.343404
          ],
          [
            21.428302,
            69.343631
          ],
          [
            21.427946,
            69.343701
          ],
          [
            21.427621,
            69.343788
          ],
          [
            21.427488,
            69.343832
          ],
          [
            21.42732,
            69.343888
          ],
          [
            21.427158,
            69.34396
          ],
          [
            21.427005,
            69.344065
          ],
          [
            21.426804,
            69.344199
          ],
          [
            21.42662,
            69.344262
          ],
          [
            21.426146,
            69.344333
          ],
          [
            21.42548,
            69.34451
          ],
          [
            21.42478,
            69.344697
          ],
          [
            21.424617,
            69.344724
          ],
          [
            21.424549,
            69.344735
          ],
          [
            21.424028,
            69.344752
          ],
          [
            21.423515,
            69.344766
          ],
          [
            21.423364,
            69.344782
          ],
          [
            21.423073,
            69.344836
          ],
          [
            21.422537,
            69.344979
          ],
          [
            21.422332,
            69.345019
          ],
          [
            21.421773,
            69.345081
          ],
          [
            21.421187,
            69.34511
          ],
          [
            21.420936,
            69.345138
          ],
          [
            21.420566,
            69.345221
          ],
          [
            21.420412,
            69.345237
          ],
          [
            21.420091,
            69.345236
          ],
          [
            21.419853,
            69.345217
          ],
          [
            21.41944,
            69.345214
          ],
          [
            21.419029,
            69.345242
          ],
          [
            21.418128,
            69.34533
          ],
          [
            21.417785,
            69.345374
          ],
          [
            21.41748,
            69.345433
          ],
          [
            21.417025,
            69.345545
          ],
          [
            21.416838,
            69.345609
          ],
          [
            21.416572,
            69.345767
          ],
          [
            21.416153,
            69.345931
          ],
          [
            21.415109,
            69.346271
          ],
          [
            21.414922,
            69.346326
          ],
          [
            21.414545,
            69.346435
          ],
          [
            21.414207,
            69.346535
          ],
          [
            21.413975,
            69.346572
          ],
          [
            21.413633,
            69.346604
          ],
          [
            21.413494,
            69.346617
          ],
          [
            21.412532,
            69.346634
          ],
          [
            21.412271,
            69.346654
          ],
          [
            21.412032,
            69.34669
          ],
          [
            21.411721,
            69.346763
          ],
          [
            21.410828,
            69.347077
          ],
          [
            21.410527,
            69.347143
          ],
          [
            21.409471,
            69.347304
          ],
          [
            21.409234,
            69.347349
          ],
          [
            21.409017,
            69.347404
          ],
          [
            21.408885,
            69.347451
          ],
          [
            21.408772,
            69.347536
          ],
          [
            21.408643,
            69.347585
          ],
          [
            21.408338,
            69.347659
          ],
          [
            21.408029,
            69.347699
          ],
          [
            21.407609,
            69.347862
          ],
          [
            21.407049,
            69.348137
          ],
          [
            21.406793,
            69.348264
          ],
          [
            21.406326,
            69.348816
          ],
          [
            21.405412,
            69.349563
          ],
          [
            21.405048,
            69.349834
          ],
          [
            21.404825,
            69.35
          ],
          [
            21.404825,
            69.350001
          ],
          [
            21.404787,
            69.350029
          ],
          [
            21.404093,
            69.350546
          ],
          [
            21.403966,
            69.350641
          ],
          [
            21.403648,
            69.350824
          ],
          [
            21.402887,
            69.35126
          ],
          [
            21.400449,
            69.351974
          ],
          [
            21.4,
            69.352087
          ],
          [
            21.399038,
            69.352328
          ],
          [
            21.398569,
            69.352445
          ],
          [
            21.398199,
            69.352551
          ],
          [
            21.395893,
            69.353212
          ],
          [
            21.393651,
            69.353741
          ],
          [
            21.393436,
            69.353803
          ],
          [
            21.390627,
            69.35461
          ],
          [
            21.387602,
            69.355479
          ],
          [
            21.384952,
            69.356335
          ],
          [
            21.382998,
            69.356967
          ],
          [
            21.382454,
            69.357143
          ],
          [
            21.381841,
            69.357341
          ],
          [
            21.380361,
            69.35766
          ],
          [
            21.379349,
            69.357878
          ],
          [
            21.372666,
            69.358976
          ],
          [
            21.372006,
            69.359084
          ],
          [
            21.372003,
            69.359085
          ],
          [
            21.369774,
            69.359657
          ],
          [
            21.369721,
            69.359672
          ],
          [
            21.367445,
            69.360322
          ],
          [
            21.36497,
            69.361349
          ],
          [
            21.362885,
            69.361985
          ],
          [
            21.361849,
            69.3623
          ],
          [
            21.361147,
            69.362514
          ],
          [
            21.360828,
            69.362674
          ],
          [
            21.359606,
            69.363284
          ],
          [
            21.358861,
            69.363551
          ],
          [
            21.357665,
            69.363979
          ],
          [
            21.356441,
            69.364318
          ],
          [
            21.354512,
            69.364852
          ],
          [
            21.353067,
            69.365154
          ],
          [
            21.351656,
            69.365447
          ],
          [
            21.35,
            69.36602
          ],
          [
            21.347438,
            69.366906
          ],
          [
            21.347186,
            69.366993
          ],
          [
            21.344491,
            69.368562
          ],
          [
            21.342115,
            69.36984
          ],
          [
            21.342093,
            69.369853
          ],
          [
            21.341615,
            69.370552
          ],
          [
            21.341587,
            69.370593
          ],
          [
            21.341283,
            69.371039
          ],
          [
            21.341241,
            69.3711
          ],
          [
            21.340561,
            69.372183
          ],
          [
            21.340455,
            69.372444
          ],
          [
            21.340281,
            69.372876
          ],
          [
            21.340001,
            69.373569
          ],
          [
            21.339983,
            69.373614
          ],
          [
            21.339981,
            69.37362
          ],
          [
            21.339843,
            69.374004
          ],
          [
            21.339752,
            69.374259
          ],
          [
            21.339565,
            69.374781
          ],
          [
            21.339503,
            69.374954
          ],
          [
            21.33901,
            69.37625
          ],
          [
            21.33948,
            69.377842
          ],
          [
            21.339602,
            69.378256
          ],
          [
            21.339602,
            69.378414
          ],
          [
            21.339603,
            69.379333
          ],
          [
            21.339604,
            69.379534
          ],
          [
            21.339552,
            69.379857
          ],
          [
            21.339458,
            69.380447
          ],
          [
            21.339384,
            69.380909
          ],
          [
            21.339389,
            69.380922
          ],
          [
            21.339463,
            69.381119
          ],
          [
            21.339971,
            69.382474
          ],
          [
            21.339596,
            69.38415
          ],
          [
            21.339593,
            69.384162
          ],
          [
            21.339343,
            69.385009
          ],
          [
            21.338928,
            69.38548
          ],
          [
            21.338781,
            69.385647
          ],
          [
            21.338699,
            69.3858
          ],
          [
            21.338138,
            69.38686
          ],
          [
            21.337751,
            69.387434
          ],
          [
            21.337529,
            69.387764
          ],
          [
            21.337132,
            69.388679
          ],
          [
            21.337082,
            69.388794
          ],
          [
            21.33735,
            69.389413
          ],
          [
            21.337476,
            69.389705
          ],
          [
            21.337395,
            69.390289
          ],
          [
            21.337316,
            69.390857
          ],
          [
            21.337092,
            69.391289
          ],
          [
            21.33687,
            69.39172
          ],
          [
            21.336758,
            69.391935
          ],
          [
            21.336233,
            69.393016
          ],
          [
            21.336213,
            69.393057
          ],
          [
            21.336069,
            69.393415
          ],
          [
            21.336002,
            69.393665
          ],
          [
            21.335995,
            69.393689
          ],
          [
            21.335957,
            69.393832
          ],
          [
            21.33595,
            69.39386
          ],
          [
            21.335998,
            69.39439
          ],
          [
            21.336006,
            69.394475
          ],
          [
            21.335692,
            69.395101
          ],
          [
            21.335534,
            69.395418
          ],
          [
            21.335022,
            69.39623
          ],
          [
            21.334981,
            69.396265
          ],
          [
            21.334822,
            69.396398
          ],
          [
            21.334137,
            69.396975
          ],
          [
            21.333819,
            69.397244
          ],
          [
            21.332638,
            69.397904
          ],
          [
            21.332422,
            69.398093
          ],
          [
            21.332132,
            69.398349
          ],
          [
            21.331644,
            69.398778
          ],
          [
            21.330829,
            69.399268
          ],
          [
            21.330763,
            69.399308
          ],
          [
            21.330475,
            69.399481
          ],
          [
            21.329574,
            69.399823
          ],
          [
            21.328972,
            69.4
          ],
          [
            21.328966,
            69.400002
          ],
          [
            21.327202,
            69.40052
          ],
          [
            21.326542,
            69.400924
          ],
          [
            21.323739,
            69.40149
          ],
          [
            21.323363,
            69.401761
          ],
          [
            21.323121,
            69.402
          ],
          [
            21.322993,
            69.402185
          ],
          [
            21.322866,
            69.40239
          ],
          [
            21.322705,
            69.402601
          ],
          [
            21.322631,
            69.402703
          ],
          [
            21.32257,
            69.402772
          ],
          [
            21.322482,
            69.402824
          ],
          [
            21.322406,
            69.402921
          ],
          [
            21.322359,
            69.403082
          ],
          [
            21.322306,
            69.403333
          ],
          [
            21.32229,
            69.403479
          ],
          [
            21.322228,
            69.403621
          ],
          [
            21.322173,
            69.403699
          ],
          [
            21.322034,
            69.403818
          ],
          [
            21.321914,
            69.403905
          ],
          [
            21.321698,
            69.404025
          ],
          [
            21.321515,
            69.404125
          ],
          [
            21.320282,
            69.40478
          ],
          [
            21.320166,
            69.404869
          ],
          [
            21.319949,
            69.405053
          ],
          [
            21.319699,
            69.405433
          ],
          [
            21.319596,
            69.405642
          ],
          [
            21.319568,
            69.405763
          ],
          [
            21.31961,
            69.405993
          ],
          [
            21.319617,
            69.406137
          ],
          [
            21.319584,
            69.40626
          ],
          [
            21.319625,
            69.406359
          ],
          [
            21.319627,
            69.406437
          ],
          [
            21.319655,
            69.406636
          ],
          [
            21.319667,
            69.40677
          ],
          [
            21.319684,
            69.406858
          ],
          [
            21.319803,
            69.407125
          ],
          [
            21.31994,
            69.40745
          ],
          [
            21.319988,
            69.407643
          ],
          [
            21.320075,
            69.407942
          ],
          [
            21.320105,
            69.408222
          ],
          [
            21.320104,
            69.408329
          ],
          [
            21.320096,
            69.408588
          ],
          [
            21.320077,
            69.408819
          ],
          [
            21.320085,
            69.408933
          ],
          [
            21.320072,
            69.409024
          ],
          [
            21.320049,
            69.409187
          ],
          [
            21.320061,
            69.409298
          ],
          [
            21.320052,
            69.409358
          ],
          [
            21.320033,
            69.409399
          ],
          [
            21.31998,
            69.40945
          ],
          [
            21.319853,
            69.409542
          ],
          [
            21.319784,
            69.409597
          ],
          [
            21.319793,
            69.409661
          ],
          [
            21.319738,
            69.409786
          ],
          [
            21.31962,
            69.409819
          ],
          [
            21.319572,
            69.409857
          ],
          [
            21.319497,
            69.409919
          ],
          [
            21.31946,
            69.409958
          ],
          [
            21.319443,
            69.409977
          ],
          [
            21.319445,
            69.40999
          ],
          [
            21.319444,
            69.410002
          ],
          [
            21.319436,
            69.410023
          ],
          [
            21.319404,
            69.410037
          ],
          [
            21.319354,
            69.410058
          ],
          [
            21.319309,
            69.410118
          ],
          [
            21.319284,
            69.410189
          ],
          [
            21.319247,
            69.410289
          ],
          [
            21.319197,
            69.410368
          ],
          [
            21.319165,
            69.410468
          ],
          [
            21.319169,
            69.410527
          ],
          [
            21.319161,
            69.41055
          ],
          [
            21.31914,
            69.410575
          ],
          [
            21.319088,
            69.410618
          ],
          [
            21.31901,
            69.410664
          ],
          [
            21.318986,
            69.410684
          ],
          [
            21.318981,
            69.410712
          ],
          [
            21.318994,
            69.410754
          ],
          [
            21.318999,
            69.410782
          ],
          [
            21.318989,
            69.41081
          ],
          [
            21.318969,
            69.41083
          ],
          [
            21.318942,
            69.410851
          ],
          [
            21.318933,
            69.410874
          ],
          [
            21.318938,
            69.410926
          ],
          [
            21.318937,
            69.410944
          ],
          [
            21.3189,
            69.410979
          ],
          [
            21.318851,
            69.411055
          ],
          [
            21.318859,
            69.411078
          ],
          [
            21.318864,
            69.411107
          ],
          [
            21.318827,
            69.411171
          ],
          [
            21.318795,
            69.411191
          ],
          [
            21.318757,
            69.411217
          ],
          [
            21.318735,
            69.411235
          ],
          [
            21.318708,
            69.411265
          ],
          [
            21.31871,
            69.411289
          ],
          [
            21.318696,
            69.411323
          ],
          [
            21.318661,
            69.411362
          ],
          [
            21.318639,
            69.4114
          ],
          [
            21.318611,
            69.411468
          ],
          [
            21.318584,
            69.411508
          ],
          [
            21.318544,
            69.411573
          ],
          [
            21.318515,
            69.411619
          ],
          [
            21.318468,
            69.411668
          ],
          [
            21.318389,
            69.411778
          ],
          [
            21.318324,
            69.411884
          ],
          [
            21.318266,
            69.411976
          ],
          [
            21.318205,
            69.41206
          ],
          [
            21.318144,
            69.412158
          ],
          [
            21.318083,
            69.412242
          ],
          [
            21.317913,
            69.412491
          ],
          [
            21.317856,
            69.412621
          ],
          [
            21.317701,
            69.412823
          ],
          [
            21.317565,
            69.41298
          ],
          [
            21.317456,
            69.413074
          ],
          [
            21.317389,
            69.413114
          ],
          [
            21.317322,
            69.413162
          ],
          [
            21.317296,
            69.413194
          ],
          [
            21.317291,
            69.413247
          ],
          [
            21.317272,
            69.41329
          ],
          [
            21.317235,
            69.413316
          ],
          [
            21.317178,
            69.413375
          ],
          [
            21.31714,
            69.41341
          ],
          [
            21.31707,
            69.413475
          ],
          [
            21.317011,
            69.413522
          ],
          [
            21.31697,
            69.413571
          ],
          [
            21.316905,
            69.413622
          ],
          [
            21.316816,
            69.41369
          ],
          [
            21.316775,
            69.413726
          ],
          [
            21.316744,
            69.413749
          ],
          [
            21.316727,
            69.413781
          ],
          [
            21.316688,
            69.413822
          ],
          [
            21.316606,
            69.413892
          ],
          [
            21.316528,
            69.413947
          ],
          [
            21.31646,
            69.41398
          ],
          [
            21.316343,
            69.414034
          ],
          [
            21.316256,
            69.414081
          ],
          [
            21.316125,
            69.414157
          ],
          [
            21.316007,
            69.414228
          ],
          [
            21.315929,
            69.414291
          ],
          [
            21.315886,
            69.414324
          ],
          [
            21.315805,
            69.414392
          ],
          [
            21.315698,
            69.414483
          ],
          [
            21.31558,
            69.414572
          ],
          [
            21.315489,
            69.414632
          ],
          [
            21.315434,
            69.414676
          ],
          [
            21.315379,
            69.414728
          ],
          [
            21.315291,
            69.414806
          ],
          [
            21.315227,
            69.414847
          ],
          [
            21.315148,
            69.414888
          ],
          [
            21.315098,
            69.414918
          ],
          [
            21.315064,
            69.414949
          ],
          [
            21.315031,
            69.415004
          ],
          [
            21.314972,
            69.415043
          ],
          [
            21.314833,
            69.41512
          ],
          [
            21.31475,
            69.415174
          ],
          [
            21.314693,
            69.415204
          ],
          [
            21.314648,
            69.415235
          ],
          [
            21.314611,
            69.415273
          ],
          [
            21.314586,
            69.415291
          ],
          [
            21.314481,
            69.415342
          ],
          [
            21.314396,
            69.415377
          ],
          [
            21.314345,
            69.415405
          ],
          [
            21.314255,
            69.415454
          ],
          [
            21.314223,
            69.41548
          ],
          [
            21.314194,
            69.415509
          ],
          [
            21.314137,
            69.415544
          ],
          [
            21.31404,
            69.415613
          ],
          [
            21.314,
            69.415641
          ],
          [
            21.3139,
            69.415692
          ],
          [
            21.313807,
            69.41574
          ],
          [
            21.313757,
            69.415772
          ],
          [
            21.31369,
            69.415805
          ],
          [
            21.313594,
            69.415838
          ],
          [
            21.313442,
            69.415921
          ],
          [
            21.313338,
            69.415969
          ],
          [
            21.313229,
            69.416026
          ],
          [
            21.313109,
            69.416084
          ],
          [
            21.312907,
            69.416184
          ],
          [
            21.312765,
            69.416248
          ],
          [
            21.312654,
            69.41628
          ],
          [
            21.312549,
            69.41634
          ],
          [
            21.312341,
            69.416463
          ],
          [
            21.312234,
            69.416522
          ],
          [
            21.312115,
            69.416607
          ],
          [
            21.311973,
            69.416701
          ],
          [
            21.311886,
            69.416783
          ],
          [
            21.311847,
            69.416844
          ],
          [
            21.311805,
            69.416885
          ],
          [
            21.311766,
            69.416937
          ],
          [
            21.31175,
            69.416995
          ],
          [
            21.311723,
            69.417031
          ],
          [
            21.311659,
            69.417097
          ],
          [
            21.311567,
            69.417175
          ],
          [
            21.31151,
            69.417221
          ],
          [
            21.311446,
            69.417279
          ],
          [
            21.311385,
            69.417345
          ],
          [
            21.311306,
            69.417425
          ],
          [
            21.311235,
            69.417487
          ],
          [
            21.311188,
            69.417532
          ],
          [
            21.311082,
            69.417607
          ],
          [
            21.311033,
            69.41767
          ],
          [
            21.310998,
            69.417729
          ],
          [
            21.31096,
            69.417773
          ],
          [
            21.310925,
            69.417821
          ],
          [
            21.310866,
            69.417871
          ],
          [
            21.310842,
            69.417922
          ],
          [
            21.310821,
            69.417975
          ],
          [
            21.310773,
            69.418033
          ],
          [
            21.3107,
            69.418115
          ],
          [
            21.310641,
            69.418192
          ],
          [
            21.310567,
            69.418285
          ],
          [
            21.310529,
            69.418333
          ],
          [
            21.310492,
            69.418409
          ],
          [
            21.310417,
            69.418494
          ],
          [
            21.310371,
            69.418578
          ],
          [
            21.310365,
            69.418635
          ],
          [
            21.310347,
            69.418699
          ],
          [
            21.310317,
            69.418756
          ],
          [
            21.310273,
            69.418813
          ],
          [
            21.310239,
            69.418877
          ],
          [
            21.310204,
            69.418939
          ],
          [
            21.31016,
            69.419004
          ],
          [
            21.310123,
            69.419056
          ],
          [
            21.310062,
            69.419105
          ],
          [
            21.310003,
            69.419161
          ],
          [
            21.309906,
            69.419256
          ],
          [
            21.30983,
            69.419323
          ],
          [
            21.309748,
            69.419382
          ],
          [
            21.30971,
            69.419416
          ],
          [
            21.309674,
            69.419467
          ],
          [
            21.309642,
            69.41952
          ],
          [
            21.309594,
            69.419619
          ],
          [
            21.30958,
            69.419714
          ],
          [
            21.309552,
            69.419785
          ],
          [
            21.30953,
            69.419899
          ],
          [
            21.309521,
            69.420007
          ],
          [
            21.309545,
            69.420112
          ],
          [
            21.309563,
            69.420184
          ],
          [
            21.309589,
            69.4203
          ],
          [
            21.309589,
            69.420405
          ],
          [
            21.309611,
            69.420488
          ],
          [
            21.309677,
            69.420599
          ],
          [
            21.309789,
            69.42074
          ],
          [
            21.309931,
            69.420921
          ],
          [
            21.310015,
            69.421046
          ],
          [
            21.310076,
            69.421155
          ],
          [
            21.310142,
            69.42127
          ],
          [
            21.310227,
            69.421404
          ],
          [
            21.310294,
            69.421496
          ],
          [
            21.310408,
            69.421651
          ],
          [
            21.310508,
            69.421778
          ],
          [
            21.310533,
            69.421819
          ],
          [
            21.310563,
            69.421892
          ],
          [
            21.310615,
            69.42201
          ],
          [
            21.310686,
            69.422147
          ],
          [
            21.310782,
            69.422308
          ],
          [
            21.310893,
            69.422482
          ],
          [
            21.310969,
            69.422592
          ],
          [
            21.311069,
            69.422742
          ],
          [
            21.311116,
            69.422835
          ],
          [
            21.311162,
            69.422947
          ],
          [
            21.311204,
            69.423057
          ],
          [
            21.311218,
            69.423085
          ],
          [
            21.311271,
            69.423226
          ],
          [
            21.311332,
            69.423315
          ],
          [
            21.311473,
            69.423466
          ],
          [
            21.311668,
            69.423683
          ],
          [
            21.311819,
            69.423849
          ],
          [
            21.311929,
            69.42397
          ],
          [
            21.312018,
            69.424097
          ],
          [
            21.312125,
            69.424239
          ],
          [
            21.312216,
            69.424366
          ],
          [
            21.312314,
            69.424497
          ],
          [
            21.312421,
            69.424643
          ],
          [
            21.312485,
            69.42474
          ],
          [
            21.312552,
            69.424866
          ],
          [
            21.312619,
            69.424984
          ],
          [
            21.312784,
            69.425132
          ],
          [
            21.312927,
            69.425257
          ],
          [
            21.313235,
            69.425397
          ],
          [
            21.313598,
            69.425537
          ],
          [
            21.313779,
            69.425609
          ],
          [
            21.3141,
            69.425742
          ],
          [
            21.314404,
            69.425852
          ],
          [
            21.314781,
            69.425989
          ],
          [
            21.315116,
            69.426102
          ],
          [
            21.315485,
            69.426235
          ],
          [
            21.315939,
            69.4264
          ],
          [
            21.31634,
            69.426543
          ],
          [
            21.316851,
            69.426691
          ],
          [
            21.317381,
            69.426841
          ],
          [
            21.317495,
            69.426875
          ],
          [
            21.317743,
            69.426958
          ],
          [
            21.317841,
            69.427004
          ],
          [
            21.317929,
            69.427045
          ],
          [
            21.318222,
            69.427169
          ],
          [
            21.318311,
            69.427204
          ],
          [
            21.318665,
            69.427341
          ],
          [
            21.31896,
            69.427448
          ],
          [
            21.319232,
            69.427551
          ],
          [
            21.319489,
            69.427639
          ],
          [
            21.319794,
            69.427725
          ],
          [
            21.320245,
            69.427843
          ],
          [
            21.321082,
            69.428031
          ],
          [
            21.321835,
            69.428189
          ],
          [
            21.322567,
            69.428321
          ],
          [
            21.323269,
            69.428466
          ],
          [
            21.323989,
            69.428632
          ],
          [
            21.324699,
            69.428804
          ],
          [
            21.325308,
            69.428956
          ],
          [
            21.32576,
            69.429032
          ],
          [
            21.326097,
            69.429104
          ],
          [
            21.326214,
            69.429152
          ],
          [
            21.326274,
            69.429199
          ],
          [
            21.326329,
            69.429272
          ],
          [
            21.326395,
            69.429397
          ],
          [
            21.326435,
            69.429496
          ],
          [
            21.326468,
            69.429556
          ],
          [
            21.326523,
            69.429619
          ],
          [
            21.326582,
            69.429661
          ],
          [
            21.32674,
            69.429733
          ],
          [
            21.326911,
            69.429799
          ],
          [
            21.327022,
            69.429832
          ],
          [
            21.327091,
            69.429846
          ],
          [
            21.327177,
            69.429856
          ],
          [
            21.327225,
            69.42987
          ],
          [
            21.327301,
            69.429892
          ],
          [
            21.327388,
            69.42994
          ],
          [
            21.32746,
            69.429967
          ],
          [
            21.327521,
            69.429992
          ],
          [
            21.327592,
            69.430027
          ],
          [
            21.327618,
            69.430062
          ],
          [
            21.327643,
            69.430102
          ],
          [
            21.32769,
            69.430135
          ],
          [
            21.327786,
            69.430191
          ],
          [
            21.327887,
            69.430246
          ],
          [
            21.327962,
            69.430302
          ],
          [
            21.32801,
            69.43034
          ],
          [
            21.328053,
            69.430405
          ],
          [
            21.328046,
            69.430432
          ],
          [
            21.328048,
            69.430466
          ],
          [
            21.328095,
            69.43052
          ],
          [
            21.32818,
            69.430592
          ],
          [
            21.328206,
            69.430612
          ],
          [
            21.328269,
            69.430633
          ],
          [
            21.328319,
            69.430662
          ],
          [
            21.32838,
            69.430707
          ],
          [
            21.328482,
            69.430789
          ],
          [
            21.328638,
            69.430904
          ],
          [
            21.329069,
            69.431206
          ],
          [
            21.329302,
            69.431336
          ],
          [
            21.329365,
            69.431375
          ],
          [
            21.329422,
            69.43141
          ],
          [
            21.329543,
            69.431489
          ],
          [
            21.329609,
            69.431528
          ],
          [
            21.329709,
            69.431575
          ],
          [
            21.329838,
            69.431652
          ],
          [
            21.32989,
            69.431692
          ],
          [
            21.329928,
            69.431732
          ],
          [
            21.329934,
            69.431746
          ],
          [
            21.32993,
            69.431764
          ],
          [
            21.329942,
            69.431779
          ],
          [
            21.329976,
            69.431796
          ],
          [
            21.33007,
            69.431828
          ],
          [
            21.330228,
            69.43188
          ],
          [
            21.330408,
            69.431936
          ],
          [
            21.330579,
            69.431998
          ],
          [
            21.330748,
            69.432066
          ],
          [
            21.3309,
            69.432139
          ],
          [
            21.330975,
            69.432179
          ],
          [
            21.33106,
            69.432216
          ],
          [
            21.331183,
            69.432267
          ],
          [
            21.331331,
            69.432331
          ],
          [
            21.331396,
            69.432363
          ],
          [
            21.331457,
            69.432408
          ],
          [
            21.331496,
            69.432457
          ],
          [
            21.331553,
            69.432502
          ],
          [
            21.331651,
            69.432552
          ],
          [
            21.331764,
            69.432613
          ],
          [
            21.331839,
            69.43266
          ],
          [
            21.331912,
            69.432707
          ],
          [
            21.33202,
            69.432753
          ],
          [
            21.33207,
            69.432782
          ],
          [
            21.332113,
            69.432834
          ],
          [
            21.332182,
            69.432903
          ],
          [
            21.332266,
            69.432957
          ],
          [
            21.332359,
            69.433011
          ],
          [
            21.33249,
            69.433096
          ],
          [
            21.332582,
            69.433156
          ],
          [
            21.332725,
            69.433263
          ],
          [
            21.3328,
            69.43332
          ],
          [
            21.33288,
            69.433402
          ],
          [
            21.332909,
            69.433423
          ],
          [
            21.332983,
            69.433466
          ],
          [
            21.333049,
            69.433505
          ],
          [
            21.333151,
            69.433567
          ],
          [
            21.333234,
            69.433614
          ],
          [
            21.333272,
            69.433663
          ],
          [
            21.333296,
            69.433692
          ],
          [
            21.333343,
            69.433726
          ],
          [
            21.333412,
            69.433762
          ],
          [
            21.333569,
            69.433826
          ],
          [
            21.333638,
            69.433865
          ],
          [
            21.333703,
            69.43391
          ],
          [
            21.333874,
            69.433989
          ],
          [
            21.334143,
            69.434106
          ],
          [
            21.334324,
            69.434206
          ],
          [
            21.334442,
            69.434257
          ],
          [
            21.334601,
            69.434339
          ],
          [
            21.334768,
            69.43441
          ],
          [
            21.334915,
            69.434465
          ],
          [
            21.335033,
            69.434516
          ],
          [
            21.335211,
            69.434578
          ],
          [
            21.335388,
            69.434635
          ],
          [
            21.335458,
            69.434654
          ],
          [
            21.335561,
            69.434677
          ],
          [
            21.33569,
            69.434717
          ],
          [
            21.335828,
            69.434768
          ],
          [
            21.335925,
            69.434818
          ],
          [
            21.335982,
            69.43485
          ],
          [
            21.3361,
            69.434888
          ],
          [
            21.336247,
            69.434936
          ],
          [
            21.336517,
            69.435023
          ],
          [
            21.336773,
            69.435095
          ],
          [
            21.336913,
            69.435146
          ],
          [
            21.336979,
            69.435173
          ],
          [
            21.337091,
            69.435227
          ],
          [
            21.337204,
            69.435271
          ],
          [
            21.337631,
            69.435407
          ],
          [
            21.338596,
            69.435716
          ],
          [
            21.338848,
            69.435807
          ],
          [
            21.339235,
            69.435969
          ],
          [
            21.339458,
            69.436028
          ],
          [
            21.339862,
            69.436142
          ],
          [
            21.340242,
            69.436235
          ],
          [
            21.340396,
            69.436261
          ],
          [
            21.340759,
            69.43628
          ],
          [
            21.341392,
            69.436274
          ],
          [
            21.34222,
            69.436241
          ],
          [
            21.342514,
            69.436256
          ],
          [
            21.343048,
            69.436276
          ],
          [
            21.343341,
            69.436295
          ],
          [
            21.34358,
            69.4363
          ],
          [
            21.3438,
            69.436315
          ],
          [
            21.343953,
            69.436326
          ],
          [
            21.344271,
            69.436347
          ],
          [
            21.344558,
            69.436345
          ],
          [
            21.345086,
            69.436377
          ],
          [
            21.345181,
            69.436385
          ],
          [
            21.34523,
            69.436395
          ],
          [
            21.345248,
            69.436404
          ],
          [
            21.345359,
            69.436468
          ],
          [
            21.345387,
            69.436478
          ],
          [
            21.345401,
            69.436483
          ],
          [
            21.345625,
            69.436522
          ],
          [
            21.345666,
            69.436526
          ],
          [
            21.345746,
            69.436527
          ],
          [
            21.345967,
            69.436555
          ],
          [
            21.34616,
            69.43657
          ],
          [
            21.346209,
            69.436578
          ],
          [
            21.346383,
            69.436612
          ],
          [
            21.347055,
            69.436685
          ],
          [
            21.347331,
            69.436723
          ],
          [
            21.347681,
            69.436766
          ],
          [
            21.348326,
            69.436764
          ],
          [
            21.348881,
            69.436795
          ],
          [
            21.349085,
            69.436803
          ],
          [
            21.349395,
            69.436805
          ],
          [
            21.34962,
            69.436802
          ],
          [
            21.350088,
            69.436796
          ],
          [
            21.351139,
            69.436774
          ],
          [
            21.351345,
            69.436759
          ],
          [
            21.35148,
            69.436759
          ],
          [
            21.351893,
            69.436764
          ],
          [
            21.35247,
            69.436771
          ],
          [
            21.353206,
            69.436768
          ],
          [
            21.353369,
            69.43677
          ],
          [
            21.353527,
            69.436769
          ],
          [
            21.353613,
            69.436767
          ],
          [
            21.353684,
            69.436779
          ],
          [
            21.353772,
            69.436806
          ],
          [
            21.353964,
            69.436827
          ],
          [
            21.354234,
            69.43686
          ],
          [
            21.354462,
            69.436889
          ],
          [
            21.354593,
            69.436892
          ],
          [
            21.354799,
            69.436925
          ],
          [
            21.355031,
            69.436969
          ],
          [
            21.355143,
            69.436996
          ],
          [
            21.35538,
            69.437054
          ],
          [
            21.355487,
            69.437084
          ],
          [
            21.355573,
            69.437121
          ],
          [
            21.355669,
            69.437152
          ],
          [
            21.355731,
            69.437164
          ],
          [
            21.355906,
            69.437177
          ],
          [
            21.356071,
            69.437206
          ],
          [
            21.356203,
            69.437231
          ],
          [
            21.356456,
            69.437265
          ],
          [
            21.356701,
            69.437297
          ],
          [
            21.356788,
            69.437311
          ],
          [
            21.356876,
            69.437315
          ],
          [
            21.357169,
            69.437304
          ],
          [
            21.357246,
            69.437302
          ],
          [
            21.357355,
            69.43731
          ],
          [
            21.357443,
            69.437322
          ],
          [
            21.357642,
            69.437364
          ],
          [
            21.357826,
            69.437413
          ],
          [
            21.357911,
            69.437432
          ],
          [
            21.357971,
            69.43744
          ],
          [
            21.358121,
            69.437446
          ],
          [
            21.358555,
            69.437457
          ],
          [
            21.358703,
            69.437457
          ],
          [
            21.358751,
            69.437461
          ],
          [
            21.358777,
            69.437466
          ],
          [
            21.358975,
            69.437488
          ],
          [
            21.359139,
            69.437503
          ],
          [
            21.359314,
            69.437518
          ],
          [
            21.359381,
            69.437542
          ],
          [
            21.359472,
            69.437596
          ],
          [
            21.359542,
            69.437622
          ],
          [
            21.35961,
            69.43764
          ],
          [
            21.360085,
            69.437708
          ],
          [
            21.360349,
            69.437746
          ],
          [
            21.360503,
            69.437768
          ],
          [
            21.360612,
            69.437773
          ],
          [
            21.360682,
            69.437771
          ],
          [
            21.360817,
            69.437793
          ],
          [
            21.360951,
            69.43783
          ],
          [
            21.361259,
            69.437936
          ],
          [
            21.361356,
            69.437951
          ],
          [
            21.361465,
            69.437958
          ],
          [
            21.361508,
            69.437964
          ],
          [
            21.361689,
            69.438006
          ],
          [
            21.361856,
            69.43804
          ],
          [
            21.362078,
            69.438085
          ],
          [
            21.36234,
            69.438143
          ],
          [
            21.362512,
            69.438179
          ],
          [
            21.362619,
            69.438203
          ],
          [
            21.362794,
            69.43825
          ],
          [
            21.362853,
            69.438263
          ],
          [
            21.362876,
            69.438265
          ],
          [
            21.362913,
            69.438268
          ],
          [
            21.363088,
            69.438314
          ],
          [
            21.363385,
            69.438408
          ],
          [
            21.363429,
            69.43842
          ],
          [
            21.363461,
            69.438428
          ],
          [
            21.363548,
            69.438434
          ],
          [
            21.363601,
            69.43845
          ],
          [
            21.363728,
            69.438483
          ],
          [
            21.363762,
            69.438489
          ],
          [
            21.364161,
            69.43856
          ],
          [
            21.364443,
            69.438601
          ],
          [
            21.364592,
            69.43863
          ],
          [
            21.364766,
            69.438653
          ],
          [
            21.364931,
            69.438683
          ],
          [
            21.365102,
            69.438722
          ],
          [
            21.365325,
            69.438774
          ],
          [
            21.365412,
            69.438787
          ],
          [
            21.365491,
            69.438813
          ],
          [
            21.365527,
            69.438818
          ],
          [
            21.365548,
            69.438821
          ],
          [
            21.36566,
            69.438857
          ],
          [
            21.365848,
            69.438907
          ],
          [
            21.365959,
            69.438933
          ],
          [
            21.36607,
            69.438977
          ],
          [
            21.366111,
            69.438996
          ],
          [
            21.366189,
            69.439005
          ],
          [
            21.366357,
            69.439036
          ],
          [
            21.366554,
            69.439069
          ],
          [
            21.366704,
            69.439093
          ],
          [
            21.366794,
            69.439105
          ],
          [
            21.366809,
            69.439105
          ],
          [
            21.366826,
            69.439105
          ],
          [
            21.366919,
            69.439104
          ],
          [
            21.366951,
            69.439104
          ],
          [
            21.366986,
            69.439106
          ],
          [
            21.367126,
            69.439156
          ],
          [
            21.367197,
            69.439165
          ],
          [
            21.367318,
            69.439179
          ],
          [
            21.367454,
            69.439206
          ],
          [
            21.36748,
            69.439207
          ],
          [
            21.367486,
            69.439207
          ],
          [
            21.367556,
            69.439203
          ],
          [
            21.367603,
            69.439204
          ],
          [
            21.367628,
            69.439207
          ],
          [
            21.367727,
            69.43922
          ],
          [
            21.367744,
            69.439221
          ],
          [
            21.367826,
            69.439226
          ],
          [
            21.367889,
            69.439228
          ],
          [
            21.367914,
            69.439232
          ],
          [
            21.367993,
            69.439247
          ],
          [
            21.368107,
            69.439283
          ],
          [
            21.368402,
            69.439338
          ],
          [
            21.368538,
            69.439365
          ],
          [
            21.368701,
            69.439389
          ],
          [
            21.368794,
            69.4394
          ],
          [
            21.368872,
            69.439413
          ],
          [
            21.368917,
            69.439429
          ],
          [
            21.36899,
            69.439456
          ],
          [
            21.369004,
            69.439459
          ],
          [
            21.369016,
            69.439461
          ],
          [
            21.36904,
            69.439465
          ],
          [
            21.369238,
            69.439497
          ],
          [
            21.369437,
            69.439529
          ],
          [
            21.369763,
            69.439583
          ],
          [
            21.369858,
            69.4396
          ],
          [
            21.36993,
            69.439617
          ],
          [
            21.370015,
            69.43964
          ],
          [
            21.37004,
            69.439644
          ],
          [
            21.370088,
            69.439651
          ],
          [
            21.370107,
            69.439652
          ],
          [
            21.370157,
            69.439656
          ],
          [
            21.370401,
            69.439681
          ],
          [
            21.37059,
            69.439714
          ],
          [
            21.370826,
            69.43974
          ],
          [
            21.370913,
            69.439756
          ],
          [
            21.370971,
            69.439772
          ],
          [
            21.371021,
            69.439786
          ],
          [
            21.371179,
            69.43982
          ],
          [
            21.371362,
            69.439854
          ],
          [
            21.371545,
            69.439888
          ],
          [
            21.371752,
            69.439944
          ],
          [
            21.371936,
            69.43999
          ],
          [
            21.37199,
            69.440001
          ],
          [
            21.372031,
            69.440007
          ],
          [
            21.372153,
            69.440019
          ],
          [
            21.372181,
            69.440023
          ],
          [
            21.372218,
            69.440028
          ],
          [
            21.372242,
            69.440032
          ],
          [
            21.372356,
            69.440059
          ],
          [
            21.372711,
            69.440129
          ],
          [
            21.372893,
            69.440171
          ],
          [
            21.373119,
            69.440219
          ],
          [
            21.373316,
            69.440245
          ],
          [
            21.373484,
            69.440271
          ],
          [
            21.373645,
            69.4403
          ],
          [
            21.373901,
            69.440349
          ],
          [
            21.374121,
            69.440396
          ],
          [
            21.374246,
            69.440421
          ],
          [
            21.374332,
            69.440433
          ],
          [
            21.374359,
            69.440435
          ],
          [
            21.374475,
            69.440441
          ],
          [
            21.374574,
            69.440449
          ],
          [
            21.374755,
            69.440473
          ],
          [
            21.374866,
            69.440479
          ],
          [
            21.37495,
            69.440483
          ],
          [
            21.37506,
            69.440482
          ],
          [
            21.37523,
            69.440476
          ],
          [
            21.375386,
            69.440467
          ],
          [
            21.375427,
            69.440466
          ],
          [
            21.375451,
            69.440466
          ],
          [
            21.375493,
            69.440468
          ],
          [
            21.375716,
            69.440486
          ],
          [
            21.375753,
            69.440488
          ],
          [
            21.375796,
            69.440491
          ],
          [
            21.375853,
            69.440494
          ],
          [
            21.375895,
            69.440493
          ],
          [
            21.375937,
            69.440492
          ],
          [
            21.376124,
            69.440487
          ],
          [
            21.376151,
            69.440488
          ],
          [
            21.376221,
            69.440493
          ],
          [
            21.376315,
            69.440493
          ],
          [
            21.376519,
            69.440498
          ],
          [
            21.376751,
            69.440499
          ],
          [
            21.376887,
            69.4405
          ],
          [
            21.376979,
            69.440508
          ],
          [
            21.377016,
            69.440511
          ],
          [
            21.37712,
            69.440531
          ],
          [
            21.377215,
            69.440551
          ],
          [
            21.377404,
            69.440607
          ],
          [
            21.377504,
            69.440638
          ],
          [
            21.377554,
            69.440651
          ],
          [
            21.377566,
            69.440653
          ],
          [
            21.377576,
            69.440654
          ],
          [
            21.377594,
            69.440656
          ],
          [
            21.377771,
            69.440634
          ],
          [
            21.378315,
            69.440567
          ],
          [
            21.378671,
            69.440518
          ],
          [
            21.379071,
            69.440478
          ],
          [
            21.379324,
            69.440462
          ],
          [
            21.379505,
            69.440453
          ],
          [
            21.379608,
            69.440448
          ],
          [
            21.379673,
            69.440446
          ],
          [
            21.379819,
            69.440439
          ],
          [
            21.380043,
            69.440424
          ],
          [
            21.380122,
            69.440428
          ],
          [
            21.380162,
            69.44043
          ],
          [
            21.38022,
            69.44043
          ],
          [
            21.380262,
            69.440428
          ],
          [
            21.380286,
            69.440426
          ],
          [
            21.38035,
            69.440418
          ],
          [
            21.380441,
            69.44041
          ],
          [
            21.380525,
            69.440403
          ],
          [
            21.380631,
            69.440406
          ],
          [
            21.380686,
            69.440414
          ],
          [
            21.380715,
            69.440414
          ],
          [
            21.380761,
            69.440413
          ],
          [
            21.380844,
            69.440412
          ],
          [
            21.381035,
            69.440419
          ],
          [
            21.381091,
            69.440424
          ],
          [
            21.381166,
            69.440444
          ],
          [
            21.381206,
            69.44046
          ],
          [
            21.38125,
            69.440467
          ],
          [
            21.381368,
            69.440477
          ],
          [
            21.381771,
            69.440503
          ],
          [
            21.381806,
            69.440503
          ],
          [
            21.381892,
            69.440498
          ],
          [
            21.382103,
            69.440472
          ],
          [
            21.382138,
            69.440466
          ],
          [
            21.382195,
            69.44045
          ],
          [
            21.3823,
            69.440419
          ],
          [
            21.382321,
            69.440416
          ],
          [
            21.382362,
            69.440416
          ],
          [
            21.382421,
            69.440425
          ],
          [
            21.382493,
            69.440431
          ],
          [
            21.382515,
            69.440431
          ],
          [
            21.382579,
            69.440432
          ],
          [
            21.382695,
            69.440449
          ],
          [
            21.382793,
            69.44046
          ],
          [
            21.382878,
            69.440474
          ],
          [
            21.382898,
            69.440477
          ],
          [
            21.382944,
            69.440479
          ],
          [
            21.383063,
            69.440477
          ],
          [
            21.383431,
            69.440475
          ],
          [
            21.383577,
            69.440479
          ],
          [
            21.383619,
            69.440482
          ],
          [
            21.383774,
            69.440501
          ],
          [
            21.38406,
            69.440508
          ],
          [
            21.384246,
            69.440514
          ],
          [
            21.384516,
            69.440523
          ],
          [
            21.384648,
            69.440533
          ],
          [
            21.38468,
            69.440534
          ],
          [
            21.384739,
            69.44053
          ],
          [
            21.384824,
            69.44051
          ],
          [
            21.384929,
            69.440504
          ],
          [
            21.384996,
            69.440505
          ],
          [
            21.385157,
            69.440516
          ],
          [
            21.385335,
            69.440537
          ],
          [
            21.385468,
            69.440553
          ],
          [
            21.385492,
            69.440554
          ],
          [
            21.385544,
            69.44055
          ],
          [
            21.385641,
            69.440545
          ],
          [
            21.385757,
            69.440542
          ],
          [
            21.38593,
            69.440534
          ],
          [
            21.386105,
            69.440541
          ],
          [
            21.386308,
            69.440555
          ],
          [
            21.386386,
            69.440561
          ],
          [
            21.386429,
            69.440572
          ],
          [
            21.386475,
            69.440589
          ],
          [
            21.386495,
            69.440597
          ],
          [
            21.386569,
            69.44061
          ],
          [
            21.386627,
            69.440614
          ],
          [
            21.38674,
            69.440612
          ],
          [
            21.386897,
            69.440601
          ],
          [
            21.386927,
            69.440603
          ],
          [
            21.386962,
            69.440609
          ],
          [
            21.387054,
            69.44063
          ],
          [
            21.387101,
            69.440638
          ],
          [
            21.387212,
            69.440644
          ],
          [
            21.387265,
            69.440652
          ],
          [
            21.387344,
            69.440668
          ],
          [
            21.38745,
            69.440679
          ],
          [
            21.387568,
            69.440687
          ],
          [
            21.387734,
            69.440706
          ],
          [
            21.387808,
            69.440711
          ],
          [
            21.387848,
            69.440715
          ],
          [
            21.387875,
            69.440716
          ],
          [
            21.388055,
            69.440728
          ],
          [
            21.388247,
            69.440742
          ],
          [
            21.388423,
            69.440759
          ],
          [
            21.388589,
            69.440776
          ],
          [
            21.38874,
            69.440804
          ],
          [
            21.388879,
            69.440831
          ],
          [
            21.388903,
            69.440838
          ],
          [
            21.388924,
            69.440845
          ],
          [
            21.388998,
            69.440864
          ],
          [
            21.389078,
            69.44088
          ],
          [
            21.389165,
            69.440908
          ],
          [
            21.389295,
            69.440953
          ],
          [
            21.389385,
            69.440981
          ],
          [
            21.389425,
            69.440987
          ],
          [
            21.389464,
            69.440986
          ],
          [
            21.389607,
            69.440998
          ],
          [
            21.389717,
            69.441013
          ],
          [
            21.389794,
            69.441033
          ],
          [
            21.38981,
            69.44104
          ],
          [
            21.389884,
            69.441068
          ],
          [
            21.38992,
            69.441071
          ],
          [
            21.390083,
            69.441078
          ],
          [
            21.390206,
            69.441095
          ],
          [
            21.390267,
            69.441106
          ],
          [
            21.39038,
            69.44112
          ],
          [
            21.390433,
            69.441125
          ],
          [
            21.390529,
            69.441126
          ],
          [
            21.3906,
            69.441122
          ],
          [
            21.390629,
            69.441119
          ],
          [
            21.390705,
            69.441113
          ],
          [
            21.390804,
            69.441119
          ],
          [
            21.390922,
            69.441143
          ],
          [
            21.391077,
            69.441183
          ],
          [
            21.391161,
            69.441206
          ],
          [
            21.391222,
            69.441227
          ],
          [
            21.391328,
            69.441254
          ],
          [
            21.391367,
            69.441259
          ],
          [
            21.391433,
            69.44127
          ],
          [
            21.39151,
            69.441284
          ],
          [
            21.391584,
            69.441296
          ],
          [
            21.391704,
            69.441307
          ],
          [
            21.391862,
            69.441332
          ],
          [
            21.391948,
            69.441347
          ],
          [
            21.391981,
            69.441349
          ],
          [
            21.392032,
            69.441351
          ],
          [
            21.392063,
            69.441352
          ],
          [
            21.392256,
            69.441356
          ],
          [
            21.392291,
            69.441357
          ],
          [
            21.392346,
            69.441362
          ],
          [
            21.392384,
            69.441369
          ],
          [
            21.392657,
            69.441425
          ],
          [
            21.392859,
            69.44146
          ],
          [
            21.392993,
            69.441482
          ],
          [
            21.39316,
            69.441532
          ],
          [
            21.393228,
            69.441563
          ],
          [
            21.393427,
            69.441647
          ],
          [
            21.393522,
            69.441693
          ],
          [
            21.393569,
            69.441722
          ],
          [
            21.393612,
            69.441749
          ],
          [
            21.393655,
            69.441782
          ],
          [
            21.393666,
            69.441795
          ],
          [
            21.393674,
            69.441806
          ],
          [
            21.393668,
            69.441816
          ],
          [
            21.393664,
            69.441827
          ],
          [
            21.393652,
            69.441837
          ],
          [
            21.393588,
            69.441853
          ],
          [
            21.393583,
            69.441855
          ],
          [
            21.393577,
            69.44186
          ],
          [
            21.393569,
            69.441867
          ],
          [
            21.393567,
            69.441874
          ],
          [
            21.393568,
            69.441882
          ],
          [
            21.393571,
            69.44189
          ],
          [
            21.393582,
            69.441907
          ],
          [
            21.393592,
            69.441913
          ],
          [
            21.393608,
            69.441923
          ],
          [
            21.393689,
            69.441976
          ],
          [
            21.393756,
            69.442015
          ],
          [
            21.393897,
            69.442069
          ],
          [
            21.394038,
            69.442098
          ],
          [
            21.394118,
            69.44212
          ],
          [
            21.394147,
            69.442129
          ],
          [
            21.394312,
            69.442181
          ],
          [
            21.394442,
            69.442218
          ],
          [
            21.394533,
            69.442249
          ],
          [
            21.394557,
            69.442259
          ],
          [
            21.394603,
            69.442274
          ],
          [
            21.394689,
            69.442315
          ],
          [
            21.394749,
            69.442342
          ],
          [
            21.395033,
            69.442463
          ],
          [
            21.395074,
            69.442482
          ],
          [
            21.395226,
            69.44253
          ],
          [
            21.395402,
            69.442613
          ],
          [
            21.39558,
            69.442662
          ],
          [
            21.395612,
            69.442668
          ],
          [
            21.395653,
            69.442675
          ],
          [
            21.395686,
            69.442681
          ],
          [
            21.395839,
            69.442729
          ],
          [
            21.395935,
            69.442764
          ],
          [
            21.395975,
            69.442788
          ],
          [
            21.396056,
            69.442839
          ],
          [
            21.396084,
            69.442858
          ],
          [
            21.396259,
            69.442952
          ],
          [
            21.396391,
            69.443011
          ],
          [
            21.396479,
            69.443046
          ],
          [
            21.39658,
            69.44308
          ],
          [
            21.396764,
            69.443142
          ],
          [
            21.396933,
            69.443205
          ],
          [
            21.397102,
            69.443283
          ],
          [
            21.397285,
            69.443358
          ],
          [
            21.397402,
            69.443422
          ],
          [
            21.397515,
            69.443463
          ],
          [
            21.397604,
            69.443482
          ],
          [
            21.397839,
            69.443533
          ],
          [
            21.397975,
            69.443566
          ],
          [
            21.398179,
            69.443617
          ],
          [
            21.398371,
            69.443676
          ],
          [
            21.398528,
            69.443708
          ],
          [
            21.398603,
            69.443723
          ],
          [
            21.398721,
            69.443748
          ],
          [
            21.398864,
            69.443789
          ],
          [
            21.398877,
            69.443795
          ],
          [
            21.39899,
            69.443839
          ],
          [
            21.399048,
            69.443852
          ],
          [
            21.399096,
            69.443862
          ],
          [
            21.399227,
            69.443891
          ],
          [
            21.399381,
            69.443925
          ],
          [
            21.399565,
            69.443975
          ],
          [
            21.399618,
            69.443994
          ],
          [
            21.399668,
            69.444018
          ],
          [
            21.399726,
            69.444031
          ],
          [
            21.399806,
            69.444045
          ],
          [
            21.399921,
            69.444067
          ],
          [
            21.400026,
            69.44408
          ],
          [
            21.400245,
            69.444104
          ],
          [
            21.400325,
            69.444118
          ],
          [
            21.40035,
            69.444126
          ],
          [
            21.400368,
            69.44413
          ],
          [
            21.400473,
            69.444148
          ],
          [
            21.400565,
            69.444163
          ],
          [
            21.400573,
            69.444163
          ],
          [
            21.400721,
            69.44417
          ],
          [
            21.400886,
            69.444183
          ],
          [
            21.401053,
            69.444197
          ],
          [
            21.401083,
            69.444198
          ],
          [
            21.40112,
            69.4442
          ],
          [
            21.401158,
            69.444201
          ],
          [
            21.401198,
            69.4442
          ],
          [
            21.401238,
            69.444198
          ],
          [
            21.401364,
            69.444199
          ],
          [
            21.401501,
            69.444203
          ],
          [
            21.401531,
            69.444205
          ],
          [
            21.401658,
            69.444208
          ],
          [
            21.401776,
            69.444208
          ],
          [
            21.401923,
            69.444206
          ],
          [
            21.402051,
            69.444204
          ],
          [
            21.40214,
            69.444212
          ],
          [
            21.402207,
            69.444223
          ],
          [
            21.402249,
            69.444228
          ],
          [
            21.402287,
            69.444229
          ],
          [
            21.40242,
            69.444233
          ],
          [
            21.402491,
            69.444229
          ],
          [
            21.402533,
            69.444228
          ],
          [
            21.402593,
            69.444231
          ],
          [
            21.402778,
            69.44425
          ],
          [
            21.402803,
            69.44425
          ],
          [
            21.402825,
            69.44425
          ],
          [
            21.402985,
            69.444244
          ],
          [
            21.403086,
            69.444243
          ],
          [
            21.403173,
            69.44424
          ],
          [
            21.403206,
            69.44424
          ],
          [
            21.40325,
            69.44424
          ],
          [
            21.403431,
            69.444241
          ],
          [
            21.403591,
            69.444251
          ],
          [
            21.403756,
            69.44427
          ],
          [
            21.403779,
            69.44427
          ],
          [
            21.403863,
            69.444271
          ],
          [
            21.403966,
            69.444266
          ],
          [
            21.404001,
            69.444265
          ],
          [
            21.40413,
            69.444272
          ],
          [
            21.40424,
            69.444291
          ],
          [
            21.404409,
            69.444327
          ],
          [
            21.404436,
            69.44433
          ],
          [
            21.404475,
            69.444332
          ],
          [
            21.40465,
            69.444349
          ],
          [
            21.404749,
            69.44436
          ],
          [
            21.404887,
            69.444384
          ],
          [
            21.404953,
            69.444397
          ],
          [
            21.40498,
            69.4444
          ],
          [
            21.405181,
            69.444431
          ],
          [
            21.405395,
            69.444476
          ],
          [
            21.405547,
            69.444514
          ],
          [
            21.405774,
            69.444563
          ],
          [
            21.405902,
            69.444608
          ],
          [
            21.406095,
            69.444679
          ],
          [
            21.406239,
            69.444769
          ],
          [
            21.406462,
            69.444896
          ],
          [
            21.406622,
            69.445007
          ],
          [
            21.40665,
            69.445029
          ],
          [
            21.406687,
            69.445042
          ],
          [
            21.406702,
            69.445048
          ],
          [
            21.406724,
            69.445058
          ],
          [
            21.406737,
            69.445064
          ],
          [
            21.40675,
            69.445072
          ],
          [
            21.406782,
            69.44509
          ],
          [
            21.406885,
            69.445154
          ],
          [
            21.406986,
            69.445237
          ],
          [
            21.407019,
            69.445251
          ],
          [
            21.407067,
            69.445268
          ],
          [
            21.407097,
            69.445281
          ],
          [
            21.407111,
            69.445294
          ],
          [
            21.407226,
            69.445367
          ],
          [
            21.407292,
            69.44541
          ],
          [
            21.407435,
            69.445475
          ],
          [
            21.407469,
            69.445496
          ],
          [
            21.407584,
            69.445565
          ],
          [
            21.407649,
            69.445603
          ],
          [
            21.407661,
            69.445623
          ],
          [
            21.407669,
            69.445638
          ],
          [
            21.407674,
            69.445648
          ],
          [
            21.407679,
            69.445657
          ],
          [
            21.407691,
            69.445668
          ],
          [
            21.407708,
            69.445677
          ],
          [
            21.407745,
            69.445688
          ],
          [
            21.407768,
            69.445694
          ],
          [
            21.407903,
            69.445723
          ],
          [
            21.407961,
            69.445748
          ],
          [
            21.407976,
            69.445758
          ],
          [
            21.407988,
            69.445768
          ],
          [
            21.408076,
            69.445871
          ],
          [
            21.408094,
            69.445883
          ],
          [
            21.408149,
            69.445918
          ],
          [
            21.408174,
            69.445931
          ],
          [
            21.408198,
            69.445943
          ],
          [
            21.408217,
            69.445949
          ],
          [
            21.408239,
            69.445955
          ],
          [
            21.408278,
            69.445969
          ],
          [
            21.408489,
            69.446074
          ],
          [
            21.408592,
            69.446141
          ],
          [
            21.408669,
            69.4462
          ],
          [
            21.408729,
            69.446244
          ],
          [
            21.408739,
            69.446252
          ],
          [
            21.40878,
            69.446262
          ],
          [
            21.409096,
            69.446347
          ],
          [
            21.409126,
            69.446357
          ],
          [
            21.409178,
            69.446373
          ],
          [
            21.409227,
            69.446386
          ],
          [
            21.409232,
            69.446389
          ],
          [
            21.409243,
            69.446401
          ],
          [
            21.409247,
            69.446408
          ],
          [
            21.409255,
            69.446418
          ],
          [
            21.409268,
            69.446427
          ],
          [
            21.409296,
            69.446436
          ],
          [
            21.409322,
            69.446444
          ],
          [
            21.409578,
            69.44652
          ],
          [
            21.409597,
            69.446525
          ],
          [
            21.409656,
            69.446536
          ],
          [
            21.409704,
            69.446544
          ],
          [
            21.409721,
            69.446548
          ],
          [
            21.409747,
            69.446554
          ],
          [
            21.409773,
            69.44656
          ],
          [
            21.41003,
            69.446643
          ],
          [
            21.410328,
            69.446723
          ],
          [
            21.410565,
            69.446786
          ],
          [
            21.410652,
            69.446805
          ],
          [
            21.41076,
            69.446824
          ],
          [
            21.410977,
            69.44687
          ],
          [
            21.411242,
            69.446924
          ],
          [
            21.411262,
            69.446929
          ],
          [
            21.411287,
            69.446931
          ],
          [
            21.411315,
            69.446932
          ],
          [
            21.411334,
            69.446932
          ],
          [
            21.411411,
            69.446932
          ],
          [
            21.411449,
            69.446934
          ],
          [
            21.411477,
            69.446937
          ],
          [
            21.411509,
            69.446943
          ],
          [
            21.411737,
            69.446984
          ],
          [
            21.411922,
            69.447009
          ],
          [
            21.411996,
            69.447016
          ],
          [
            21.412106,
            69.447027
          ],
          [
            21.412226,
            69.447054
          ],
          [
            21.412442,
            69.447092
          ],
          [
            21.41255,
            69.447105
          ],
          [
            21.412794,
            69.447129
          ],
          [
            21.412825,
            69.44713
          ],
          [
            21.412925,
            69.447132
          ],
          [
            21.412981,
            69.44713
          ],
          [
            21.413129,
            69.447136
          ],
          [
            21.41326,
            69.44716
          ],
          [
            21.41334,
            69.447182
          ],
          [
            21.413424,
            69.447211
          ],
          [
            21.413515,
            69.447235
          ],
          [
            21.413576,
            69.447247
          ],
          [
            21.413608,
            69.447252
          ],
          [
            21.413708,
            69.447269
          ],
          [
            21.413727,
            69.447275
          ],
          [
            21.413743,
            69.447281
          ],
          [
            21.413818,
            69.447309
          ],
          [
            21.413845,
            69.447314
          ],
          [
            21.413899,
            69.447322
          ],
          [
            21.414159,
            69.447368
          ],
          [
            21.414358,
            69.447408
          ],
          [
            21.414451,
            69.447426
          ],
          [
            21.414475,
            69.447427
          ],
          [
            21.414506,
            69.447428
          ],
          [
            21.414625,
            69.447438
          ],
          [
            21.414965,
            69.447486
          ],
          [
            21.415031,
            69.447492
          ],
          [
            21.415229,
            69.447508
          ],
          [
            21.415262,
            69.447511
          ],
          [
            21.415299,
            69.447517
          ],
          [
            21.415325,
            69.447522
          ],
          [
            21.415429,
            69.447542
          ],
          [
            21.415461,
            69.447546
          ],
          [
            21.415631,
            69.447579
          ],
          [
            21.41564,
            69.447579
          ],
          [
            21.415821,
            69.447591
          ],
          [
            21.415986,
            69.447607
          ],
          [
            21.416043,
            69.447618
          ],
          [
            21.416098,
            69.44763
          ],
          [
            21.416129,
            69.447636
          ],
          [
            21.416247,
            69.447656
          ],
          [
            21.41637,
            69.447676
          ],
          [
            21.416386,
            69.447677
          ],
          [
            21.416473,
            69.44768
          ],
          [
            21.416507,
            69.447681
          ],
          [
            21.416602,
            69.44768
          ],
          [
            21.416677,
            69.447684
          ],
          [
            21.416726,
            69.44769
          ],
          [
            21.416806,
            69.447703
          ],
          [
            21.416886,
            69.447706
          ],
          [
            21.417002,
            69.447712
          ],
          [
            21.417066,
            69.44772
          ],
          [
            21.41718,
            69.447736
          ],
          [
            21.41723,
            69.447738
          ],
          [
            21.417257,
            69.447737
          ],
          [
            21.417455,
            69.447729
          ],
          [
            21.417591,
            69.447732
          ],
          [
            21.417629,
            69.447732
          ],
          [
            21.417832,
            69.447728
          ],
          [
            21.418081,
            69.447756
          ],
          [
            21.41816,
            69.447761
          ],
          [
            21.418392,
            69.447776
          ],
          [
            21.41852,
            69.447779
          ],
          [
            21.418583,
            69.447781
          ],
          [
            21.418721,
            69.447784
          ],
          [
            21.418865,
            69.447792
          ],
          [
            21.41922,
            69.447806
          ],
          [
            21.419444,
            69.44782
          ],
          [
            21.419642,
            69.447821
          ],
          [
            21.419837,
            69.447818
          ],
          [
            21.419903,
            69.447822
          ],
          [
            21.420009,
            69.447834
          ],
          [
            21.420058,
            69.447837
          ],
          [
            21.420252,
            69.447848
          ],
          [
            21.420338,
            69.44785
          ],
          [
            21.420391,
            69.447858
          ],
          [
            21.420452,
            69.447859
          ],
          [
            21.420575,
            69.447864
          ],
          [
            21.420729,
            69.447863
          ],
          [
            21.420877,
            69.44786
          ],
          [
            21.420955,
            69.447863
          ],
          [
            21.420992,
            69.447867
          ],
          [
            21.421124,
            69.44789
          ],
          [
            21.421195,
            69.447902
          ],
          [
            21.421289,
            69.447909
          ],
          [
            21.42144,
            69.447918
          ],
          [
            21.421575,
            69.447924
          ],
          [
            21.421706,
            69.447926
          ],
          [
            21.421848,
            69.447921
          ],
          [
            21.422006,
            69.447914
          ],
          [
            21.422187,
            69.447917
          ],
          [
            21.422271,
            69.447924
          ],
          [
            21.422341,
            69.447939
          ],
          [
            21.42241,
            69.447958
          ],
          [
            21.422555,
            69.447984
          ],
          [
            21.422748,
            69.448009
          ],
          [
            21.422863,
            69.448027
          ],
          [
            21.422928,
            69.448033
          ],
          [
            21.423061,
            69.448041
          ],
          [
            21.423249,
            69.448054
          ],
          [
            21.423288,
            69.448055
          ],
          [
            21.423377,
            69.448043
          ],
          [
            21.423466,
            69.448032
          ],
          [
            21.423487,
            69.448028
          ],
          [
            21.423531,
            69.448027
          ],
          [
            21.423688,
            69.448038
          ],
          [
            21.423717,
            69.448038
          ],
          [
            21.423919,
            69.448029
          ],
          [
            21.424047,
            69.448028
          ],
          [
            21.424084,
            69.448028
          ],
          [
            21.424125,
            69.448029
          ],
          [
            21.424243,
            69.448034
          ],
          [
            21.424338,
            69.448034
          ],
          [
            21.424473,
            69.448026
          ],
          [
            21.424605,
            69.448008
          ],
          [
            21.424697,
            69.448002
          ],
          [
            21.424743,
            69.448005
          ],
          [
            21.424888,
            69.44803
          ],
          [
            21.424971,
            69.448035
          ],
          [
            21.425039,
            69.448034
          ],
          [
            21.425429,
            69.448038
          ],
          [
            21.42548,
            69.448038
          ],
          [
            21.425521,
            69.448039
          ],
          [
            21.425564,
            69.448042
          ],
          [
            21.425605,
            69.448045
          ],
          [
            21.425639,
            69.448045
          ],
          [
            21.425746,
            69.448032
          ],
          [
            21.425854,
            69.448018
          ],
          [
            21.425928,
            69.448014
          ],
          [
            21.426052,
            69.448013
          ],
          [
            21.426178,
            69.448016
          ],
          [
            21.42623,
            69.448014
          ],
          [
            21.426327,
            69.448007
          ],
          [
            21.426513,
            69.447992
          ],
          [
            21.426571,
            69.447985
          ],
          [
            21.426626,
            69.447984
          ],
          [
            21.426703,
            69.447989
          ],
          [
            21.426774,
            69.448006
          ],
          [
            21.426803,
            69.448012
          ],
          [
            21.426886,
            69.448025
          ],
          [
            21.426903,
            69.448025
          ],
          [
            21.426943,
            69.448024
          ],
          [
            21.427033,
            69.448021
          ],
          [
            21.427107,
            69.448022
          ],
          [
            21.42715,
            69.448021
          ],
          [
            21.427313,
            69.448008
          ],
          [
            21.427477,
            69.447999
          ],
          [
            21.427547,
            69.447996
          ],
          [
            21.427658,
            69.447996
          ],
          [
            21.427698,
            69.447998
          ],
          [
            21.427795,
            69.448003
          ],
          [
            21.427857,
            69.447995
          ],
          [
            21.427886,
            69.447988
          ],
          [
            21.427987,
            69.447979
          ],
          [
            21.428039,
            69.447972
          ],
          [
            21.428144,
            69.447955
          ],
          [
            21.428201,
            69.447949
          ],
          [
            21.428329,
            69.447949
          ],
          [
            21.428405,
            69.447953
          ],
          [
            21.428488,
            69.447948
          ],
          [
            21.428578,
            69.447942
          ],
          [
            21.428621,
            69.447937
          ],
          [
            21.428632,
            69.447936
          ],
          [
            21.428647,
            69.447933
          ],
          [
            21.42866,
            69.447928
          ],
          [
            21.428683,
            69.447918
          ],
          [
            21.428698,
            69.447914
          ],
          [
            21.428796,
            69.447907
          ],
          [
            21.428867,
            69.447908
          ],
          [
            21.428902,
            69.447911
          ],
          [
            21.428946,
            69.447914
          ],
          [
            21.428968,
            69.447912
          ],
          [
            21.429019,
            69.447908
          ],
          [
            21.429155,
            69.447884
          ],
          [
            21.429367,
            69.447851
          ],
          [
            21.429471,
            69.447829
          ],
          [
            21.429573,
            69.447801
          ],
          [
            21.429693,
            69.447768
          ],
          [
            21.429896,
            69.447729
          ],
          [
            21.429972,
            69.447697
          ],
          [
            21.430114,
            69.447667
          ],
          [
            21.430208,
            69.447643
          ],
          [
            21.430325,
            69.447622
          ],
          [
            21.430597,
            69.447572
          ],
          [
            21.430824,
            69.447554
          ],
          [
            21.430962,
            69.447548
          ],
          [
            21.431087,
            69.447537
          ],
          [
            21.431106,
            69.447535
          ],
          [
            21.431149,
            69.447533
          ],
          [
            21.431184,
            69.447531
          ],
          [
            21.431229,
            69.44753
          ],
          [
            21.431281,
            69.447533
          ],
          [
            21.43135,
            69.447541
          ],
          [
            21.431383,
            69.447545
          ],
          [
            21.431398,
            69.447545
          ],
          [
            21.431453,
            69.447543
          ],
          [
            21.431463,
            69.447542
          ],
          [
            21.431545,
            69.447535
          ],
          [
            21.431578,
            69.447534
          ],
          [
            21.431634,
            69.447538
          ],
          [
            21.43169,
            69.44755
          ],
          [
            21.431744,
            69.447562
          ],
          [
            21.431791,
            69.447571
          ],
          [
            21.43181,
            69.447575
          ],
          [
            21.431841,
            69.447578
          ],
          [
            21.431899,
            69.447578
          ],
          [
            21.432168,
            69.447567
          ],
          [
            21.43233,
            69.447576
          ],
          [
            21.432398,
            69.44758
          ],
          [
            21.432428,
            69.447582
          ],
          [
            21.43245,
            69.447582
          ],
          [
            21.43248,
            69.447582
          ],
          [
            21.432504,
            69.44758
          ],
          [
            21.432519,
            69.447576
          ],
          [
            21.432539,
            69.447571
          ],
          [
            21.432557,
            69.447569
          ],
          [
            21.43259,
            69.447568
          ],
          [
            21.432851,
            69.447596
          ],
          [
            21.433068,
            69.447614
          ],
          [
            21.433195,
            69.44763
          ],
          [
            21.43322,
            69.447638
          ],
          [
            21.433286,
            69.447654
          ],
          [
            21.433309,
            69.447658
          ],
          [
            21.433442,
            69.447675
          ],
          [
            21.433538,
            69.4477
          ],
          [
            21.433564,
            69.447709
          ],
          [
            21.433838,
            69.447781
          ],
          [
            21.433893,
            69.447785
          ],
          [
            21.433992,
            69.447792
          ],
          [
            21.43406,
            69.447797
          ],
          [
            21.434161,
            69.447805
          ],
          [
            21.434207,
            69.447808
          ],
          [
            21.434243,
            69.447809
          ],
          [
            21.434256,
            69.447809
          ],
          [
            21.434284,
            69.447807
          ],
          [
            21.434574,
            69.447793
          ],
          [
            21.434791,
            69.447791
          ],
          [
            21.434826,
            69.447798
          ],
          [
            21.43485,
            69.4478
          ],
          [
            21.434866,
            69.447801
          ],
          [
            21.434914,
            69.447801
          ],
          [
            21.435055,
            69.447792
          ],
          [
            21.43517,
            69.447786
          ],
          [
            21.435284,
            69.447777
          ],
          [
            21.435324,
            69.447774
          ],
          [
            21.435358,
            69.44777
          ],
          [
            21.435399,
            69.447766
          ],
          [
            21.435434,
            69.447762
          ],
          [
            21.435461,
            69.44776
          ],
          [
            21.435497,
            69.447759
          ],
          [
            21.435635,
            69.447759
          ],
          [
            21.435689,
            69.447767
          ],
          [
            21.435711,
            69.447771
          ],
          [
            21.435779,
            69.447783
          ],
          [
            21.435819,
            69.447787
          ],
          [
            21.435954,
            69.447793
          ],
          [
            21.436053,
            69.447795
          ],
          [
            21.436146,
            69.447799
          ],
          [
            21.436222,
            69.447806
          ],
          [
            21.436275,
            69.447809
          ],
          [
            21.436346,
            69.447818
          ],
          [
            21.436568,
            69.447843
          ],
          [
            21.436674,
            69.447856
          ],
          [
            21.43677,
            69.447871
          ],
          [
            21.436888,
            69.447882
          ],
          [
            21.436961,
            69.447889
          ],
          [
            21.437004,
            69.447896
          ],
          [
            21.437029,
            69.447906
          ],
          [
            21.437069,
            69.447933
          ],
          [
            21.437144,
            69.448006
          ],
          [
            21.437248,
            69.448082
          ],
          [
            21.437309,
            69.448107
          ],
          [
            21.437499,
            69.448154
          ],
          [
            21.437644,
            69.448188
          ],
          [
            21.437762,
            69.448212
          ],
          [
            21.43789,
            69.448235
          ],
          [
            21.438057,
            69.448275
          ],
          [
            21.438138,
            69.448287
          ],
          [
            21.438218,
            69.448294
          ],
          [
            21.438312,
            69.44831
          ],
          [
            21.438402,
            69.448327
          ],
          [
            21.438553,
            69.448355
          ],
          [
            21.438703,
            69.448385
          ],
          [
            21.438952,
            69.448432
          ],
          [
            21.439055,
            69.448447
          ],
          [
            21.439097,
            69.448448
          ],
          [
            21.43912,
            69.448448
          ],
          [
            21.439206,
            69.448452
          ],
          [
            21.439294,
            69.448468
          ],
          [
            21.439483,
            69.44852
          ],
          [
            21.439705,
            69.448569
          ],
          [
            21.439812,
            69.448588
          ],
          [
            21.439832,
            69.448588
          ],
          [
            21.439846,
            69.448588
          ],
          [
            21.439875,
            69.448586
          ],
          [
            21.4399,
            69.448585
          ],
          [
            21.439912,
            69.448584
          ],
          [
            21.439942,
            69.448586
          ],
          [
            21.439967,
            69.448589
          ],
          [
            21.440528,
            69.44865
          ],
          [
            21.440648,
            69.448663
          ],
          [
            21.440667,
            69.44867
          ],
          [
            21.440676,
            69.448679
          ],
          [
            21.440687,
            69.448697
          ],
          [
            21.440709,
            69.448717
          ],
          [
            21.440827,
            69.44876
          ],
          [
            21.44097,
            69.448788
          ],
          [
            21.440997,
            69.448793
          ],
          [
            21.44101,
            69.448794
          ],
          [
            21.44105,
            69.448796
          ],
          [
            21.441087,
            69.448799
          ],
          [
            21.441286,
            69.448877
          ],
          [
            21.441373,
            69.448915
          ],
          [
            21.44143,
            69.448949
          ],
          [
            21.441517,
            69.449005
          ],
          [
            21.441629,
            69.449066
          ],
          [
            21.44168,
            69.449125
          ],
          [
            21.441746,
            69.449183
          ],
          [
            21.441784,
            69.449208
          ],
          [
            21.441996,
            69.449296
          ],
          [
            21.442155,
            69.449347
          ],
          [
            21.442241,
            69.44937
          ],
          [
            21.442259,
            69.449379
          ],
          [
            21.442276,
            69.449391
          ],
          [
            21.442341,
            69.449443
          ],
          [
            21.442348,
            69.449461
          ],
          [
            21.442368,
            69.449478
          ],
          [
            21.442454,
            69.449515
          ],
          [
            21.442466,
            69.449535
          ],
          [
            21.442483,
            69.449575
          ],
          [
            21.44249,
            69.44958
          ],
          [
            21.44255,
            69.44961
          ],
          [
            21.442626,
            69.449638
          ],
          [
            21.442744,
            69.44967
          ],
          [
            21.442899,
            69.449719
          ],
          [
            21.443,
            69.449742
          ],
          [
            21.443086,
            69.449761
          ],
          [
            21.443202,
            69.449789
          ],
          [
            21.443287,
            69.449815
          ],
          [
            21.443515,
            69.449887
          ],
          [
            21.443661,
            69.449933
          ],
          [
            21.443796,
            69.449982
          ],
          [
            21.443906,
            69.450016
          ],
          [
            21.443995,
            69.450051
          ],
          [
            21.444091,
            69.450084
          ],
          [
            21.444156,
            69.450117
          ],
          [
            21.444207,
            69.450161
          ],
          [
            21.444236,
            69.450176
          ],
          [
            21.44429,
            69.4502
          ],
          [
            21.444318,
            69.450208
          ],
          [
            21.444378,
            69.45021
          ],
          [
            21.444474,
            69.45021
          ],
          [
            21.444503,
            69.450211
          ],
          [
            21.444581,
            69.450217
          ],
          [
            21.444613,
            69.450222
          ],
          [
            21.444734,
            69.45025
          ],
          [
            21.44491,
            69.450284
          ],
          [
            21.445017,
            69.45031
          ],
          [
            21.445049,
            69.450324
          ],
          [
            21.445133,
            69.450363
          ],
          [
            21.445159,
            69.450374
          ],
          [
            21.445255,
            69.450415
          ],
          [
            21.445321,
            69.450434
          ],
          [
            21.445347,
            69.450436
          ],
          [
            21.445589,
            69.450468
          ],
          [
            21.445765,
            69.450503
          ],
          [
            21.445821,
            69.450509
          ],
          [
            21.445855,
            69.450514
          ],
          [
            21.446075,
            69.450545
          ],
          [
            21.446162,
            69.450561
          ],
          [
            21.446335,
            69.450662
          ],
          [
            21.446459,
            69.450779
          ],
          [
            21.446557,
            69.450874
          ],
          [
            21.44664,
            69.450925
          ],
          [
            21.446795,
            69.451032
          ],
          [
            21.446906,
            69.451105
          ],
          [
            21.446984,
            69.451134
          ],
          [
            21.447299,
            69.451237
          ],
          [
            21.447459,
            69.451307
          ],
          [
            21.447523,
            69.45134
          ],
          [
            21.447651,
            69.451368
          ],
          [
            21.447831,
            69.451404
          ],
          [
            21.447893,
            69.451425
          ],
          [
            21.447979,
            69.451455
          ],
          [
            21.448054,
            69.451472
          ],
          [
            21.448132,
            69.451487
          ],
          [
            21.44825,
            69.451512
          ],
          [
            21.448416,
            69.451543
          ],
          [
            21.448448,
            69.451548
          ],
          [
            21.448525,
            69.451558
          ],
          [
            21.448715,
            69.451579
          ],
          [
            21.448958,
            69.451616
          ],
          [
            21.449211,
            69.451684
          ],
          [
            21.44942,
            69.451722
          ],
          [
            21.449747,
            69.451767
          ],
          [
            21.449893,
            69.451793
          ],
          [
            21.450009,
            69.451827
          ],
          [
            21.450139,
            69.451859
          ],
          [
            21.450183,
            69.451865
          ],
          [
            21.450276,
            69.451872
          ],
          [
            21.450397,
            69.451881
          ],
          [
            21.450487,
            69.451886
          ],
          [
            21.450562,
            69.451886
          ],
          [
            21.450604,
            69.451889
          ],
          [
            21.450679,
            69.451901
          ],
          [
            21.450846,
            69.451938
          ],
          [
            21.45093,
            69.451964
          ],
          [
            21.450988,
            69.451978
          ],
          [
            21.451036,
            69.451986
          ],
          [
            21.451175,
            69.451993
          ],
          [
            21.45127,
            69.451998
          ],
          [
            21.451335,
            69.451998
          ],
          [
            21.451365,
            69.452003
          ],
          [
            21.451504,
            69.452046
          ],
          [
            21.45166,
            69.452088
          ],
          [
            21.451802,
            69.452122
          ],
          [
            21.451901,
            69.452129
          ],
          [
            21.451943,
            69.452136
          ],
          [
            21.451992,
            69.452144
          ],
          [
            21.452041,
            69.452153
          ],
          [
            21.452131,
            69.452184
          ],
          [
            21.452165,
            69.452192
          ],
          [
            21.452215,
            69.452195
          ],
          [
            21.452242,
            69.452194
          ],
          [
            21.45236,
            69.452189
          ],
          [
            21.452505,
            69.452196
          ],
          [
            21.452756,
            69.452235
          ],
          [
            21.452958,
            69.452276
          ],
          [
            21.45307,
            69.452288
          ],
          [
            21.453121,
            69.452289
          ],
          [
            21.453299,
            69.452307
          ],
          [
            21.453371,
            69.45232
          ],
          [
            21.453904,
            69.452403
          ],
          [
            21.453946,
            69.452421
          ],
          [
            21.453982,
            69.452427
          ],
          [
            21.45416,
            69.452454
          ],
          [
            21.45432,
            69.452462
          ],
          [
            21.454477,
            69.452496
          ],
          [
            21.454592,
            69.452522
          ],
          [
            21.454703,
            69.452543
          ],
          [
            21.454898,
            69.452573
          ],
          [
            21.454929,
            69.452576
          ],
          [
            21.455007,
            69.452578
          ],
          [
            21.455119,
            69.452578
          ],
          [
            21.455521,
            69.452578
          ],
          [
            21.455798,
            69.452592
          ],
          [
            21.45583,
            69.452598
          ],
          [
            21.456051,
            69.45266
          ],
          [
            21.456081,
            69.452664
          ],
          [
            21.456124,
            69.452667
          ],
          [
            21.456321,
            69.452671
          ],
          [
            21.456456,
            69.452677
          ],
          [
            21.456536,
            69.45269
          ],
          [
            21.456794,
            69.452728
          ],
          [
            21.456909,
            69.452745
          ],
          [
            21.456983,
            69.452741
          ],
          [
            21.457048,
            69.452746
          ],
          [
            21.457251,
            69.452774
          ],
          [
            21.457359,
            69.452797
          ],
          [
            21.457581,
            69.452825
          ],
          [
            21.457669,
            69.452824
          ],
          [
            21.457693,
            69.452827
          ],
          [
            21.45771,
            69.452832
          ],
          [
            21.457717,
            69.452838
          ],
          [
            21.457719,
            69.452845
          ],
          [
            21.457725,
            69.452857
          ],
          [
            21.457736,
            69.45286
          ],
          [
            21.457791,
            69.452859
          ],
          [
            21.457878,
            69.452848
          ],
          [
            21.457983,
            69.452839
          ],
          [
            21.458139,
            69.452836
          ],
          [
            21.458247,
            69.452843
          ],
          [
            21.458543,
            69.452857
          ],
          [
            21.458977,
            69.452905
          ],
          [
            21.459188,
            69.452931
          ],
          [
            21.459603,
            69.452985
          ],
          [
            21.459777,
            69.452988
          ],
          [
            21.460339,
            69.453031
          ],
          [
            21.460793,
            69.453055
          ],
          [
            21.460952,
            69.45306
          ],
          [
            21.461271,
            69.453061
          ],
          [
            21.461484,
            69.453057
          ],
          [
            21.461756,
            69.453065
          ],
          [
            21.461912,
            69.453069
          ],
          [
            21.462341,
            69.45309
          ],
          [
            21.462527,
            69.453072
          ],
          [
            21.462714,
            69.453055
          ],
          [
            21.462917,
            69.45305
          ],
          [
            21.46299,
            69.453056
          ],
          [
            21.463073,
            69.453067
          ],
          [
            21.463181,
            69.453071
          ],
          [
            21.463337,
            69.453075
          ],
          [
            21.463783,
            69.453106
          ],
          [
            21.464201,
            69.453191
          ],
          [
            21.464458,
            69.453232
          ],
          [
            21.465142,
            69.453273
          ],
          [
            21.465366,
            69.453283
          ],
          [
            21.466001,
            69.453269
          ],
          [
            21.467008,
            69.453182
          ],
          [
            21.467318,
            69.453163
          ],
          [
            21.467622,
            69.453204
          ],
          [
            21.467785,
            69.453216
          ],
          [
            21.468027,
            69.453212
          ],
          [
            21.468481,
            69.45321
          ],
          [
            21.468561,
            69.4532
          ],
          [
            21.468659,
            69.453187
          ],
          [
            21.468764,
            69.453172
          ],
          [
            21.46886,
            69.453169
          ],
          [
            21.468911,
            69.453175
          ],
          [
            21.468988,
            69.45318
          ],
          [
            21.469121,
            69.453167
          ],
          [
            21.469579,
            69.453075
          ],
          [
            21.470068,
            69.452965
          ],
          [
            21.470495,
            69.452908
          ],
          [
            21.470891,
            69.452834
          ],
          [
            21.471228,
            69.452807
          ],
          [
            21.471459,
            69.452775
          ],
          [
            21.47164,
            69.452728
          ],
          [
            21.471852,
            69.452683
          ],
          [
            21.471989,
            69.452659
          ],
          [
            21.472138,
            69.452623
          ],
          [
            21.472365,
            69.452555
          ],
          [
            21.472778,
            69.45247
          ],
          [
            21.47292,
            69.452446
          ],
          [
            21.47319,
            69.452361
          ],
          [
            21.473547,
            69.45227
          ],
          [
            21.474539,
            69.452207
          ],
          [
            21.475093,
            69.452112
          ],
          [
            21.475656,
            69.451994
          ],
          [
            21.476218,
            69.451813
          ],
          [
            21.476817,
            69.451675
          ],
          [
            21.477092,
            69.451619
          ],
          [
            21.477241,
            69.451592
          ],
          [
            21.477438,
            69.451563
          ],
          [
            21.477597,
            69.451551
          ],
          [
            21.477747,
            69.451548
          ],
          [
            21.477855,
            69.451551
          ],
          [
            21.47814,
            69.451566
          ],
          [
            21.478318,
            69.451565
          ],
          [
            21.478558,
            69.451579
          ],
          [
            21.4788,
            69.451599
          ],
          [
            21.478986,
            69.45161
          ],
          [
            21.479157,
            69.451646
          ],
          [
            21.479212,
            69.451655
          ],
          [
            21.479261,
            69.451659
          ],
          [
            21.47932,
            69.451658
          ],
          [
            21.479483,
            69.451638
          ],
          [
            21.479659,
            69.451602
          ],
          [
            21.479709,
            69.451596
          ],
          [
            21.479755,
            69.451597
          ],
          [
            21.479827,
            69.451601
          ],
          [
            21.479921,
            69.451616
          ],
          [
            21.480013,
            69.451651
          ],
          [
            21.480095,
            69.451684
          ],
          [
            21.480146,
            69.451703
          ],
          [
            21.480216,
            69.451716
          ],
          [
            21.480261,
            69.45172
          ],
          [
            21.48059,
            69.451712
          ],
          [
            21.480755,
            69.451704
          ],
          [
            21.481011,
            69.451697
          ],
          [
            21.481163,
            69.45169
          ],
          [
            21.481279,
            69.451681
          ],
          [
            21.481441,
            69.451665
          ],
          [
            21.481613,
            69.451651
          ],
          [
            21.481701,
            69.451647
          ],
          [
            21.481883,
            69.451648
          ],
          [
            21.482212,
            69.451676
          ],
          [
            21.482295,
            69.451686
          ],
          [
            21.482401,
            69.451709
          ],
          [
            21.482652,
            69.451764
          ],
          [
            21.482931,
            69.451825
          ],
          [
            21.483019,
            69.451846
          ],
          [
            21.483079,
            69.45187
          ],
          [
            21.483132,
            69.451895
          ],
          [
            21.483215,
            69.45193
          ],
          [
            21.483497,
            69.452028
          ],
          [
            21.483746,
            69.452118
          ],
          [
            21.483937,
            69.452208
          ],
          [
            21.484094,
            69.452261
          ],
          [
            21.484225,
            69.452352
          ],
          [
            21.484309,
            69.452419
          ],
          [
            21.484443,
            69.45247
          ],
          [
            21.484742,
            69.452561
          ],
          [
            21.484945,
            69.452628
          ],
          [
            21.485265,
            69.452799
          ],
          [
            21.48535,
            69.452862
          ],
          [
            21.48543,
            69.452925
          ],
          [
            21.485519,
            69.452988
          ],
          [
            21.485631,
            69.453047
          ],
          [
            21.485713,
            69.45308
          ],
          [
            21.485867,
            69.453118
          ],
          [
            21.486132,
            69.453175
          ],
          [
            21.486217,
            69.453202
          ],
          [
            21.486329,
            69.453213
          ],
          [
            21.486479,
            69.45323
          ],
          [
            21.486804,
            69.453297
          ],
          [
            21.486985,
            69.453334
          ],
          [
            21.487143,
            69.45336
          ],
          [
            21.487381,
            69.453413
          ],
          [
            21.487557,
            69.453454
          ],
          [
            21.487731,
            69.453513
          ],
          [
            21.487928,
            69.453582
          ],
          [
            21.488127,
            69.453655
          ],
          [
            21.488374,
            69.453761
          ],
          [
            21.488436,
            69.453809
          ],
          [
            21.488535,
            69.453882
          ],
          [
            21.488583,
            69.453945
          ],
          [
            21.488797,
            69.454163
          ],
          [
            21.488857,
            69.454227
          ],
          [
            21.488905,
            69.454266
          ],
          [
            21.488983,
            69.454293
          ],
          [
            21.489206,
            69.454331
          ],
          [
            21.489503,
            69.454382
          ],
          [
            21.489841,
            69.454418
          ],
          [
            21.489887,
            69.454432
          ],
          [
            21.489904,
            69.45445
          ],
          [
            21.489895,
            69.454479
          ],
          [
            21.489852,
            69.454503
          ],
          [
            21.489821,
            69.45452
          ],
          [
            21.489809,
            69.454558
          ],
          [
            21.489824,
            69.454605
          ],
          [
            21.489891,
            69.454692
          ],
          [
            21.489913,
            69.454746
          ],
          [
            21.489902,
            69.454781
          ],
          [
            21.489906,
            69.454813
          ],
          [
            21.489936,
            69.454859
          ],
          [
            21.489949,
            69.454896
          ],
          [
            21.489937,
            69.454927
          ],
          [
            21.489901,
            69.454983
          ],
          [
            21.489904,
            69.455067
          ],
          [
            21.489949,
            69.455125
          ],
          [
            21.490021,
            69.455211
          ],
          [
            21.490101,
            69.45528
          ],
          [
            21.490211,
            69.455355
          ],
          [
            21.490258,
            69.455401
          ],
          [
            21.490285,
            69.455431
          ],
          [
            21.490338,
            69.455538
          ],
          [
            21.490386,
            69.455601
          ],
          [
            21.490486,
            69.45568
          ],
          [
            21.490591,
            69.455792
          ],
          [
            21.490643,
            69.455859
          ],
          [
            21.49069,
            69.455918
          ],
          [
            21.490737,
            69.455972
          ],
          [
            21.490765,
            69.455991
          ],
          [
            21.490967,
            69.456124
          ],
          [
            21.491195,
            69.456252
          ],
          [
            21.491229,
            69.456282
          ],
          [
            21.491277,
            69.456348
          ],
          [
            21.491494,
            69.456493
          ],
          [
            21.491696,
            69.456587
          ],
          [
            21.491744,
            69.456633
          ],
          [
            21.491849,
            69.456725
          ],
          [
            21.491987,
            69.456793
          ],
          [
            21.492142,
            69.456861
          ],
          [
            21.492244,
            69.456896
          ],
          [
            21.492349,
            69.456921
          ],
          [
            21.492448,
            69.456939
          ],
          [
            21.492571,
            69.456957
          ],
          [
            21.492698,
            69.456982
          ],
          [
            21.492926,
            69.457021
          ],
          [
            21.493055,
            69.457042
          ],
          [
            21.493099,
            69.457058
          ],
          [
            21.493108,
            69.457069
          ],
          [
            21.493102,
            69.457085
          ],
          [
            21.493086,
            69.457123
          ],
          [
            21.493086,
            69.45713
          ],
          [
            21.493092,
            69.45716
          ],
          [
            21.493105,
            69.457164
          ],
          [
            21.493151,
            69.457168
          ],
          [
            21.493292,
            69.457174
          ],
          [
            21.493514,
            69.4572
          ],
          [
            21.493538,
            69.457209
          ],
          [
            21.493611,
            69.457242
          ],
          [
            21.493625,
            69.457253
          ],
          [
            21.493645,
            69.457264
          ],
          [
            21.493669,
            69.457274
          ],
          [
            21.493719,
            69.457278
          ],
          [
            21.493778,
            69.457281
          ],
          [
            21.493837,
            69.45729
          ],
          [
            21.494172,
            69.457348
          ],
          [
            21.494317,
            69.457372
          ],
          [
            21.494359,
            69.457374
          ],
          [
            21.49441,
            69.457374
          ],
          [
            21.494516,
            69.457366
          ],
          [
            21.494875,
            69.457333
          ],
          [
            21.495081,
            69.457312
          ],
          [
            21.495559,
            69.457262
          ],
          [
            21.495636,
            69.45726
          ],
          [
            21.495673,
            69.457261
          ],
          [
            21.495752,
            69.457262
          ],
          [
            21.495812,
            69.457258
          ],
          [
            21.495896,
            69.45725
          ],
          [
            21.495927,
            69.457248
          ],
          [
            21.496281,
            69.457247
          ],
          [
            21.496491,
            69.45725
          ],
          [
            21.496622,
            69.457248
          ],
          [
            21.496718,
            69.457246
          ],
          [
            21.496821,
            69.457252
          ],
          [
            21.4969,
            69.457256
          ],
          [
            21.497131,
            69.457252
          ],
          [
            21.497352,
            69.457251
          ],
          [
            21.49741,
            69.457251
          ],
          [
            21.497484,
            69.457251
          ],
          [
            21.497678,
            69.457241
          ],
          [
            21.497764,
            69.457239
          ],
          [
            21.498051,
            69.457244
          ],
          [
            21.498135,
            69.457247
          ],
          [
            21.498266,
            69.457238
          ],
          [
            21.498387,
            69.457229
          ],
          [
            21.498451,
            69.457228
          ],
          [
            21.498804,
            69.457241
          ],
          [
            21.499009,
            69.457264
          ],
          [
            21.499226,
            69.457299
          ],
          [
            21.49948,
            69.457345
          ],
          [
            21.499685,
            69.457395
          ],
          [
            21.499798,
            69.457413
          ],
          [
            21.50004,
            69.45744
          ],
          [
            21.500166,
            69.457444
          ],
          [
            21.500232,
            69.457438
          ],
          [
            21.500653,
            69.45736
          ],
          [
            21.500885,
            69.45732
          ],
          [
            21.501271,
            69.457264
          ],
          [
            21.501512,
            69.457219
          ],
          [
            21.501715,
            69.457177
          ],
          [
            21.501913,
            69.457154
          ],
          [
            21.5021,
            69.457139
          ],
          [
            21.50221,
            69.457137
          ],
          [
            21.502605,
            69.457141
          ],
          [
            21.502811,
            69.457145
          ],
          [
            21.502975,
            69.457136
          ],
          [
            21.503077,
            69.457143
          ],
          [
            21.503179,
            69.457159
          ],
          [
            21.503382,
            69.457194
          ],
          [
            21.50348,
            69.45721
          ],
          [
            21.503587,
            69.457227
          ],
          [
            21.50366,
            69.457225
          ],
          [
            21.503755,
            69.457212
          ],
          [
            21.503784,
            69.457207
          ],
          [
            21.503792,
            69.457204
          ],
          [
            21.503784,
            69.457145
          ],
          [
            21.503688,
            69.457042
          ],
          [
            21.503661,
            69.457005
          ],
          [
            21.50366,
            69.456992
          ],
          [
            21.503673,
            69.456982
          ],
          [
            21.503688,
            69.456975
          ],
          [
            21.503707,
            69.45697
          ],
          [
            21.503786,
            69.456964
          ],
          [
            21.503895,
            69.456963
          ],
          [
            21.503961,
            69.456971
          ],
          [
            21.504011,
            69.456983
          ],
          [
            21.504095,
            69.457017
          ],
          [
            21.504267,
            69.457109
          ],
          [
            21.504373,
            69.457159
          ],
          [
            21.504512,
            69.457212
          ],
          [
            21.504578,
            69.457231
          ],
          [
            21.504669,
            69.457244
          ],
          [
            21.504835,
            69.457256
          ],
          [
            21.504859,
            69.457259
          ],
          [
            21.505,
            69.457278
          ],
          [
            21.505206,
            69.457298
          ],
          [
            21.505406,
            69.457321
          ],
          [
            21.505746,
            69.45734
          ],
          [
            21.506057,
            69.457341
          ],
          [
            21.506243,
            69.457357
          ],
          [
            21.506438,
            69.457399
          ],
          [
            21.506529,
            69.457444
          ],
          [
            21.506603,
            69.457502
          ],
          [
            21.506711,
            69.457604
          ],
          [
            21.506873,
            69.457705
          ],
          [
            21.507078,
            69.457785
          ],
          [
            21.50735,
            69.457852
          ],
          [
            21.507725,
            69.457925
          ],
          [
            21.508087,
            69.458005
          ],
          [
            21.508444,
            69.458086
          ],
          [
            21.508782,
            69.458165
          ],
          [
            21.508911,
            69.458181
          ],
          [
            21.509087,
            69.458189
          ],
          [
            21.509331,
            69.458194
          ],
          [
            21.50964,
            69.458218
          ],
          [
            21.509828,
            69.458244
          ],
          [
            21.509998,
            69.458262
          ],
          [
            21.510038,
            69.45826
          ],
          [
            21.510154,
            69.458244
          ],
          [
            21.510444,
            69.458187
          ],
          [
            21.510561,
            69.458171
          ],
          [
            21.510832,
            69.45815
          ],
          [
            21.511126,
            69.458132
          ],
          [
            21.51152,
            69.458101
          ],
          [
            21.511819,
            69.458078
          ],
          [
            21.51194,
            69.458075
          ],
          [
            21.51208,
            69.458085
          ],
          [
            21.512422,
            69.458113
          ],
          [
            21.512773,
            69.458131
          ],
          [
            21.512934,
            69.458146
          ],
          [
            21.513205,
            69.458167
          ],
          [
            21.5134,
            69.458172
          ],
          [
            21.51356,
            69.458163
          ],
          [
            21.513715,
            69.458146
          ],
          [
            21.513756,
            69.458139
          ],
          [
            21.513788,
            69.458134
          ],
          [
            21.51382,
            69.458135
          ],
          [
            21.513977,
            69.458151
          ],
          [
            21.514045,
            69.458152
          ],
          [
            21.514142,
            69.458145
          ],
          [
            21.514317,
            69.458126
          ],
          [
            21.514387,
            69.458127
          ],
          [
            21.514821,
            69.458145
          ],
          [
            21.515017,
            69.458169
          ],
          [
            21.515159,
            69.458197
          ],
          [
            21.515309,
            69.458252
          ],
          [
            21.515501,
            69.458315
          ],
          [
            21.515647,
            69.458367
          ],
          [
            21.515784,
            69.458399
          ],
          [
            21.515861,
            69.45843
          ],
          [
            21.515919,
            69.458458
          ],
          [
            21.515978,
            69.4585
          ],
          [
            21.516162,
            69.458609
          ],
          [
            21.516263,
            69.458652
          ],
          [
            21.516606,
            69.458772
          ],
          [
            21.516764,
            69.458832
          ],
          [
            21.516923,
            69.458931
          ],
          [
            21.517026,
            69.459016
          ],
          [
            21.51703,
            69.459082
          ],
          [
            21.51701,
            69.459156
          ],
          [
            21.516956,
            69.459218
          ],
          [
            21.516903,
            69.459239
          ],
          [
            21.516398,
            69.459344
          ],
          [
            21.516199,
            69.459392
          ],
          [
            21.51597,
            69.459494
          ],
          [
            21.51574,
            69.459602
          ],
          [
            21.515685,
            69.459639
          ],
          [
            21.515674,
            69.459648
          ],
          [
            21.515666,
            69.45971
          ],
          [
            21.515674,
            69.459779
          ],
          [
            21.515705,
            69.459895
          ],
          [
            21.515731,
            69.460051
          ],
          [
            21.51572,
            69.460138
          ],
          [
            21.515722,
            69.460213
          ],
          [
            21.515744,
            69.460269
          ],
          [
            21.515885,
            69.460398
          ],
          [
            21.515987,
            69.460488
          ],
          [
            21.516052,
            69.460555
          ],
          [
            21.51609,
            69.460596
          ],
          [
            21.516076,
            69.460652
          ],
          [
            21.515994,
            69.460733
          ],
          [
            21.515947,
            69.460796
          ],
          [
            21.515898,
            69.460903
          ],
          [
            21.515851,
            69.460997
          ],
          [
            21.515851,
            69.461071
          ],
          [
            21.515894,
            69.461141
          ],
          [
            21.515875,
            69.461177
          ],
          [
            21.515835,
            69.461191
          ],
          [
            21.515737,
            69.46122
          ],
          [
            21.515805,
            69.461349
          ],
          [
            21.51588,
            69.461326
          ],
          [
            21.51596,
            69.461301
          ],
          [
            21.516035,
            69.461277
          ],
          [
            21.516154,
            69.46124
          ],
          [
            21.516232,
            69.461217
          ],
          [
            21.516309,
            69.461194
          ],
          [
            21.516392,
            69.461171
          ],
          [
            21.516471,
            69.461149
          ],
          [
            21.516594,
            69.461116
          ],
          [
            21.516718,
            69.461085
          ],
          [
            21.516842,
            69.461056
          ],
          [
            21.51697,
            69.461027
          ],
          [
            21.5171,
            69.460999
          ],
          [
            21.517228,
            69.460973
          ],
          [
            21.517359,
            69.460947
          ],
          [
            21.517533,
            69.460913
          ],
          [
            21.517664,
            69.460888
          ],
          [
            21.517797,
            69.460862
          ],
          [
            21.517935,
            69.460834
          ],
          [
            21.518063,
            69.460807
          ],
          [
            21.518149,
            69.460787
          ],
          [
            21.518279,
            69.460759
          ],
          [
            21.518406,
            69.460729
          ],
          [
            21.51853,
            69.460698
          ],
          [
            21.518654,
            69.460667
          ],
          [
            21.518773,
            69.460635
          ],
          [
            21.518891,
            69.460602
          ],
          [
            21.519004,
            69.460568
          ],
          [
            21.519111,
            69.460533
          ],
          [
            21.519221,
            69.460498
          ],
          [
            21.519364,
            69.460452
          ],
          [
            21.519468,
            69.460415
          ],
          [
            21.519515,
            69.4604
          ],
          [
            21.519612,
            69.460349
          ],
          [
            21.519848,
            69.460255
          ],
          [
            21.520137,
            69.460134
          ],
          [
            21.520439,
            69.460017
          ],
          [
            21.520698,
            69.459914
          ],
          [
            21.52096,
            69.459785
          ],
          [
            21.521191,
            69.459632
          ],
          [
            21.521265,
            69.459519
          ],
          [
            21.521313,
            69.459441
          ],
          [
            21.521359,
            69.459374
          ],
          [
            21.521365,
            69.459366
          ],
          [
            21.521398,
            69.459324
          ],
          [
            21.521432,
            69.459281
          ],
          [
            21.521464,
            69.459236
          ],
          [
            21.521492,
            69.459191
          ],
          [
            21.521522,
            69.459147
          ],
          [
            21.521549,
            69.459102
          ],
          [
            21.521576,
            69.459055
          ],
          [
            21.521606,
            69.45901
          ],
          [
            21.521638,
            69.458948
          ],
          [
            21.521666,
            69.458903
          ],
          [
            21.521692,
            69.458856
          ],
          [
            21.521722,
            69.458811
          ],
          [
            21.52175,
            69.458767
          ],
          [
            21.521772,
            69.458722
          ],
          [
            21.5218,
            69.458678
          ],
          [
            21.521825,
            69.458633
          ],
          [
            21.521847,
            69.45859
          ],
          [
            21.521879,
            69.458533
          ],
          [
            21.521904,
            69.458491
          ],
          [
            21.521927,
            69.458448
          ],
          [
            21.521953,
            69.458407
          ],
          [
            21.521977,
            69.458365
          ],
          [
            21.522001,
            69.458326
          ],
          [
            21.522026,
            69.458284
          ],
          [
            21.522056,
            69.458231
          ],
          [
            21.522083,
            69.458191
          ],
          [
            21.522106,
            69.458152
          ],
          [
            21.522131,
            69.458115
          ],
          [
            21.522156,
            69.458078
          ],
          [
            21.52218,
            69.458041
          ],
          [
            21.522202,
            69.458005
          ],
          [
            21.522228,
            69.457969
          ],
          [
            21.522253,
            69.457932
          ],
          [
            21.52229,
            69.457885
          ],
          [
            21.522315,
            69.45785
          ],
          [
            21.522337,
            69.457815
          ],
          [
            21.522362,
            69.457779
          ],
          [
            21.522388,
            69.457744
          ],
          [
            21.522416,
            69.457709
          ],
          [
            21.522435,
            69.457674
          ],
          [
            21.522477,
            69.457617
          ],
          [
            21.522526,
            69.45756
          ],
          [
            21.522572,
            69.457516
          ],
          [
            21.522623,
            69.457472
          ],
          [
            21.522682,
            69.457431
          ],
          [
            21.522764,
            69.45738
          ],
          [
            21.52284,
            69.457342
          ],
          [
            21.522921,
            69.457305
          ],
          [
            21.523008,
            69.457271
          ],
          [
            21.523127,
            69.457232
          ],
          [
            21.523254,
            69.457195
          ],
          [
            21.523361,
            69.457166
          ],
          [
            21.523447,
            69.457147
          ],
          [
            21.523565,
            69.457121
          ],
          [
            21.523659,
            69.4571
          ],
          [
            21.523756,
            69.457081
          ],
          [
            21.523855,
            69.457061
          ],
          [
            21.523957,
            69.457042
          ],
          [
            21.524058,
            69.457021
          ],
          [
            21.524165,
            69.457
          ],
          [
            21.524308,
            69.456971
          ],
          [
            21.524414,
            69.45695
          ],
          [
            21.524525,
            69.456927
          ],
          [
            21.524636,
            69.456905
          ],
          [
            21.52475,
            69.456882
          ],
          [
            21.524864,
            69.45686
          ],
          [
            21.52498,
            69.456838
          ],
          [
            21.525096,
            69.456813
          ],
          [
            21.525212,
            69.456791
          ],
          [
            21.525331,
            69.456768
          ],
          [
            21.525449,
            69.456744
          ],
          [
            21.525607,
            69.456714
          ],
          [
            21.525725,
            69.45669
          ],
          [
            21.525846,
            69.456666
          ],
          [
            21.525968,
            69.456643
          ],
          [
            21.526086,
            69.456619
          ],
          [
            21.526204,
            69.456595
          ],
          [
            21.526326,
            69.456572
          ],
          [
            21.526444,
            69.456548
          ],
          [
            21.526563,
            69.456525
          ],
          [
            21.526719,
            69.456492
          ],
          [
            21.526838,
            69.456468
          ],
          [
            21.526953,
            69.456443
          ],
          [
            21.527074,
            69.456417
          ],
          [
            21.527187,
            69.456392
          ],
          [
            21.527305,
            69.456366
          ],
          [
            21.527415,
            69.45634
          ],
          [
            21.52757,
            69.456303
          ],
          [
            21.527741,
            69.456267
          ],
          [
            21.527816,
            69.456243
          ],
          [
            21.527926,
            69.456215
          ],
          [
            21.528033,
            69.456186
          ],
          [
            21.528142,
            69.456157
          ],
          [
            21.528248,
            69.456126
          ],
          [
            21.528354,
            69.456095
          ],
          [
            21.52842,
            69.456078
          ],
          [
            21.52842,
            69.456078
          ]
        ]
      }
    },
    {
      "type": "Feature",
      "properties": {
        "schemaVersion": 1,
        "trailId": "nordkalottleden",
        "sectionId": "nordkalottleden-kalottireitti-08-saraelv-sieimma",
        "sectionNumber": 8,
        "name": "Kalottireitti / Nordkalottruta: Saraelv / Ovi Raishiin - Sieimmastua / Sieimma",
        "sourceKind": "official-geonorge-turrutebasen-gpx",
        "sourceUrl": "https://kartkatalog.geonorge.no/metadata/d1422d17-6d95-4ef1-96ab-8af31744dd63",
        "sourceUrls": [
          "https://kartkatalog.geonorge.no/metadata/d1422d17-6d95-4ef1-96ab-8af31744dd63"
        ],
        "sourceAccessed": "2026-04-30",
        "generatedAt": "2026-04-30T06:26:02.442Z",
        "sourceDirection": "Turrutebasen Nord-Troms Friluftsråd F_20170508_17 line",
        "appDirection": "Ovi Raishiin/Saraelv to Sieimma",
        "officialDistanceKm": 9,
        "geometryDistanceKm": 9.115,
        "geometryPointCount": 1268,
        "endpointSnap": {
          "start": {
            "selectedEndpointLabel": "Ovi Raishiin / Nordkalottstua official visitor-point and hut cluster",
            "selectedEndpoint": {
              "lat": 69.44835,
              "lon": 21.54206
            },
            "routeLinePoint": {
              "lat": 69.448279,
              "lon": 21.54138
            },
            "gapMeters": 27.7
          },
          "end": {
            "selectedEndpointLabel": "Sieimmastua / Sieimma west-bank rental cabin endpoint",
            "selectedEndpoint": {
              "lat": 69.4023,
              "lon": 21.715
            },
            "routeLinePoint": {
              "lat": 69.402384,
              "lon": 21.714793
            },
            "gapMeters": 12.4
          }
        },
        "maxEndpointGapMeters": 27.7,
        "quality": "high-quality official route-line candidate",
        "caveats": [
          "This official municipal/friluftsråd line follows the Ovi Raishiin/Saraelv-to-Sieimma route variant and fits the selected Ovi endpoint better than the E1 GPX mirror."
        ],
        "warnings": [],
        "importReadiness": "research geometry artifact only; not runtime app geometry",
        "sourceMetadata": {
          "sourceParts": [
            {
              "sourceZip": "geometry/source-downloads/Friluftsliv_5544_Nordreisa_4326_TurOgFriluftsruter_GPX.zip",
              "sourceGpx": "Friluftsliv_5544_Nordreisa_4326_TurOgFriluftsruter_GPX.gpx",
              "routeIndex": 6,
              "routeName": "F_20170508_17",
              "routeComment": "Geometri hentet fra Vbase, 20170509",
              "routeSource": "Nord-Troms Friluftsråd",
              "routeType": "Fotrute",
              "routePointCount": 1277,
              "routeMeasuredKm": 9.171,
              "notes": []
            }
          ]
        }
      },
      "geometry": {
        "type": "LineString",
        "coordinates": [
          [
            21.54138,
            69.448279
          ],
          [
            21.541394,
            69.448264
          ],
          [
            21.541426,
            69.448226
          ],
          [
            21.541453,
            69.44819
          ],
          [
            21.541486,
            69.448153
          ],
          [
            21.541518,
            69.448117
          ],
          [
            21.54155,
            69.448078
          ],
          [
            21.541585,
            69.448042
          ],
          [
            21.541624,
            69.448004
          ],
          [
            21.541665,
            69.447968
          ],
          [
            21.541702,
            69.447931
          ],
          [
            21.541742,
            69.447893
          ],
          [
            21.54178,
            69.447856
          ],
          [
            21.541817,
            69.447819
          ],
          [
            21.541851,
            69.447781
          ],
          [
            21.541889,
            69.447745
          ],
          [
            21.541924,
            69.447707
          ],
          [
            21.541964,
            69.447671
          ],
          [
            21.542004,
            69.447635
          ],
          [
            21.542042,
            69.447599
          ],
          [
            21.54208,
            69.447564
          ],
          [
            21.542121,
            69.44753
          ],
          [
            21.542159,
            69.447495
          ],
          [
            21.542203,
            69.447455
          ],
          [
            21.542248,
            69.447417
          ],
          [
            21.542291,
            69.44738
          ],
          [
            21.542326,
            69.447344
          ],
          [
            21.542364,
            69.447309
          ],
          [
            21.5424,
            69.447275
          ],
          [
            21.542429,
            69.447239
          ],
          [
            21.542467,
            69.447201
          ],
          [
            21.542501,
            69.447164
          ],
          [
            21.542535,
            69.447129
          ],
          [
            21.542572,
            69.447091
          ],
          [
            21.542612,
            69.447056
          ],
          [
            21.542648,
            69.447021
          ],
          [
            21.54269,
            69.446984
          ],
          [
            21.542742,
            69.446952
          ],
          [
            21.542792,
            69.446916
          ],
          [
            21.542852,
            69.446883
          ],
          [
            21.542912,
            69.446854
          ],
          [
            21.542979,
            69.446821
          ],
          [
            21.543042,
            69.446793
          ],
          [
            21.54311,
            69.446762
          ],
          [
            21.543177,
            69.44673
          ],
          [
            21.543251,
            69.446697
          ],
          [
            21.543318,
            69.446664
          ],
          [
            21.543395,
            69.446631
          ],
          [
            21.543458,
            69.4466
          ],
          [
            21.543518,
            69.44657
          ],
          [
            21.54358,
            69.446539
          ],
          [
            21.543647,
            69.446506
          ],
          [
            21.543709,
            69.446474
          ],
          [
            21.543773,
            69.446441
          ],
          [
            21.54384,
            69.446408
          ],
          [
            21.543905,
            69.446376
          ],
          [
            21.543969,
            69.446341
          ],
          [
            21.54403,
            69.446309
          ],
          [
            21.544092,
            69.446276
          ],
          [
            21.544154,
            69.446243
          ],
          [
            21.544215,
            69.446209
          ],
          [
            21.544277,
            69.446176
          ],
          [
            21.544334,
            69.446143
          ],
          [
            21.544398,
            69.44611
          ],
          [
            21.544457,
            69.446077
          ],
          [
            21.544519,
            69.446046
          ],
          [
            21.544585,
            69.446015
          ],
          [
            21.544655,
            69.445985
          ],
          [
            21.544726,
            69.445957
          ],
          [
            21.544797,
            69.44593
          ],
          [
            21.544873,
            69.445903
          ],
          [
            21.544945,
            69.445877
          ],
          [
            21.545024,
            69.44585
          ],
          [
            21.545106,
            69.445824
          ],
          [
            21.54519,
            69.445797
          ],
          [
            21.545273,
            69.445769
          ],
          [
            21.545362,
            69.44574
          ],
          [
            21.545453,
            69.445711
          ],
          [
            21.545544,
            69.445683
          ],
          [
            21.545636,
            69.445653
          ],
          [
            21.545727,
            69.445624
          ],
          [
            21.545817,
            69.445593
          ],
          [
            21.545903,
            69.445564
          ],
          [
            21.545991,
            69.445533
          ],
          [
            21.546077,
            69.445503
          ],
          [
            21.546164,
            69.44547
          ],
          [
            21.546247,
            69.445438
          ],
          [
            21.546327,
            69.445405
          ],
          [
            21.546409,
            69.445372
          ],
          [
            21.546483,
            69.445338
          ],
          [
            21.546555,
            69.445305
          ],
          [
            21.546627,
            69.445271
          ],
          [
            21.546693,
            69.445237
          ],
          [
            21.54676,
            69.445203
          ],
          [
            21.546821,
            69.445169
          ],
          [
            21.546885,
            69.445135
          ],
          [
            21.546946,
            69.445101
          ],
          [
            21.547,
            69.445067
          ],
          [
            21.547054,
            69.445033
          ],
          [
            21.547105,
            69.444998
          ],
          [
            21.547154,
            69.444964
          ],
          [
            21.547197,
            69.444931
          ],
          [
            21.547238,
            69.444897
          ],
          [
            21.547277,
            69.444863
          ],
          [
            21.547312,
            69.444828
          ],
          [
            21.547345,
            69.444794
          ],
          [
            21.547381,
            69.444753
          ],
          [
            21.547417,
            69.444712
          ],
          [
            21.547448,
            69.444677
          ],
          [
            21.547482,
            69.444637
          ],
          [
            21.547515,
            69.444603
          ],
          [
            21.547554,
            69.444562
          ],
          [
            21.547589,
            69.444528
          ],
          [
            21.54763,
            69.444494
          ],
          [
            21.547671,
            69.444459
          ],
          [
            21.547717,
            69.444424
          ],
          [
            21.54776,
            69.444389
          ],
          [
            21.547808,
            69.444353
          ],
          [
            21.547856,
            69.444317
          ],
          [
            21.547904,
            69.444282
          ],
          [
            21.547952,
            69.444246
          ],
          [
            21.548001,
            69.444213
          ],
          [
            21.548047,
            69.444179
          ],
          [
            21.548093,
            69.444145
          ],
          [
            21.548137,
            69.444113
          ],
          [
            21.548182,
            69.444077
          ],
          [
            21.548223,
            69.444043
          ],
          [
            21.548263,
            69.444007
          ],
          [
            21.548304,
            69.443972
          ],
          [
            21.548341,
            69.443934
          ],
          [
            21.548379,
            69.443898
          ],
          [
            21.548414,
            69.443862
          ],
          [
            21.548454,
            69.443825
          ],
          [
            21.548495,
            69.44379
          ],
          [
            21.548541,
            69.443755
          ],
          [
            21.548589,
            69.443722
          ],
          [
            21.548646,
            69.443689
          ],
          [
            21.548714,
            69.443659
          ],
          [
            21.548785,
            69.44363
          ],
          [
            21.548863,
            69.443603
          ],
          [
            21.548942,
            69.443576
          ],
          [
            21.549026,
            69.44355
          ],
          [
            21.549109,
            69.443525
          ],
          [
            21.549193,
            69.443498
          ],
          [
            21.549275,
            69.443472
          ],
          [
            21.549359,
            69.443446
          ],
          [
            21.549443,
            69.443418
          ],
          [
            21.549526,
            69.44339
          ],
          [
            21.549608,
            69.443362
          ],
          [
            21.549694,
            69.443334
          ],
          [
            21.54978,
            69.443306
          ],
          [
            21.549866,
            69.443277
          ],
          [
            21.54995,
            69.443247
          ],
          [
            21.550032,
            69.443217
          ],
          [
            21.550113,
            69.443186
          ],
          [
            21.550189,
            69.443157
          ],
          [
            21.55026,
            69.443124
          ],
          [
            21.550325,
            69.443092
          ],
          [
            21.550387,
            69.44306
          ],
          [
            21.550447,
            69.443028
          ],
          [
            21.55051,
            69.442991
          ],
          [
            21.550558,
            69.442957
          ],
          [
            21.550614,
            69.442921
          ],
          [
            21.550666,
            69.442883
          ],
          [
            21.550719,
            69.442846
          ],
          [
            21.550766,
            69.442808
          ],
          [
            21.550814,
            69.44277
          ],
          [
            21.550854,
            69.442733
          ],
          [
            21.550886,
            69.442697
          ],
          [
            21.550914,
            69.442661
          ],
          [
            21.550936,
            69.442623
          ],
          [
            21.55095,
            69.442586
          ],
          [
            21.550961,
            69.442546
          ],
          [
            21.550967,
            69.442507
          ],
          [
            21.550972,
            69.442467
          ],
          [
            21.550971,
            69.442428
          ],
          [
            21.550966,
            69.442388
          ],
          [
            21.550947,
            69.44235
          ],
          [
            21.550923,
            69.442314
          ],
          [
            21.550891,
            69.442277
          ],
          [
            21.550854,
            69.44224
          ],
          [
            21.550814,
            69.442201
          ],
          [
            21.550775,
            69.442164
          ],
          [
            21.550735,
            69.442127
          ],
          [
            21.550695,
            69.44209
          ],
          [
            21.550661,
            69.442052
          ],
          [
            21.550622,
            69.442016
          ],
          [
            21.550588,
            69.441981
          ],
          [
            21.550549,
            69.441946
          ],
          [
            21.55051,
            69.441912
          ],
          [
            21.550481,
            69.441874
          ],
          [
            21.550441,
            69.441836
          ],
          [
            21.550407,
            69.441801
          ],
          [
            21.550378,
            69.441765
          ],
          [
            21.550354,
            69.441727
          ],
          [
            21.550342,
            69.441688
          ],
          [
            21.550346,
            69.44165
          ],
          [
            21.55037,
            69.441613
          ],
          [
            21.550419,
            69.441579
          ],
          [
            21.550481,
            69.441547
          ],
          [
            21.550551,
            69.441517
          ],
          [
            21.55063,
            69.441489
          ],
          [
            21.550712,
            69.441463
          ],
          [
            21.550796,
            69.441436
          ],
          [
            21.550878,
            69.441413
          ],
          [
            21.550966,
            69.44139
          ],
          [
            21.551057,
            69.441368
          ],
          [
            21.551156,
            69.441349
          ],
          [
            21.55125,
            69.441331
          ],
          [
            21.551345,
            69.441313
          ],
          [
            21.551445,
            69.441295
          ],
          [
            21.551552,
            69.441277
          ],
          [
            21.551662,
            69.441258
          ],
          [
            21.551754,
            69.441243
          ],
          [
            21.55185,
            69.441228
          ],
          [
            21.551945,
            69.441212
          ],
          [
            21.552048,
            69.441197
          ],
          [
            21.552148,
            69.441181
          ],
          [
            21.552249,
            69.441167
          ],
          [
            21.55235,
            69.441154
          ],
          [
            21.552449,
            69.441143
          ],
          [
            21.552564,
            69.441132
          ],
          [
            21.552672,
            69.441123
          ],
          [
            21.552775,
            69.441116
          ],
          [
            21.55288,
            69.441109
          ],
          [
            21.552983,
            69.441101
          ],
          [
            21.553098,
            69.441092
          ],
          [
            21.553208,
            69.441084
          ],
          [
            21.553308,
            69.441075
          ],
          [
            21.553411,
            69.441068
          ],
          [
            21.553534,
            69.441059
          ],
          [
            21.553647,
            69.441051
          ],
          [
            21.553755,
            69.441043
          ],
          [
            21.553865,
            69.441034
          ],
          [
            21.55398,
            69.441025
          ],
          [
            21.55408,
            69.441017
          ],
          [
            21.55418,
            69.44101
          ],
          [
            21.554289,
            69.441001
          ],
          [
            21.554404,
            69.440992
          ],
          [
            21.554524,
            69.440983
          ],
          [
            21.554624,
            69.440974
          ],
          [
            21.554726,
            69.440965
          ],
          [
            21.55483,
            69.440955
          ],
          [
            21.554933,
            69.440946
          ],
          [
            21.555033,
            69.440937
          ],
          [
            21.555135,
            69.440926
          ],
          [
            21.555239,
            69.440915
          ],
          [
            21.555338,
            69.440903
          ],
          [
            21.555441,
            69.44089
          ],
          [
            21.555537,
            69.440876
          ],
          [
            21.55563,
            69.44086
          ],
          [
            21.555728,
            69.440845
          ],
          [
            21.555819,
            69.440826
          ],
          [
            21.555909,
            69.440807
          ],
          [
            21.555997,
            69.440786
          ],
          [
            21.55608,
            69.440766
          ],
          [
            21.556163,
            69.440745
          ],
          [
            21.556247,
            69.440723
          ],
          [
            21.55633,
            69.440702
          ],
          [
            21.556428,
            69.440678
          ],
          [
            21.556523,
            69.440653
          ],
          [
            21.556613,
            69.440629
          ],
          [
            21.556702,
            69.440603
          ],
          [
            21.556791,
            69.440577
          ],
          [
            21.556881,
            69.44055
          ],
          [
            21.556976,
            69.440523
          ],
          [
            21.557064,
            69.440495
          ],
          [
            21.557151,
            69.440468
          ],
          [
            21.557237,
            69.44044
          ],
          [
            21.557321,
            69.440412
          ],
          [
            21.557405,
            69.440384
          ],
          [
            21.557485,
            69.440354
          ],
          [
            21.557563,
            69.440324
          ],
          [
            21.557641,
            69.440293
          ],
          [
            21.557719,
            69.440262
          ],
          [
            21.557791,
            69.440232
          ],
          [
            21.557865,
            69.440204
          ],
          [
            21.557936,
            69.440176
          ],
          [
            21.558016,
            69.440145
          ],
          [
            21.558094,
            69.440116
          ],
          [
            21.558176,
            69.440089
          ],
          [
            21.55826,
            69.440062
          ],
          [
            21.558348,
            69.440039
          ],
          [
            21.558439,
            69.44002
          ],
          [
            21.558537,
            69.440003
          ],
          [
            21.558645,
            69.439989
          ],
          [
            21.558745,
            69.439978
          ],
          [
            21.558844,
            69.439968
          ],
          [
            21.558946,
            69.439959
          ],
          [
            21.559052,
            69.439953
          ],
          [
            21.559153,
            69.439948
          ],
          [
            21.55926,
            69.439943
          ],
          [
            21.559363,
            69.43994
          ],
          [
            21.559469,
            69.439934
          ],
          [
            21.559576,
            69.439929
          ],
          [
            21.559687,
            69.439924
          ],
          [
            21.559803,
            69.439918
          ],
          [
            21.5599,
            69.439908
          ],
          [
            21.560007,
            69.439899
          ],
          [
            21.560112,
            69.43989
          ],
          [
            21.560216,
            69.439877
          ],
          [
            21.560322,
            69.439863
          ],
          [
            21.560426,
            69.439844
          ],
          [
            21.560528,
            69.439824
          ],
          [
            21.560631,
            69.439802
          ],
          [
            21.560717,
            69.439778
          ],
          [
            21.560816,
            69.439744
          ],
          [
            21.560925,
            69.439707
          ],
          [
            21.561025,
            69.439673
          ],
          [
            21.561135,
            69.439638
          ],
          [
            21.561235,
            69.439603
          ],
          [
            21.561353,
            69.439564
          ],
          [
            21.561469,
            69.439523
          ],
          [
            21.561571,
            69.439487
          ],
          [
            21.561695,
            69.439448
          ],
          [
            21.561811,
            69.43941
          ],
          [
            21.561919,
            69.439374
          ],
          [
            21.56202,
            69.439339
          ],
          [
            21.562108,
            69.439307
          ],
          [
            21.562201,
            69.439275
          ],
          [
            21.562296,
            69.439244
          ],
          [
            21.562388,
            69.43921
          ],
          [
            21.562491,
            69.439177
          ],
          [
            21.562599,
            69.439137
          ],
          [
            21.562683,
            69.439107
          ],
          [
            21.56278,
            69.439073
          ],
          [
            21.562863,
            69.439044
          ],
          [
            21.562942,
            69.439017
          ],
          [
            21.563018,
            69.438989
          ],
          [
            21.563106,
            69.438959
          ],
          [
            21.563213,
            69.438921
          ],
          [
            21.563319,
            69.438883
          ],
          [
            21.563418,
            69.438847
          ],
          [
            21.563499,
            69.438817
          ],
          [
            21.563585,
            69.438782
          ],
          [
            21.563673,
            69.438751
          ],
          [
            21.56376,
            69.438716
          ],
          [
            21.563838,
            69.438693
          ],
          [
            21.56392,
            69.43866
          ],
          [
            21.563989,
            69.438633
          ],
          [
            21.564056,
            69.438608
          ],
          [
            21.564135,
            69.438574
          ],
          [
            21.56421,
            69.438543
          ],
          [
            21.564307,
            69.438508
          ],
          [
            21.564396,
            69.438464
          ],
          [
            21.564471,
            69.438433
          ],
          [
            21.564538,
            69.438401
          ],
          [
            21.564615,
            69.438369
          ],
          [
            21.564681,
            69.438335
          ],
          [
            21.564789,
            69.438292
          ],
          [
            21.564854,
            69.438263
          ],
          [
            21.564919,
            69.438232
          ],
          [
            21.564984,
            69.438202
          ],
          [
            21.565047,
            69.438172
          ],
          [
            21.56515,
            69.438123
          ],
          [
            21.565213,
            69.438093
          ],
          [
            21.565273,
            69.438063
          ],
          [
            21.565363,
            69.438023
          ],
          [
            21.565423,
            69.437993
          ],
          [
            21.565506,
            69.437954
          ],
          [
            21.565592,
            69.437917
          ],
          [
            21.565687,
            69.437876
          ],
          [
            21.565762,
            69.437845
          ],
          [
            21.565835,
            69.437815
          ],
          [
            21.56594,
            69.437771
          ],
          [
            21.566031,
            69.437733
          ],
          [
            21.566148,
            69.437683
          ],
          [
            21.566257,
            69.437635
          ],
          [
            21.566327,
            69.437606
          ],
          [
            21.566395,
            69.437577
          ],
          [
            21.566461,
            69.437548
          ],
          [
            21.566532,
            69.43752
          ],
          [
            21.566605,
            69.437491
          ],
          [
            21.566692,
            69.437458
          ],
          [
            21.566784,
            69.437424
          ],
          [
            21.566865,
            69.437395
          ],
          [
            21.566939,
            69.437369
          ],
          [
            21.567014,
            69.437337
          ],
          [
            21.567077,
            69.437307
          ],
          [
            21.567133,
            69.437282
          ],
          [
            21.567185,
            69.437261
          ],
          [
            21.567251,
            69.437231
          ],
          [
            21.567317,
            69.437204
          ],
          [
            21.567396,
            69.437177
          ],
          [
            21.56747,
            69.437151
          ],
          [
            21.56755,
            69.437121
          ],
          [
            21.567634,
            69.437094
          ],
          [
            21.567711,
            69.437068
          ],
          [
            21.567791,
            69.437046
          ],
          [
            21.567874,
            69.437024
          ],
          [
            21.567972,
            69.437
          ],
          [
            21.56806,
            69.436979
          ],
          [
            21.568146,
            69.436956
          ],
          [
            21.568236,
            69.436932
          ],
          [
            21.568321,
            69.43691
          ],
          [
            21.568404,
            69.436888
          ],
          [
            21.568489,
            69.436864
          ],
          [
            21.568578,
            69.436843
          ],
          [
            21.568666,
            69.436821
          ],
          [
            21.568754,
            69.436799
          ],
          [
            21.568852,
            69.436776
          ],
          [
            21.568952,
            69.436752
          ],
          [
            21.569041,
            69.436731
          ],
          [
            21.569132,
            69.436712
          ],
          [
            21.569221,
            69.436693
          ],
          [
            21.569324,
            69.43667
          ],
          [
            21.569417,
            69.436654
          ],
          [
            21.569509,
            69.436637
          ],
          [
            21.569616,
            69.436618
          ],
          [
            21.569721,
            69.4366
          ],
          [
            21.569824,
            69.436585
          ],
          [
            21.569922,
            69.43657
          ],
          [
            21.57003,
            69.436554
          ],
          [
            21.570136,
            69.43654
          ],
          [
            21.570237,
            69.436527
          ],
          [
            21.570344,
            69.436516
          ],
          [
            21.570449,
            69.436506
          ],
          [
            21.57055,
            69.436494
          ],
          [
            21.570651,
            69.436482
          ],
          [
            21.570755,
            69.436469
          ],
          [
            21.570863,
            69.436455
          ],
          [
            21.57096,
            69.436444
          ],
          [
            21.571066,
            69.43643
          ],
          [
            21.571172,
            69.436415
          ],
          [
            21.571284,
            69.436398
          ],
          [
            21.571391,
            69.436379
          ],
          [
            21.571496,
            69.43636
          ],
          [
            21.5716,
            69.436339
          ],
          [
            21.571706,
            69.436318
          ],
          [
            21.571795,
            69.436298
          ],
          [
            21.571884,
            69.43628
          ],
          [
            21.571973,
            69.43626
          ],
          [
            21.572064,
            69.43624
          ],
          [
            21.572155,
            69.43622
          ],
          [
            21.572246,
            69.436199
          ],
          [
            21.572337,
            69.436177
          ],
          [
            21.572433,
            69.436157
          ],
          [
            21.57253,
            69.436137
          ],
          [
            21.572621,
            69.436117
          ],
          [
            21.572722,
            69.436096
          ],
          [
            21.572824,
            69.436077
          ],
          [
            21.572921,
            69.436059
          ],
          [
            21.573023,
            69.436041
          ],
          [
            21.573123,
            69.436024
          ],
          [
            21.573219,
            69.436009
          ],
          [
            21.573329,
            69.435991
          ],
          [
            21.573436,
            69.435974
          ],
          [
            21.573556,
            69.435957
          ],
          [
            21.573669,
            69.43594
          ],
          [
            21.573785,
            69.435924
          ],
          [
            21.573903,
            69.435907
          ],
          [
            21.573996,
            69.435896
          ],
          [
            21.574104,
            69.43588
          ],
          [
            21.574198,
            69.435867
          ],
          [
            21.574294,
            69.435855
          ],
          [
            21.574401,
            69.435842
          ],
          [
            21.574497,
            69.435831
          ],
          [
            21.574599,
            69.43582
          ],
          [
            21.574705,
            69.435807
          ],
          [
            21.574807,
            69.435795
          ],
          [
            21.574909,
            69.43578
          ],
          [
            21.57501,
            69.435765
          ],
          [
            21.575115,
            69.435748
          ],
          [
            21.575209,
            69.435729
          ],
          [
            21.575301,
            69.43571
          ],
          [
            21.575396,
            69.435687
          ],
          [
            21.575494,
            69.435662
          ],
          [
            21.575586,
            69.435637
          ],
          [
            21.57568,
            69.43561
          ],
          [
            21.57576,
            69.435586
          ],
          [
            21.575843,
            69.435563
          ],
          [
            21.575923,
            69.43554
          ],
          [
            21.576018,
            69.435515
          ],
          [
            21.576113,
            69.43549
          ],
          [
            21.576199,
            69.435464
          ],
          [
            21.576287,
            69.43544
          ],
          [
            21.576376,
            69.435413
          ],
          [
            21.576461,
            69.435388
          ],
          [
            21.576543,
            69.435363
          ],
          [
            21.576619,
            69.435336
          ],
          [
            21.576701,
            69.435311
          ],
          [
            21.576785,
            69.435284
          ],
          [
            21.57686,
            69.43526
          ],
          [
            21.576934,
            69.435234
          ],
          [
            21.577008,
            69.435209
          ],
          [
            21.577095,
            69.435181
          ],
          [
            21.577178,
            69.435155
          ],
          [
            21.577263,
            69.435128
          ],
          [
            21.577347,
            69.435103
          ],
          [
            21.57743,
            69.435079
          ],
          [
            21.577519,
            69.435053
          ],
          [
            21.577599,
            69.435029
          ],
          [
            21.577684,
            69.435005
          ],
          [
            21.577768,
            69.434979
          ],
          [
            21.577851,
            69.434956
          ],
          [
            21.577936,
            69.434931
          ],
          [
            21.578012,
            69.434907
          ],
          [
            21.578102,
            69.43488
          ],
          [
            21.578186,
            69.434852
          ],
          [
            21.578272,
            69.434825
          ],
          [
            21.578354,
            69.434798
          ],
          [
            21.578443,
            69.434772
          ],
          [
            21.578527,
            69.434747
          ],
          [
            21.57861,
            69.434723
          ],
          [
            21.57869,
            69.4347
          ],
          [
            21.578782,
            69.434673
          ],
          [
            21.578866,
            69.434648
          ],
          [
            21.578946,
            69.434623
          ],
          [
            21.579019,
            69.434596
          ],
          [
            21.579087,
            69.434565
          ],
          [
            21.579149,
            69.434533
          ],
          [
            21.579208,
            69.4345
          ],
          [
            21.57926,
            69.434469
          ],
          [
            21.579306,
            69.434437
          ],
          [
            21.579362,
            69.434401
          ],
          [
            21.579417,
            69.43437
          ],
          [
            21.579474,
            69.434338
          ],
          [
            21.579538,
            69.434307
          ],
          [
            21.579608,
            69.434276
          ],
          [
            21.579678,
            69.434244
          ],
          [
            21.579752,
            69.434217
          ],
          [
            21.579823,
            69.434192
          ],
          [
            21.579907,
            69.434164
          ],
          [
            21.579989,
            69.434139
          ],
          [
            21.580076,
            69.434114
          ],
          [
            21.580159,
            69.434093
          ],
          [
            21.580251,
            69.434073
          ],
          [
            21.580342,
            69.434054
          ],
          [
            21.580445,
            69.434037
          ],
          [
            21.580544,
            69.434019
          ],
          [
            21.580652,
            69.434002
          ],
          [
            21.580752,
            69.433987
          ],
          [
            21.580855,
            69.43397
          ],
          [
            21.580953,
            69.433954
          ],
          [
            21.581053,
            69.433939
          ],
          [
            21.581148,
            69.433923
          ],
          [
            21.581253,
            69.433906
          ],
          [
            21.581353,
            69.43389
          ],
          [
            21.581458,
            69.433871
          ],
          [
            21.58155,
            69.433855
          ],
          [
            21.581647,
            69.433837
          ],
          [
            21.581739,
            69.433818
          ],
          [
            21.581833,
            69.433799
          ],
          [
            21.581921,
            69.43378
          ],
          [
            21.582008,
            69.43376
          ],
          [
            21.582109,
            69.433736
          ],
          [
            21.582204,
            69.433713
          ],
          [
            21.582295,
            69.433692
          ],
          [
            21.58238,
            69.433668
          ],
          [
            21.582465,
            69.433645
          ],
          [
            21.582552,
            69.433622
          ],
          [
            21.582638,
            69.433599
          ],
          [
            21.582726,
            69.433576
          ],
          [
            21.582816,
            69.433553
          ],
          [
            21.582901,
            69.43353
          ],
          [
            21.582987,
            69.433508
          ],
          [
            21.583073,
            69.433483
          ],
          [
            21.583159,
            69.433459
          ],
          [
            21.583248,
            69.433433
          ],
          [
            21.583338,
            69.433407
          ],
          [
            21.583417,
            69.433383
          ],
          [
            21.583497,
            69.433359
          ],
          [
            21.583575,
            69.433336
          ],
          [
            21.58366,
            69.433313
          ],
          [
            21.583737,
            69.43329
          ],
          [
            21.583821,
            69.433269
          ],
          [
            21.583904,
            69.433247
          ],
          [
            21.583987,
            69.433227
          ],
          [
            21.584074,
            69.433208
          ],
          [
            21.58416,
            69.433189
          ],
          [
            21.584251,
            69.433169
          ],
          [
            21.584346,
            69.43315
          ],
          [
            21.584442,
            69.433131
          ],
          [
            21.584539,
            69.433111
          ],
          [
            21.584643,
            69.433093
          ],
          [
            21.584743,
            69.433075
          ],
          [
            21.58485,
            69.433056
          ],
          [
            21.584949,
            69.433039
          ],
          [
            21.585047,
            69.433022
          ],
          [
            21.585144,
            69.433006
          ],
          [
            21.585234,
            69.43299
          ],
          [
            21.585329,
            69.432972
          ],
          [
            21.585424,
            69.432957
          ],
          [
            21.585519,
            69.432941
          ],
          [
            21.585614,
            69.432924
          ],
          [
            21.585709,
            69.432908
          ],
          [
            21.585804,
            69.432891
          ],
          [
            21.585901,
            69.432874
          ],
          [
            21.586001,
            69.432857
          ],
          [
            21.586096,
            69.43284
          ],
          [
            21.586194,
            69.432824
          ],
          [
            21.586287,
            69.432805
          ],
          [
            21.586375,
            69.432789
          ],
          [
            21.586485,
            69.432771
          ],
          [
            21.58659,
            69.432753
          ],
          [
            21.586689,
            69.432736
          ],
          [
            21.586789,
            69.432719
          ],
          [
            21.586887,
            69.432702
          ],
          [
            21.586979,
            69.432686
          ],
          [
            21.587075,
            69.432671
          ],
          [
            21.587167,
            69.432655
          ],
          [
            21.587256,
            69.432636
          ],
          [
            21.587356,
            69.43262
          ],
          [
            21.587458,
            69.432601
          ],
          [
            21.587555,
            69.432584
          ],
          [
            21.587645,
            69.432568
          ],
          [
            21.587747,
            69.432551
          ],
          [
            21.587852,
            69.432532
          ],
          [
            21.587947,
            69.432515
          ],
          [
            21.588049,
            69.432498
          ],
          [
            21.588156,
            69.432478
          ],
          [
            21.588248,
            69.432462
          ],
          [
            21.588343,
            69.432446
          ],
          [
            21.588438,
            69.43243
          ],
          [
            21.588538,
            69.432412
          ],
          [
            21.58864,
            69.432395
          ],
          [
            21.58874,
            69.432378
          ],
          [
            21.588842,
            69.432359
          ],
          [
            21.588947,
            69.432342
          ],
          [
            21.589047,
            69.432325
          ],
          [
            21.589149,
            69.432307
          ],
          [
            21.589252,
            69.432291
          ],
          [
            21.589354,
            69.432274
          ],
          [
            21.589454,
            69.432259
          ],
          [
            21.589555,
            69.432244
          ],
          [
            21.589654,
            69.432231
          ],
          [
            21.589756,
            69.43222
          ],
          [
            21.589858,
            69.432211
          ],
          [
            21.589965,
            69.432202
          ],
          [
            21.590071,
            69.432195
          ],
          [
            21.590182,
            69.43219
          ],
          [
            21.5903,
            69.432185
          ],
          [
            21.59042,
            69.432181
          ],
          [
            21.590542,
            69.432178
          ],
          [
            21.590664,
            69.432174
          ],
          [
            21.590789,
            69.432172
          ],
          [
            21.590917,
            69.432171
          ],
          [
            21.591019,
            69.432171
          ],
          [
            21.591122,
            69.43217
          ],
          [
            21.591224,
            69.43217
          ],
          [
            21.591352,
            69.432168
          ],
          [
            21.591454,
            69.432166
          ],
          [
            21.591578,
            69.432163
          ],
          [
            21.591682,
            69.432159
          ],
          [
            21.591805,
            69.432151
          ],
          [
            21.591926,
            69.432143
          ],
          [
            21.592043,
            69.432132
          ],
          [
            21.592153,
            69.432123
          ],
          [
            21.59226,
            69.432111
          ],
          [
            21.592361,
            69.4321
          ],
          [
            21.592462,
            69.432087
          ],
          [
            21.592566,
            69.432075
          ],
          [
            21.592673,
            69.432063
          ],
          [
            21.592777,
            69.432051
          ],
          [
            21.592891,
            69.43204
          ],
          [
            21.592998,
            69.432028
          ],
          [
            21.593107,
            69.432019
          ],
          [
            21.593217,
            69.432008
          ],
          [
            21.593322,
            69.432
          ],
          [
            21.593428,
            69.431991
          ],
          [
            21.59353,
            69.431985
          ],
          [
            21.593633,
            69.431978
          ],
          [
            21.593739,
            69.431972
          ],
          [
            21.593851,
            69.431968
          ],
          [
            21.593963,
            69.431965
          ],
          [
            21.594078,
            69.431965
          ],
          [
            21.594193,
            69.431965
          ],
          [
            21.594309,
            69.431968
          ],
          [
            21.594428,
            69.43197
          ],
          [
            21.594548,
            69.431976
          ],
          [
            21.594665,
            69.431982
          ],
          [
            21.59478,
            69.431989
          ],
          [
            21.594893,
            69.431998
          ],
          [
            21.595003,
            69.432006
          ],
          [
            21.595111,
            69.432015
          ],
          [
            21.595219,
            69.432024
          ],
          [
            21.595327,
            69.432032
          ],
          [
            21.595434,
            69.43204
          ],
          [
            21.595538,
            69.432047
          ],
          [
            21.595646,
            69.432053
          ],
          [
            21.595752,
            69.432057
          ],
          [
            21.595863,
            69.432062
          ],
          [
            21.595979,
            69.432064
          ],
          [
            21.596098,
            69.432064
          ],
          [
            21.596213,
            69.432064
          ],
          [
            21.596335,
            69.432062
          ],
          [
            21.596457,
            69.432058
          ],
          [
            21.596576,
            69.432053
          ],
          [
            21.596695,
            69.432047
          ],
          [
            21.596816,
            69.432041
          ],
          [
            21.596937,
            69.432033
          ],
          [
            21.597055,
            69.432025
          ],
          [
            21.59717,
            69.432017
          ],
          [
            21.597286,
            69.43201
          ],
          [
            21.597401,
            69.432002
          ],
          [
            21.597509,
            69.431994
          ],
          [
            21.597627,
            69.431986
          ],
          [
            21.597734,
            69.431977
          ],
          [
            21.597842,
            69.431968
          ],
          [
            21.597949,
            69.431958
          ],
          [
            21.598054,
            69.431948
          ],
          [
            21.598155,
            69.431935
          ],
          [
            21.598259,
            69.431923
          ],
          [
            21.598362,
            69.431907
          ],
          [
            21.59846,
            69.431892
          ],
          [
            21.598562,
            69.431876
          ],
          [
            21.598659,
            69.43186
          ],
          [
            21.598757,
            69.431844
          ],
          [
            21.598853,
            69.431831
          ],
          [
            21.598958,
            69.431815
          ],
          [
            21.599065,
            69.431803
          ],
          [
            21.599172,
            69.431791
          ],
          [
            21.59928,
            69.431777
          ],
          [
            21.599396,
            69.431763
          ],
          [
            21.599492,
            69.43175
          ],
          [
            21.599598,
            69.431737
          ],
          [
            21.599709,
            69.431723
          ],
          [
            21.599822,
            69.431707
          ],
          [
            21.599941,
            69.431693
          ],
          [
            21.600061,
            69.431676
          ],
          [
            21.600157,
            69.431662
          ],
          [
            21.600256,
            69.431648
          ],
          [
            21.600351,
            69.431635
          ],
          [
            21.600443,
            69.431619
          ],
          [
            21.600544,
            69.431602
          ],
          [
            21.600636,
            69.431585
          ],
          [
            21.600745,
            69.431564
          ],
          [
            21.600853,
            69.431542
          ],
          [
            21.600954,
            69.431519
          ],
          [
            21.601054,
            69.431495
          ],
          [
            21.601152,
            69.431473
          ],
          [
            21.60125,
            69.431449
          ],
          [
            21.601347,
            69.431424
          ],
          [
            21.601447,
            69.431398
          ],
          [
            21.601542,
            69.431372
          ],
          [
            21.601636,
            69.431345
          ],
          [
            21.601723,
            69.43132
          ],
          [
            21.601803,
            69.431296
          ],
          [
            21.601892,
            69.431271
          ],
          [
            21.601977,
            69.431244
          ],
          [
            21.602068,
            69.431218
          ],
          [
            21.602153,
            69.431191
          ],
          [
            21.602235,
            69.431166
          ],
          [
            21.602324,
            69.431142
          ],
          [
            21.602414,
            69.431117
          ],
          [
            21.602507,
            69.431093
          ],
          [
            21.602604,
            69.431068
          ],
          [
            21.602686,
            69.431045
          ],
          [
            21.602774,
            69.431022
          ],
          [
            21.602866,
            69.430997
          ],
          [
            21.602957,
            69.430974
          ],
          [
            21.603052,
            69.430949
          ],
          [
            21.603142,
            69.430925
          ],
          [
            21.60323,
            69.430901
          ],
          [
            21.60332,
            69.430879
          ],
          [
            21.603405,
            69.430856
          ],
          [
            21.603495,
            69.430834
          ],
          [
            21.603583,
            69.430811
          ],
          [
            21.603681,
            69.430788
          ],
          [
            21.603777,
            69.430764
          ],
          [
            21.603872,
            69.430739
          ],
          [
            21.603966,
            69.430713
          ],
          [
            21.604065,
            69.430686
          ],
          [
            21.604162,
            69.430659
          ],
          [
            21.604258,
            69.430631
          ],
          [
            21.604357,
            69.430603
          ],
          [
            21.604435,
            69.430581
          ],
          [
            21.604515,
            69.430559
          ],
          [
            21.604603,
            69.430534
          ],
          [
            21.604686,
            69.430512
          ],
          [
            21.604768,
            69.430489
          ],
          [
            21.604853,
            69.430465
          ],
          [
            21.60494,
            69.430441
          ],
          [
            21.605023,
            69.430417
          ],
          [
            21.605102,
            69.430392
          ],
          [
            21.605184,
            69.430367
          ],
          [
            21.605264,
            69.430343
          ],
          [
            21.605343,
            69.430317
          ],
          [
            21.60542,
            69.430291
          ],
          [
            21.605498,
            69.430263
          ],
          [
            21.605572,
            69.430235
          ],
          [
            21.605645,
            69.430208
          ],
          [
            21.605716,
            69.430182
          ],
          [
            21.605799,
            69.430151
          ],
          [
            21.605873,
            69.430124
          ],
          [
            21.605949,
            69.430096
          ],
          [
            21.606026,
            69.43007
          ],
          [
            21.606112,
            69.430042
          ],
          [
            21.606198,
            69.430014
          ],
          [
            21.60628,
            69.429987
          ],
          [
            21.606359,
            69.429961
          ],
          [
            21.606442,
            69.429933
          ],
          [
            21.606531,
            69.429904
          ],
          [
            21.606624,
            69.429874
          ],
          [
            21.606704,
            69.429851
          ],
          [
            21.606797,
            69.42982
          ],
          [
            21.60689,
            69.42979
          ],
          [
            21.606982,
            69.429762
          ],
          [
            21.607072,
            69.42973
          ],
          [
            21.607165,
            69.4297
          ],
          [
            21.607239,
            69.429675
          ],
          [
            21.607317,
            69.429651
          ],
          [
            21.607394,
            69.429627
          ],
          [
            21.607487,
            69.429597
          ],
          [
            21.607583,
            69.429568
          ],
          [
            21.607676,
            69.429539
          ],
          [
            21.60777,
            69.42951
          ],
          [
            21.607869,
            69.429482
          ],
          [
            21.607949,
            69.429458
          ],
          [
            21.608028,
            69.429433
          ],
          [
            21.608111,
            69.429409
          ],
          [
            21.608191,
            69.429386
          ],
          [
            21.608276,
            69.429362
          ],
          [
            21.608361,
            69.429338
          ],
          [
            21.608445,
            69.429315
          ],
          [
            21.608535,
            69.42929
          ],
          [
            21.608621,
            69.429267
          ],
          [
            21.608711,
            69.429246
          ],
          [
            21.608802,
            69.429224
          ],
          [
            21.608887,
            69.429202
          ],
          [
            21.608976,
            69.429182
          ],
          [
            21.609062,
            69.429161
          ],
          [
            21.609153,
            69.42914
          ],
          [
            21.609242,
            69.429121
          ],
          [
            21.609328,
            69.429101
          ],
          [
            21.609417,
            69.429084
          ],
          [
            21.609509,
            69.429066
          ],
          [
            21.609596,
            69.429049
          ],
          [
            21.60971,
            69.429027
          ],
          [
            21.609819,
            69.429008
          ],
          [
            21.609926,
            69.428989
          ],
          [
            21.610029,
            69.42897
          ],
          [
            21.61013,
            69.428953
          ],
          [
            21.610227,
            69.428934
          ],
          [
            21.610322,
            69.428918
          ],
          [
            21.610416,
            69.428898
          ],
          [
            21.610515,
            69.428879
          ],
          [
            21.610609,
            69.428859
          ],
          [
            21.610706,
            69.428839
          ],
          [
            21.610804,
            69.428819
          ],
          [
            21.610903,
            69.428798
          ],
          [
            21.611002,
            69.428778
          ],
          [
            21.611104,
            69.428759
          ],
          [
            21.6112,
            69.42874
          ],
          [
            21.611299,
            69.428721
          ],
          [
            21.611394,
            69.428703
          ],
          [
            21.611498,
            69.428683
          ],
          [
            21.611594,
            69.428663
          ],
          [
            21.611683,
            69.428644
          ],
          [
            21.611772,
            69.428624
          ],
          [
            21.611867,
            69.428601
          ],
          [
            21.61195,
            69.428578
          ],
          [
            21.612032,
            69.428553
          ],
          [
            21.612109,
            69.428527
          ],
          [
            21.612187,
            69.428499
          ],
          [
            21.612264,
            69.428467
          ],
          [
            21.612325,
            69.428437
          ],
          [
            21.612386,
            69.428406
          ],
          [
            21.612446,
            69.428373
          ],
          [
            21.612502,
            69.42834
          ],
          [
            21.61255,
            69.428304
          ],
          [
            21.612596,
            69.428271
          ],
          [
            21.612637,
            69.428237
          ],
          [
            21.612681,
            69.428198
          ],
          [
            21.612731,
            69.42816
          ],
          [
            21.612783,
            69.428123
          ],
          [
            21.612834,
            69.428087
          ],
          [
            21.612892,
            69.42805
          ],
          [
            21.612938,
            69.428016
          ],
          [
            21.612989,
            69.427984
          ],
          [
            21.61304,
            69.42795
          ],
          [
            21.613091,
            69.427918
          ],
          [
            21.613141,
            69.427885
          ],
          [
            21.61319,
            69.427853
          ],
          [
            21.613248,
            69.427817
          ],
          [
            21.613302,
            69.427784
          ],
          [
            21.613357,
            69.427748
          ],
          [
            21.613413,
            69.427714
          ],
          [
            21.613464,
            69.427679
          ],
          [
            21.61351,
            69.427647
          ],
          [
            21.613566,
            69.42761
          ],
          [
            21.613609,
            69.427576
          ],
          [
            21.613662,
            69.42754
          ],
          [
            21.613703,
            69.427507
          ],
          [
            21.613751,
            69.42747
          ],
          [
            21.613796,
            69.427434
          ],
          [
            21.613841,
            69.427398
          ],
          [
            21.613884,
            69.427364
          ],
          [
            21.613933,
            69.427331
          ],
          [
            21.613982,
            69.427299
          ],
          [
            21.614036,
            69.427267
          ],
          [
            21.614095,
            69.427234
          ],
          [
            21.61416,
            69.427201
          ],
          [
            21.614235,
            69.42717
          ],
          [
            21.614308,
            69.42714
          ],
          [
            21.614383,
            69.427111
          ],
          [
            21.614459,
            69.427083
          ],
          [
            21.61454,
            69.427057
          ],
          [
            21.614624,
            69.427029
          ],
          [
            21.614709,
            69.427003
          ],
          [
            21.614796,
            69.426978
          ],
          [
            21.614875,
            69.426954
          ],
          [
            21.61496,
            69.426929
          ],
          [
            21.615053,
            69.426915
          ],
          [
            21.615138,
            69.426892
          ],
          [
            21.615235,
            69.426875
          ],
          [
            21.615318,
            69.426851
          ],
          [
            21.615402,
            69.426826
          ],
          [
            21.615485,
            69.426803
          ],
          [
            21.61558,
            69.42678
          ],
          [
            21.615667,
            69.426757
          ],
          [
            21.615755,
            69.426734
          ],
          [
            21.615847,
            69.426707
          ],
          [
            21.615927,
            69.426683
          ],
          [
            21.616009,
            69.426659
          ],
          [
            21.616089,
            69.426635
          ],
          [
            21.616178,
            69.426608
          ],
          [
            21.616265,
            69.426582
          ],
          [
            21.616354,
            69.426556
          ],
          [
            21.616441,
            69.426532
          ],
          [
            21.616531,
            69.426506
          ],
          [
            21.616618,
            69.426483
          ],
          [
            21.616706,
            69.42646
          ],
          [
            21.616797,
            69.426439
          ],
          [
            21.616886,
            69.426419
          ],
          [
            21.616981,
            69.426404
          ],
          [
            21.617082,
            69.426389
          ],
          [
            21.617184,
            69.426379
          ],
          [
            21.617289,
            69.426373
          ],
          [
            21.617391,
            69.426372
          ],
          [
            21.6175,
            69.426373
          ],
          [
            21.617615,
            69.426375
          ],
          [
            21.617719,
            69.426377
          ],
          [
            21.617831,
            69.426378
          ],
          [
            21.617945,
            69.42638
          ],
          [
            21.618066,
            69.42638
          ],
          [
            21.618178,
            69.426381
          ],
          [
            21.618289,
            69.42638
          ],
          [
            21.618399,
            69.426381
          ],
          [
            21.618509,
            69.426382
          ],
          [
            21.618623,
            69.426383
          ],
          [
            21.618734,
            69.426386
          ],
          [
            21.618854,
            69.426386
          ],
          [
            21.618972,
            69.426387
          ],
          [
            21.619088,
            69.426389
          ],
          [
            21.619204,
            69.426391
          ],
          [
            21.619314,
            69.426391
          ],
          [
            21.619422,
            69.426392
          ],
          [
            21.619527,
            69.426393
          ],
          [
            21.619646,
            69.426393
          ],
          [
            21.619761,
            69.426395
          ],
          [
            21.619876,
            69.426394
          ],
          [
            21.619989,
            69.426395
          ],
          [
            21.620108,
            69.426397
          ],
          [
            21.620214,
            69.426398
          ],
          [
            21.620319,
            69.4264
          ],
          [
            21.620429,
            69.426399
          ],
          [
            21.620539,
            69.426399
          ],
          [
            21.620658,
            69.426401
          ],
          [
            21.62076,
            69.4264
          ],
          [
            21.620865,
            69.426399
          ],
          [
            21.620975,
            69.426399
          ],
          [
            21.621087,
            69.426397
          ],
          [
            21.621206,
            69.426394
          ],
          [
            21.621329,
            69.426392
          ],
          [
            21.62143,
            69.426388
          ],
          [
            21.621555,
            69.426385
          ],
          [
            21.621659,
            69.42638
          ],
          [
            21.621765,
            69.426376
          ],
          [
            21.621868,
            69.42637
          ],
          [
            21.621976,
            69.426364
          ],
          [
            21.622082,
            69.426358
          ],
          [
            21.62219,
            69.426352
          ],
          [
            21.622303,
            69.426344
          ],
          [
            21.622414,
            69.426336
          ],
          [
            21.622526,
            69.426327
          ],
          [
            21.622642,
            69.426321
          ],
          [
            21.62276,
            69.426313
          ],
          [
            21.622881,
            69.426306
          ],
          [
            21.623,
            69.4263
          ],
          [
            21.623121,
            69.426294
          ],
          [
            21.623242,
            69.426287
          ],
          [
            21.623362,
            69.426281
          ],
          [
            21.623484,
            69.426275
          ],
          [
            21.623602,
            69.42627
          ],
          [
            21.623725,
            69.426265
          ],
          [
            21.623843,
            69.426261
          ],
          [
            21.62396,
            69.426256
          ],
          [
            21.624076,
            69.426252
          ],
          [
            21.624196,
            69.426248
          ],
          [
            21.624312,
            69.426243
          ],
          [
            21.624429,
            69.426242
          ],
          [
            21.624546,
            69.426237
          ],
          [
            21.624663,
            69.426234
          ],
          [
            21.624777,
            69.42623
          ],
          [
            21.624892,
            69.426227
          ],
          [
            21.625006,
            69.426224
          ],
          [
            21.62512,
            69.426221
          ],
          [
            21.625232,
            69.426217
          ],
          [
            21.625346,
            69.426214
          ],
          [
            21.625458,
            69.426211
          ],
          [
            21.625567,
            69.426207
          ],
          [
            21.625679,
            69.426203
          ],
          [
            21.625784,
            69.426199
          ],
          [
            21.625891,
            69.426195
          ],
          [
            21.625997,
            69.426191
          ],
          [
            21.626099,
            69.426186
          ],
          [
            21.6262,
            69.426181
          ],
          [
            21.626324,
            69.426176
          ],
          [
            21.626441,
            69.426168
          ],
          [
            21.62656,
            69.426161
          ],
          [
            21.626677,
            69.426152
          ],
          [
            21.626797,
            69.426142
          ],
          [
            21.626922,
            69.426129
          ],
          [
            21.627043,
            69.426117
          ],
          [
            21.62714,
            69.426106
          ],
          [
            21.627258,
            69.42609
          ],
          [
            21.627369,
            69.426076
          ],
          [
            21.627469,
            69.426059
          ],
          [
            21.627572,
            69.426038
          ],
          [
            21.627659,
            69.426017
          ],
          [
            21.627741,
            69.425995
          ],
          [
            21.627837,
            69.425973
          ],
          [
            21.627941,
            69.425955
          ],
          [
            21.628042,
            69.425941
          ],
          [
            21.628141,
            69.425929
          ],
          [
            21.62825,
            69.425916
          ],
          [
            21.628346,
            69.425906
          ],
          [
            21.628448,
            69.425894
          ],
          [
            21.628558,
            69.425885
          ],
          [
            21.62867,
            69.425874
          ],
          [
            21.628787,
            69.425865
          ],
          [
            21.628898,
            69.425858
          ],
          [
            21.629014,
            69.425852
          ],
          [
            21.629125,
            69.425846
          ],
          [
            21.629236,
            69.425841
          ],
          [
            21.629352,
            69.425834
          ],
          [
            21.629471,
            69.425829
          ],
          [
            21.629586,
            69.425822
          ],
          [
            21.629699,
            69.425814
          ],
          [
            21.629812,
            69.425806
          ],
          [
            21.62992,
            69.425799
          ],
          [
            21.630026,
            69.425791
          ],
          [
            21.630141,
            69.425785
          ],
          [
            21.63026,
            69.42578
          ],
          [
            21.630379,
            69.425774
          ],
          [
            21.63048,
            69.425768
          ],
          [
            21.630582,
            69.425761
          ],
          [
            21.630691,
            69.425753
          ],
          [
            21.630798,
            69.425744
          ],
          [
            21.630897,
            69.425734
          ],
          [
            21.631001,
            69.425723
          ],
          [
            21.631104,
            69.425709
          ],
          [
            21.631202,
            69.425694
          ],
          [
            21.6313,
            69.42568
          ],
          [
            21.631406,
            69.425665
          ],
          [
            21.631509,
            69.42565
          ],
          [
            21.631615,
            69.425636
          ],
          [
            21.631726,
            69.425623
          ],
          [
            21.631839,
            69.425612
          ],
          [
            21.631958,
            69.425602
          ],
          [
            21.632081,
            69.425593
          ],
          [
            21.632202,
            69.425586
          ],
          [
            21.632323,
            69.425581
          ],
          [
            21.632443,
            69.425577
          ],
          [
            21.632565,
            69.425574
          ],
          [
            21.632687,
            69.425573
          ],
          [
            21.632808,
            69.425573
          ],
          [
            21.632926,
            69.425575
          ],
          [
            21.633047,
            69.425578
          ],
          [
            21.633169,
            69.425581
          ],
          [
            21.633292,
            69.425588
          ],
          [
            21.633413,
            69.425593
          ],
          [
            21.633536,
            69.425599
          ],
          [
            21.633661,
            69.425605
          ],
          [
            21.633763,
            69.425611
          ],
          [
            21.63389,
            69.425616
          ],
          [
            21.633991,
            69.425622
          ],
          [
            21.634116,
            69.425629
          ],
          [
            21.634239,
            69.425635
          ],
          [
            21.634361,
            69.425642
          ],
          [
            21.634481,
            69.425647
          ],
          [
            21.634599,
            69.425655
          ],
          [
            21.634711,
            69.425661
          ],
          [
            21.634815,
            69.425667
          ],
          [
            21.634935,
            69.425673
          ],
          [
            21.635044,
            69.425679
          ],
          [
            21.635177,
            69.425685
          ],
          [
            21.635253,
            69.42569
          ],
          [
            21.635365,
            69.425695
          ],
          [
            21.635477,
            69.425702
          ],
          [
            21.635578,
            69.425707
          ],
          [
            21.635685,
            69.425712
          ],
          [
            21.635716,
            69.425712
          ],
          [
            21.63582,
            69.425718
          ],
          [
            21.635932,
            69.425725
          ],
          [
            21.636055,
            69.425731
          ],
          [
            21.636151,
            69.425735
          ],
          [
            21.636252,
            69.425739
          ],
          [
            21.636351,
            69.425737
          ],
          [
            21.63646,
            69.425731
          ],
          [
            21.636567,
            69.425722
          ],
          [
            21.636671,
            69.425709
          ],
          [
            21.636765,
            69.425691
          ],
          [
            21.636851,
            69.425669
          ],
          [
            21.636931,
            69.425639
          ],
          [
            21.636984,
            69.425603
          ],
          [
            21.637014,
            69.425566
          ],
          [
            21.637026,
            69.425531
          ],
          [
            21.637024,
            69.425491
          ],
          [
            21.637224,
            69.42539
          ],
          [
            21.63837,
            69.425285
          ],
          [
            21.639044,
            69.425262
          ],
          [
            21.639928,
            69.425142
          ],
          [
            21.640282,
            69.425094
          ],
          [
            21.640919,
            69.42505
          ],
          [
            21.641437,
            69.424948
          ],
          [
            21.642046,
            69.424902
          ],
          [
            21.642582,
            69.424819
          ],
          [
            21.643155,
            69.424754
          ],
          [
            21.643768,
            69.424655
          ],
          [
            21.644384,
            69.424592
          ],
          [
            21.645411,
            69.424273
          ],
          [
            21.646087,
            69.42419
          ],
          [
            21.64665,
            69.424087
          ],
          [
            21.647238,
            69.423924
          ],
          [
            21.647563,
            69.423886
          ],
          [
            21.647855,
            69.423851
          ],
          [
            21.648418,
            69.423737
          ],
          [
            21.649019,
            69.423591
          ],
          [
            21.64939,
            69.423397
          ],
          [
            21.649415,
            69.422966
          ],
          [
            21.649711,
            69.422732
          ],
          [
            21.65,
            69.422682
          ],
          [
            21.650299,
            69.422631
          ],
          [
            21.650595,
            69.422467
          ],
          [
            21.651122,
            69.422278
          ],
          [
            21.651768,
            69.422234
          ],
          [
            21.652251,
            69.422133
          ],
          [
            21.652655,
            69.421947
          ],
          [
            21.652887,
            69.421798
          ],
          [
            21.6533,
            69.421531
          ],
          [
            21.65385,
            69.421443
          ],
          [
            21.654905,
            69.421206
          ],
          [
            21.655492,
            69.42114
          ],
          [
            21.656544,
            69.420902
          ],
          [
            21.657071,
            69.42076
          ],
          [
            21.657695,
            69.420709
          ],
          [
            21.658942,
            69.420647
          ],
          [
            21.658999,
            69.420636
          ],
          [
            21.660081,
            69.420431
          ],
          [
            21.660148,
            69.420419
          ],
          [
            21.66138,
            69.420242
          ],
          [
            21.661887,
            69.420063
          ],
          [
            21.662524,
            69.419925
          ],
          [
            21.663092,
            69.419763
          ],
          [
            21.663769,
            69.419736
          ],
          [
            21.664372,
            69.419664
          ],
          [
            21.664582,
            69.419601
          ],
          [
            21.665161,
            69.419426
          ],
          [
            21.665761,
            69.419313
          ],
          [
            21.666778,
            69.41899
          ],
          [
            21.667502,
            69.418893
          ],
          [
            21.668464,
            69.418703
          ],
          [
            21.669117,
            69.418389
          ],
          [
            21.669596,
            69.418221
          ],
          [
            21.67003,
            69.418036
          ],
          [
            21.670287,
            69.417547
          ],
          [
            21.670584,
            69.417325
          ],
          [
            21.67099,
            69.417175
          ],
          [
            21.671336,
            69.416982
          ],
          [
            21.671808,
            69.416577
          ],
          [
            21.672241,
            69.416382
          ],
          [
            21.67277,
            69.416259
          ],
          [
            21.673286,
            69.41618
          ],
          [
            21.674476,
            69.416023
          ],
          [
            21.675123,
            69.415976
          ],
          [
            21.675714,
            69.415856
          ],
          [
            21.676299,
            69.415674
          ],
          [
            21.67799,
            69.415325
          ],
          [
            21.678588,
            69.415315
          ],
          [
            21.679036,
            69.415269
          ],
          [
            21.679477,
            69.415131
          ],
          [
            21.680008,
            69.414933
          ],
          [
            21.680504,
            69.414821
          ],
          [
            21.680981,
            69.414683
          ],
          [
            21.681734,
            69.414522
          ],
          [
            21.682274,
            69.414346
          ],
          [
            21.682966,
            69.41407
          ],
          [
            21.684759,
            69.413528
          ],
          [
            21.685114,
            69.413456
          ],
          [
            21.685953,
            69.413286
          ],
          [
            21.686629,
            69.413116
          ],
          [
            21.68734,
            69.412991
          ],
          [
            21.687805,
            69.412799
          ],
          [
            21.688285,
            69.412562
          ],
          [
            21.688752,
            69.412374
          ],
          [
            21.689299,
            69.412199
          ],
          [
            21.68972,
            69.411788
          ],
          [
            21.690059,
            69.411548
          ],
          [
            21.69048,
            69.411373
          ],
          [
            21.690844,
            69.411184
          ],
          [
            21.691997,
            69.410922
          ],
          [
            21.692701,
            69.410828
          ],
          [
            21.69292,
            69.410761
          ],
          [
            21.693289,
            69.410648
          ],
          [
            21.693737,
            69.410481
          ],
          [
            21.694613,
            69.410197
          ],
          [
            21.695184,
            69.410115
          ],
          [
            21.695716,
            69.409978
          ],
          [
            21.696089,
            69.409762
          ],
          [
            21.696267,
            69.409561
          ],
          [
            21.696645,
            69.409393
          ],
          [
            21.697185,
            69.409345
          ],
          [
            21.6977,
            69.409386
          ],
          [
            21.698174,
            69.409322
          ],
          [
            21.698585,
            69.409162
          ],
          [
            21.699221,
            69.409135
          ],
          [
            21.699786,
            69.409067
          ],
          [
            21.7,
            69.408992
          ],
          [
            21.7006,
            69.40878
          ],
          [
            21.700737,
            69.408732
          ],
          [
            21.701261,
            69.408581
          ],
          [
            21.702418,
            69.408348
          ],
          [
            21.702546,
            69.408171
          ],
          [
            21.702912,
            69.407979
          ],
          [
            21.703397,
            69.40784
          ],
          [
            21.703724,
            69.407668
          ],
          [
            21.704236,
            69.407532
          ],
          [
            21.704657,
            69.407559
          ],
          [
            21.704731,
            69.407372
          ],
          [
            21.704933,
            69.407247
          ],
          [
            21.705035,
            69.407185
          ],
          [
            21.704975,
            69.407062
          ],
          [
            21.704936,
            69.40698
          ],
          [
            21.705192,
            69.406788
          ],
          [
            21.70527,
            69.406753
          ],
          [
            21.705576,
            69.406616
          ],
          [
            21.705607,
            69.406602
          ],
          [
            21.705907,
            69.406395
          ],
          [
            21.707315,
            69.405907
          ],
          [
            21.707665,
            69.405713
          ],
          [
            21.708183,
            69.405494
          ],
          [
            21.708836,
            69.405171
          ],
          [
            21.709032,
            69.405074
          ],
          [
            21.709144,
            69.404876
          ],
          [
            21.709332,
            69.404712
          ],
          [
            21.709381,
            69.404669
          ],
          [
            21.709969,
            69.404496
          ],
          [
            21.710402,
            69.404343
          ],
          [
            21.71091,
            69.404215
          ],
          [
            21.711108,
            69.404136
          ],
          [
            21.711321,
            69.404051
          ],
          [
            21.711494,
            69.403851
          ],
          [
            21.711867,
            69.40367
          ],
          [
            21.712272,
            69.403273
          ],
          [
            21.71237,
            69.40323
          ],
          [
            21.712608,
            69.403126
          ],
          [
            21.712706,
            69.402945
          ],
          [
            21.713056,
            69.402745
          ],
          [
            21.713308,
            69.402601
          ],
          [
            21.713505,
            69.402542
          ],
          [
            21.713631,
            69.402504
          ],
          [
            21.71399,
            69.402418
          ],
          [
            21.714322,
            69.402349
          ],
          [
            21.714487,
            69.402333
          ],
          [
            21.714593,
            69.402322
          ],
          [
            21.714793,
            69.402384
          ]
        ]
      }
    },
    {
      "type": "Feature",
      "properties": {
        "schemaVersion": 1,
        "trailId": "nordkalottleden",
        "sectionId": "nordkalottleden-kalottireitti-09-sieimma-nedrefoss",
        "sectionNumber": 9,
        "name": "Sieimmastua / Sieimma to Nedrefosshytta",
        "sourceKind": "official-geonorge-turrutebasen-gpx",
        "sourceUrl": "https://kartkatalog.geonorge.no/metadata/d1422d17-6d95-4ef1-96ab-8af31744dd63",
        "sourceUrls": [
          "https://kartkatalog.geonorge.no/metadata/d1422d17-6d95-4ef1-96ab-8af31744dd63"
        ],
        "sourceAccessed": "2026-04-30",
        "generatedAt": "2026-04-30T06:26:02.442Z",
        "sourceDirection": "Turrutebasen fin4/DNT Troms line reversed from Sieimma to Nedrefoss",
        "appDirection": "Sieimma to Nedrefosshytta",
        "officialDistanceKm": 19,
        "geometryDistanceKm": 14.865,
        "geometryPointCount": 456,
        "endpointSnap": {
          "start": {
            "selectedEndpointLabel": "Sieimmastua / Sieimma west-bank cabin and route-side endpoint",
            "selectedEndpoint": {
              "lat": 69.4023,
              "lon": 21.715
            },
            "routeLinePoint": {
              "lat": 69.402403,
              "lon": 21.71529
            },
            "gapMeters": 16.1
          },
          "end": {
            "selectedEndpointLabel": "Nedrefosshytta DNT / Troms Turlag hut",
            "selectedEndpoint": {
              "lat": 69.3208625,
              "lon": 21.9691124
            },
            "routeLinePoint": {
              "lat": 69.320886,
              "lon": 21.969158
            },
            "gapMeters": 3.2
          }
        },
        "maxEndpointGapMeters": 16.1,
        "quality": "high-quality official route-line candidate",
        "caveats": [
          "Official Reisa distance is much longer than clipped E1/OSM route-line distance; boundary semantics remain unresolved."
        ],
        "warnings": [],
        "importReadiness": "research geometry artifact only; not runtime app geometry",
        "sourceMetadata": {
          "sourceParts": [
            {
              "sourceZip": "geometry/source-downloads/Friluftsliv_5544_Nordreisa_4326_TurOgFriluftsruter_GPX.zip",
              "sourceGpx": "Friluftsliv_5544_Nordreisa_4326_TurOgFriluftsruter_GPX.gpx",
              "routeIndex": 29,
              "routeName": "fin4",
              "routeComment": "Geometri hentet fra Vbase, 20170509",
              "routeSource": "DNT | Troms Turlag",
              "routeType": "Fotrute",
              "routePointCount": 811,
              "routeMeasuredKm": 20.63,
              "notes": [
                "Reversed to match section order."
              ]
            }
          ]
        }
      },
      "geometry": {
        "type": "LineString",
        "coordinates": [
          [
            21.71529,
            69.402403
          ],
          [
            21.71554,
            69.402369
          ],
          [
            21.71602,
            69.402303
          ],
          [
            21.716964,
            69.402243
          ],
          [
            21.717994,
            69.40182
          ],
          [
            21.71911,
            69.401367
          ],
          [
            21.719539,
            69.400854
          ],
          [
            21.719367,
            69.400371
          ],
          [
            21.719431,
            69.400292
          ],
          [
            21.719539,
            69.400159
          ],
          [
            21.72014,
            69.400129
          ],
          [
            21.720201,
            69.4
          ],
          [
            21.720226,
            69.399948
          ],
          [
            21.720483,
            69.399797
          ],
          [
            21.721513,
            69.399616
          ],
          [
            21.722287,
            69.399434
          ],
          [
            21.722543,
            69.399374
          ],
          [
            21.722969,
            69.398984
          ],
          [
            21.723311,
            69.398527
          ],
          [
            21.723916,
            69.397773
          ],
          [
            21.724345,
            69.39729
          ],
          [
            21.724851,
            69.396697
          ],
          [
            21.724861,
            69.396686
          ],
          [
            21.724894,
            69.396671
          ],
          [
            21.725759,
            69.396291
          ],
          [
            21.726002,
            69.396066
          ],
          [
            21.72632,
            69.395931
          ],
          [
            21.72692,
            69.39575
          ],
          [
            21.728036,
            69.395417
          ],
          [
            21.72898,
            69.395085
          ],
          [
            21.729417,
            69.394931
          ],
          [
            21.729839,
            69.394783
          ],
          [
            21.730869,
            69.394542
          ],
          [
            21.731117,
            69.394523
          ],
          [
            21.73207,
            69.394451
          ],
          [
            21.732671,
            69.394239
          ],
          [
            21.733644,
            69.394102
          ],
          [
            21.733959,
            69.394058
          ],
          [
            21.734903,
            69.394028
          ],
          [
            21.73492,
            69.394033
          ],
          [
            21.735589,
            69.394209
          ],
          [
            21.73652,
            69.394291
          ],
          [
            21.737735,
            69.394058
          ],
          [
            21.738336,
            69.393847
          ],
          [
            21.738679,
            69.393635
          ],
          [
            21.739438,
            69.393502
          ],
          [
            21.740049,
            69.393364
          ],
          [
            21.741075,
            69.393178
          ],
          [
            21.741808,
            69.393045
          ],
          [
            21.742438,
            69.392955
          ],
          [
            21.743227,
            69.392842
          ],
          [
            21.744288,
            69.392586
          ],
          [
            21.745654,
            69.392338
          ],
          [
            21.747472,
            69.39206
          ],
          [
            21.747883,
            69.391997
          ],
          [
            21.748718,
            69.391884
          ],
          [
            21.749118,
            69.391831
          ],
          [
            21.749124,
            69.39183
          ],
          [
            21.749392,
            69.391784
          ],
          [
            21.749893,
            69.391699
          ],
          [
            21.75,
            69.39168
          ],
          [
            21.750029,
            69.391675
          ],
          [
            21.750224,
            69.391642
          ],
          [
            21.750471,
            69.3916
          ],
          [
            21.751174,
            69.39148
          ],
          [
            21.751295,
            69.391465
          ],
          [
            21.75136,
            69.391456
          ],
          [
            21.752112,
            69.39136
          ],
          [
            21.752592,
            69.391285
          ],
          [
            21.752998,
            69.391221
          ],
          [
            21.753164,
            69.391187
          ],
          [
            21.755046,
            69.3908
          ],
          [
            21.755826,
            69.390545
          ],
          [
            21.756906,
            69.390119
          ],
          [
            21.757123,
            69.390045
          ],
          [
            21.757836,
            69.389801
          ],
          [
            21.758767,
            69.389501
          ],
          [
            21.759808,
            69.389209
          ],
          [
            21.759985,
            69.389159
          ],
          [
            21.760129,
            69.389119
          ],
          [
            21.760834,
            69.3889
          ],
          [
            21.761843,
            69.388645
          ],
          [
            21.762723,
            69.388354
          ],
          [
            21.764007,
            69.387927
          ],
          [
            21.765016,
            69.387689
          ],
          [
            21.765953,
            69.387541
          ],
          [
            21.767418,
            69.387212
          ],
          [
            21.768061,
            69.386988
          ],
          [
            21.768071,
            69.386985
          ],
          [
            21.769251,
            69.386531
          ],
          [
            21.769771,
            69.386116
          ],
          [
            21.769921,
            69.385933
          ],
          [
            21.77017,
            69.385629
          ],
          [
            21.770405,
            69.385342
          ],
          [
            21.770433,
            69.385312
          ],
          [
            21.770698,
            69.385028
          ],
          [
            21.770699,
            69.385027
          ],
          [
            21.771337,
            69.384343
          ],
          [
            21.77235,
            69.383513
          ],
          [
            21.772496,
            69.383457
          ],
          [
            21.772586,
            69.383422
          ],
          [
            21.773103,
            69.383223
          ],
          [
            21.774161,
            69.383049
          ],
          [
            21.774762,
            69.382951
          ],
          [
            21.775127,
            69.382891
          ],
          [
            21.775369,
            69.382774
          ],
          [
            21.775503,
            69.38271
          ],
          [
            21.775816,
            69.382224
          ],
          [
            21.776317,
            69.381908
          ],
          [
            21.776388,
            69.381863
          ],
          [
            21.776448,
            69.381832
          ],
          [
            21.777188,
            69.381447
          ],
          [
            21.77761,
            69.381315
          ],
          [
            21.777741,
            69.381274
          ],
          [
            21.779041,
            69.380631
          ],
          [
            21.779893,
            69.380269
          ],
          [
            21.780126,
            69.380117
          ],
          [
            21.782083,
            69.378842
          ],
          [
            21.782132,
            69.37881
          ],
          [
            21.782281,
            69.378712
          ],
          [
            21.782429,
            69.378616
          ],
          [
            21.782642,
            69.378409
          ],
          [
            21.783363,
            69.377706
          ],
          [
            21.783597,
            69.377167
          ],
          [
            21.783508,
            69.377066
          ],
          [
            21.783147,
            69.376658
          ],
          [
            21.783057,
            69.376521
          ],
          [
            21.782989,
            69.376417
          ],
          [
            21.782929,
            69.376325
          ],
          [
            21.782796,
            69.376121
          ],
          [
            21.782779,
            69.375654
          ],
          [
            21.782775,
            69.375532
          ],
          [
            21.782769,
            69.375379
          ],
          [
            21.782767,
            69.375314
          ],
          [
            21.783857,
            69.375018
          ],
          [
            21.783875,
            69.375013
          ],
          [
            21.784553,
            69.374768
          ],
          [
            21.784729,
            69.374711
          ],
          [
            21.785308,
            69.374522
          ],
          [
            21.786291,
            69.374294
          ],
          [
            21.787145,
            69.373985
          ],
          [
            21.787944,
            69.37356
          ],
          [
            21.788664,
            69.373081
          ],
          [
            21.789239,
            69.3728
          ],
          [
            21.78941,
            69.372637
          ],
          [
            21.790116,
            69.371964
          ],
          [
            21.790226,
            69.371859
          ],
          [
            21.790273,
            69.371814
          ],
          [
            21.790345,
            69.371746
          ],
          [
            21.790505,
            69.371647
          ],
          [
            21.790699,
            69.371527
          ],
          [
            21.791787,
            69.370852
          ],
          [
            21.791811,
            69.370807
          ],
          [
            21.792386,
            69.370526
          ],
          [
            21.793258,
            69.370166
          ],
          [
            21.793463,
            69.370082
          ],
          [
            21.794357,
            69.369504
          ],
          [
            21.794269,
            69.369181
          ],
          [
            21.794438,
            69.368938
          ],
          [
            21.794432,
            69.368782
          ],
          [
            21.794422,
            69.368499
          ],
          [
            21.794438,
            69.368406
          ],
          [
            21.794569,
            69.367655
          ],
          [
            21.794607,
            69.367323
          ],
          [
            21.794774,
            69.366999
          ],
          [
            21.79505,
            69.366909
          ],
          [
            21.795674,
            69.366574
          ],
          [
            21.796068,
            69.366231
          ],
          [
            21.796128,
            69.365783
          ],
          [
            21.796212,
            69.365646
          ],
          [
            21.796367,
            69.365396
          ],
          [
            21.796945,
            69.365187
          ],
          [
            21.798437,
            69.364722
          ],
          [
            21.798553,
            69.364686
          ],
          [
            21.799308,
            69.36445
          ],
          [
            21.799963,
            69.364285
          ],
          [
            21.8,
            69.364274
          ],
          [
            21.800591,
            69.364103
          ],
          [
            21.801266,
            69.363786
          ],
          [
            21.802287,
            69.363207
          ],
          [
            21.802228,
            69.362302
          ],
          [
            21.80272,
            69.36186
          ],
          [
            21.803145,
            69.361652
          ],
          [
            21.803616,
            69.361556
          ],
          [
            21.804002,
            69.361477
          ],
          [
            21.804403,
            69.361301
          ],
          [
            21.804578,
            69.361224
          ],
          [
            21.804726,
            69.361129
          ],
          [
            21.805557,
            69.360596
          ],
          [
            21.80572,
            69.360492
          ],
          [
            21.805829,
            69.360445
          ],
          [
            21.806218,
            69.360278
          ],
          [
            21.806396,
            69.360202
          ],
          [
            21.806534,
            69.360164
          ],
          [
            21.807201,
            69.359983
          ],
          [
            21.808184,
            69.359754
          ],
          [
            21.808924,
            69.359522
          ],
          [
            21.809113,
            69.359463
          ],
          [
            21.810046,
            69.359252
          ],
          [
            21.810581,
            69.359172
          ],
          [
            21.810981,
            69.359113
          ],
          [
            21.811964,
            69.358875
          ],
          [
            21.811981,
            69.358872
          ],
          [
            21.812771,
            69.35871
          ],
          [
            21.8135,
            69.358482
          ],
          [
            21.816102,
            69.358121
          ],
          [
            21.816107,
            69.35812
          ],
          [
            21.816509,
            69.358065
          ],
          [
            21.818231,
            69.357904
          ],
          [
            21.819424,
            69.357836
          ],
          [
            21.820113,
            69.357704
          ],
          [
            21.820323,
            69.357664
          ],
          [
            21.821013,
            69.357532
          ],
          [
            21.821875,
            69.357456
          ],
          [
            21.822626,
            69.357368
          ],
          [
            21.822988,
            69.357325
          ],
          [
            21.823043,
            69.357316
          ],
          [
            21.824149,
            69.357114
          ],
          [
            21.824764,
            69.357014
          ],
          [
            21.825286,
            69.356929
          ],
          [
            21.826449,
            69.356709
          ],
          [
            21.826699,
            69.356662
          ],
          [
            21.82773,
            69.356352
          ],
          [
            21.829135,
            69.355879
          ],
          [
            21.830112,
            69.355507
          ],
          [
            21.830955,
            69.355015
          ],
          [
            21.831056,
            69.354955
          ],
          [
            21.831923,
            69.354368
          ],
          [
            21.832121,
            69.354203
          ],
          [
            21.832268,
            69.354079
          ],
          [
            21.83234,
            69.353844
          ],
          [
            21.832353,
            69.353801
          ],
          [
            21.832358,
            69.353783
          ],
          [
            21.832527,
            69.35354
          ],
          [
            21.83282,
            69.353243
          ],
          [
            21.833333,
            69.352946
          ],
          [
            21.833367,
            69.352926
          ],
          [
            21.833774,
            69.352838
          ],
          [
            21.834174,
            69.352752
          ],
          [
            21.835133,
            69.352577
          ],
          [
            21.835834,
            69.352418
          ],
          [
            21.836071,
            69.352365
          ],
          [
            21.836694,
            69.352119
          ],
          [
            21.837489,
            69.351941
          ],
          [
            21.838244,
            69.351757
          ],
          [
            21.83878,
            69.351625
          ],
          [
            21.838859,
            69.351606
          ],
          [
            21.839088,
            69.351547
          ],
          [
            21.839184,
            69.351522
          ],
          [
            21.839436,
            69.351456
          ],
          [
            21.840329,
            69.351327
          ],
          [
            21.840861,
            69.351281
          ],
          [
            21.841022,
            69.351267
          ],
          [
            21.84184,
            69.351221
          ],
          [
            21.842476,
            69.351196
          ],
          [
            21.843,
            69.351219
          ],
          [
            21.843264,
            69.351231
          ],
          [
            21.843976,
            69.35121
          ],
          [
            21.844481,
            69.35113
          ],
          [
            21.845404,
            69.350879
          ],
          [
            21.846132,
            69.35055
          ],
          [
            21.846468,
            69.350416
          ],
          [
            21.847012,
            69.350341
          ],
          [
            21.848015,
            69.350161
          ],
          [
            21.849066,
            69.35
          ],
          [
            21.849134,
            69.34999
          ],
          [
            21.85,
            69.34988
          ],
          [
            21.850207,
            69.349853
          ],
          [
            21.850755,
            69.349826
          ],
          [
            21.851399,
            69.349793
          ],
          [
            21.852556,
            69.34974
          ],
          [
            21.853408,
            69.34969
          ],
          [
            21.855726,
            69.349598
          ],
          [
            21.856609,
            69.349423
          ],
          [
            21.857694,
            69.349247
          ],
          [
            21.857882,
            69.349194
          ],
          [
            21.858624,
            69.348982
          ],
          [
            21.858722,
            69.348942
          ],
          [
            21.859524,
            69.34861
          ],
          [
            21.860401,
            69.348301
          ],
          [
            21.86135,
            69.347884
          ],
          [
            21.862026,
            69.347638
          ],
          [
            21.862042,
            69.347632
          ],
          [
            21.862151,
            69.347593
          ],
          [
            21.862931,
            69.347401
          ],
          [
            21.864117,
            69.347179
          ],
          [
            21.865504,
            69.34693
          ],
          [
            21.866646,
            69.346898
          ],
          [
            21.868407,
            69.34683
          ],
          [
            21.868523,
            69.346826
          ],
          [
            21.869845,
            69.346828
          ],
          [
            21.871063,
            69.346804
          ],
          [
            21.872439,
            69.346905
          ],
          [
            21.873485,
            69.347007
          ],
          [
            21.874504,
            69.347083
          ],
          [
            21.876054,
            69.347084
          ],
          [
            21.877319,
            69.346961
          ],
          [
            21.878964,
            69.3468
          ],
          [
            21.880301,
            69.34656
          ],
          [
            21.881742,
            69.346391
          ],
          [
            21.883231,
            69.346141
          ],
          [
            21.883402,
            69.346118
          ],
          [
            21.884312,
            69.345993
          ],
          [
            21.884956,
            69.345905
          ],
          [
            21.885201,
            69.345871
          ],
          [
            21.886694,
            69.34572
          ],
          [
            21.887829,
            69.345585
          ],
          [
            21.888666,
            69.345486
          ],
          [
            21.888991,
            69.345456
          ],
          [
            21.889805,
            69.345381
          ],
          [
            21.890676,
            69.34532
          ],
          [
            21.891173,
            69.345285
          ],
          [
            21.892286,
            69.345171
          ],
          [
            21.893651,
            69.344994
          ],
          [
            21.894149,
            69.3449
          ],
          [
            21.894215,
            69.344888
          ],
          [
            21.894607,
            69.344814
          ],
          [
            21.894634,
            69.344809
          ],
          [
            21.895492,
            69.344596
          ],
          [
            21.895665,
            69.344553
          ],
          [
            21.896424,
            69.344332
          ],
          [
            21.896669,
            69.344261
          ],
          [
            21.897617,
            69.344043
          ],
          [
            21.897826,
            69.343995
          ],
          [
            21.89902,
            69.343776
          ],
          [
            21.899087,
            69.343764
          ],
          [
            21.9,
            69.343619
          ],
          [
            21.900021,
            69.343616
          ],
          [
            21.900146,
            69.343579
          ],
          [
            21.90192,
            69.343471
          ],
          [
            21.902628,
            69.343387
          ],
          [
            21.904569,
            69.343045
          ],
          [
            21.905783,
            69.342895
          ],
          [
            21.907068,
            69.342673
          ],
          [
            21.907171,
            69.342654
          ],
          [
            21.907552,
            69.342583
          ],
          [
            21.908556,
            69.342396
          ],
          [
            21.909585,
            69.342113
          ],
          [
            21.910741,
            69.341811
          ],
          [
            21.911619,
            69.341546
          ],
          [
            21.912824,
            69.341217
          ],
          [
            21.91365,
            69.340916
          ],
          [
            21.914724,
            69.340507
          ],
          [
            21.915458,
            69.340318
          ],
          [
            21.916006,
            69.340178
          ],
          [
            21.917939,
            69.339638
          ],
          [
            21.917944,
            69.339637
          ],
          [
            21.918279,
            69.339544
          ],
          [
            21.918767,
            69.33941
          ],
          [
            21.919999,
            69.339107
          ],
          [
            21.921179,
            69.338787
          ],
          [
            21.921814,
            69.338635
          ],
          [
            21.922486,
            69.338475
          ],
          [
            21.923366,
            69.338225
          ],
          [
            21.924418,
            69.337927
          ],
          [
            21.925556,
            69.337795
          ],
          [
            21.925832,
            69.337787
          ],
          [
            21.926342,
            69.337773
          ],
          [
            21.927557,
            69.337677
          ],
          [
            21.928192,
            69.337673
          ],
          [
            21.928271,
            69.337736
          ],
          [
            21.928371,
            69.337717
          ],
          [
            21.93012,
            69.337636
          ],
          [
            21.932144,
            69.337247
          ],
          [
            21.932894,
            69.337239
          ],
          [
            21.933366,
            69.337149
          ],
          [
            21.934182,
            69.336997
          ],
          [
            21.934697,
            69.336861
          ],
          [
            21.935108,
            69.33683
          ],
          [
            21.935512,
            69.3368
          ],
          [
            21.935898,
            69.336785
          ],
          [
            21.936066,
            69.336768
          ],
          [
            21.936328,
            69.33674
          ],
          [
            21.937014,
            69.336815
          ],
          [
            21.937744,
            69.336694
          ],
          [
            21.938173,
            69.336588
          ],
          [
            21.938559,
            69.336603
          ],
          [
            21.939139,
            69.336507
          ],
          [
            21.939289,
            69.336482
          ],
          [
            21.939675,
            69.336452
          ],
          [
            21.940533,
            69.336467
          ],
          [
            21.94122,
            69.336316
          ],
          [
            21.941821,
            69.336316
          ],
          [
            21.942336,
            69.336225
          ],
          [
            21.942679,
            69.33621
          ],
          [
            21.943666,
            69.336255
          ],
          [
            21.944653,
            69.336104
          ],
          [
            21.94534,
            69.335983
          ],
          [
            21.945517,
            69.335857
          ],
          [
            21.94564,
            69.335771
          ],
          [
            21.946026,
            69.33574
          ],
          [
            21.946499,
            69.335801
          ],
          [
            21.947056,
            69.33571
          ],
          [
            21.94843,
            69.335589
          ],
          [
            21.948641,
            69.335528
          ],
          [
            21.949116,
            69.335392
          ],
          [
            21.94937,
            69.335149
          ],
          [
            21.949417,
            69.335104
          ],
          [
            21.949631,
            69.334968
          ],
          [
            21.95,
            69.334913
          ],
          [
            21.950447,
            69.334847
          ],
          [
            21.95109,
            69.334483
          ],
          [
            21.951219,
            69.334226
          ],
          [
            21.951648,
            69.334014
          ],
          [
            21.951863,
            69.333786
          ],
          [
            21.951648,
            69.33365
          ],
          [
            21.951133,
            69.333362
          ],
          [
            21.951048,
            69.33315
          ],
          [
            21.951005,
            69.332953
          ],
          [
            21.950533,
            69.33256
          ],
          [
            21.950533,
            69.332487
          ],
          [
            21.950532,
            69.332333
          ],
          [
            21.950618,
            69.332075
          ],
          [
            21.950833,
            69.331651
          ],
          [
            21.951166,
            69.331474
          ],
          [
            21.951518,
            69.331035
          ],
          [
            21.951683,
            69.330878
          ],
          [
            21.952127,
            69.330458
          ],
          [
            21.952144,
            69.330441
          ],
          [
            21.952502,
            69.330087
          ],
          [
            21.952857,
            69.329736
          ],
          [
            21.9532,
            69.329457
          ],
          [
            21.953608,
            69.329233
          ],
          [
            21.953646,
            69.329212
          ],
          [
            21.954116,
            69.329081
          ],
          [
            21.954725,
            69.32891
          ],
          [
            21.95568,
            69.32869
          ],
          [
            21.956274,
            69.328354
          ],
          [
            21.956696,
            69.328153
          ],
          [
            21.956995,
            69.32801
          ],
          [
            21.957113,
            69.327733
          ],
          [
            21.957156,
            69.327632
          ],
          [
            21.957189,
            69.327246
          ],
          [
            21.956992,
            69.326799
          ],
          [
            21.95648,
            69.326129
          ],
          [
            21.956685,
            69.325994
          ],
          [
            21.957384,
            69.325534
          ],
          [
            21.957565,
            69.325415
          ],
          [
            21.958135,
            69.325097
          ],
          [
            21.958956,
            69.324725
          ],
          [
            21.959753,
            69.32438
          ],
          [
            21.960525,
            69.324091
          ],
          [
            21.960727,
            69.324016
          ],
          [
            21.960946,
            69.323928
          ],
          [
            21.961031,
            69.323894
          ],
          [
            21.961799,
            69.323588
          ],
          [
            21.962108,
            69.323468
          ],
          [
            21.962897,
            69.323161
          ],
          [
            21.963819,
            69.322779
          ],
          [
            21.964618,
            69.322478
          ],
          [
            21.965619,
            69.322168
          ],
          [
            21.966417,
            69.321868
          ],
          [
            21.967862,
            69.321259
          ],
          [
            21.968098,
            69.32118
          ],
          [
            21.968462,
            69.321058
          ],
          [
            21.969158,
            69.320886
          ]
        ]
      }
    },
    {
      "type": "Feature",
      "properties": {
        "schemaVersion": 1,
        "trailId": "nordkalottleden",
        "sectionId": "nordkalottleden-kalottireitti-10-nedrefoss-reisavannhytta",
        "sectionNumber": 10,
        "name": "Nedrefosshytta to Reisavannhytta / Ráisjávrihytta",
        "sourceKind": "official-geonorge-turrutebasen-gpx",
        "sourceUrl": "https://kartkatalog.geonorge.no/metadata/d1422d17-6d95-4ef1-96ab-8af31744dd63",
        "sourceUrls": [
          "https://kartkatalog.geonorge.no/metadata/d1422d17-6d95-4ef1-96ab-8af31744dd63"
        ],
        "sourceAccessed": "2026-04-30",
        "generatedAt": "2026-04-30T06:26:02.442Z",
        "sourceDirection": "Turrutebasen E1/DNT Troms line reversed from Nedrefoss to Reisavannhytta",
        "appDirection": "Nedrefosshytta to Reisavannhytta",
        "officialDistanceKm": 30,
        "geometryDistanceKm": 28.694,
        "geometryPointCount": 2183,
        "endpointSnap": {
          "start": {
            "selectedEndpointLabel": "Nedrefosshytta DNT / Troms Turlag hut",
            "selectedEndpoint": {
              "lat": 69.3208625,
              "lon": 21.9691124
            },
            "routeLinePoint": {
              "lat": 69.320886,
              "lon": 21.969158
            },
            "gapMeters": 3.2
          },
          "end": {
            "selectedEndpointLabel": "Reisavannhytta / Ráisjávrihytta",
            "selectedEndpoint": {
              "lat": 69.2132498,
              "lon": 22.4637393
            },
            "routeLinePoint": {
              "lat": 69.21326,
              "lon": 22.463554
            },
            "gapMeters": 7.4
          }
        },
        "maxEndpointGapMeters": 7.4,
        "quality": "high-quality official route-line candidate",
        "caveats": [
          "Turrutebasen E1 line is clipped across a longer municipal route object rather than delivered as a per-section Reisa stage."
        ],
        "warnings": [],
        "importReadiness": "research geometry artifact only; not runtime app geometry",
        "sourceMetadata": {
          "sourceParts": [
            {
              "sourceZip": "geometry/source-downloads/Friluftsliv_5544_Nordreisa_4326_TurOgFriluftsruter_GPX.zip",
              "sourceGpx": "Friluftsliv_5544_Nordreisa_4326_TurOgFriluftsruter_GPX.gpx",
              "routeIndex": 40,
              "routeName": "E1",
              "routeComment": "N50-kartdata",
              "routeSource": "DNT | Troms Turlag",
              "routeType": "Fotrute",
              "routePointCount": 3380,
              "routeMeasuredKm": 54.494,
              "notes": [
                "Reversed and clipped from a longer E1 route object."
              ]
            }
          ]
        }
      },
      "geometry": {
        "type": "LineString",
        "coordinates": [
          [
            21.969158,
            69.320886
          ],
          [
            21.969316,
            69.320847
          ],
          [
            21.969386,
            69.320838
          ],
          [
            21.969847,
            69.320782
          ],
          [
            21.970091,
            69.320753
          ],
          [
            21.970325,
            69.320725
          ],
          [
            21.970552,
            69.320681
          ],
          [
            21.970738,
            69.320645
          ],
          [
            21.97139,
            69.320576
          ],
          [
            21.972036,
            69.32065
          ],
          [
            21.972036,
            69.320652
          ],
          [
            21.972047,
            69.320859
          ],
          [
            21.972057,
            69.321044
          ],
          [
            21.972064,
            69.321169
          ],
          [
            21.972066,
            69.321202
          ],
          [
            21.972093,
            69.321224
          ],
          [
            21.972258,
            69.321357
          ],
          [
            21.972303,
            69.321393
          ],
          [
            21.972565,
            69.321492
          ],
          [
            21.972618,
            69.321502
          ],
          [
            21.972952,
            69.321563
          ],
          [
            21.973231,
            69.321629
          ],
          [
            21.974119,
            69.321594
          ],
          [
            21.974315,
            69.321559
          ],
          [
            21.974475,
            69.321532
          ],
          [
            21.974955,
            69.321448
          ],
          [
            21.975077,
            69.321339
          ],
          [
            21.975182,
            69.321247
          ],
          [
            21.975317,
            69.321127
          ],
          [
            21.975482,
            69.320814
          ],
          [
            21.975559,
            69.320588
          ],
          [
            21.975559,
            69.320587
          ],
          [
            21.975585,
            69.320382
          ],
          [
            21.975597,
            69.320282
          ],
          [
            21.975625,
            69.320067
          ],
          [
            21.975694,
            69.320007
          ],
          [
            21.975966,
            69.319769
          ],
          [
            21.976024,
            69.319696
          ],
          [
            21.976049,
            69.319664
          ],
          [
            21.976109,
            69.319588
          ],
          [
            21.976398,
            69.31922
          ],
          [
            21.9764,
            69.31921
          ],
          [
            21.976437,
            69.31895
          ],
          [
            21.976431,
            69.318818
          ],
          [
            21.976419,
            69.318556
          ],
          [
            21.976459,
            69.31847
          ],
          [
            21.976558,
            69.318259
          ],
          [
            21.976706,
            69.317603
          ],
          [
            21.976867,
            69.317226
          ],
          [
            21.977436,
            69.316918
          ],
          [
            21.977608,
            69.316791
          ],
          [
            21.978286,
            69.316626
          ],
          [
            21.979091,
            69.316487
          ],
          [
            21.979918,
            69.316249
          ],
          [
            21.980512,
            69.315914
          ],
          [
            21.981429,
            69.315442
          ],
          [
            21.982179,
            69.315205
          ],
          [
            21.983239,
            69.315073
          ],
          [
            21.984066,
            69.315011
          ],
          [
            21.984933,
            69.314947
          ],
          [
            21.985893,
            69.314852
          ],
          [
            21.986334,
            69.314797
          ],
          [
            21.986644,
            69.314758
          ],
          [
            21.987179,
            69.314692
          ],
          [
            21.987984,
            69.314544
          ],
          [
            21.98854,
            69.314487
          ],
          [
            21.98869,
            69.314466
          ],
          [
            21.989712,
            69.314327
          ],
          [
            21.990052,
            69.314281
          ],
          [
            21.990098,
            69.314262
          ],
          [
            21.990277,
            69.31419
          ],
          [
            21.990781,
            69.314139
          ],
          [
            21.991489,
            69.314066
          ],
          [
            21.991861,
            69.313977
          ],
          [
            21.992142,
            69.313909
          ],
          [
            21.992442,
            69.313837
          ],
          [
            21.992738,
            69.313754
          ],
          [
            21.992874,
            69.313715
          ],
          [
            21.993419,
            69.313562
          ],
          [
            21.993459,
            69.313542
          ],
          [
            21.994089,
            69.313226
          ],
          [
            21.994457,
            69.312964
          ],
          [
            21.995326,
            69.312547
          ],
          [
            21.995992,
            69.312148
          ],
          [
            21.996435,
            69.311849
          ],
          [
            21.996719,
            69.311785
          ],
          [
            21.996747,
            69.311778
          ],
          [
            21.997135,
            69.311679
          ],
          [
            21.997142,
            69.311677
          ],
          [
            21.997438,
            69.311602
          ],
          [
            21.997439,
            69.311601
          ],
          [
            21.997782,
            69.311348
          ],
          [
            21.997842,
            69.31131
          ],
          [
            21.998743,
            69.310733
          ],
          [
            21.999148,
            69.310465
          ],
          [
            21.99985,
            69.31
          ],
          [
            22,
            69.309979
          ],
          [
            22.000631,
            69.309888
          ],
          [
            22.001483,
            69.309668
          ],
          [
            22.001786,
            69.309611
          ],
          [
            22.002114,
            69.309549
          ],
          [
            22.002565,
            69.309464
          ],
          [
            22.003472,
            69.309266
          ],
          [
            22.003494,
            69.309262
          ],
          [
            22.003618,
            69.309223
          ],
          [
            22.003732,
            69.309188
          ],
          [
            22.003964,
            69.309116
          ],
          [
            22.004319,
            69.309006
          ],
          [
            22.00464,
            69.308906
          ],
          [
            22.004644,
            69.308905
          ],
          [
            22.005006,
            69.308724
          ],
          [
            22.005047,
            69.308703
          ],
          [
            22.005335,
            69.30856
          ],
          [
            22.005387,
            69.308533
          ],
          [
            22.005718,
            69.308356
          ],
          [
            22.00608,
            69.308161
          ],
          [
            22.006635,
            69.307901
          ],
          [
            22.006775,
            69.307835
          ],
          [
            22.006912,
            69.307737
          ],
          [
            22.007193,
            69.307536
          ],
          [
            22.007332,
            69.307489
          ],
          [
            22.007842,
            69.307317
          ],
          [
            22.007908,
            69.307308
          ],
          [
            22.008259,
            69.307258
          ],
          [
            22.008305,
            69.307252
          ],
          [
            22.008351,
            69.307245
          ],
          [
            22.008572,
            69.307214
          ],
          [
            22.008935,
            69.307152
          ],
          [
            22.00925,
            69.307097
          ],
          [
            22.009327,
            69.307084
          ],
          [
            22.009926,
            69.306865
          ],
          [
            22.010296,
            69.306639
          ],
          [
            22.010612,
            69.30635
          ],
          [
            22.010802,
            69.306071
          ],
          [
            22.01081,
            69.305703
          ],
          [
            22.010661,
            69.305386
          ],
          [
            22.010613,
            69.305283
          ],
          [
            22.010321,
            69.30515
          ],
          [
            22.009736,
            69.304883
          ],
          [
            22.00968,
            69.304858
          ],
          [
            22.009841,
            69.304498
          ],
          [
            22.009907,
            69.304425
          ],
          [
            22.010114,
            69.304196
          ],
          [
            22.010306,
            69.303984
          ],
          [
            22.010371,
            69.303912
          ],
          [
            22.010727,
            69.303409
          ],
          [
            22.010728,
            69.303408
          ],
          [
            22.010969,
            69.303137
          ],
          [
            22.011066,
            69.302971
          ],
          [
            22.011219,
            69.302709
          ],
          [
            22.011462,
            69.302291
          ],
          [
            22.011625,
            69.302197
          ],
          [
            22.012082,
            69.301931
          ],
          [
            22.012457,
            69.301714
          ],
          [
            22.012696,
            69.301575
          ],
          [
            22.013563,
            69.30114
          ],
          [
            22.013839,
            69.300945
          ],
          [
            22.014166,
            69.300714
          ],
          [
            22.014177,
            69.300706
          ],
          [
            22.014208,
            69.300693
          ],
          [
            22.015022,
            69.300342
          ],
          [
            22.015385,
            69.300218
          ],
          [
            22.016023,
            69.300001
          ],
          [
            22.016027,
            69.3
          ],
          [
            22.016469,
            69.299849
          ],
          [
            22.016736,
            69.299597
          ],
          [
            22.016859,
            69.298977
          ],
          [
            22.017049,
            69.298708
          ],
          [
            22.01705,
            69.298707
          ],
          [
            22.017174,
            69.29862
          ],
          [
            22.01754,
            69.298363
          ],
          [
            22.017549,
            69.298359
          ],
          [
            22.018235,
            69.298045
          ],
          [
            22.018714,
            69.29745
          ],
          [
            22.019025,
            69.297054
          ],
          [
            22.01918,
            69.296942
          ],
          [
            22.019589,
            69.296647
          ],
          [
            22.019896,
            69.296161
          ],
          [
            22.020061,
            69.29597
          ],
          [
            22.020304,
            69.295692
          ],
          [
            22.020513,
            69.295269
          ],
          [
            22.020729,
            69.294879
          ],
          [
            22.020816,
            69.29472
          ],
          [
            22.020973,
            69.294426
          ],
          [
            22.021165,
            69.294064
          ],
          [
            22.021245,
            69.293928
          ],
          [
            22.021335,
            69.293774
          ],
          [
            22.021423,
            69.293622
          ],
          [
            22.021513,
            69.293342
          ],
          [
            22.02154,
            69.293257
          ],
          [
            22.021578,
            69.293137
          ],
          [
            22.021689,
            69.292984
          ],
          [
            22.021983,
            69.292579
          ],
          [
            22.022059,
            69.292526
          ],
          [
            22.022547,
            69.29219
          ],
          [
            22.022861,
            69.291856
          ],
          [
            22.023032,
            69.291694
          ],
          [
            22.023041,
            69.291685
          ],
          [
            22.023564,
            69.291188
          ],
          [
            22.024097,
            69.290837
          ],
          [
            22.024154,
            69.290799
          ],
          [
            22.024617,
            69.290518
          ],
          [
            22.02494,
            69.290322
          ],
          [
            22.025287,
            69.290111
          ],
          [
            22.025684,
            69.28992
          ],
          [
            22.025836,
            69.289819
          ],
          [
            22.026227,
            69.289557
          ],
          [
            22.026347,
            69.289477
          ],
          [
            22.026661,
            69.2893
          ],
          [
            22.027038,
            69.289087
          ],
          [
            22.027592,
            69.288874
          ],
          [
            22.027984,
            69.288723
          ],
          [
            22.028066,
            69.288698
          ],
          [
            22.028806,
            69.288481
          ],
          [
            22.028983,
            69.28843
          ],
          [
            22.029781,
            69.288156
          ],
          [
            22.030368,
            69.288054
          ],
          [
            22.031036,
            69.287937
          ],
          [
            22.031063,
            69.287933
          ],
          [
            22.032371,
            69.287594
          ],
          [
            22.032514,
            69.287556
          ],
          [
            22.034198,
            69.287268
          ],
          [
            22.034818,
            69.287118
          ],
          [
            22.035676,
            69.28691
          ],
          [
            22.035799,
            69.286887
          ],
          [
            22.03643,
            69.286771
          ],
          [
            22.037588,
            69.28662
          ],
          [
            22.038079,
            69.286466
          ],
          [
            22.038644,
            69.286287
          ],
          [
            22.038661,
            69.286282
          ],
          [
            22.040254,
            69.28568
          ],
          [
            22.040847,
            69.285372
          ],
          [
            22.041942,
            69.284962
          ],
          [
            22.042739,
            69.284679
          ],
          [
            22.043029,
            69.28439
          ],
          [
            22.043471,
            69.2841
          ],
          [
            22.044313,
            69.283692
          ],
          [
            22.04453,
            69.283457
          ],
          [
            22.044715,
            69.28283
          ],
          [
            22.044745,
            69.282731
          ],
          [
            22.044748,
            69.28272
          ],
          [
            22.04483,
            69.282325
          ],
          [
            22.045128,
            69.281678
          ],
          [
            22.045547,
            69.281424
          ],
          [
            22.045619,
            69.281349
          ],
          [
            22.045688,
            69.281277
          ],
          [
            22.046077,
            69.280874
          ],
          [
            22.046617,
            69.280543
          ],
          [
            22.04665,
            69.280522
          ],
          [
            22.046668,
            69.280511
          ],
          [
            22.047054,
            69.280123
          ],
          [
            22.047341,
            69.279763
          ],
          [
            22.048006,
            69.279495
          ],
          [
            22.048608,
            69.279253
          ],
          [
            22.049705,
            69.278834
          ],
          [
            22.049777,
            69.278806
          ],
          [
            22.05,
            69.278688
          ],
          [
            22.050221,
            69.27857
          ],
          [
            22.05034,
            69.278452
          ],
          [
            22.050493,
            69.278299
          ],
          [
            22.050753,
            69.278038
          ],
          [
            22.051393,
            69.277643
          ],
          [
            22.051884,
            69.277341
          ],
          [
            22.052383,
            69.277185
          ],
          [
            22.053472,
            69.276658
          ],
          [
            22.0537,
            69.276569
          ],
          [
            22.054938,
            69.276084
          ],
          [
            22.055877,
            69.275603
          ],
          [
            22.056651,
            69.275355
          ],
          [
            22.056896,
            69.275276
          ],
          [
            22.057074,
            69.275219
          ],
          [
            22.058069,
            69.274854
          ],
          [
            22.05835,
            69.274764
          ],
          [
            22.059714,
            69.274324
          ],
          [
            22.06076,
            69.273968
          ],
          [
            22.061833,
            69.273638
          ],
          [
            22.062126,
            69.273504
          ],
          [
            22.062428,
            69.273366
          ],
          [
            22.063449,
            69.273036
          ],
          [
            22.064572,
            69.272698
          ],
          [
            22.065146,
            69.272651
          ],
          [
            22.06659,
            69.272533
          ],
          [
            22.067722,
            69.272391
          ],
          [
            22.069416,
            69.272262
          ],
          [
            22.069766,
            69.272235
          ],
          [
            22.070669,
            69.272059
          ],
          [
            22.071993,
            69.271701
          ],
          [
            22.073221,
            69.271442
          ],
          [
            22.073916,
            69.271178
          ],
          [
            22.074457,
            69.270852
          ],
          [
            22.075557,
            69.270567
          ],
          [
            22.07613,
            69.270384
          ],
          [
            22.076692,
            69.270257
          ],
          [
            22.076864,
            69.270218
          ],
          [
            22.077432,
            69.270089
          ],
          [
            22.077985,
            69.269979
          ],
          [
            22.078728,
            69.269833
          ],
          [
            22.079212,
            69.269737
          ],
          [
            22.079637,
            69.269627
          ],
          [
            22.081313,
            69.269221
          ],
          [
            22.082231,
            69.268839
          ],
          [
            22.082329,
            69.268776
          ],
          [
            22.082956,
            69.268566
          ],
          [
            22.083749,
            69.2683
          ],
          [
            22.084165,
            69.268029
          ],
          [
            22.085654,
            69.267427
          ],
          [
            22.085718,
            69.267411
          ],
          [
            22.086639,
            69.267181
          ],
          [
            22.086904,
            69.267115
          ],
          [
            22.0879,
            69.266767
          ],
          [
            22.088821,
            69.266466
          ],
          [
            22.089051,
            69.266397
          ],
          [
            22.090442,
            69.26598
          ],
          [
            22.091416,
            69.265723
          ],
          [
            22.091512,
            69.265701
          ],
          [
            22.091968,
            69.265595
          ],
          [
            22.092492,
            69.265474
          ],
          [
            22.093266,
            69.265263
          ],
          [
            22.093812,
            69.265044
          ],
          [
            22.095159,
            69.264659
          ],
          [
            22.095982,
            69.264402
          ],
          [
            22.098054,
            69.263833
          ],
          [
            22.099005,
            69.26363
          ],
          [
            22.1,
            69.263421
          ],
          [
            22.100458,
            69.263324
          ],
          [
            22.101889,
            69.263091
          ],
          [
            22.102596,
            69.26306
          ],
          [
            22.104334,
            69.262896
          ],
          [
            22.105365,
            69.262773
          ],
          [
            22.106244,
            69.262738
          ],
          [
            22.107234,
            69.262698
          ],
          [
            22.109531,
            69.262576
          ],
          [
            22.110035,
            69.262519
          ],
          [
            22.111044,
            69.262458
          ],
          [
            22.112754,
            69.262241
          ],
          [
            22.114085,
            69.262053
          ],
          [
            22.115272,
            69.261992
          ],
          [
            22.116012,
            69.261918
          ],
          [
            22.116329,
            69.261886
          ],
          [
            22.117591,
            69.261801
          ],
          [
            22.118675,
            69.261728
          ],
          [
            22.11874,
            69.261721
          ],
          [
            22.119975,
            69.261603
          ],
          [
            22.120287,
            69.261574
          ],
          [
            22.12272,
            69.26079
          ],
          [
            22.12317,
            69.260026
          ],
          [
            22.124067,
            69.259265
          ],
          [
            22.124492,
            69.259034
          ],
          [
            22.124878,
            69.258825
          ],
          [
            22.125407,
            69.25869
          ],
          [
            22.125725,
            69.258672
          ],
          [
            22.126556,
            69.258624
          ],
          [
            22.127681,
            69.25856
          ],
          [
            22.128112,
            69.258535
          ],
          [
            22.128286,
            69.258525
          ],
          [
            22.128435,
            69.258515
          ],
          [
            22.128637,
            69.2585
          ],
          [
            22.130171,
            69.258389
          ],
          [
            22.130465,
            69.258367
          ],
          [
            22.131661,
            69.258318
          ],
          [
            22.134002,
            69.258286
          ],
          [
            22.134073,
            69.258285
          ],
          [
            22.134907,
            69.258279
          ],
          [
            22.134994,
            69.258278
          ],
          [
            22.135409,
            69.258275
          ],
          [
            22.135787,
            69.25826
          ],
          [
            22.135808,
            69.258259
          ],
          [
            22.135997,
            69.258251
          ],
          [
            22.136059,
            69.258248
          ],
          [
            22.13635,
            69.258236
          ],
          [
            22.136497,
            69.25823
          ],
          [
            22.137339,
            69.258195
          ],
          [
            22.137359,
            69.258194
          ],
          [
            22.137633,
            69.258153
          ],
          [
            22.139668,
            69.25785
          ],
          [
            22.140073,
            69.257804
          ],
          [
            22.141266,
            69.25767
          ],
          [
            22.143135,
            69.257344
          ],
          [
            22.144419,
            69.257178
          ],
          [
            22.146129,
            69.256564
          ],
          [
            22.147539,
            69.256393
          ],
          [
            22.149026,
            69.256263
          ],
          [
            22.149452,
            69.256245
          ],
          [
            22.149832,
            69.25623
          ],
          [
            22.150473,
            69.256203
          ],
          [
            22.150772,
            69.256186
          ],
          [
            22.151162,
            69.256163
          ],
          [
            22.151434,
            69.256148
          ],
          [
            22.151537,
            69.256142
          ],
          [
            22.151912,
            69.25612
          ],
          [
            22.152504,
            69.255983
          ],
          [
            22.15318,
            69.255826
          ],
          [
            22.153688,
            69.255708
          ],
          [
            22.154647,
            69.255479
          ],
          [
            22.155638,
            69.255242
          ],
          [
            22.157427,
            69.254986
          ],
          [
            22.158316,
            69.254859
          ],
          [
            22.15973,
            69.254507
          ],
          [
            22.160233,
            69.254345
          ],
          [
            22.160939,
            69.254117
          ],
          [
            22.162175,
            69.253614
          ],
          [
            22.162263,
            69.253574
          ],
          [
            22.162787,
            69.253339
          ],
          [
            22.163063,
            69.253215
          ],
          [
            22.16416,
            69.253109
          ],
          [
            22.164298,
            69.253096
          ],
          [
            22.165934,
            69.253028
          ],
          [
            22.165971,
            69.253024
          ],
          [
            22.168027,
            69.252805
          ],
          [
            22.16997,
            69.252327
          ],
          [
            22.170798,
            69.252124
          ],
          [
            22.171414,
            69.252053
          ],
          [
            22.17264,
            69.251912
          ],
          [
            22.173975,
            69.251517
          ],
          [
            22.175317,
            69.251144
          ],
          [
            22.176552,
            69.250904
          ],
          [
            22.177533,
            69.250713
          ],
          [
            22.17862,
            69.250428
          ],
          [
            22.178764,
            69.25039
          ],
          [
            22.179633,
            69.250128
          ],
          [
            22.179814,
            69.250098
          ],
          [
            22.17993,
            69.25
          ],
          [
            22.180493,
            69.249525
          ],
          [
            22.180494,
            69.249524
          ],
          [
            22.182105,
            69.248778
          ],
          [
            22.184238,
            69.248249
          ],
          [
            22.185214,
            69.248004
          ],
          [
            22.185382,
            69.247961
          ],
          [
            22.187231,
            69.24752
          ],
          [
            22.188375,
            69.247286
          ],
          [
            22.18863,
            69.247234
          ],
          [
            22.189601,
            69.246948
          ],
          [
            22.190155,
            69.246527
          ],
          [
            22.19036,
            69.245996
          ],
          [
            22.19065,
            69.245834
          ],
          [
            22.191514,
            69.245354
          ],
          [
            22.191643,
            69.245283
          ],
          [
            22.192198,
            69.24492
          ],
          [
            22.192915,
            69.244404
          ],
          [
            22.194164,
            69.244127
          ],
          [
            22.195397,
            69.243885
          ],
          [
            22.196015,
            69.243764
          ],
          [
            22.196285,
            69.243707
          ],
          [
            22.197012,
            69.243552
          ],
          [
            22.197365,
            69.243477
          ],
          [
            22.197373,
            69.243475
          ],
          [
            22.197832,
            69.24339
          ],
          [
            22.197967,
            69.243365
          ],
          [
            22.19829,
            69.243305
          ],
          [
            22.198516,
            69.243262
          ],
          [
            22.199973,
            69.243082
          ],
          [
            22.2,
            69.243079
          ],
          [
            22.201486,
            69.242911
          ],
          [
            22.201681,
            69.24289
          ],
          [
            22.202009,
            69.242853
          ],
          [
            22.203094,
            69.242716
          ],
          [
            22.204043,
            69.242596
          ],
          [
            22.205805,
            69.242449
          ],
          [
            22.207529,
            69.242222
          ],
          [
            22.208315,
            69.242118
          ],
          [
            22.208819,
            69.242042
          ],
          [
            22.210246,
            69.241826
          ],
          [
            22.211504,
            69.241726
          ],
          [
            22.211605,
            69.241718
          ],
          [
            22.211789,
            69.241692
          ],
          [
            22.21286,
            69.241539
          ],
          [
            22.21364,
            69.241427
          ],
          [
            22.213935,
            69.241384
          ],
          [
            22.214221,
            69.241343
          ],
          [
            22.214477,
            69.241306
          ],
          [
            22.214891,
            69.241247
          ],
          [
            22.215606,
            69.241121
          ],
          [
            22.215685,
            69.241107
          ],
          [
            22.216089,
            69.241036
          ],
          [
            22.216168,
            69.241022
          ],
          [
            22.216746,
            69.240955
          ],
          [
            22.217696,
            69.240769
          ],
          [
            22.218174,
            69.24072
          ],
          [
            22.218241,
            69.240713
          ],
          [
            22.218561,
            69.24068
          ],
          [
            22.218758,
            69.240659
          ],
          [
            22.222278,
            69.239508
          ],
          [
            22.223076,
            69.239305
          ],
          [
            22.223954,
            69.2392
          ],
          [
            22.224811,
            69.239149
          ],
          [
            22.225642,
            69.239081
          ],
          [
            22.227217,
            69.238759
          ],
          [
            22.227416,
            69.238718
          ],
          [
            22.227539,
            69.238681
          ],
          [
            22.228261,
            69.238461
          ],
          [
            22.22903,
            69.238186
          ],
          [
            22.230647,
            69.237735
          ],
          [
            22.231404,
            69.237403
          ],
          [
            22.231955,
            69.237161
          ],
          [
            22.232797,
            69.23685
          ],
          [
            22.233212,
            69.236763
          ],
          [
            22.233546,
            69.236692
          ],
          [
            22.234605,
            69.23664
          ],
          [
            22.235436,
            69.23658
          ],
          [
            22.236496,
            69.236564
          ],
          [
            22.236661,
            69.236555
          ],
          [
            22.237303,
            69.236522
          ],
          [
            22.238786,
            69.236377
          ],
          [
            22.239561,
            69.23621
          ],
          [
            22.240736,
            69.236125
          ],
          [
            22.240945,
            69.23611
          ],
          [
            22.2412,
            69.236116
          ],
          [
            22.241857,
            69.23613
          ],
          [
            22.242065,
            69.236123
          ],
          [
            22.242915,
            69.236094
          ],
          [
            22.243168,
            69.236085
          ],
          [
            22.244499,
            69.235923
          ],
          [
            22.24542,
            69.235758
          ],
          [
            22.24575,
            69.235699
          ],
          [
            22.246748,
            69.235476
          ],
          [
            22.247692,
            69.235182
          ],
          [
            22.248491,
            69.235006
          ],
          [
            22.25,
            69.234624
          ],
          [
            22.250061,
            69.234609
          ],
          [
            22.250511,
            69.234525
          ],
          [
            22.251308,
            69.234331
          ],
          [
            22.252285,
            69.234171
          ],
          [
            22.253714,
            69.233973
          ],
          [
            22.25469,
            69.233795
          ],
          [
            22.255157,
            69.233722
          ],
          [
            22.256543,
            69.233504
          ],
          [
            22.257841,
            69.233207
          ],
          [
            22.258987,
            69.23293
          ],
          [
            22.260485,
            69.232605
          ],
          [
            22.260877,
            69.232518
          ],
          [
            22.261907,
            69.23229
          ],
          [
            22.263108,
            69.232065
          ],
          [
            22.264175,
            69.231726
          ],
          [
            22.265488,
            69.231286
          ],
          [
            22.266655,
            69.230918
          ],
          [
            22.267905,
            69.230615
          ],
          [
            22.268026,
            69.230585
          ],
          [
            22.268359,
            69.230455
          ],
          [
            22.26894,
            69.230229
          ],
          [
            22.26944,
            69.230034
          ],
          [
            22.269929,
            69.229845
          ],
          [
            22.270761,
            69.229381
          ],
          [
            22.271572,
            69.22899
          ],
          [
            22.27228,
            69.228563
          ],
          [
            22.272409,
            69.228468
          ],
          [
            22.272813,
            69.228173
          ],
          [
            22.273516,
            69.227666
          ],
          [
            22.274002,
            69.22733
          ],
          [
            22.274566,
            69.227039
          ],
          [
            22.275279,
            69.22681
          ],
          [
            22.275288,
            69.226807
          ],
          [
            22.275508,
            69.226736
          ],
          [
            22.275767,
            69.226693
          ],
          [
            22.276534,
            69.226567
          ],
          [
            22.278577,
            69.226067
          ],
          [
            22.280396,
            69.225632
          ],
          [
            22.281269,
            69.225438
          ],
          [
            22.282475,
            69.225321
          ],
          [
            22.283345,
            69.225081
          ],
          [
            22.283588,
            69.224918
          ],
          [
            22.284858,
            69.224604
          ],
          [
            22.285736,
            69.224489
          ],
          [
            22.28666,
            69.224303
          ],
          [
            22.287697,
            69.223901
          ],
          [
            22.289377,
            69.223269
          ],
          [
            22.28962,
            69.223174
          ],
          [
            22.290217,
            69.22294
          ],
          [
            22.290905,
            69.222603
          ],
          [
            22.290928,
            69.222593
          ],
          [
            22.291277,
            69.222449
          ],
          [
            22.291743,
            69.222256
          ],
          [
            22.292589,
            69.222043
          ],
          [
            22.294103,
            69.221593
          ],
          [
            22.294775,
            69.221417
          ],
          [
            22.295436,
            69.221066
          ],
          [
            22.295461,
            69.221053
          ],
          [
            22.295641,
            69.22093
          ],
          [
            22.295889,
            69.22065
          ],
          [
            22.295903,
            69.220594
          ],
          [
            22.296048,
            69.219989
          ],
          [
            22.297537,
            69.219317
          ],
          [
            22.297579,
            69.219278
          ],
          [
            22.29896,
            69.218008
          ],
          [
            22.299701,
            69.21787
          ],
          [
            22.299716,
            69.217864
          ],
          [
            22.3,
            69.217695
          ],
          [
            22.300741,
            69.217255
          ],
          [
            22.30097,
            69.216859
          ],
          [
            22.301518,
            69.2164
          ],
          [
            22.301836,
            69.216135
          ],
          [
            22.302654,
            69.215447
          ],
          [
            22.303177,
            69.214914
          ],
          [
            22.303298,
            69.214799
          ],
          [
            22.303511,
            69.214597
          ],
          [
            22.303627,
            69.214443
          ],
          [
            22.303955,
            69.214009
          ],
          [
            22.30405,
            69.213884
          ],
          [
            22.304723,
            69.213388
          ],
          [
            22.304775,
            69.21335
          ],
          [
            22.305267,
            69.213131
          ],
          [
            22.306353,
            69.21271
          ],
          [
            22.307171,
            69.212461
          ],
          [
            22.308257,
            69.212041
          ],
          [
            22.30873,
            69.211865
          ],
          [
            22.308899,
            69.211803
          ],
          [
            22.309475,
            69.211642
          ],
          [
            22.309595,
            69.211609
          ],
          [
            22.310219,
            69.211497
          ],
          [
            22.311098,
            69.211418
          ],
          [
            22.311898,
            69.211286
          ],
          [
            22.313201,
            69.211106
          ],
          [
            22.314154,
            69.211
          ],
          [
            22.315607,
            69.210819
          ],
          [
            22.316558,
            69.210677
          ],
          [
            22.317664,
            69.210597
          ],
          [
            22.318467,
            69.21045
          ],
          [
            22.319655,
            69.210118
          ],
          [
            22.320905,
            69.209992
          ],
          [
            22.321433,
            69.209728
          ],
          [
            22.323712,
            69.209164
          ],
          [
            22.324422,
            69.208842
          ],
          [
            22.325093,
            69.208729
          ],
          [
            22.326131,
            69.208193
          ],
          [
            22.327202,
            69.208017
          ],
          [
            22.329466,
            69.20786
          ],
          [
            22.332574,
            69.207505
          ],
          [
            22.33267,
            69.207494
          ],
          [
            22.333185,
            69.207389
          ],
          [
            22.333796,
            69.207265
          ],
          [
            22.334884,
            69.206849
          ],
          [
            22.335662,
            69.20615
          ],
          [
            22.336409,
            69.205749
          ],
          [
            22.337009,
            69.205057
          ],
          [
            22.338193,
            69.204503
          ],
          [
            22.33848,
            69.204464
          ],
          [
            22.338798,
            69.204496
          ],
          [
            22.339117,
            69.204631
          ],
          [
            22.339477,
            69.204687
          ],
          [
            22.340241,
            69.204697
          ],
          [
            22.343002,
            69.20497
          ],
          [
            22.343963,
            69.204956
          ],
          [
            22.345096,
            69.204885
          ],
          [
            22.347656,
            69.204362
          ],
          [
            22.348889,
            69.20375
          ],
          [
            22.349171,
            69.203225
          ],
          [
            22.349281,
            69.203149
          ],
          [
            22.349882,
            69.202733
          ],
          [
            22.35,
            69.202651
          ],
          [
            22.350914,
            69.202017
          ],
          [
            22.352528,
            69.201321
          ],
          [
            22.353948,
            69.200521
          ],
          [
            22.354231,
            69.200422
          ],
          [
            22.354712,
            69.200383
          ],
          [
            22.355183,
            69.200345
          ],
          [
            22.356523,
            69.199817
          ],
          [
            22.357043,
            69.199693
          ],
          [
            22.358058,
            69.199448
          ],
          [
            22.358486,
            69.199292
          ],
          [
            22.358911,
            69.199136
          ],
          [
            22.359951,
            69.198932
          ],
          [
            22.361194,
            69.19874
          ],
          [
            22.363969,
            69.198527
          ],
          [
            22.365508,
            69.198249
          ],
          [
            22.365568,
            69.198242
          ],
          [
            22.365652,
            69.19823
          ],
          [
            22.365727,
            69.198219
          ],
          [
            22.365811,
            69.198217
          ],
          [
            22.365887,
            69.198213
          ],
          [
            22.365975,
            69.19821
          ],
          [
            22.366065,
            69.198205
          ],
          [
            22.366144,
            69.198199
          ],
          [
            22.366234,
            69.198191
          ],
          [
            22.366317,
            69.198183
          ],
          [
            22.366403,
            69.198172
          ],
          [
            22.366484,
            69.198161
          ],
          [
            22.366568,
            69.198151
          ],
          [
            22.366648,
            69.198138
          ],
          [
            22.366715,
            69.198124
          ],
          [
            22.366791,
            69.198107
          ],
          [
            22.366861,
            69.198094
          ],
          [
            22.366923,
            69.198073
          ],
          [
            22.366985,
            69.198048
          ],
          [
            22.367043,
            69.198021
          ],
          [
            22.367099,
            69.197994
          ],
          [
            22.36714,
            69.197971
          ],
          [
            22.3672,
            69.197941
          ],
          [
            22.367248,
            69.19792
          ],
          [
            22.367308,
            69.197897
          ],
          [
            22.367376,
            69.197874
          ],
          [
            22.367443,
            69.197851
          ],
          [
            22.367499,
            69.197831
          ],
          [
            22.36757,
            69.19781
          ],
          [
            22.367645,
            69.197793
          ],
          [
            22.367722,
            69.197777
          ],
          [
            22.367798,
            69.19776
          ],
          [
            22.367871,
            69.197743
          ],
          [
            22.367941,
            69.197729
          ],
          [
            22.368017,
            69.197715
          ],
          [
            22.368092,
            69.197702
          ],
          [
            22.368164,
            69.197689
          ],
          [
            22.368231,
            69.197675
          ],
          [
            22.368303,
            69.197661
          ],
          [
            22.368375,
            69.19765
          ],
          [
            22.36845,
            69.19764
          ],
          [
            22.368534,
            69.197634
          ],
          [
            22.368617,
            69.197628
          ],
          [
            22.368695,
            69.197624
          ],
          [
            22.368781,
            69.197618
          ],
          [
            22.368873,
            69.197613
          ],
          [
            22.368951,
            69.197608
          ],
          [
            22.369208,
            69.197595
          ],
          [
            22.369287,
            69.197595
          ],
          [
            22.369369,
            69.197595
          ],
          [
            22.369451,
            69.197593
          ],
          [
            22.369534,
            69.19759
          ],
          [
            22.369616,
            69.19759
          ],
          [
            22.369695,
            69.197601
          ],
          [
            22.369759,
            69.197616
          ],
          [
            22.369822,
            69.197633
          ],
          [
            22.369895,
            69.197644
          ],
          [
            22.369971,
            69.197645
          ],
          [
            22.370049,
            69.197643
          ],
          [
            22.370133,
            69.197643
          ],
          [
            22.370223,
            69.197643
          ],
          [
            22.370309,
            69.197643
          ],
          [
            22.370394,
            69.197644
          ],
          [
            22.370484,
            69.197645
          ],
          [
            22.370569,
            69.197646
          ],
          [
            22.370654,
            69.19765
          ],
          [
            22.370734,
            69.19766
          ],
          [
            22.370808,
            69.197668
          ],
          [
            22.370888,
            69.197674
          ],
          [
            22.370962,
            69.19768
          ],
          [
            22.371047,
            69.197686
          ],
          [
            22.371132,
            69.197689
          ],
          [
            22.371217,
            69.197693
          ],
          [
            22.371307,
            69.197704
          ],
          [
            22.371397,
            69.197718
          ],
          [
            22.371482,
            69.19773
          ],
          [
            22.371556,
            69.197739
          ],
          [
            22.371632,
            69.197751
          ],
          [
            22.371706,
            69.197763
          ],
          [
            22.371778,
            69.197775
          ],
          [
            22.371852,
            69.197783
          ],
          [
            22.371937,
            69.197786
          ],
          [
            22.372022,
            69.197787
          ],
          [
            22.372096,
            69.197795
          ],
          [
            22.37217,
            69.197807
          ],
          [
            22.372255,
            69.197818
          ],
          [
            22.372329,
            69.197824
          ],
          [
            22.372403,
            69.197831
          ],
          [
            22.372477,
            69.197838
          ],
          [
            22.372562,
            69.197846
          ],
          [
            22.37265,
            69.197855
          ],
          [
            22.372738,
            69.197862
          ],
          [
            22.372817,
            69.197871
          ],
          [
            22.372897,
            69.197881
          ],
          [
            22.372971,
            69.19789
          ],
          [
            22.373056,
            69.197896
          ],
          [
            22.373134,
            69.197897
          ],
          [
            22.373212,
            69.197902
          ],
          [
            22.373296,
            69.197904
          ],
          [
            22.373375,
            69.197906
          ],
          [
            22.373454,
            69.197908
          ],
          [
            22.373534,
            69.197914
          ],
          [
            22.373624,
            69.197918
          ],
          [
            22.373714,
            69.19792
          ],
          [
            22.373805,
            69.197922
          ],
          [
            22.37389,
            69.197926
          ],
          [
            22.373964,
            69.197931
          ],
          [
            22.374042,
            69.197941
          ],
          [
            22.374125,
            69.197947
          ],
          [
            22.374213,
            69.197956
          ],
          [
            22.374287,
            69.197963
          ],
          [
            22.374354,
            69.197966
          ],
          [
            22.374377,
            69.197968
          ],
          [
            22.374468,
            69.197971
          ],
          [
            22.374553,
            69.197974
          ],
          [
            22.374643,
            69.197979
          ],
          [
            22.374728,
            69.197982
          ],
          [
            22.374813,
            69.197987
          ],
          [
            22.374898,
            69.19799
          ],
          [
            22.374983,
            69.197991
          ],
          [
            22.375068,
            69.197992
          ],
          [
            22.375159,
            69.197992
          ],
          [
            22.375238,
            69.197993
          ],
          [
            22.375323,
            69.197995
          ],
          [
            22.375408,
            69.197995
          ],
          [
            22.375493,
            69.197995
          ],
          [
            22.375584,
            69.197995
          ],
          [
            22.375671,
            69.197995
          ],
          [
            22.375749,
            69.197993
          ],
          [
            22.375835,
            69.19799
          ],
          [
            22.375912,
            69.19799
          ],
          [
            22.375991,
            69.19799
          ],
          [
            22.376071,
            69.197992
          ],
          [
            22.376151,
            69.197997
          ],
          [
            22.376236,
            69.198
          ],
          [
            22.376321,
            69.198001
          ],
          [
            22.376401,
            69.198001
          ],
          [
            22.376481,
            69.198002
          ],
          [
            22.376555,
            69.198013
          ],
          [
            22.376629,
            69.198024
          ],
          [
            22.376704,
            69.198028
          ],
          [
            22.376789,
            69.198028
          ],
          [
            22.376874,
            69.198028
          ],
          [
            22.376951,
            69.198028
          ],
          [
            22.377039,
            69.198028
          ],
          [
            22.37712,
            69.198028
          ],
          [
            22.377206,
            69.198027
          ],
          [
            22.377285,
            69.198028
          ],
          [
            22.377365,
            69.198028
          ],
          [
            22.377445,
            69.198028
          ],
          [
            22.377534,
            69.198026
          ],
          [
            22.377619,
            69.198024
          ],
          [
            22.377699,
            69.198022
          ],
          [
            22.377774,
            69.198021
          ],
          [
            22.377853,
            69.19802
          ],
          [
            22.377938,
            69.198017
          ],
          [
            22.378018,
            69.198011
          ],
          [
            22.378098,
            69.198006
          ],
          [
            22.378171,
            69.197997
          ],
          [
            22.378242,
            69.197983
          ],
          [
            22.378314,
            69.197974
          ],
          [
            22.378384,
            69.197963
          ],
          [
            22.378464,
            69.19795
          ],
          [
            22.378533,
            69.197937
          ],
          [
            22.378608,
            69.197924
          ],
          [
            22.378693,
            69.197913
          ],
          [
            22.378778,
            69.197901
          ],
          [
            22.378853,
            69.197888
          ],
          [
            22.378928,
            69.197873
          ],
          [
            22.379003,
            69.19786
          ],
          [
            22.379077,
            69.197849
          ],
          [
            22.379152,
            69.197838
          ],
          [
            22.379232,
            69.197825
          ],
          [
            22.379301,
            69.197813
          ],
          [
            22.379371,
            69.197802
          ],
          [
            22.379445,
            69.19779
          ],
          [
            22.379531,
            69.197778
          ],
          [
            22.379602,
            69.197769
          ],
          [
            22.379677,
            69.197759
          ],
          [
            22.379749,
            69.197749
          ],
          [
            22.379829,
            69.197736
          ],
          [
            22.379899,
            69.197724
          ],
          [
            22.379973,
            69.197712
          ],
          [
            22.380053,
            69.1977
          ],
          [
            22.380133,
            69.197689
          ],
          [
            22.380207,
            69.197679
          ],
          [
            22.380292,
            69.197669
          ],
          [
            22.380372,
            69.19766
          ],
          [
            22.380446,
            69.197652
          ],
          [
            22.38052,
            69.197646
          ],
          [
            22.380606,
            69.19764
          ],
          [
            22.38068,
            69.197635
          ],
          [
            22.380766,
            69.197631
          ],
          [
            22.380845,
            69.197631
          ],
          [
            22.38093,
            69.197631
          ],
          [
            22.38101,
            69.197629
          ],
          [
            22.381085,
            69.197623
          ],
          [
            22.381159,
            69.197615
          ],
          [
            22.381247,
            69.197607
          ],
          [
            22.38133,
            69.197599
          ],
          [
            22.381404,
            69.197593
          ],
          [
            22.381479,
            69.197587
          ],
          [
            22.381554,
            69.197582
          ],
          [
            22.381629,
            69.197578
          ],
          [
            22.381715,
            69.197573
          ],
          [
            22.3818,
            69.197572
          ],
          [
            22.381889,
            69.197569
          ],
          [
            22.381974,
            69.197565
          ],
          [
            22.382049,
            69.197557
          ],
          [
            22.382123,
            69.197545
          ],
          [
            22.382193,
            69.197534
          ],
          [
            22.382269,
            69.197527
          ],
          [
            22.382354,
            69.197519
          ],
          [
            22.382431,
            69.197519
          ],
          [
            22.382509,
            69.197519
          ],
          [
            22.382585,
            69.197519
          ],
          [
            22.382661,
            69.197518
          ],
          [
            22.382751,
            69.197518
          ],
          [
            22.382828,
            69.197518
          ],
          [
            22.382908,
            69.197518
          ],
          [
            22.383001,
            69.197518
          ],
          [
            22.383086,
            69.197519
          ],
          [
            22.383171,
            69.197519
          ],
          [
            22.383246,
            69.197524
          ],
          [
            22.383331,
            69.197526
          ],
          [
            22.383421,
            69.197527
          ],
          [
            22.383506,
            69.197528
          ],
          [
            22.383586,
            69.197528
          ],
          [
            22.383671,
            69.197529
          ],
          [
            22.383761,
            69.197533
          ],
          [
            22.383846,
            69.197538
          ],
          [
            22.383926,
            69.197539
          ],
          [
            22.384006,
            69.19754
          ],
          [
            22.384096,
            69.197544
          ],
          [
            22.384176,
            69.197547
          ],
          [
            22.384256,
            69.197549
          ],
          [
            22.38434,
            69.197552
          ],
          [
            22.384418,
            69.197555
          ],
          [
            22.384508,
            69.197557
          ],
          [
            22.384588,
            69.19756
          ],
          [
            22.384667,
            69.197562
          ],
          [
            22.384753,
            69.197565
          ],
          [
            22.384837,
            69.197568
          ],
          [
            22.384919,
            69.197572
          ],
          [
            22.385002,
            69.197577
          ],
          [
            22.385087,
            69.197586
          ],
          [
            22.385161,
            69.197594
          ],
          [
            22.385236,
            69.197601
          ],
          [
            22.38532,
            69.197612
          ],
          [
            22.385395,
            69.197625
          ],
          [
            22.385474,
            69.197642
          ],
          [
            22.385543,
            69.197654
          ],
          [
            22.385617,
            69.197665
          ],
          [
            22.385691,
            69.19768
          ],
          [
            22.385766,
            69.197699
          ],
          [
            22.385839,
            69.197718
          ],
          [
            22.385907,
            69.19774
          ],
          [
            22.385968,
            69.197758
          ],
          [
            22.386031,
            69.197779
          ],
          [
            22.386086,
            69.197799
          ],
          [
            22.386151,
            69.197822
          ],
          [
            22.386211,
            69.197848
          ],
          [
            22.386274,
            69.197871
          ],
          [
            22.386346,
            69.197892
          ],
          [
            22.386408,
            69.197909
          ],
          [
            22.386476,
            69.197926
          ],
          [
            22.38655,
            69.197941
          ],
          [
            22.386624,
            69.197957
          ],
          [
            22.386698,
            69.197973
          ],
          [
            22.386772,
            69.197987
          ],
          [
            22.386847,
            69.198
          ],
          [
            22.386921,
            69.198012
          ],
          [
            22.386995,
            69.198026
          ],
          [
            22.38706,
            69.198041
          ],
          [
            22.387125,
            69.198056
          ],
          [
            22.387194,
            69.198074
          ],
          [
            22.387268,
            69.19809
          ],
          [
            22.387342,
            69.198103
          ],
          [
            22.387417,
            69.198116
          ],
          [
            22.387491,
            69.198126
          ],
          [
            22.387572,
            69.198136
          ],
          [
            22.387646,
            69.198145
          ],
          [
            22.387736,
            69.198152
          ],
          [
            22.387827,
            69.198156
          ],
          [
            22.387906,
            69.198157
          ],
          [
            22.387997,
            69.198161
          ],
          [
            22.388071,
            69.198173
          ],
          [
            22.388142,
            69.198189
          ],
          [
            22.388215,
            69.198196
          ],
          [
            22.388306,
            69.198198
          ],
          [
            22.388391,
            69.198209
          ],
          [
            22.388465,
            69.198217
          ],
          [
            22.388539,
            69.198225
          ],
          [
            22.388608,
            69.198238
          ],
          [
            22.388682,
            69.198248
          ],
          [
            22.388767,
            69.198251
          ],
          [
            22.388855,
            69.198251
          ],
          [
            22.38894,
            69.198253
          ],
          [
            22.389031,
            69.198257
          ],
          [
            22.389121,
            69.198267
          ],
          [
            22.3892,
            69.198277
          ],
          [
            22.38928,
            69.198285
          ],
          [
            22.389354,
            69.198293
          ],
          [
            22.389429,
            69.198302
          ],
          [
            22.389503,
            69.198307
          ],
          [
            22.389581,
            69.198312
          ],
          [
            22.389659,
            69.198308
          ],
          [
            22.389739,
            69.198299
          ],
          [
            22.389811,
            69.198288
          ],
          [
            22.389886,
            69.198273
          ],
          [
            22.389941,
            69.198261
          ],
          [
            22.389959,
            69.198257
          ],
          [
            22.390034,
            69.198242
          ],
          [
            22.390108,
            69.198229
          ],
          [
            22.390176,
            69.198214
          ],
          [
            22.390239,
            69.198198
          ],
          [
            22.390308,
            69.198183
          ],
          [
            22.39038,
            69.19817
          ],
          [
            22.390453,
            69.198154
          ],
          [
            22.390525,
            69.198143
          ],
          [
            22.390608,
            69.198131
          ],
          [
            22.390682,
            69.198121
          ],
          [
            22.390757,
            69.198109
          ],
          [
            22.390832,
            69.198098
          ],
          [
            22.390906,
            69.198085
          ],
          [
            22.390986,
            69.198072
          ],
          [
            22.391061,
            69.198061
          ],
          [
            22.391136,
            69.19805
          ],
          [
            22.391215,
            69.198037
          ],
          [
            22.391285,
            69.198026
          ],
          [
            22.39136,
            69.198015
          ],
          [
            22.391434,
            69.198007
          ],
          [
            22.391509,
            69.197999
          ],
          [
            22.391594,
            69.197991
          ],
          [
            22.391669,
            69.197983
          ],
          [
            22.391743,
            69.197975
          ],
          [
            22.391818,
            69.197965
          ],
          [
            22.391893,
            69.197955
          ],
          [
            22.391967,
            69.197944
          ],
          [
            22.392036,
            69.197934
          ],
          [
            22.392106,
            69.197923
          ],
          [
            22.39214,
            69.197917
          ],
          [
            22.392175,
            69.197912
          ],
          [
            22.392245,
            69.197899
          ],
          [
            22.392319,
            69.197885
          ],
          [
            22.392389,
            69.197872
          ],
          [
            22.392458,
            69.197861
          ],
          [
            22.392527,
            69.197849
          ],
          [
            22.392598,
            69.197838
          ],
          [
            22.392673,
            69.197827
          ],
          [
            22.392758,
            69.197816
          ],
          [
            22.392832,
            69.197807
          ],
          [
            22.392909,
            69.197796
          ],
          [
            22.392984,
            69.197786
          ],
          [
            22.393059,
            69.197776
          ],
          [
            22.393133,
            69.197766
          ],
          [
            22.393202,
            69.197755
          ],
          [
            22.393272,
            69.197742
          ],
          [
            22.393352,
            69.197728
          ],
          [
            22.393426,
            69.197716
          ],
          [
            22.393612,
            69.197668
          ],
          [
            22.393885,
            69.197774
          ],
          [
            22.394247,
            69.197809
          ],
          [
            22.394308,
            69.197812
          ],
          [
            22.394304,
            69.197843
          ],
          [
            22.394298,
            69.197873
          ],
          [
            22.39429,
            69.197903
          ],
          [
            22.39428,
            69.197934
          ],
          [
            22.394267,
            69.197963
          ],
          [
            22.394242,
            69.197996
          ],
          [
            22.394214,
            69.198022
          ],
          [
            22.394177,
            69.198051
          ],
          [
            22.394131,
            69.198077
          ],
          [
            22.394088,
            69.1981
          ],
          [
            22.394043,
            69.198126
          ],
          [
            22.394032,
            69.198132
          ],
          [
            22.393999,
            69.198151
          ],
          [
            22.39396,
            69.198175
          ],
          [
            22.393927,
            69.198204
          ],
          [
            22.393903,
            69.19823
          ],
          [
            22.393877,
            69.198257
          ],
          [
            22.393844,
            69.198287
          ],
          [
            22.39382,
            69.198318
          ],
          [
            22.393808,
            69.198349
          ],
          [
            22.393792,
            69.198378
          ],
          [
            22.393772,
            69.198409
          ],
          [
            22.393752,
            69.198437
          ],
          [
            22.393732,
            69.198464
          ],
          [
            22.393713,
            69.198493
          ],
          [
            22.393692,
            69.198521
          ],
          [
            22.393674,
            69.198548
          ],
          [
            22.393651,
            69.198579
          ],
          [
            22.393626,
            69.19861
          ],
          [
            22.393601,
            69.19864
          ],
          [
            22.393577,
            69.198665
          ],
          [
            22.393551,
            69.198691
          ],
          [
            22.393522,
            69.198716
          ],
          [
            22.393491,
            69.198742
          ],
          [
            22.393461,
            69.198768
          ],
          [
            22.393429,
            69.198793
          ],
          [
            22.393392,
            69.198819
          ],
          [
            22.393364,
            69.198845
          ],
          [
            22.393334,
            69.19887
          ],
          [
            22.393301,
            69.198897
          ],
          [
            22.393268,
            69.198921
          ],
          [
            22.393234,
            69.198947
          ],
          [
            22.393202,
            69.198972
          ],
          [
            22.393166,
            69.198999
          ],
          [
            22.393123,
            69.19903
          ],
          [
            22.39309,
            69.199057
          ],
          [
            22.393058,
            69.199083
          ],
          [
            22.393025,
            69.199109
          ],
          [
            22.392983,
            69.199138
          ],
          [
            22.392946,
            69.199163
          ],
          [
            22.392908,
            69.199189
          ],
          [
            22.39287,
            69.199216
          ],
          [
            22.392834,
            69.199244
          ],
          [
            22.392797,
            69.199271
          ],
          [
            22.392764,
            69.1993
          ],
          [
            22.392736,
            69.199328
          ],
          [
            22.392708,
            69.199353
          ],
          [
            22.392679,
            69.199379
          ],
          [
            22.392648,
            69.199405
          ],
          [
            22.392619,
            69.19943
          ],
          [
            22.392582,
            69.199459
          ],
          [
            22.392548,
            69.199484
          ],
          [
            22.392511,
            69.19951
          ],
          [
            22.392471,
            69.199535
          ],
          [
            22.392431,
            69.199559
          ],
          [
            22.392393,
            69.199588
          ],
          [
            22.392358,
            69.199617
          ],
          [
            22.392327,
            69.199647
          ],
          [
            22.392303,
            69.199678
          ],
          [
            22.392279,
            69.199703
          ],
          [
            22.39226,
            69.199733
          ],
          [
            22.392243,
            69.199764
          ],
          [
            22.392229,
            69.199791
          ],
          [
            22.392214,
            69.199819
          ],
          [
            22.392199,
            69.19985
          ],
          [
            22.39218,
            69.199879
          ],
          [
            22.392162,
            69.199906
          ],
          [
            22.392146,
            69.199937
          ],
          [
            22.392129,
            69.199968
          ],
          [
            22.392117,
            69.199999
          ],
          [
            22.392116,
            69.2
          ],
          [
            22.39211,
            69.200033
          ],
          [
            22.39211,
            69.20006
          ],
          [
            22.392109,
            69.20009
          ],
          [
            22.392109,
            69.200118
          ],
          [
            22.392108,
            69.200145
          ],
          [
            22.392108,
            69.200172
          ],
          [
            22.392107,
            69.2002
          ],
          [
            22.392107,
            69.200229
          ],
          [
            22.392108,
            69.200258
          ],
          [
            22.392112,
            69.200289
          ],
          [
            22.392116,
            69.200321
          ],
          [
            22.392117,
            69.20035
          ],
          [
            22.392118,
            69.200381
          ],
          [
            22.392125,
            69.200411
          ],
          [
            22.392136,
            69.200439
          ],
          [
            22.392148,
            69.200469
          ],
          [
            22.392162,
            69.2005
          ],
          [
            22.392176,
            69.200532
          ],
          [
            22.392193,
            69.20056
          ],
          [
            22.392209,
            69.200589
          ],
          [
            22.392227,
            69.200619
          ],
          [
            22.392247,
            69.20065
          ],
          [
            22.392274,
            69.200679
          ],
          [
            22.392298,
            69.200705
          ],
          [
            22.392327,
            69.200731
          ],
          [
            22.392361,
            69.200757
          ],
          [
            22.39241,
            69.200782
          ],
          [
            22.392465,
            69.200811
          ],
          [
            22.392497,
            69.200841
          ],
          [
            22.392524,
            69.200868
          ],
          [
            22.392557,
            69.200896
          ],
          [
            22.392587,
            69.200923
          ],
          [
            22.392618,
            69.200948
          ],
          [
            22.392652,
            69.200978
          ],
          [
            22.392675,
            69.201003
          ],
          [
            22.392693,
            69.201031
          ],
          [
            22.39271,
            69.201058
          ],
          [
            22.392728,
            69.201089
          ],
          [
            22.392745,
            69.201121
          ],
          [
            22.392762,
            69.201152
          ],
          [
            22.392774,
            69.201183
          ],
          [
            22.392793,
            69.201213
          ],
          [
            22.392815,
            69.201238
          ],
          [
            22.392841,
            69.201264
          ],
          [
            22.392873,
            69.201293
          ],
          [
            22.392902,
            69.201319
          ],
          [
            22.392931,
            69.201347
          ],
          [
            22.39296,
            69.201372
          ],
          [
            22.392995,
            69.201396
          ],
          [
            22.393033,
            69.201421
          ],
          [
            22.393068,
            69.201446
          ],
          [
            22.393083,
            69.201457
          ],
          [
            22.393104,
            69.201471
          ],
          [
            22.393141,
            69.201496
          ],
          [
            22.39318,
            69.20152
          ],
          [
            22.393219,
            69.201545
          ],
          [
            22.393258,
            69.201571
          ],
          [
            22.393299,
            69.201597
          ],
          [
            22.393341,
            69.201626
          ],
          [
            22.393379,
            69.201656
          ],
          [
            22.393416,
            69.201685
          ],
          [
            22.393447,
            69.201714
          ],
          [
            22.393469,
            69.20174
          ],
          [
            22.393494,
            69.20177
          ],
          [
            22.393522,
            69.201799
          ],
          [
            22.393541,
            69.20183
          ],
          [
            22.393558,
            69.20186
          ],
          [
            22.393578,
            69.201891
          ],
          [
            22.393602,
            69.201917
          ],
          [
            22.393625,
            69.201943
          ],
          [
            22.393652,
            69.201972
          ],
          [
            22.393678,
            69.202003
          ],
          [
            22.393697,
            69.202033
          ],
          [
            22.393712,
            69.20206
          ],
          [
            22.393721,
            69.202088
          ],
          [
            22.393736,
            69.202117
          ],
          [
            22.39375,
            69.202144
          ],
          [
            22.393755,
            69.202174
          ],
          [
            22.393756,
            69.202201
          ],
          [
            22.393757,
            69.202229
          ],
          [
            22.39376,
            69.20226
          ],
          [
            22.393767,
            69.202289
          ],
          [
            22.393778,
            69.202318
          ],
          [
            22.393791,
            69.202348
          ],
          [
            22.393798,
            69.202379
          ],
          [
            22.393811,
            69.202408
          ],
          [
            22.393832,
            69.202439
          ],
          [
            22.393858,
            69.20247
          ],
          [
            22.393876,
            69.202496
          ],
          [
            22.3939,
            69.202527
          ],
          [
            22.393925,
            69.202556
          ],
          [
            22.393954,
            69.202584
          ],
          [
            22.393984,
            69.202611
          ],
          [
            22.394013,
            69.202641
          ],
          [
            22.394035,
            69.20267
          ],
          [
            22.39406,
            69.202696
          ],
          [
            22.394091,
            69.202725
          ],
          [
            22.394115,
            69.202751
          ],
          [
            22.394139,
            69.202777
          ],
          [
            22.394168,
            69.202803
          ],
          [
            22.394204,
            69.202831
          ],
          [
            22.394233,
            69.202857
          ],
          [
            22.394263,
            69.202883
          ],
          [
            22.394297,
            69.202908
          ],
          [
            22.394332,
            69.202932
          ],
          [
            22.394367,
            69.202958
          ],
          [
            22.394401,
            69.202983
          ],
          [
            22.394437,
            69.203009
          ],
          [
            22.394474,
            69.203037
          ],
          [
            22.394503,
            69.203062
          ],
          [
            22.39453,
            69.203088
          ],
          [
            22.394563,
            69.203117
          ],
          [
            22.394596,
            69.203143
          ],
          [
            22.394631,
            69.203169
          ],
          [
            22.394657,
            69.203196
          ],
          [
            22.394677,
            69.203227
          ],
          [
            22.394695,
            69.203253
          ],
          [
            22.394706,
            69.203283
          ],
          [
            22.394712,
            69.203312
          ],
          [
            22.394721,
            69.203342
          ],
          [
            22.394732,
            69.203372
          ],
          [
            22.394736,
            69.203402
          ],
          [
            22.394749,
            69.203431
          ],
          [
            22.394768,
            69.20346
          ],
          [
            22.39479,
            69.203491
          ],
          [
            22.394807,
            69.203518
          ],
          [
            22.394822,
            69.203548
          ],
          [
            22.394839,
            69.203577
          ],
          [
            22.394857,
            69.203607
          ],
          [
            22.394877,
            69.203634
          ],
          [
            22.394894,
            69.203664
          ],
          [
            22.394917,
            69.203695
          ],
          [
            22.394945,
            69.203725
          ],
          [
            22.394977,
            69.203754
          ],
          [
            22.395009,
            69.203783
          ],
          [
            22.395049,
            69.203813
          ],
          [
            22.395078,
            69.203842
          ],
          [
            22.3951,
            69.203868
          ],
          [
            22.395119,
            69.203897
          ],
          [
            22.395133,
            69.203925
          ],
          [
            22.39515,
            69.203956
          ],
          [
            22.395171,
            69.203986
          ],
          [
            22.39519,
            69.204015
          ],
          [
            22.395204,
            69.204045
          ],
          [
            22.395221,
            69.204076
          ],
          [
            22.395234,
            69.204104
          ],
          [
            22.395258,
            69.204134
          ],
          [
            22.395288,
            69.204161
          ],
          [
            22.395323,
            69.204185
          ],
          [
            22.395363,
            69.204211
          ],
          [
            22.395389,
            69.20424
          ],
          [
            22.395413,
            69.204268
          ],
          [
            22.395431,
            69.204296
          ],
          [
            22.39545,
            69.204325
          ],
          [
            22.39547,
            69.204356
          ],
          [
            22.395481,
            69.204386
          ],
          [
            22.3955,
            69.204421
          ],
          [
            22.395497,
            69.204448
          ],
          [
            22.395501,
            69.204476
          ],
          [
            22.395507,
            69.204503
          ],
          [
            22.395511,
            69.204533
          ],
          [
            22.395514,
            69.204563
          ],
          [
            22.395525,
            69.204591
          ],
          [
            22.395543,
            69.204622
          ],
          [
            22.395559,
            69.204644
          ],
          [
            22.395563,
            69.204649
          ],
          [
            22.395564,
            69.204651
          ],
          [
            22.395581,
            69.204678
          ],
          [
            22.395604,
            69.204707
          ],
          [
            22.395632,
            69.204734
          ],
          [
            22.395657,
            69.204761
          ],
          [
            22.395659,
            69.204763
          ],
          [
            22.395686,
            69.204791
          ],
          [
            22.395713,
            69.204819
          ],
          [
            22.395746,
            69.204845
          ],
          [
            22.395783,
            69.204872
          ],
          [
            22.395817,
            69.204896
          ],
          [
            22.395855,
            69.20492
          ],
          [
            22.39589,
            69.204945
          ],
          [
            22.395922,
            69.204971
          ],
          [
            22.395955,
            69.204998
          ],
          [
            22.395992,
            69.205024
          ],
          [
            22.396025,
            69.20505
          ],
          [
            22.396057,
            69.205079
          ],
          [
            22.396089,
            69.205107
          ],
          [
            22.396122,
            69.205136
          ],
          [
            22.396147,
            69.205162
          ],
          [
            22.396167,
            69.205189
          ],
          [
            22.39619,
            69.205216
          ],
          [
            22.396208,
            69.205244
          ],
          [
            22.396213,
            69.205278
          ],
          [
            22.396213,
            69.205308
          ],
          [
            22.396213,
            69.205339
          ],
          [
            22.396212,
            69.205366
          ],
          [
            22.396211,
            69.205396
          ],
          [
            22.396202,
            69.205428
          ],
          [
            22.39619,
            69.205457
          ],
          [
            22.396185,
            69.205487
          ],
          [
            22.39618,
            69.205516
          ],
          [
            22.396179,
            69.205545
          ],
          [
            22.396179,
            69.205575
          ],
          [
            22.396178,
            69.205606
          ],
          [
            22.396178,
            69.205637
          ],
          [
            22.396177,
            69.205668
          ],
          [
            22.396177,
            69.205697
          ],
          [
            22.396177,
            69.205724
          ],
          [
            22.396176,
            69.205753
          ],
          [
            22.396176,
            69.205781
          ],
          [
            22.396179,
            69.205809
          ],
          [
            22.396191,
            69.205835
          ],
          [
            22.396201,
            69.205865
          ],
          [
            22.396209,
            69.205892
          ],
          [
            22.396217,
            69.205924
          ],
          [
            22.396228,
            69.205953
          ],
          [
            22.396234,
            69.205981
          ],
          [
            22.396241,
            69.206012
          ],
          [
            22.396253,
            69.206039
          ],
          [
            22.396269,
            69.206071
          ],
          [
            22.396286,
            69.2061
          ],
          [
            22.39629,
            69.206107
          ],
          [
            22.396304,
            69.206129
          ],
          [
            22.396317,
            69.206158
          ],
          [
            22.39633,
            69.206185
          ],
          [
            22.396348,
            69.206213
          ],
          [
            22.396364,
            69.206235
          ],
          [
            22.39637,
            69.206244
          ],
          [
            22.396394,
            69.206273
          ],
          [
            22.39642,
            69.2063
          ],
          [
            22.396447,
            69.206326
          ],
          [
            22.396474,
            69.206352
          ],
          [
            22.396501,
            69.206377
          ],
          [
            22.396532,
            69.206402
          ],
          [
            22.396578,
            69.206428
          ],
          [
            22.396596,
            69.206438
          ],
          [
            22.396621,
            69.206452
          ],
          [
            22.396668,
            69.20648
          ],
          [
            22.396708,
            69.206504
          ],
          [
            22.396742,
            69.206531
          ],
          [
            22.39677,
            69.206557
          ],
          [
            22.3968,
            69.206583
          ],
          [
            22.396831,
            69.206612
          ],
          [
            22.396861,
            69.206638
          ],
          [
            22.396892,
            69.206664
          ],
          [
            22.396926,
            69.206693
          ],
          [
            22.396954,
            69.206719
          ],
          [
            22.396981,
            69.206748
          ],
          [
            22.397004,
            69.206774
          ],
          [
            22.397027,
            69.206801
          ],
          [
            22.397051,
            69.206827
          ],
          [
            22.397083,
            69.206858
          ],
          [
            22.397109,
            69.206882
          ],
          [
            22.39711,
            69.206883
          ],
          [
            22.397145,
            69.206913
          ],
          [
            22.397179,
            69.20694
          ],
          [
            22.39722,
            69.206966
          ],
          [
            22.397263,
            69.206992
          ],
          [
            22.397301,
            69.207018
          ],
          [
            22.397341,
            69.207045
          ],
          [
            22.397383,
            69.207075
          ],
          [
            22.397421,
            69.2071
          ],
          [
            22.397459,
            69.20713
          ],
          [
            22.397495,
            69.207157
          ],
          [
            22.397532,
            69.207182
          ],
          [
            22.397564,
            69.207208
          ],
          [
            22.397603,
            69.207238
          ],
          [
            22.397641,
            69.207267
          ],
          [
            22.39768,
            69.207296
          ],
          [
            22.397718,
            69.207322
          ],
          [
            22.397762,
            69.207348
          ],
          [
            22.397802,
            69.207373
          ],
          [
            22.397845,
            69.207398
          ],
          [
            22.39788,
            69.207415
          ],
          [
            22.397895,
            69.207423
          ],
          [
            22.397941,
            69.207447
          ],
          [
            22.397986,
            69.207469
          ],
          [
            22.398041,
            69.207494
          ],
          [
            22.398098,
            69.20752
          ],
          [
            22.398157,
            69.207544
          ],
          [
            22.398214,
            69.207569
          ],
          [
            22.398269,
            69.207592
          ],
          [
            22.398328,
            69.207618
          ],
          [
            22.39839,
            69.207643
          ],
          [
            22.398441,
            69.207664
          ],
          [
            22.398456,
            69.207669
          ],
          [
            22.398503,
            69.207685
          ],
          [
            22.398578,
            69.207708
          ],
          [
            22.398641,
            69.207727
          ],
          [
            22.398712,
            69.20775
          ],
          [
            22.39878,
            69.207773
          ],
          [
            22.39884,
            69.207798
          ],
          [
            22.398891,
            69.207821
          ],
          [
            22.398944,
            69.207842
          ],
          [
            22.399005,
            69.207867
          ],
          [
            22.399056,
            69.20789
          ],
          [
            22.399112,
            69.207916
          ],
          [
            22.399165,
            69.20794
          ],
          [
            22.399219,
            69.207966
          ],
          [
            22.399274,
            69.207991
          ],
          [
            22.399328,
            69.208016
          ],
          [
            22.399376,
            69.208038
          ],
          [
            22.399429,
            69.20806
          ],
          [
            22.399489,
            69.208083
          ],
          [
            22.399545,
            69.208105
          ],
          [
            22.399606,
            69.208128
          ],
          [
            22.399676,
            69.208155
          ],
          [
            22.399735,
            69.208178
          ],
          [
            22.399793,
            69.208201
          ],
          [
            22.39985,
            69.208223
          ],
          [
            22.399902,
            69.208244
          ],
          [
            22.399962,
            69.208269
          ],
          [
            22.4,
            69.208286
          ],
          [
            22.400011,
            69.208291
          ],
          [
            22.400068,
            69.208318
          ],
          [
            22.40012,
            69.208344
          ],
          [
            22.40017,
            69.20837
          ],
          [
            22.400211,
            69.20839
          ],
          [
            22.400221,
            69.208395
          ],
          [
            22.400279,
            69.208421
          ],
          [
            22.400336,
            69.208446
          ],
          [
            22.400384,
            69.208468
          ],
          [
            22.400444,
            69.208494
          ],
          [
            22.400505,
            69.208519
          ],
          [
            22.400562,
            69.208545
          ],
          [
            22.400615,
            69.208568
          ],
          [
            22.40068,
            69.208591
          ],
          [
            22.400747,
            69.208614
          ],
          [
            22.400798,
            69.208635
          ],
          [
            22.40085,
            69.208656
          ],
          [
            22.400902,
            69.208678
          ],
          [
            22.400956,
            69.208701
          ],
          [
            22.401006,
            69.208722
          ],
          [
            22.401059,
            69.208745
          ],
          [
            22.401106,
            69.208767
          ],
          [
            22.401152,
            69.208793
          ],
          [
            22.401192,
            69.208818
          ],
          [
            22.401229,
            69.208844
          ],
          [
            22.401271,
            69.208872
          ],
          [
            22.401308,
            69.208898
          ],
          [
            22.401352,
            69.208923
          ],
          [
            22.401397,
            69.208948
          ],
          [
            22.401443,
            69.208972
          ],
          [
            22.40149,
            69.208997
          ],
          [
            22.401531,
            69.20902
          ],
          [
            22.401576,
            69.209042
          ],
          [
            22.401628,
            69.209067
          ],
          [
            22.401678,
            69.20909
          ],
          [
            22.401727,
            69.209111
          ],
          [
            22.401785,
            69.209136
          ],
          [
            22.401846,
            69.209161
          ],
          [
            22.401901,
            69.209185
          ],
          [
            22.401948,
            69.209208
          ],
          [
            22.401962,
            69.209214
          ],
          [
            22.401996,
            69.20923
          ],
          [
            22.402049,
            69.209255
          ],
          [
            22.402101,
            69.20928
          ],
          [
            22.402148,
            69.209303
          ],
          [
            22.402198,
            69.209327
          ],
          [
            22.402243,
            69.20935
          ],
          [
            22.402296,
            69.209375
          ],
          [
            22.402346,
            69.209397
          ],
          [
            22.402394,
            69.209419
          ],
          [
            22.40244,
            69.209442
          ],
          [
            22.402485,
            69.209467
          ],
          [
            22.402536,
            69.209494
          ],
          [
            22.402587,
            69.209524
          ],
          [
            22.402631,
            69.209549
          ],
          [
            22.402678,
            69.209574
          ],
          [
            22.402727,
            69.2096
          ],
          [
            22.402774,
            69.209624
          ],
          [
            22.402822,
            69.209647
          ],
          [
            22.402867,
            69.209669
          ],
          [
            22.402912,
            69.209696
          ],
          [
            22.402955,
            69.209725
          ],
          [
            22.402981,
            69.209753
          ],
          [
            22.402986,
            69.209757
          ],
          [
            22.403009,
            69.20978
          ],
          [
            22.403045,
            69.209808
          ],
          [
            22.403099,
            69.209834
          ],
          [
            22.403157,
            69.209853
          ],
          [
            22.403182,
            69.209861
          ],
          [
            22.403215,
            69.209872
          ],
          [
            22.403273,
            69.209896
          ],
          [
            22.403323,
            69.209919
          ],
          [
            22.403369,
            69.209942
          ],
          [
            22.403419,
            69.209965
          ],
          [
            22.403467,
            69.209989
          ],
          [
            22.403513,
            69.210012
          ],
          [
            22.403561,
            69.210039
          ],
          [
            22.403603,
            69.210067
          ],
          [
            22.403644,
            69.210091
          ],
          [
            22.403656,
            69.210098
          ],
          [
            22.403687,
            69.210117
          ],
          [
            22.403731,
            69.210142
          ],
          [
            22.403774,
            69.210165
          ],
          [
            22.403817,
            69.210189
          ],
          [
            22.403865,
            69.210215
          ],
          [
            22.403912,
            69.210237
          ],
          [
            22.403957,
            69.21026
          ],
          [
            22.404,
            69.210283
          ],
          [
            22.404044,
            69.210307
          ],
          [
            22.404086,
            69.210332
          ],
          [
            22.404123,
            69.210357
          ],
          [
            22.404161,
            69.210381
          ],
          [
            22.404199,
            69.210406
          ],
          [
            22.404241,
            69.210431
          ],
          [
            22.404283,
            69.210456
          ],
          [
            22.404326,
            69.210481
          ],
          [
            22.404368,
            69.210506
          ],
          [
            22.404407,
            69.210529
          ],
          [
            22.404442,
            69.210554
          ],
          [
            22.404475,
            69.210581
          ],
          [
            22.4045,
            69.210608
          ],
          [
            22.404522,
            69.210637
          ],
          [
            22.404539,
            69.210666
          ],
          [
            22.40455,
            69.210695
          ],
          [
            22.404559,
            69.210723
          ],
          [
            22.404568,
            69.210754
          ],
          [
            22.404578,
            69.210782
          ],
          [
            22.40458,
            69.210808
          ],
          [
            22.40458,
            69.210811
          ],
          [
            22.404584,
            69.210839
          ],
          [
            22.404589,
            69.210868
          ],
          [
            22.404607,
            69.210898
          ],
          [
            22.404633,
            69.210924
          ],
          [
            22.404637,
            69.210927
          ],
          [
            22.404663,
            69.210949
          ],
          [
            22.404666,
            69.210951
          ],
          [
            22.404697,
            69.210978
          ],
          [
            22.404723,
            69.211004
          ],
          [
            22.404747,
            69.211032
          ],
          [
            22.40477,
            69.211061
          ],
          [
            22.404795,
            69.211091
          ],
          [
            22.404811,
            69.211119
          ],
          [
            22.404816,
            69.211148
          ],
          [
            22.404818,
            69.211179
          ],
          [
            22.404818,
            69.21121
          ],
          [
            22.40482,
            69.211217
          ],
          [
            22.404826,
            69.21124
          ],
          [
            22.404846,
            69.211268
          ],
          [
            22.404858,
            69.211279
          ],
          [
            22.404877,
            69.211297
          ],
          [
            22.404913,
            69.211322
          ],
          [
            22.404956,
            69.211349
          ],
          [
            22.404998,
            69.211375
          ],
          [
            22.405042,
            69.211402
          ],
          [
            22.40509,
            69.211429
          ],
          [
            22.405133,
            69.211453
          ],
          [
            22.405176,
            69.211477
          ],
          [
            22.405226,
            69.211502
          ],
          [
            22.405271,
            69.211526
          ],
          [
            22.40531,
            69.211545
          ],
          [
            22.405317,
            69.211549
          ],
          [
            22.405366,
            69.211576
          ],
          [
            22.40537,
            69.211579
          ],
          [
            22.405395,
            69.211601
          ],
          [
            22.405423,
            69.211632
          ],
          [
            22.405445,
            69.211663
          ],
          [
            22.40547,
            69.211694
          ],
          [
            22.405502,
            69.211722
          ],
          [
            22.405515,
            69.21173
          ],
          [
            22.405542,
            69.211746
          ],
          [
            22.405599,
            69.21177
          ],
          [
            22.405655,
            69.211788
          ],
          [
            22.405721,
            69.211803
          ],
          [
            22.405734,
            69.211805
          ],
          [
            22.405798,
            69.211812
          ],
          [
            22.405868,
            69.211825
          ],
          [
            22.405934,
            69.211842
          ],
          [
            22.405992,
            69.211862
          ],
          [
            22.406048,
            69.211883
          ],
          [
            22.406096,
            69.211905
          ],
          [
            22.406148,
            69.211927
          ],
          [
            22.406201,
            69.21195
          ],
          [
            22.406251,
            69.211973
          ],
          [
            22.406305,
            69.211994
          ],
          [
            22.406362,
            69.212016
          ],
          [
            22.406426,
            69.212035
          ],
          [
            22.406488,
            69.212053
          ],
          [
            22.406556,
            69.212072
          ],
          [
            22.406618,
            69.212088
          ],
          [
            22.406681,
            69.212106
          ],
          [
            22.406738,
            69.212128
          ],
          [
            22.406789,
            69.212149
          ],
          [
            22.406843,
            69.212172
          ],
          [
            22.406896,
            69.212193
          ],
          [
            22.406951,
            69.212214
          ],
          [
            22.407007,
            69.212236
          ],
          [
            22.407063,
            69.212255
          ],
          [
            22.407126,
            69.212276
          ],
          [
            22.407189,
            69.212298
          ],
          [
            22.407244,
            69.212318
          ],
          [
            22.407297,
            69.21234
          ],
          [
            22.407352,
            69.212359
          ],
          [
            22.407414,
            69.212379
          ],
          [
            22.407474,
            69.212397
          ],
          [
            22.407539,
            69.212413
          ],
          [
            22.407608,
            69.212429
          ],
          [
            22.407677,
            69.212446
          ],
          [
            22.407745,
            69.212462
          ],
          [
            22.407817,
            69.212478
          ],
          [
            22.407882,
            69.212493
          ],
          [
            22.407946,
            69.212512
          ],
          [
            22.408003,
            69.21253
          ],
          [
            22.408066,
            69.212549
          ],
          [
            22.408126,
            69.212565
          ],
          [
            22.40819,
            69.212584
          ],
          [
            22.408248,
            69.212602
          ],
          [
            22.408313,
            69.21262
          ],
          [
            22.408377,
            69.212639
          ],
          [
            22.408442,
            69.212657
          ],
          [
            22.408509,
            69.212675
          ],
          [
            22.408579,
            69.212694
          ],
          [
            22.408648,
            69.212711
          ],
          [
            22.408715,
            69.212728
          ],
          [
            22.408785,
            69.212743
          ],
          [
            22.408858,
            69.212758
          ],
          [
            22.408927,
            69.212771
          ],
          [
            22.409002,
            69.212785
          ],
          [
            22.40908,
            69.212799
          ],
          [
            22.409149,
            69.212811
          ],
          [
            22.409218,
            69.212824
          ],
          [
            22.409292,
            69.212839
          ],
          [
            22.409366,
            69.212854
          ],
          [
            22.409437,
            69.21287
          ],
          [
            22.409505,
            69.212885
          ],
          [
            22.409573,
            69.212901
          ],
          [
            22.40964,
            69.212918
          ],
          [
            22.4097,
            69.212935
          ],
          [
            22.409765,
            69.212951
          ],
          [
            22.409837,
            69.21297
          ],
          [
            22.409905,
            69.212986
          ],
          [
            22.409975,
            69.213004
          ],
          [
            22.410043,
            69.213024
          ],
          [
            22.410112,
            69.21304
          ],
          [
            22.410177,
            69.213056
          ],
          [
            22.410249,
            69.213073
          ],
          [
            22.410321,
            69.213088
          ],
          [
            22.410396,
            69.213102
          ],
          [
            22.41047,
            69.213117
          ],
          [
            22.41054,
            69.213132
          ],
          [
            22.410604,
            69.213147
          ],
          [
            22.41067,
            69.213162
          ],
          [
            22.410738,
            69.213174
          ],
          [
            22.410811,
            69.213189
          ],
          [
            22.410875,
            69.213204
          ],
          [
            22.410945,
            69.213218
          ],
          [
            22.411014,
            69.213234
          ],
          [
            22.411083,
            69.213251
          ],
          [
            22.411146,
            69.213269
          ],
          [
            22.411213,
            69.213283
          ],
          [
            22.411288,
            69.213296
          ],
          [
            22.411369,
            69.21331
          ],
          [
            22.411443,
            69.21332
          ],
          [
            22.411512,
            69.213332
          ],
          [
            22.411515,
            69.213333
          ],
          [
            22.411584,
            69.213346
          ],
          [
            22.411652,
            69.21336
          ],
          [
            22.411716,
            69.213376
          ],
          [
            22.411777,
            69.213395
          ],
          [
            22.41184,
            69.213412
          ],
          [
            22.411898,
            69.213432
          ],
          [
            22.411959,
            69.213448
          ],
          [
            22.412026,
            69.213462
          ],
          [
            22.412094,
            69.213476
          ],
          [
            22.412169,
            69.21349
          ],
          [
            22.412242,
            69.213501
          ],
          [
            22.412311,
            69.213512
          ],
          [
            22.41238,
            69.213527
          ],
          [
            22.412452,
            69.213541
          ],
          [
            22.412519,
            69.21356
          ],
          [
            22.412575,
            69.21358
          ],
          [
            22.412639,
            69.213596
          ],
          [
            22.412703,
            69.213612
          ],
          [
            22.412778,
            69.21363
          ],
          [
            22.412847,
            69.213643
          ],
          [
            22.412916,
            69.213657
          ],
          [
            22.412993,
            69.213676
          ],
          [
            22.413062,
            69.213696
          ],
          [
            22.413129,
            69.213717
          ],
          [
            22.413199,
            69.213734
          ],
          [
            22.413275,
            69.213751
          ],
          [
            22.413346,
            69.213766
          ],
          [
            22.413415,
            69.21378
          ],
          [
            22.413482,
            69.213795
          ],
          [
            22.413546,
            69.21381
          ],
          [
            22.413619,
            69.213829
          ],
          [
            22.413677,
            69.213847
          ],
          [
            22.41374,
            69.213871
          ],
          [
            22.413798,
            69.213892
          ],
          [
            22.413857,
            69.213913
          ],
          [
            22.413915,
            69.213931
          ],
          [
            22.413981,
            69.213949
          ],
          [
            22.414045,
            69.213964
          ],
          [
            22.414111,
            69.213979
          ],
          [
            22.414181,
            69.213994
          ],
          [
            22.414257,
            69.214009
          ],
          [
            22.414336,
            69.214025
          ],
          [
            22.414404,
            69.21404
          ],
          [
            22.414478,
            69.214055
          ],
          [
            22.414547,
            69.214069
          ],
          [
            22.414621,
            69.214085
          ],
          [
            22.414686,
            69.2141
          ],
          [
            22.414753,
            69.214117
          ],
          [
            22.414817,
            69.214135
          ],
          [
            22.414885,
            69.214156
          ],
          [
            22.414946,
            69.214174
          ],
          [
            22.415011,
            69.214191
          ],
          [
            22.415081,
            69.214209
          ],
          [
            22.41515,
            69.214224
          ],
          [
            22.415216,
            69.214239
          ],
          [
            22.415285,
            69.214253
          ],
          [
            22.415365,
            69.214264
          ],
          [
            22.415437,
            69.214273
          ],
          [
            22.41552,
            69.214284
          ],
          [
            22.415593,
            69.214293
          ],
          [
            22.415668,
            69.214303
          ],
          [
            22.415739,
            69.214313
          ],
          [
            22.415818,
            69.214319
          ],
          [
            22.415878,
            69.214329
          ],
          [
            22.415894,
            69.214331
          ],
          [
            22.415966,
            69.214347
          ],
          [
            22.416031,
            69.214363
          ],
          [
            22.416102,
            69.214381
          ],
          [
            22.416169,
            69.2144
          ],
          [
            22.416229,
            69.214417
          ],
          [
            22.416299,
            69.214436
          ],
          [
            22.416363,
            69.214454
          ],
          [
            22.416424,
            69.214472
          ],
          [
            22.416488,
            69.214488
          ],
          [
            22.416557,
            69.214508
          ],
          [
            22.416617,
            69.214526
          ],
          [
            22.416686,
            69.214546
          ],
          [
            22.416743,
            69.214564
          ],
          [
            22.416806,
            69.214584
          ],
          [
            22.416864,
            69.214602
          ],
          [
            22.416922,
            69.214621
          ],
          [
            22.416992,
            69.214641
          ],
          [
            22.417026,
            69.21465
          ],
          [
            22.417052,
            69.214658
          ],
          [
            22.417111,
            69.214675
          ],
          [
            22.417175,
            69.214694
          ],
          [
            22.417245,
            69.214713
          ],
          [
            22.41731,
            69.21473
          ],
          [
            22.417378,
            69.214749
          ],
          [
            22.417437,
            69.214766
          ],
          [
            22.417503,
            69.214783
          ],
          [
            22.417567,
            69.214801
          ],
          [
            22.417642,
            69.214823
          ],
          [
            22.417704,
            69.214841
          ],
          [
            22.417763,
            69.214859
          ],
          [
            22.41782,
            69.214878
          ],
          [
            22.417827,
            69.21488
          ],
          [
            22.417888,
            69.214898
          ],
          [
            22.417957,
            69.214918
          ],
          [
            22.418025,
            69.214939
          ],
          [
            22.41809,
            69.21496
          ],
          [
            22.418149,
            69.214979
          ],
          [
            22.41821,
            69.214999
          ],
          [
            22.418275,
            69.21502
          ],
          [
            22.418337,
            69.215039
          ],
          [
            22.418403,
            69.215059
          ],
          [
            22.41847,
            69.215079
          ],
          [
            22.418532,
            69.215098
          ],
          [
            22.418592,
            69.215117
          ],
          [
            22.418651,
            69.215137
          ],
          [
            22.418717,
            69.215157
          ],
          [
            22.418781,
            69.215178
          ],
          [
            22.418838,
            69.215197
          ],
          [
            22.418899,
            69.215217
          ],
          [
            22.41896,
            69.215237
          ],
          [
            22.419014,
            69.215258
          ],
          [
            22.419067,
            69.215279
          ],
          [
            22.41912,
            69.215301
          ],
          [
            22.419173,
            69.215321
          ],
          [
            22.419228,
            69.215341
          ],
          [
            22.419281,
            69.215361
          ],
          [
            22.419336,
            69.215381
          ],
          [
            22.419392,
            69.215403
          ],
          [
            22.419443,
            69.215424
          ],
          [
            22.419496,
            69.215446
          ],
          [
            22.419541,
            69.215468
          ],
          [
            22.419588,
            69.215491
          ],
          [
            22.41965,
            69.215513
          ],
          [
            22.419708,
            69.215532
          ],
          [
            22.419766,
            69.215549
          ],
          [
            22.419835,
            69.215568
          ],
          [
            22.419901,
            69.215585
          ],
          [
            22.419967,
            69.215601
          ],
          [
            22.420036,
            69.215618
          ],
          [
            22.420106,
            69.215634
          ],
          [
            22.420176,
            69.215648
          ],
          [
            22.420258,
            69.21566
          ],
          [
            22.420325,
            69.215673
          ],
          [
            22.42039,
            69.215691
          ],
          [
            22.420453,
            69.21571
          ],
          [
            22.420511,
            69.215731
          ],
          [
            22.420571,
            69.215754
          ],
          [
            22.420624,
            69.215774
          ],
          [
            22.420672,
            69.215796
          ],
          [
            22.42072,
            69.215818
          ],
          [
            22.42077,
            69.215842
          ],
          [
            22.420815,
            69.215866
          ],
          [
            22.420855,
            69.215891
          ],
          [
            22.420892,
            69.215915
          ],
          [
            22.42093,
            69.215942
          ],
          [
            22.420965,
            69.215969
          ],
          [
            22.420971,
            69.215972
          ],
          [
            22.421012,
            69.215995
          ],
          [
            22.421056,
            69.216016
          ],
          [
            22.421106,
            69.216037
          ],
          [
            22.421155,
            69.21606
          ],
          [
            22.4212,
            69.216083
          ],
          [
            22.421318,
            69.216132
          ],
          [
            22.421371,
            69.216155
          ],
          [
            22.42143,
            69.216178
          ],
          [
            22.421492,
            69.216203
          ],
          [
            22.421559,
            69.21623
          ],
          [
            22.421615,
            69.216253
          ],
          [
            22.421671,
            69.216275
          ],
          [
            22.421724,
            69.216295
          ],
          [
            22.421784,
            69.21632
          ],
          [
            22.42184,
            69.216344
          ],
          [
            22.421894,
            69.21637
          ],
          [
            22.421941,
            69.216392
          ],
          [
            22.421995,
            69.216419
          ],
          [
            22.422044,
            69.216441
          ],
          [
            22.422092,
            69.216464
          ],
          [
            22.422144,
            69.216491
          ],
          [
            22.422184,
            69.216515
          ],
          [
            22.422225,
            69.216542
          ],
          [
            22.422273,
            69.21657
          ],
          [
            22.422319,
            69.2166
          ],
          [
            22.422354,
            69.216627
          ],
          [
            22.422391,
            69.216658
          ],
          [
            22.422425,
            69.21669
          ],
          [
            22.422461,
            69.216721
          ],
          [
            22.422496,
            69.216748
          ],
          [
            22.422531,
            69.216779
          ],
          [
            22.422556,
            69.216811
          ],
          [
            22.422588,
            69.216842
          ],
          [
            22.422625,
            69.216874
          ],
          [
            22.422658,
            69.216898
          ],
          [
            22.422692,
            69.216923
          ],
          [
            22.422728,
            69.21695
          ],
          [
            22.42276,
            69.216975
          ],
          [
            22.422793,
            69.216999
          ],
          [
            22.422828,
            69.217026
          ],
          [
            22.422861,
            69.217051
          ],
          [
            22.422893,
            69.217075
          ],
          [
            22.422924,
            69.2171
          ],
          [
            22.422959,
            69.217127
          ],
          [
            22.422991,
            69.217151
          ],
          [
            22.423028,
            69.217183
          ],
          [
            22.423066,
            69.217214
          ],
          [
            22.423099,
            69.217241
          ],
          [
            22.423135,
            69.217272
          ],
          [
            22.42317,
            69.217303
          ],
          [
            22.423204,
            69.217335
          ],
          [
            22.423232,
            69.217366
          ],
          [
            22.423261,
            69.217398
          ],
          [
            22.423289,
            69.217429
          ],
          [
            22.423315,
            69.217461
          ],
          [
            22.423338,
            69.217487
          ],
          [
            22.423364,
            69.217519
          ],
          [
            22.42339,
            69.21755
          ],
          [
            22.423417,
            69.217582
          ],
          [
            22.423442,
            69.217613
          ],
          [
            22.423465,
            69.217644
          ],
          [
            22.423493,
            69.21768
          ],
          [
            22.423515,
            69.217707
          ],
          [
            22.423537,
            69.217734
          ],
          [
            22.423571,
            69.217765
          ],
          [
            22.423601,
            69.21779
          ],
          [
            22.423632,
            69.217815
          ],
          [
            22.423669,
            69.217846
          ],
          [
            22.423701,
            69.217873
          ],
          [
            22.42374,
            69.217904
          ],
          [
            22.423778,
            69.217935
          ],
          [
            22.423815,
            69.217967
          ],
          [
            22.423853,
            69.217998
          ],
          [
            22.423886,
            69.218022
          ],
          [
            22.423923,
            69.218049
          ],
          [
            22.423969,
            69.218077
          ],
          [
            22.424008,
            69.218101
          ],
          [
            22.424055,
            69.21813
          ],
          [
            22.424099,
            69.218161
          ],
          [
            22.424138,
            69.218191
          ],
          [
            22.424176,
            69.218217
          ],
          [
            22.424219,
            69.218245
          ],
          [
            22.424268,
            69.218268
          ],
          [
            22.424317,
            69.218292
          ],
          [
            22.424368,
            69.218317
          ],
          [
            22.424406,
            69.218346
          ],
          [
            22.424429,
            69.218373
          ],
          [
            22.424459,
            69.218401
          ],
          [
            22.424481,
            69.218429
          ],
          [
            22.424505,
            69.218458
          ],
          [
            22.424531,
            69.218485
          ],
          [
            22.424556,
            69.218514
          ],
          [
            22.424583,
            69.218542
          ],
          [
            22.424614,
            69.218567
          ],
          [
            22.424643,
            69.218592
          ],
          [
            22.424678,
            69.218618
          ],
          [
            22.424717,
            69.218646
          ],
          [
            22.424758,
            69.218672
          ],
          [
            22.424804,
            69.218698
          ],
          [
            22.424855,
            69.218725
          ],
          [
            22.4249,
            69.218748
          ],
          [
            22.424955,
            69.218772
          ],
          [
            22.425016,
            69.218795
          ],
          [
            22.42508,
            69.21882
          ],
          [
            22.425136,
            69.218842
          ],
          [
            22.425191,
            69.218865
          ],
          [
            22.425242,
            69.218889
          ],
          [
            22.425299,
            69.218911
          ],
          [
            22.42535,
            69.218931
          ],
          [
            22.425401,
            69.218952
          ],
          [
            22.425455,
            69.218974
          ],
          [
            22.425507,
            69.218994
          ],
          [
            22.425569,
            69.219019
          ],
          [
            22.425631,
            69.219045
          ],
          [
            22.425685,
            69.219069
          ],
          [
            22.425741,
            69.219096
          ],
          [
            22.425795,
            69.219124
          ],
          [
            22.425845,
            69.219149
          ],
          [
            22.425902,
            69.219173
          ],
          [
            22.425953,
            69.219196
          ],
          [
            22.426,
            69.219218
          ],
          [
            22.426045,
            69.219239
          ],
          [
            22.426091,
            69.219261
          ],
          [
            22.426143,
            69.219288
          ],
          [
            22.426188,
            69.219313
          ],
          [
            22.426228,
            69.219336
          ],
          [
            22.426268,
            69.219361
          ],
          [
            22.42631,
            69.219387
          ],
          [
            22.426347,
            69.219412
          ],
          [
            22.426384,
            69.219437
          ],
          [
            22.426423,
            69.219463
          ],
          [
            22.426459,
            69.219488
          ],
          [
            22.426496,
            69.219512
          ],
          [
            22.426532,
            69.219538
          ],
          [
            22.426571,
            69.219565
          ],
          [
            22.426608,
            69.21959
          ],
          [
            22.426644,
            69.219614
          ],
          [
            22.42668,
            69.219639
          ],
          [
            22.426722,
            69.219665
          ],
          [
            22.42677,
            69.219695
          ],
          [
            22.426821,
            69.219723
          ],
          [
            22.426873,
            69.219751
          ],
          [
            22.426925,
            69.219779
          ],
          [
            22.426979,
            69.219807
          ],
          [
            22.427024,
            69.219828
          ],
          [
            22.427083,
            69.219855
          ],
          [
            22.427142,
            69.219881
          ],
          [
            22.427203,
            69.219905
          ],
          [
            22.427257,
            69.219925
          ],
          [
            22.427319,
            69.219948
          ],
          [
            22.427385,
            69.219972
          ],
          [
            22.427447,
            69.219991
          ],
          [
            22.427514,
            69.220008
          ],
          [
            22.42758,
            69.220023
          ],
          [
            22.427631,
            69.220033
          ],
          [
            22.427947,
            69.220121
          ],
          [
            22.428484,
            69.22027
          ],
          [
            22.428581,
            69.220297
          ],
          [
            22.428655,
            69.220304
          ],
          [
            22.428742,
            69.220309
          ],
          [
            22.428829,
            69.220309
          ],
          [
            22.428916,
            69.220304
          ],
          [
            22.429001,
            69.2203
          ],
          [
            22.429089,
            69.2203
          ],
          [
            22.429175,
            69.220308
          ],
          [
            22.429249,
            69.220315
          ],
          [
            22.429336,
            69.220322
          ],
          [
            22.429423,
            69.220323
          ],
          [
            22.429509,
            69.220318
          ],
          [
            22.429581,
            69.220297
          ],
          [
            22.429625,
            69.220266
          ],
          [
            22.429662,
            69.220235
          ],
          [
            22.429699,
            69.220204
          ],
          [
            22.429736,
            69.220173
          ],
          [
            22.429768,
            69.220147
          ],
          [
            22.429802,
            69.220123
          ],
          [
            22.429844,
            69.220099
          ],
          [
            22.429899,
            69.220073
          ],
          [
            22.429951,
            69.220052
          ],
          [
            22.430015,
            69.220032
          ],
          [
            22.430073,
            69.22001
          ],
          [
            22.430135,
            69.219989
          ],
          [
            22.4302,
            69.219967
          ],
          [
            22.43027,
            69.219949
          ],
          [
            22.430341,
            69.219937
          ],
          [
            22.430419,
            69.219925
          ],
          [
            22.430493,
            69.219916
          ],
          [
            22.430581,
            69.219907
          ],
          [
            22.430669,
            69.219899
          ],
          [
            22.430756,
            69.21989
          ],
          [
            22.430831,
            69.219883
          ],
          [
            22.430917,
            69.219879
          ],
          [
            22.431004,
            69.21988
          ],
          [
            22.431091,
            69.21988
          ],
          [
            22.431178,
            69.21988
          ],
          [
            22.431265,
            69.21988
          ],
          [
            22.431352,
            69.219875
          ],
          [
            22.43144,
            69.219867
          ],
          [
            22.431514,
            69.219858
          ],
          [
            22.431601,
            69.219854
          ],
          [
            22.431688,
            69.219855
          ],
          [
            22.431769,
            69.219863
          ],
          [
            22.431861,
            69.219875
          ],
          [
            22.431948,
            69.219885
          ],
          [
            22.432034,
            69.219894
          ],
          [
            22.432121,
            69.219901
          ],
          [
            22.432208,
            69.219906
          ],
          [
            22.432282,
            69.219913
          ],
          [
            22.432362,
            69.21992
          ],
          [
            22.432456,
            69.219924
          ],
          [
            22.432542,
            69.219924
          ],
          [
            22.432629,
            69.219925
          ],
          [
            22.432716,
            69.219925
          ],
          [
            22.432803,
            69.219924
          ],
          [
            22.43289,
            69.219921
          ],
          [
            22.432984,
            69.219917
          ],
          [
            22.433069,
            69.219916
          ],
          [
            22.433152,
            69.219916
          ],
          [
            22.433226,
            69.219923
          ],
          [
            22.433295,
            69.219942
          ],
          [
            22.433349,
            69.219963
          ],
          [
            22.433403,
            69.219986
          ],
          [
            22.433566,
            69.220039
          ],
          [
            22.433615,
            69.220049
          ],
          [
            22.433655,
            69.220054
          ],
          [
            22.4337,
            69.220059
          ],
          [
            22.433787,
            69.220061
          ],
          [
            22.433874,
            69.220061
          ],
          [
            22.43396,
            69.220067
          ],
          [
            22.434047,
            69.220075
          ],
          [
            22.434121,
            69.220083
          ],
          [
            22.434206,
            69.220094
          ],
          [
            22.43429,
            69.220106
          ],
          [
            22.434373,
            69.220118
          ],
          [
            22.434453,
            69.220134
          ],
          [
            22.434532,
            69.220151
          ],
          [
            22.434615,
            69.220165
          ],
          [
            22.434688,
            69.220175
          ],
          [
            22.434773,
            69.220186
          ],
          [
            22.434852,
            69.220197
          ],
          [
            22.434925,
            69.220206
          ],
          [
            22.435001,
            69.220216
          ],
          [
            22.435075,
            69.220223
          ],
          [
            22.435162,
            69.220225
          ],
          [
            22.435248,
            69.220226
          ],
          [
            22.435335,
            69.220226
          ],
          [
            22.435422,
            69.220226
          ],
          [
            22.435509,
            69.220227
          ],
          [
            22.435596,
            69.22023
          ],
          [
            22.435683,
            69.220237
          ],
          [
            22.435769,
            69.220245
          ],
          [
            22.435843,
            69.220253
          ],
          [
            22.43593,
            69.220261
          ],
          [
            22.436018,
            69.220267
          ],
          [
            22.436104,
            69.220268
          ],
          [
            22.436195,
            69.220269
          ],
          [
            22.43628,
            69.220266
          ],
          [
            22.436366,
            69.220256
          ],
          [
            22.436455,
            69.220246
          ],
          [
            22.43654,
            69.220235
          ],
          [
            22.436603,
            69.220217
          ],
          [
            22.436675,
            69.220195
          ],
          [
            22.436746,
            69.220178
          ],
          [
            22.436819,
            69.220168
          ],
          [
            22.436907,
            69.220161
          ],
          [
            22.437,
            69.220164
          ],
          [
            22.437086,
            69.220169
          ],
          [
            22.437173,
            69.220173
          ],
          [
            22.43726,
            69.220174
          ],
          [
            22.437362,
            69.220175
          ],
          [
            22.437443,
            69.220177
          ],
          [
            22.437523,
            69.220183
          ],
          [
            22.43761,
            69.220192
          ],
          [
            22.437696,
            69.220198
          ],
          [
            22.437782,
            69.220204
          ],
          [
            22.437856,
            69.22021
          ],
          [
            22.437943,
            69.220215
          ],
          [
            22.438031,
            69.220218
          ],
          [
            22.438118,
            69.220222
          ],
          [
            22.438205,
            69.220226
          ],
          [
            22.438291,
            69.220233
          ],
          [
            22.438378,
            69.220242
          ],
          [
            22.438465,
            69.22025
          ],
          [
            22.438551,
            69.220257
          ],
          [
            22.438638,
            69.220263
          ],
          [
            22.438731,
            69.220268
          ],
          [
            22.438818,
            69.220272
          ],
          [
            22.438904,
            69.220276
          ],
          [
            22.43899,
            69.22028
          ],
          [
            22.439077,
            69.220284
          ],
          [
            22.439166,
            69.220287
          ],
          [
            22.439252,
            69.220293
          ],
          [
            22.439339,
            69.2203
          ],
          [
            22.439432,
            69.220305
          ],
          [
            22.439519,
            69.220305
          ],
          [
            22.439606,
            69.220305
          ],
          [
            22.439693,
            69.220306
          ],
          [
            22.439716,
            69.220306
          ],
          [
            22.43978,
            69.220306
          ],
          [
            22.439866,
            69.220306
          ],
          [
            22.439953,
            69.220308
          ],
          [
            22.440038,
            69.220316
          ],
          [
            22.440119,
            69.220326
          ],
          [
            22.440191,
            69.220338
          ],
          [
            22.440277,
            69.220346
          ],
          [
            22.440355,
            69.220352
          ],
          [
            22.440431,
            69.22036
          ],
          [
            22.440509,
            69.220368
          ],
          [
            22.440581,
            69.220376
          ],
          [
            22.440657,
            69.220381
          ],
          [
            22.44074,
            69.220392
          ],
          [
            22.440819,
            69.220405
          ],
          [
            22.440899,
            69.220409
          ],
          [
            22.440978,
            69.220407
          ],
          [
            22.441058,
            69.220403
          ],
          [
            22.441137,
            69.220396
          ],
          [
            22.441208,
            69.220387
          ],
          [
            22.44128,
            69.220377
          ],
          [
            22.441363,
            69.220366
          ],
          [
            22.441456,
            69.220361
          ],
          [
            22.441543,
            69.220361
          ],
          [
            22.44163,
            69.220361
          ],
          [
            22.44171,
            69.220361
          ],
          [
            22.441804,
            69.220362
          ],
          [
            22.44189,
            69.220362
          ],
          [
            22.441977,
            69.220363
          ],
          [
            22.442065,
            69.220363
          ],
          [
            22.442151,
            69.220363
          ],
          [
            22.442239,
            69.220364
          ],
          [
            22.442331,
            69.220365
          ],
          [
            22.442419,
            69.220367
          ],
          [
            22.442505,
            69.220378
          ],
          [
            22.442583,
            69.22039
          ],
          [
            22.442652,
            69.220403
          ],
          [
            22.442729,
            69.220421
          ],
          [
            22.442777,
            69.220456
          ],
          [
            22.442811,
            69.220481
          ],
          [
            22.442824,
            69.220476
          ],
          [
            22.44325,
            69.220327
          ],
          [
            22.443843,
            69.219966
          ],
          [
            22.444523,
            69.219446
          ],
          [
            22.444727,
            69.219289
          ],
          [
            22.445257,
            69.218804
          ],
          [
            22.445434,
            69.218642
          ],
          [
            22.445936,
            69.217938
          ],
          [
            22.446249,
            69.217626
          ],
          [
            22.446313,
            69.217562
          ],
          [
            22.446481,
            69.217394
          ],
          [
            22.446767,
            69.217109
          ],
          [
            22.447958,
            69.216066
          ],
          [
            22.44822,
            69.215907
          ],
          [
            22.449086,
            69.215379
          ],
          [
            22.45,
            69.214932
          ],
          [
            22.450518,
            69.214678
          ],
          [
            22.450554,
            69.214668
          ],
          [
            22.452048,
            69.214259
          ],
          [
            22.454302,
            69.213963
          ],
          [
            22.456594,
            69.213776
          ],
          [
            22.458909,
            69.213602
          ],
          [
            22.459373,
            69.213567
          ],
          [
            22.461236,
            69.213401
          ],
          [
            22.461449,
            69.213382
          ],
          [
            22.462203,
            69.213354
          ],
          [
            22.462882,
            69.213348
          ],
          [
            22.46317,
            69.21334
          ],
          [
            22.463344,
            69.213336
          ],
          [
            22.463575,
            69.213309
          ],
          [
            22.463554,
            69.21326
          ]
        ]
      }
    },
    {
      "type": "Feature",
      "properties": {
        "schemaVersion": 1,
        "trailId": "nordkalottleden",
        "sectionId": "nordkalottleden-kalottireitti-11-reisavannhytta-madam-bongos",
        "sectionNumber": 11,
        "name": "Reisavannhytta / Ráisjávrihytta to Madam Bongos fjellstue / Čunovuohppi",
        "sourceKind": "official-geonorge-turrutebasen-gpx",
        "sourceUrl": "https://kartkatalog.geonorge.no/metadata/d1422d17-6d95-4ef1-96ab-8af31744dd63",
        "sourceUrls": [
          "https://kartkatalog.geonorge.no/metadata/d1422d17-6d95-4ef1-96ab-8af31744dd63"
        ],
        "sourceAccessed": "2026-04-30",
        "generatedAt": "2026-04-30T06:26:02.442Z",
        "sourceDirection": "Turrutebasen E1/DNT Troms and DNT Alta lines joined at the Nordreisa-Kautokeino municipal boundary",
        "appDirection": "Reisavannhytta to Čunovuohppi",
        "officialDistanceKm": 29,
        "geometryDistanceKm": 27.617,
        "geometryPointCount": 1650,
        "endpointSnap": {
          "start": {
            "selectedEndpointLabel": "Reisavannhytta / Ráisjávrihytta",
            "selectedEndpoint": {
              "lat": 69.2132498,
              "lon": 22.4637393
            },
            "routeLinePoint": {
              "lat": 69.21326,
              "lon": 22.463554
            },
            "gapMeters": 7.4
          },
          "end": {
            "selectedEndpointLabel": "Madam Bongos fjellstue / Čunovuohppi",
            "selectedEndpoint": {
              "lat": 69.07257,
              "lon": 22.84703
            },
            "routeLinePoint": {
              "lat": 69.072708,
              "lon": 22.845432
            },
            "gapMeters": 65.4
          }
        },
        "maxEndpointGapMeters": 65.4,
        "quality": "official route-line candidate; endpoint policy review required",
        "caveats": [
          "Madam Bongos/Čunovuohppi endpoint is offset from route projection and is not active lodging."
        ],
        "warnings": [
          "end endpoint gap exceeds 50 m"
        ],
        "importReadiness": "research geometry artifact only; not runtime app geometry",
        "sourceMetadata": {
          "sourceParts": [
            {
              "sourceZip": "geometry/source-downloads/Friluftsliv_5544_Nordreisa_4326_TurOgFriluftsruter_GPX.zip",
              "sourceGpx": "Friluftsliv_5544_Nordreisa_4326_TurOgFriluftsruter_GPX.gpx",
              "routeIndex": 40,
              "routeName": "E1",
              "routeComment": "N50-kartdata",
              "routeSource": "DNT | Troms Turlag",
              "routeType": "Fotrute",
              "routePointCount": 3380,
              "routeMeasuredKm": 54.494,
              "notes": [
                "Reversed for the Reisavannhytta-to-municipal-boundary portion."
              ]
            },
            {
              "sourceZip": "geometry/source-downloads/Friluftsliv_5612_Kautokeino_4326_TurOgFriluftsruter_GPX.zip",
              "sourceGpx": "Friluftsliv_5612_Kautokeino_4326_TurOgFriluftsruter_GPX.gpx",
              "routeIndex": 4,
              "routeName": "E1",
              "routeComment": "Rett i kartet",
              "routeSource": "DNT | Alta og Omegn Turlag",
              "routeType": "Fotrute",
              "routePointCount": 5345,
              "routeMeasuredKm": 62.87,
              "notes": [
                "Clipped from the Nordreisa-Kautokeino boundary toward Čunovuohppi."
              ]
            }
          ]
        }
      },
      "geometry": {
        "type": "LineString",
        "coordinates": [
          [
            22.463554,
            69.21326
          ],
          [
            22.463431,
            69.212982
          ],
          [
            22.46341,
            69.212935
          ],
          [
            22.463394,
            69.212908
          ],
          [
            22.463378,
            69.212879
          ],
          [
            22.463362,
            69.212852
          ],
          [
            22.463341,
            69.212821
          ],
          [
            22.463313,
            69.21279
          ],
          [
            22.463285,
            69.212759
          ],
          [
            22.463261,
            69.212732
          ],
          [
            22.463257,
            69.212727
          ],
          [
            22.463233,
            69.2127
          ],
          [
            22.463205,
            69.212669
          ],
          [
            22.463179,
            69.212637
          ],
          [
            22.46316,
            69.212606
          ],
          [
            22.463146,
            69.212575
          ],
          [
            22.463133,
            69.212544
          ],
          [
            22.463119,
            69.212512
          ],
          [
            22.463108,
            69.212485
          ],
          [
            22.463095,
            69.212454
          ],
          [
            22.463082,
            69.212423
          ],
          [
            22.46307,
            69.212394
          ],
          [
            22.463059,
            69.212367
          ],
          [
            22.463047,
            69.212336
          ],
          [
            22.463036,
            69.212304
          ],
          [
            22.463027,
            69.212273
          ],
          [
            22.463019,
            69.212246
          ],
          [
            22.463009,
            69.212215
          ],
          [
            22.462999,
            69.212184
          ],
          [
            22.462987,
            69.212152
          ],
          [
            22.462971,
            69.212121
          ],
          [
            22.462945,
            69.212089
          ],
          [
            22.462921,
            69.212063
          ],
          [
            22.462895,
            69.212031
          ],
          [
            22.462872,
            69.212
          ],
          [
            22.462855,
            69.211968
          ],
          [
            22.462842,
            69.211936
          ],
          [
            22.462834,
            69.211904
          ],
          [
            22.462835,
            69.211873
          ],
          [
            22.462836,
            69.211842
          ],
          [
            22.462837,
            69.211811
          ],
          [
            22.462848,
            69.211784
          ],
          [
            22.462869,
            69.211753
          ],
          [
            22.462891,
            69.211722
          ],
          [
            22.462912,
            69.211693
          ],
          [
            22.462931,
            69.211659
          ],
          [
            22.462933,
            69.211628
          ],
          [
            22.462934,
            69.211597
          ],
          [
            22.462935,
            69.211566
          ],
          [
            22.462936,
            69.211532
          ],
          [
            22.462937,
            69.211503
          ],
          [
            22.462938,
            69.211468
          ],
          [
            22.462939,
            69.21144
          ],
          [
            22.462937,
            69.211409
          ],
          [
            22.462932,
            69.211378
          ],
          [
            22.462931,
            69.211347
          ],
          [
            22.46294,
            69.211315
          ],
          [
            22.462948,
            69.211289
          ],
          [
            22.462984,
            69.211258
          ],
          [
            22.463017,
            69.211233
          ],
          [
            22.463056,
            69.211202
          ],
          [
            22.463083,
            69.211171
          ],
          [
            22.463094,
            69.211145
          ],
          [
            22.463094,
            69.211113
          ],
          [
            22.463095,
            69.211082
          ],
          [
            22.463097,
            69.211051
          ],
          [
            22.463098,
            69.21102
          ],
          [
            22.463098,
            69.210989
          ],
          [
            22.4631,
            69.210957
          ],
          [
            22.463101,
            69.210926
          ],
          [
            22.4631,
            69.210892
          ],
          [
            22.4631,
            69.210863
          ],
          [
            22.463099,
            69.21083
          ],
          [
            22.463097,
            69.210801
          ],
          [
            22.463096,
            69.210767
          ],
          [
            22.463097,
            69.210736
          ],
          [
            22.463096,
            69.210705
          ],
          [
            22.463072,
            69.210674
          ],
          [
            22.463034,
            69.210642
          ],
          [
            22.463002,
            69.210615
          ],
          [
            22.462974,
            69.21059
          ],
          [
            22.462946,
            69.210559
          ],
          [
            22.462927,
            69.210527
          ],
          [
            22.462919,
            69.210496
          ],
          [
            22.462911,
            69.210465
          ],
          [
            22.462903,
            69.210433
          ],
          [
            22.462887,
            69.210401
          ],
          [
            22.462867,
            69.210374
          ],
          [
            22.462837,
            69.210343
          ],
          [
            22.462805,
            69.210314
          ],
          [
            22.462771,
            69.210287
          ],
          [
            22.462725,
            69.210261
          ],
          [
            22.462687,
            69.210236
          ],
          [
            22.46266,
            69.210211
          ],
          [
            22.462649,
            69.210181
          ],
          [
            22.462657,
            69.210148
          ],
          [
            22.462672,
            69.210121
          ],
          [
            22.46269,
            69.21009
          ],
          [
            22.462706,
            69.210059
          ],
          [
            22.462718,
            69.210028
          ],
          [
            22.46273,
            69.209997
          ],
          [
            22.462741,
            69.209966
          ],
          [
            22.462752,
            69.209935
          ],
          [
            22.462762,
            69.209903
          ],
          [
            22.462771,
            69.209877
          ],
          [
            22.462781,
            69.209846
          ],
          [
            22.462788,
            69.209814
          ],
          [
            22.462795,
            69.209783
          ],
          [
            22.462803,
            69.209752
          ],
          [
            22.462811,
            69.209721
          ],
          [
            22.462819,
            69.20969
          ],
          [
            22.462832,
            69.209658
          ],
          [
            22.462847,
            69.209627
          ],
          [
            22.462862,
            69.2096
          ],
          [
            22.462881,
            69.209569
          ],
          [
            22.462898,
            69.209538
          ],
          [
            22.462916,
            69.209509
          ],
          [
            22.462937,
            69.209475
          ],
          [
            22.462957,
            69.209444
          ],
          [
            22.462981,
            69.209413
          ],
          [
            22.463005,
            69.209381
          ],
          [
            22.463029,
            69.20935
          ],
          [
            22.463054,
            69.209319
          ],
          [
            22.46308,
            69.209286
          ],
          [
            22.463107,
            69.209255
          ],
          [
            22.463135,
            69.209223
          ],
          [
            22.463164,
            69.209192
          ],
          [
            22.463193,
            69.209161
          ],
          [
            22.463218,
            69.209134
          ],
          [
            22.463245,
            69.209105
          ],
          [
            22.463268,
            69.209079
          ],
          [
            22.463296,
            69.209047
          ],
          [
            22.463322,
            69.209016
          ],
          [
            22.463348,
            69.208985
          ],
          [
            22.463374,
            69.208954
          ],
          [
            22.463399,
            69.208923
          ],
          [
            22.463424,
            69.208892
          ],
          [
            22.463446,
            69.208865
          ],
          [
            22.46347,
            69.208834
          ],
          [
            22.463493,
            69.208803
          ],
          [
            22.463513,
            69.208772
          ],
          [
            22.463533,
            69.208741
          ],
          [
            22.463553,
            69.20871
          ],
          [
            22.463574,
            69.208678
          ],
          [
            22.463593,
            69.208652
          ],
          [
            22.463612,
            69.208623
          ],
          [
            22.46363,
            69.20859
          ],
          [
            22.46364,
            69.208558
          ],
          [
            22.463649,
            69.208527
          ],
          [
            22.463658,
            69.208496
          ],
          [
            22.463666,
            69.208469
          ],
          [
            22.463676,
            69.208438
          ],
          [
            22.463693,
            69.208409
          ],
          [
            22.463721,
            69.208383
          ],
          [
            22.463755,
            69.208352
          ],
          [
            22.46379,
            69.208327
          ],
          [
            22.463828,
            69.208301
          ],
          [
            22.463863,
            69.208277
          ],
          [
            22.463899,
            69.208253
          ],
          [
            22.463936,
            69.208229
          ],
          [
            22.463976,
            69.208203
          ],
          [
            22.464013,
            69.208179
          ],
          [
            22.464053,
            69.208156
          ],
          [
            22.464105,
            69.208127
          ],
          [
            22.464149,
            69.208103
          ],
          [
            22.46419,
            69.20808
          ],
          [
            22.464242,
            69.208052
          ],
          [
            22.464285,
            69.208029
          ],
          [
            22.46434,
            69.208001
          ],
          [
            22.464387,
            69.207978
          ],
          [
            22.464438,
            69.207952
          ],
          [
            22.464496,
            69.207922
          ],
          [
            22.464551,
            69.207894
          ],
          [
            22.464606,
            69.207867
          ],
          [
            22.46466,
            69.207838
          ],
          [
            22.464714,
            69.20781
          ],
          [
            22.464769,
            69.207782
          ],
          [
            22.464818,
            69.207759
          ],
          [
            22.464863,
            69.207738
          ],
          [
            22.46492,
            69.20771
          ],
          [
            22.464977,
            69.207683
          ],
          [
            22.465026,
            69.207659
          ],
          [
            22.465071,
            69.207637
          ],
          [
            22.465112,
            69.207615
          ],
          [
            22.465152,
            69.207591
          ],
          [
            22.465194,
            69.207566
          ],
          [
            22.465235,
            69.207543
          ],
          [
            22.465275,
            69.207519
          ],
          [
            22.465321,
            69.207494
          ],
          [
            22.465367,
            69.207472
          ],
          [
            22.465414,
            69.20745
          ],
          [
            22.465462,
            69.207429
          ],
          [
            22.465516,
            69.207408
          ],
          [
            22.465586,
            69.207385
          ],
          [
            22.465641,
            69.207367
          ],
          [
            22.465691,
            69.207346
          ],
          [
            22.465741,
            69.207322
          ],
          [
            22.465783,
            69.207299
          ],
          [
            22.465824,
            69.207275
          ],
          [
            22.465863,
            69.207251
          ],
          [
            22.465907,
            69.207225
          ],
          [
            22.465945,
            69.207201
          ],
          [
            22.465983,
            69.207176
          ],
          [
            22.466025,
            69.20715
          ],
          [
            22.46606,
            69.207125
          ],
          [
            22.466094,
            69.207101
          ],
          [
            22.466133,
            69.20707
          ],
          [
            22.466171,
            69.207039
          ],
          [
            22.466207,
            69.207012
          ],
          [
            22.466248,
            69.206981
          ],
          [
            22.466279,
            69.20695
          ],
          [
            22.466312,
            69.20692
          ],
          [
            22.466353,
            69.20689
          ],
          [
            22.466391,
            69.206861
          ],
          [
            22.466423,
            69.206835
          ],
          [
            22.466456,
            69.20681
          ],
          [
            22.466499,
            69.206783
          ],
          [
            22.466547,
            69.206756
          ],
          [
            22.466589,
            69.206731
          ],
          [
            22.46664,
            69.206706
          ],
          [
            22.466688,
            69.206682
          ],
          [
            22.46674,
            69.206658
          ],
          [
            22.4668,
            69.206635
          ],
          [
            22.466859,
            69.206616
          ],
          [
            22.466906,
            69.206594
          ],
          [
            22.466947,
            69.206571
          ],
          [
            22.466991,
            69.206546
          ],
          [
            22.467043,
            69.206526
          ],
          [
            22.467092,
            69.206505
          ],
          [
            22.467146,
            69.206485
          ],
          [
            22.467212,
            69.206461
          ],
          [
            22.467263,
            69.206441
          ],
          [
            22.467319,
            69.206419
          ],
          [
            22.467371,
            69.206399
          ],
          [
            22.467423,
            69.20638
          ],
          [
            22.467491,
            69.206356
          ],
          [
            22.46756,
            69.206334
          ],
          [
            22.467617,
            69.206314
          ],
          [
            22.467681,
            69.206289
          ],
          [
            22.467728,
            69.206268
          ],
          [
            22.467778,
            69.206246
          ],
          [
            22.46783,
            69.20622
          ],
          [
            22.467874,
            69.206194
          ],
          [
            22.467915,
            69.206164
          ],
          [
            22.467954,
            69.20614
          ],
          [
            22.467991,
            69.206116
          ],
          [
            22.468032,
            69.206089
          ],
          [
            22.468072,
            69.206065
          ],
          [
            22.468106,
            69.206041
          ],
          [
            22.468138,
            69.206017
          ],
          [
            22.468171,
            69.20599
          ],
          [
            22.468204,
            69.205959
          ],
          [
            22.468234,
            69.20593
          ],
          [
            22.46827,
            69.205896
          ],
          [
            22.468303,
            69.205865
          ],
          [
            22.468336,
            69.205834
          ],
          [
            22.46837,
            69.205803
          ],
          [
            22.468402,
            69.205777
          ],
          [
            22.468439,
            69.205745
          ],
          [
            22.468472,
            69.205715
          ],
          [
            22.468504,
            69.205686
          ],
          [
            22.468536,
            69.205659
          ],
          [
            22.468563,
            69.205633
          ],
          [
            22.468718,
            69.205485
          ],
          [
            22.468749,
            69.205455
          ],
          [
            22.468781,
            69.205429
          ],
          [
            22.468817,
            69.205402
          ],
          [
            22.468853,
            69.205372
          ],
          [
            22.468883,
            69.205343
          ],
          [
            22.468911,
            69.205313
          ],
          [
            22.468941,
            69.205284
          ],
          [
            22.468977,
            69.205256
          ],
          [
            22.469007,
            69.205229
          ],
          [
            22.469035,
            69.205202
          ],
          [
            22.469061,
            69.205176
          ],
          [
            22.469092,
            69.205149
          ],
          [
            22.469123,
            69.205124
          ],
          [
            22.469155,
            69.205098
          ],
          [
            22.469184,
            69.205073
          ],
          [
            22.469215,
            69.205044
          ],
          [
            22.469246,
            69.205013
          ],
          [
            22.469272,
            69.204987
          ],
          [
            22.469305,
            69.204958
          ],
          [
            22.469335,
            69.204932
          ],
          [
            22.469367,
            69.204906
          ],
          [
            22.469405,
            69.204881
          ],
          [
            22.469442,
            69.204853
          ],
          [
            22.469476,
            69.204824
          ],
          [
            22.469509,
            69.204794
          ],
          [
            22.469537,
            69.204768
          ],
          [
            22.469566,
            69.204741
          ],
          [
            22.469596,
            69.204713
          ],
          [
            22.469625,
            69.204686
          ],
          [
            22.469652,
            69.20466
          ],
          [
            22.469684,
            69.204629
          ],
          [
            22.469716,
            69.204599
          ],
          [
            22.469743,
            69.204573
          ],
          [
            22.469771,
            69.204545
          ],
          [
            22.469795,
            69.204519
          ],
          [
            22.469826,
            69.204489
          ],
          [
            22.469856,
            69.204459
          ],
          [
            22.46988,
            69.204433
          ],
          [
            22.469905,
            69.204404
          ],
          [
            22.469931,
            69.204377
          ],
          [
            22.469956,
            69.20435
          ],
          [
            22.46998,
            69.204323
          ],
          [
            22.470004,
            69.204294
          ],
          [
            22.47003,
            69.204264
          ],
          [
            22.470054,
            69.204238
          ],
          [
            22.47008,
            69.204213
          ],
          [
            22.47011,
            69.204187
          ],
          [
            22.470143,
            69.204159
          ],
          [
            22.470172,
            69.20413
          ],
          [
            22.470201,
            69.2041
          ],
          [
            22.470226,
            69.204074
          ],
          [
            22.47025,
            69.204048
          ],
          [
            22.470275,
            69.204017
          ],
          [
            22.470297,
            69.203987
          ],
          [
            22.470318,
            69.203962
          ],
          [
            22.470342,
            69.203936
          ],
          [
            22.470372,
            69.20391
          ],
          [
            22.470409,
            69.203884
          ],
          [
            22.470456,
            69.203858
          ],
          [
            22.470514,
            69.203835
          ],
          [
            22.470573,
            69.203814
          ],
          [
            22.470627,
            69.203795
          ],
          [
            22.47068,
            69.203776
          ],
          [
            22.470738,
            69.203755
          ],
          [
            22.470799,
            69.203733
          ],
          [
            22.47086,
            69.203711
          ],
          [
            22.47092,
            69.203687
          ],
          [
            22.470968,
            69.203667
          ],
          [
            22.471015,
            69.203645
          ],
          [
            22.471068,
            69.203621
          ],
          [
            22.471314,
            69.2036
          ],
          [
            22.471519,
            69.203616
          ],
          [
            22.471697,
            69.20367
          ],
          [
            22.471932,
            69.203753
          ],
          [
            22.472139,
            69.203801
          ],
          [
            22.472275,
            69.203849
          ],
          [
            22.472369,
            69.203912
          ],
          [
            22.472545,
            69.204009
          ],
          [
            22.472747,
            69.204055
          ],
          [
            22.473015,
            69.204022
          ],
          [
            22.473859,
            69.203918
          ],
          [
            22.474381,
            69.203854
          ],
          [
            22.47467,
            69.203774
          ],
          [
            22.474898,
            69.20371
          ],
          [
            22.474946,
            69.203697
          ],
          [
            22.475167,
            69.203636
          ],
          [
            22.475558,
            69.203528
          ],
          [
            22.47618,
            69.203088
          ],
          [
            22.476895,
            69.202641
          ],
          [
            22.478021,
            69.201937
          ],
          [
            22.478938,
            69.201364
          ],
          [
            22.481116,
            69.200045
          ],
          [
            22.48119,
            69.2
          ],
          [
            22.481711,
            69.199684
          ],
          [
            22.483175,
            69.19907
          ],
          [
            22.484546,
            69.198186
          ],
          [
            22.485193,
            69.197565
          ],
          [
            22.485285,
            69.197478
          ],
          [
            22.485878,
            69.196909
          ],
          [
            22.485998,
            69.196793
          ],
          [
            22.48744,
            69.195708
          ],
          [
            22.488454,
            69.194944
          ],
          [
            22.488582,
            69.194845
          ],
          [
            22.489267,
            69.194313
          ],
          [
            22.489477,
            69.194143
          ],
          [
            22.490878,
            69.193005
          ],
          [
            22.490934,
            69.192949
          ],
          [
            22.491141,
            69.192742
          ],
          [
            22.491383,
            69.1925
          ],
          [
            22.491931,
            69.191951
          ],
          [
            22.492396,
            69.191723
          ],
          [
            22.493058,
            69.1914
          ],
          [
            22.493475,
            69.191196
          ],
          [
            22.494111,
            69.190906
          ],
          [
            22.494588,
            69.190689
          ],
          [
            22.496005,
            69.18994
          ],
          [
            22.496929,
            69.189258
          ],
          [
            22.49702,
            69.189176
          ],
          [
            22.497519,
            69.188728
          ],
          [
            22.497988,
            69.187717
          ],
          [
            22.498258,
            69.187137
          ],
          [
            22.498281,
            69.187048
          ],
          [
            22.498659,
            69.185648
          ],
          [
            22.499805,
            69.184137
          ],
          [
            22.5,
            69.184005
          ],
          [
            22.500397,
            69.183735
          ],
          [
            22.501677,
            69.182868
          ],
          [
            22.501939,
            69.182673
          ],
          [
            22.50331,
            69.181655
          ],
          [
            22.504579,
            69.180869
          ],
          [
            22.505034,
            69.180618
          ],
          [
            22.507272,
            69.179381
          ],
          [
            22.509158,
            69.178157
          ],
          [
            22.509959,
            69.177684
          ],
          [
            22.512247,
            69.176332
          ],
          [
            22.515872,
            69.174941
          ],
          [
            22.520114,
            69.173111
          ],
          [
            22.520867,
            69.172781
          ],
          [
            22.521864,
            69.172344
          ],
          [
            22.521886,
            69.172334
          ],
          [
            22.522291,
            69.171952
          ],
          [
            22.524329,
            69.171564
          ],
          [
            22.530282,
            69.169867
          ],
          [
            22.530391,
            69.169838
          ],
          [
            22.531164,
            69.169638
          ],
          [
            22.531382,
            69.169582
          ],
          [
            22.533119,
            69.168837
          ],
          [
            22.533137,
            69.168829
          ],
          [
            22.534601,
            69.168304
          ],
          [
            22.534693,
            69.168271
          ],
          [
            22.537572,
            69.166722
          ],
          [
            22.53876,
            69.165613
          ],
          [
            22.539534,
            69.164079
          ],
          [
            22.539569,
            69.16401
          ],
          [
            22.540314,
            69.162718
          ],
          [
            22.54034,
            69.162694
          ],
          [
            22.542574,
            69.160668
          ],
          [
            22.543059,
            69.160253
          ],
          [
            22.544306,
            69.158775
          ],
          [
            22.544372,
            69.158682
          ],
          [
            22.545093,
            69.157659
          ],
          [
            22.547005,
            69.15572
          ],
          [
            22.548904,
            69.154235
          ],
          [
            22.55,
            69.153057
          ],
          [
            22.551246,
            69.151718
          ],
          [
            22.551253,
            69.151711
          ],
          [
            22.55268,
            69.150583
          ],
          [
            22.553372,
            69.15
          ],
          [
            22.554317,
            69.149205
          ],
          [
            22.554985,
            69.14749
          ],
          [
            22.55496,
            69.14708
          ],
          [
            22.554948,
            69.146892
          ],
          [
            22.554999,
            69.145075
          ],
          [
            22.555189,
            69.144143
          ],
          [
            22.555767,
            69.142424
          ],
          [
            22.555847,
            69.141648
          ],
          [
            22.555849,
            69.141633
          ],
          [
            22.557427,
            69.139331
          ],
          [
            22.557432,
            69.139323
          ],
          [
            22.557883,
            69.137891
          ],
          [
            22.557943,
            69.13766
          ],
          [
            22.557962,
            69.137586
          ],
          [
            22.558254,
            69.136456
          ],
          [
            22.559335,
            69.133878
          ],
          [
            22.559343,
            69.133834
          ],
          [
            22.559795,
            69.131228
          ],
          [
            22.560875,
            69.129047
          ],
          [
            22.560891,
            69.128789
          ],
          [
            22.56091,
            69.128482
          ],
          [
            22.560736,
            69.127391
          ],
          [
            22.560632,
            69.126739
          ],
          [
            22.560644,
            69.126388
          ],
          [
            22.560731,
            69.123918
          ],
          [
            22.559507,
            69.122927
          ],
          [
            22.559262,
            69.122186
          ],
          [
            22.559293,
            69.121255
          ],
          [
            22.559538,
            69.120443
          ],
          [
            22.558672,
            69.119579
          ],
          [
            22.558501,
            69.119409
          ],
          [
            22.558452,
            69.119361
          ],
          [
            22.558288,
            69.119196
          ],
          [
            22.55784,
            69.118881
          ],
          [
            22.556834,
            69.118171
          ],
          [
            22.556795,
            69.118136
          ],
          [
            22.553749,
            69.115468
          ],
          [
            22.553745,
            69.115465
          ],
          [
            22.551542,
            69.113459
          ],
          [
            22.551393,
            69.112637
          ],
          [
            22.551301,
            69.111533
          ],
          [
            22.55274,
            69.109905
          ],
          [
            22.55425,
            69.10883
          ],
          [
            22.554579,
            69.108596
          ],
          [
            22.557861,
            69.107969
          ],
          [
            22.55831,
            69.107883
          ],
          [
            22.5586,
            69.107828
          ],
          [
            22.560405,
            69.107481
          ],
          [
            22.560474,
            69.107442
          ],
          [
            22.56149,
            69.106883
          ],
          [
            22.561577,
            69.106835
          ],
          [
            22.562359,
            69.106405
          ],
          [
            22.563724,
            69.105118
          ],
          [
            22.56482,
            69.103992
          ],
          [
            22.56533,
            69.103686
          ],
          [
            22.565333,
            69.103684
          ],
          [
            22.565449,
            69.103614
          ],
          [
            22.567531,
            69.102289
          ],
          [
            22.568761,
            69.101279
          ],
          [
            22.570071,
            69.1
          ],
          [
            22.570137,
            69.099936
          ],
          [
            22.570773,
            69.099604
          ],
          [
            22.571371,
            69.099292
          ],
          [
            22.572058,
            69.09889
          ],
          [
            22.572891,
            69.098402
          ],
          [
            22.576351,
            69.096887
          ],
          [
            22.579983,
            69.095686
          ],
          [
            22.580314,
            69.09561
          ],
          [
            22.580364,
            69.095599
          ],
          [
            22.581306,
            69.095382
          ],
          [
            22.584376,
            69.095011
          ],
          [
            22.587062,
            69.094746
          ],
          [
            22.587994,
            69.094654
          ],
          [
            22.588456,
            69.094588
          ],
          [
            22.588461,
            69.094588
          ],
          [
            22.589217,
            69.09448
          ],
          [
            22.589958,
            69.094374
          ],
          [
            22.590672,
            69.094273
          ],
          [
            22.591284,
            69.094203
          ],
          [
            22.593092,
            69.093997
          ],
          [
            22.593196,
            69.093998
          ],
          [
            22.599754,
            69.094084
          ],
          [
            22.599773,
            69.094084
          ],
          [
            22.6,
            69.094088
          ],
          [
            22.603386,
            69.094149
          ],
          [
            22.607217,
            69.093909
          ],
          [
            22.608348,
            69.093375
          ],
          [
            22.608609,
            69.092816
          ],
          [
            22.60952,
            69.092194
          ],
          [
            22.611028,
            69.090942
          ],
          [
            22.61112,
            69.090823
          ],
          [
            22.611878,
            69.089842
          ],
          [
            22.612256,
            69.089564
          ],
          [
            22.612799,
            69.089164
          ],
          [
            22.614486,
            69.08859
          ],
          [
            22.615798,
            69.087529
          ],
          [
            22.618957,
            69.086656
          ],
          [
            22.619602,
            69.086628
          ],
          [
            22.619648,
            69.086586
          ],
          [
            22.619682,
            69.08656
          ],
          [
            22.619729,
            69.086535
          ],
          [
            22.619757,
            69.086523
          ],
          [
            22.619787,
            69.08651
          ],
          [
            22.619832,
            69.086497
          ],
          [
            22.619853,
            69.08649
          ],
          [
            22.619922,
            69.086473
          ],
          [
            22.619991,
            69.086456
          ],
          [
            22.620063,
            69.086439
          ],
          [
            22.620136,
            69.086422
          ],
          [
            22.620208,
            69.086407
          ],
          [
            22.620274,
            69.086394
          ],
          [
            22.620343,
            69.086379
          ],
          [
            22.620408,
            69.086365
          ],
          [
            22.620483,
            69.086349
          ],
          [
            22.620563,
            69.086336
          ],
          [
            22.620633,
            69.086325
          ],
          [
            22.62071,
            69.086313
          ],
          [
            22.620789,
            69.0863
          ],
          [
            22.620868,
            69.086289
          ],
          [
            22.620949,
            69.08628
          ],
          [
            22.62103,
            69.086273
          ],
          [
            22.621108,
            69.086268
          ],
          [
            22.621186,
            69.086267
          ],
          [
            22.621271,
            69.086262
          ],
          [
            22.621359,
            69.086257
          ],
          [
            22.621444,
            69.086252
          ],
          [
            22.621522,
            69.086246
          ],
          [
            22.621608,
            69.086238
          ],
          [
            22.621685,
            69.086232
          ],
          [
            22.621769,
            69.086224
          ],
          [
            22.621844,
            69.086219
          ],
          [
            22.621932,
            69.086214
          ],
          [
            22.62201,
            69.08621
          ],
          [
            22.622086,
            69.086208
          ],
          [
            22.622171,
            69.086203
          ],
          [
            22.622246,
            69.086199
          ],
          [
            22.622327,
            69.086195
          ],
          [
            22.622414,
            69.086192
          ],
          [
            22.622505,
            69.086191
          ],
          [
            22.622581,
            69.086189
          ],
          [
            22.622619,
            69.086188
          ],
          [
            22.622658,
            69.086187
          ],
          [
            22.622738,
            69.086185
          ],
          [
            22.622826,
            69.086183
          ],
          [
            22.622902,
            69.086175
          ],
          [
            22.622979,
            69.086165
          ],
          [
            22.623058,
            69.086157
          ],
          [
            22.623139,
            69.086148
          ],
          [
            22.623211,
            69.086139
          ],
          [
            22.623284,
            69.086129
          ],
          [
            22.623358,
            69.086119
          ],
          [
            22.623431,
            69.086108
          ],
          [
            22.623508,
            69.086099
          ],
          [
            22.623579,
            69.086089
          ],
          [
            22.623658,
            69.08608
          ],
          [
            22.623738,
            69.086074
          ],
          [
            22.623813,
            69.086066
          ],
          [
            22.623839,
            69.086064
          ],
          [
            22.623885,
            69.086059
          ],
          [
            22.62396,
            69.086052
          ],
          [
            22.624045,
            69.086044
          ],
          [
            22.624119,
            69.086036
          ],
          [
            22.624193,
            69.08603
          ],
          [
            22.624279,
            69.086022
          ],
          [
            22.624354,
            69.086017
          ],
          [
            22.624429,
            69.086013
          ],
          [
            22.624505,
            69.086011
          ],
          [
            22.624596,
            69.08601
          ],
          [
            22.624687,
            69.08601
          ],
          [
            22.624767,
            69.08601
          ],
          [
            22.624852,
            69.08601
          ],
          [
            22.624941,
            69.08601
          ],
          [
            22.625014,
            69.086009
          ],
          [
            22.625028,
            69.086008
          ],
          [
            22.625109,
            69.086005
          ],
          [
            22.625183,
            69.086001
          ],
          [
            22.625264,
            69.085997
          ],
          [
            22.625347,
            69.085997
          ],
          [
            22.625427,
            69.085996
          ],
          [
            22.62551,
            69.085993
          ],
          [
            22.625584,
            69.085988
          ],
          [
            22.625659,
            69.085982
          ],
          [
            22.625734,
            69.085977
          ],
          [
            22.625826,
            69.085976
          ],
          [
            22.6259,
            69.085972
          ],
          [
            22.625984,
            69.08596
          ],
          [
            22.626043,
            69.085945
          ],
          [
            22.626051,
            69.085943
          ],
          [
            22.626114,
            69.085922
          ],
          [
            22.626171,
            69.085901
          ],
          [
            22.626226,
            69.085878
          ],
          [
            22.626291,
            69.085859
          ],
          [
            22.626361,
            69.08584
          ],
          [
            22.626422,
            69.085824
          ],
          [
            22.62649,
            69.08581
          ],
          [
            22.626575,
            69.085805
          ],
          [
            22.62666,
            69.085805
          ],
          [
            22.626746,
            69.085805
          ],
          [
            22.626837,
            69.085806
          ],
          [
            22.626918,
            69.085813
          ],
          [
            22.626992,
            69.085827
          ],
          [
            22.627062,
            69.085841
          ],
          [
            22.627127,
            69.085856
          ],
          [
            22.627202,
            69.085874
          ],
          [
            22.627276,
            69.085892
          ],
          [
            22.627353,
            69.08591
          ],
          [
            22.627388,
            69.08592
          ],
          [
            22.627426,
            69.085931
          ],
          [
            22.627499,
            69.085947
          ],
          [
            22.627568,
            69.08596
          ],
          [
            22.627648,
            69.085972
          ],
          [
            22.627723,
            69.085976
          ],
          [
            22.627812,
            69.085976
          ],
          [
            22.627892,
            69.085975
          ],
          [
            22.627978,
            69.085974
          ],
          [
            22.628061,
            69.085976
          ],
          [
            22.628146,
            69.085984
          ],
          [
            22.628216,
            69.085995
          ],
          [
            22.62829,
            69.086009
          ],
          [
            22.62836,
            69.086022
          ],
          [
            22.62844,
            69.086031
          ],
          [
            22.62852,
            69.086032
          ],
          [
            22.628611,
            69.086028
          ],
          [
            22.628686,
            69.086019
          ],
          [
            22.628761,
            69.086007
          ],
          [
            22.628847,
            69.086003
          ],
          [
            22.628929,
            69.086002
          ],
          [
            22.629015,
            69.086006
          ],
          [
            22.629092,
            69.086015
          ],
          [
            22.629181,
            69.086022
          ],
          [
            22.629255,
            69.086026
          ],
          [
            22.629331,
            69.086031
          ],
          [
            22.629413,
            69.086041
          ],
          [
            22.629483,
            69.086052
          ],
          [
            22.629488,
            69.086053
          ],
          [
            22.629568,
            69.086065
          ],
          [
            22.629646,
            69.086076
          ],
          [
            22.629721,
            69.086088
          ],
          [
            22.629795,
            69.086099
          ],
          [
            22.629871,
            69.086113
          ],
          [
            22.629935,
            69.086128
          ],
          [
            22.630004,
            69.086145
          ],
          [
            22.630068,
            69.08616
          ],
          [
            22.630142,
            69.086179
          ],
          [
            22.630217,
            69.086192
          ],
          [
            22.630292,
            69.086202
          ],
          [
            22.630378,
            69.086213
          ],
          [
            22.630453,
            69.086222
          ],
          [
            22.630535,
            69.086232
          ],
          [
            22.63061,
            69.086241
          ],
          [
            22.630693,
            69.086248
          ],
          [
            22.630767,
            69.086255
          ],
          [
            22.630852,
            69.086262
          ],
          [
            22.630931,
            69.086268
          ],
          [
            22.630937,
            69.086269
          ],
          [
            22.631014,
            69.086276
          ],
          [
            22.631088,
            69.086289
          ],
          [
            22.631164,
            69.086307
          ],
          [
            22.631228,
            69.086331
          ],
          [
            22.63128,
            69.08635
          ],
          [
            22.631336,
            69.086369
          ],
          [
            22.631396,
            69.086392
          ],
          [
            22.631455,
            69.086418
          ],
          [
            22.631512,
            69.086445
          ],
          [
            22.631564,
            69.086469
          ],
          [
            22.631624,
            69.086495
          ],
          [
            22.631676,
            69.086516
          ],
          [
            22.631738,
            69.086542
          ],
          [
            22.631744,
            69.086545
          ],
          [
            22.632006,
            69.086668
          ],
          [
            22.633124,
            69.087292
          ],
          [
            22.63335,
            69.087429
          ],
          [
            22.633676,
            69.087498
          ],
          [
            22.634039,
            69.087517
          ],
          [
            22.634687,
            69.087523
          ],
          [
            22.635165,
            69.087535
          ],
          [
            22.63549,
            69.087604
          ],
          [
            22.635697,
            69.0877
          ],
          [
            22.635853,
            69.087765
          ],
          [
            22.636044,
            69.0878
          ],
          [
            22.637114,
            69.087817
          ],
          [
            22.638266,
            69.087846
          ],
          [
            22.638445,
            69.087801
          ],
          [
            22.638493,
            69.087701
          ],
          [
            22.638733,
            69.087626
          ],
          [
            22.63894,
            69.087581
          ],
          [
            22.63948,
            69.087423
          ],
          [
            22.639651,
            69.087417
          ],
          [
            22.639964,
            69.087405
          ],
          [
            22.640393,
            69.087235
          ],
          [
            22.64055,
            69.087158
          ],
          [
            22.640648,
            69.08709
          ],
          [
            22.640835,
            69.087004
          ],
          [
            22.640981,
            69.086836
          ],
          [
            22.641117,
            69.086718
          ],
          [
            22.641322,
            69.086683
          ],
          [
            22.641523,
            69.086668
          ],
          [
            22.641683,
            69.086571
          ],
          [
            22.64195,
            69.086507
          ],
          [
            22.642247,
            69.086434
          ],
          [
            22.64257,
            69.086372
          ],
          [
            22.642969,
            69.086351
          ],
          [
            22.643122,
            69.086295
          ],
          [
            22.643806,
            69.08612
          ],
          [
            22.645175,
            69.085913
          ],
          [
            22.64552,
            69.085881
          ],
          [
            22.645885,
            69.085891
          ],
          [
            22.646241,
            69.085809
          ],
          [
            22.647019,
            69.085728
          ],
          [
            22.647539,
            69.08567
          ],
          [
            22.648002,
            69.085611
          ],
          [
            22.648795,
            69.08546
          ],
          [
            22.649531,
            69.085307
          ],
          [
            22.650811,
            69.084976
          ],
          [
            22.652659,
            69.084488
          ],
          [
            22.653909,
            69.084167
          ],
          [
            22.654433,
            69.083948
          ],
          [
            22.654523,
            69.08392
          ],
          [
            22.655789,
            69.083659
          ],
          [
            22.655905,
            69.083642
          ],
          [
            22.656444,
            69.083343
          ],
          [
            22.656823,
            69.083141
          ],
          [
            22.657413,
            69.083014
          ],
          [
            22.657678,
            69.08296
          ],
          [
            22.658077,
            69.08294
          ],
          [
            22.658284,
            69.082895
          ],
          [
            22.658856,
            69.082718
          ],
          [
            22.659068,
            69.082642
          ],
          [
            22.659174,
            69.082534
          ],
          [
            22.659307,
            69.082295
          ],
          [
            22.659521,
            69.082069
          ],
          [
            22.659762,
            69.081853
          ],
          [
            22.661064,
            69.080977
          ],
          [
            22.661469,
            69.080786
          ],
          [
            22.664132,
            69.07946
          ],
          [
            22.665779,
            69.078562
          ],
          [
            22.665826,
            69.078533
          ],
          [
            22.665874,
            69.078505
          ],
          [
            22.665916,
            69.078483
          ],
          [
            22.665959,
            69.078458
          ],
          [
            22.666003,
            69.078432
          ],
          [
            22.666055,
            69.078405
          ],
          [
            22.666098,
            69.078382
          ],
          [
            22.666148,
            69.078359
          ],
          [
            22.666194,
            69.078337
          ],
          [
            22.666243,
            69.078314
          ],
          [
            22.666293,
            69.07829
          ],
          [
            22.666355,
            69.078268
          ],
          [
            22.666419,
            69.078252
          ],
          [
            22.666488,
            69.078239
          ],
          [
            22.666567,
            69.078227
          ],
          [
            22.666643,
            69.078218
          ],
          [
            22.666722,
            69.078209
          ],
          [
            22.66681,
            69.078208
          ],
          [
            22.666898,
            69.078206
          ],
          [
            22.666981,
            69.078204
          ],
          [
            22.667055,
            69.078199
          ],
          [
            22.66713,
            69.078195
          ],
          [
            22.667215,
            69.07819
          ],
          [
            22.66729,
            69.078187
          ],
          [
            22.66738,
            69.078184
          ],
          [
            22.667465,
            69.078181
          ],
          [
            22.667555,
            69.078179
          ],
          [
            22.667636,
            69.078177
          ],
          [
            22.667721,
            69.078176
          ],
          [
            22.667806,
            69.078176
          ],
          [
            22.667896,
            69.078176
          ],
          [
            22.667982,
            69.078176
          ],
          [
            22.668067,
            69.078176
          ],
          [
            22.668152,
            69.078177
          ],
          [
            22.668237,
            69.078177
          ],
          [
            22.668317,
            69.078177
          ],
          [
            22.668407,
            69.078177
          ],
          [
            22.668495,
            69.078177
          ],
          [
            22.668586,
            69.078179
          ],
          [
            22.668671,
            69.078181
          ],
          [
            22.668756,
            69.078183
          ],
          [
            22.668838,
            69.078186
          ],
          [
            22.668929,
            69.078188
          ],
          [
            22.669006,
            69.07819
          ],
          [
            22.669091,
            69.078192
          ],
          [
            22.669176,
            69.078194
          ],
          [
            22.669266,
            69.078196
          ],
          [
            22.669352,
            69.078197
          ],
          [
            22.669437,
            69.078198
          ],
          [
            22.669522,
            69.078198
          ],
          [
            22.669612,
            69.078199
          ],
          [
            22.669616,
            69.078199
          ],
          [
            22.669698,
            69.078199
          ],
          [
            22.669777,
            69.078199
          ],
          [
            22.669857,
            69.078199
          ],
          [
            22.669937,
            69.078199
          ],
          [
            22.670025,
            69.078199
          ],
          [
            22.670115,
            69.078198
          ],
          [
            22.670208,
            69.078196
          ],
          [
            22.670286,
            69.078194
          ],
          [
            22.670371,
            69.078192
          ],
          [
            22.670451,
            69.07819
          ],
          [
            22.670531,
            69.078188
          ],
          [
            22.670621,
            69.078184
          ],
          [
            22.670696,
            69.078181
          ],
          [
            22.670781,
            69.078174
          ],
          [
            22.670866,
            69.078167
          ],
          [
            22.670952,
            69.078165
          ],
          [
            22.671036,
            69.078166
          ],
          [
            22.671122,
            69.078166
          ],
          [
            22.671212,
            69.078168
          ],
          [
            22.671297,
            69.078171
          ],
          [
            22.671377,
            69.078175
          ],
          [
            22.671465,
            69.07818
          ],
          [
            22.671555,
            69.078185
          ],
          [
            22.67164,
            69.078192
          ],
          [
            22.671723,
            69.078199
          ],
          [
            22.671803,
            69.078205
          ],
          [
            22.671882,
            69.078207
          ],
          [
            22.671962,
            69.078207
          ],
          [
            22.672058,
            69.078207
          ],
          [
            22.672143,
            69.078201
          ],
          [
            22.672228,
            69.078194
          ],
          [
            22.672303,
            69.078189
          ],
          [
            22.672388,
            69.078184
          ],
          [
            22.672473,
            69.07818
          ],
          [
            22.672548,
            69.078178
          ],
          [
            22.672628,
            69.078174
          ],
          [
            22.672713,
            69.078171
          ],
          [
            22.672798,
            69.07817
          ],
          [
            22.672883,
            69.078169
          ],
          [
            22.672958,
            69.078162
          ],
          [
            22.673043,
            69.078152
          ],
          [
            22.673129,
            69.078141
          ],
          [
            22.673202,
            69.078124
          ],
          [
            22.673263,
            69.078104
          ],
          [
            22.673307,
            69.078094
          ],
          [
            22.673325,
            69.07809
          ],
          [
            22.673327,
            69.078089
          ],
          [
            22.673408,
            69.07808
          ],
          [
            22.673494,
            69.078075
          ],
          [
            22.673571,
            69.078076
          ],
          [
            22.673661,
            69.078076
          ],
          [
            22.673748,
            69.078076
          ],
          [
            22.673825,
            69.078077
          ],
          [
            22.673912,
            69.07808
          ],
          [
            22.673999,
            69.078084
          ],
          [
            22.674073,
            69.07809
          ],
          [
            22.674148,
            69.078096
          ],
          [
            22.674228,
            69.078103
          ],
          [
            22.674307,
            69.07811
          ],
          [
            22.674383,
            69.078118
          ],
          [
            22.674463,
            69.078125
          ],
          [
            22.674548,
            69.078133
          ],
          [
            22.674622,
            69.07814
          ],
          [
            22.674707,
            69.078148
          ],
          [
            22.674781,
            69.078155
          ],
          [
            22.674856,
            69.078163
          ],
          [
            22.67493,
            69.078169
          ],
          [
            22.675005,
            69.078176
          ],
          [
            22.67509,
            69.078179
          ],
          [
            22.675175,
            69.078181
          ],
          [
            22.675265,
            69.078184
          ],
          [
            22.67535,
            69.078191
          ],
          [
            22.675424,
            69.078205
          ],
          [
            22.675493,
            69.078219
          ],
          [
            22.675553,
            69.078241
          ],
          [
            22.675599,
            69.078268
          ],
          [
            22.675645,
            69.078295
          ],
          [
            22.675673,
            69.078312
          ],
          [
            22.675693,
            69.078324
          ],
          [
            22.675733,
            69.078347
          ],
          [
            22.675784,
            69.078375
          ],
          [
            22.675829,
            69.078398
          ],
          [
            22.675878,
            69.078419
          ],
          [
            22.675945,
            69.078447
          ],
          [
            22.676012,
            69.078466
          ],
          [
            22.676081,
            69.07848
          ],
          [
            22.676167,
            69.078488
          ],
          [
            22.676246,
            69.078489
          ],
          [
            22.676316,
            69.078478
          ],
          [
            22.676375,
            69.078458
          ],
          [
            22.67643,
            69.078431
          ],
          [
            22.676479,
            69.078405
          ],
          [
            22.676522,
            69.078382
          ],
          [
            22.676569,
            69.078356
          ],
          [
            22.676627,
            69.078334
          ],
          [
            22.676694,
            69.078313
          ],
          [
            22.676766,
            69.078296
          ],
          [
            22.676834,
            69.078281
          ],
          [
            22.676904,
            69.078267
          ],
          [
            22.676973,
            69.078254
          ],
          [
            22.677053,
            69.07824
          ],
          [
            22.677133,
            69.078226
          ],
          [
            22.677202,
            69.078213
          ],
          [
            22.677261,
            69.078189
          ],
          [
            22.677274,
            69.078175
          ],
          [
            22.677288,
            69.07816
          ],
          [
            22.677292,
            69.078129
          ],
          [
            22.677292,
            69.0781
          ],
          [
            22.677302,
            69.07807
          ],
          [
            22.677335,
            69.078045
          ],
          [
            22.677391,
            69.078021
          ],
          [
            22.677452,
            69.078002
          ],
          [
            22.67753,
            69.077985
          ],
          [
            22.677603,
            69.077969
          ],
          [
            22.677676,
            69.077954
          ],
          [
            22.677744,
            69.077939
          ],
          [
            22.677815,
            69.077924
          ],
          [
            22.677884,
            69.07791
          ],
          [
            22.677959,
            69.077895
          ],
          [
            22.678033,
            69.077882
          ],
          [
            22.678108,
            69.077871
          ],
          [
            22.678185,
            69.077861
          ],
          [
            22.678265,
            69.077853
          ],
          [
            22.678281,
            69.077852
          ],
          [
            22.67834,
            69.077848
          ],
          [
            22.678414,
            69.077842
          ],
          [
            22.678489,
            69.077837
          ],
          [
            22.678574,
            69.077832
          ],
          [
            22.678654,
            69.077826
          ],
          [
            22.678734,
            69.07782
          ],
          [
            22.678819,
            69.077812
          ],
          [
            22.678899,
            69.077804
          ],
          [
            22.678979,
            69.077795
          ],
          [
            22.679065,
            69.077786
          ],
          [
            22.679144,
            69.077775
          ],
          [
            22.679224,
            69.077765
          ],
          [
            22.679299,
            69.077755
          ],
          [
            22.679382,
            69.077744
          ],
          [
            22.679454,
            69.077734
          ],
          [
            22.679536,
            69.077721
          ],
          [
            22.679614,
            69.077707
          ],
          [
            22.679694,
            69.077691
          ],
          [
            22.679771,
            69.077677
          ],
          [
            22.679851,
            69.077663
          ],
          [
            22.679926,
            69.077653
          ],
          [
            22.68,
            69.077645
          ],
          [
            22.680091,
            69.07764
          ],
          [
            22.680181,
            69.077637
          ],
          [
            22.680266,
            69.077637
          ],
          [
            22.680357,
            69.077637
          ],
          [
            22.680437,
            69.07763
          ],
          [
            22.680517,
            69.077622
          ],
          [
            22.680591,
            69.077613
          ],
          [
            22.680666,
            69.077603
          ],
          [
            22.680735,
            69.077592
          ],
          [
            22.68081,
            69.077579
          ],
          [
            22.680885,
            69.077566
          ],
          [
            22.680959,
            69.077551
          ],
          [
            22.681024,
            69.077537
          ],
          [
            22.681099,
            69.077521
          ],
          [
            22.681173,
            69.077505
          ],
          [
            22.681244,
            69.07749
          ],
          [
            22.681319,
            69.077475
          ],
          [
            22.681409,
            69.077459
          ],
          [
            22.681483,
            69.077447
          ],
          [
            22.681563,
            69.077436
          ],
          [
            22.681649,
            69.077427
          ],
          [
            22.681723,
            69.077418
          ],
          [
            22.681803,
            69.07741
          ],
          [
            22.681888,
            69.077403
          ],
          [
            22.681965,
            69.077398
          ],
          [
            22.682039,
            69.077394
          ],
          [
            22.682125,
            69.077392
          ],
          [
            22.682201,
            69.077391
          ],
          [
            22.682286,
            69.077391
          ],
          [
            22.682362,
            69.077394
          ],
          [
            22.682379,
            69.077394
          ],
          [
            22.682334,
            69.077378
          ],
          [
            22.682277,
            69.077355
          ],
          [
            22.682219,
            69.07733
          ],
          [
            22.682172,
            69.077308
          ],
          [
            22.682123,
            69.077282
          ],
          [
            22.682076,
            69.077258
          ],
          [
            22.68203,
            69.077234
          ],
          [
            22.681984,
            69.07721
          ],
          [
            22.681934,
            69.077185
          ],
          [
            22.681923,
            69.077178
          ],
          [
            22.681836,
            69.077126
          ],
          [
            22.681812,
            69.0771
          ],
          [
            22.681782,
            69.07707
          ],
          [
            22.681758,
            69.077042
          ],
          [
            22.681734,
            69.077012
          ],
          [
            22.681708,
            69.076984
          ],
          [
            22.68169,
            69.076957
          ],
          [
            22.681681,
            69.076926
          ],
          [
            22.681662,
            69.076897
          ],
          [
            22.681642,
            69.076868
          ],
          [
            22.681622,
            69.076838
          ],
          [
            22.681602,
            69.076808
          ],
          [
            22.681593,
            69.076778
          ],
          [
            22.681581,
            69.076749
          ],
          [
            22.681562,
            69.076718
          ],
          [
            22.681548,
            69.076691
          ],
          [
            22.681532,
            69.07666
          ],
          [
            22.681514,
            69.076633
          ],
          [
            22.681498,
            69.076605
          ],
          [
            22.681485,
            69.076578
          ],
          [
            22.681469,
            69.076546
          ],
          [
            22.681461,
            69.076529
          ],
          [
            22.683431,
            69.076312
          ],
          [
            22.688133,
            69.075405
          ],
          [
            22.690101,
            69.075025
          ],
          [
            22.692422,
            69.074287
          ],
          [
            22.693524,
            69.073937
          ],
          [
            22.696234,
            69.072886
          ],
          [
            22.698035,
            69.072172
          ],
          [
            22.698474,
            69.072049
          ],
          [
            22.698684,
            69.07199
          ],
          [
            22.69891,
            69.071927
          ],
          [
            22.698961,
            69.071913
          ],
          [
            22.698971,
            69.07191
          ],
          [
            22.699214,
            69.071841
          ],
          [
            22.699446,
            69.071776
          ],
          [
            22.699841,
            69.071663
          ],
          [
            22.7,
            69.071618
          ],
          [
            22.700286,
            69.071537
          ],
          [
            22.700751,
            69.071405
          ],
          [
            22.702563,
            69.071253
          ],
          [
            22.704091,
            69.071125
          ],
          [
            22.704179,
            69.071114
          ],
          [
            22.706898,
            69.070776
          ],
          [
            22.711465,
            69.070525
          ],
          [
            22.711734,
            69.07051
          ],
          [
            22.712438,
            69.070454
          ],
          [
            22.713285,
            69.070387
          ],
          [
            22.715458,
            69.070213
          ],
          [
            22.71779,
            69.069853
          ],
          [
            22.718969,
            69.069732
          ],
          [
            22.721054,
            69.069516
          ],
          [
            22.723994,
            69.068837
          ],
          [
            22.724034,
            69.068823
          ],
          [
            22.726345,
            69.067989
          ],
          [
            22.728679,
            69.067148
          ],
          [
            22.730286,
            69.066568
          ],
          [
            22.734548,
            69.065818
          ],
          [
            22.734608,
            69.065807
          ],
          [
            22.734727,
            69.065786
          ],
          [
            22.737944,
            69.065281
          ],
          [
            22.741297,
            69.065281
          ],
          [
            22.742942,
            69.065403
          ],
          [
            22.742988,
            69.065406
          ],
          [
            22.743903,
            69.065513
          ],
          [
            22.746737,
            69.066499
          ],
          [
            22.749893,
            69.067109
          ],
          [
            22.749909,
            69.067112
          ],
          [
            22.75,
            69.067128
          ],
          [
            22.752245,
            69.067533
          ],
          [
            22.754243,
            69.067899
          ],
          [
            22.754353,
            69.067919
          ],
          [
            22.755702,
            69.068204
          ],
          [
            22.756545,
            69.06828
          ],
          [
            22.758196,
            69.06821
          ],
          [
            22.75946,
            69.068217
          ],
          [
            22.759676,
            69.068218
          ],
          [
            22.760447,
            69.068265
          ],
          [
            22.761421,
            69.06829
          ],
          [
            22.762219,
            69.069386
          ],
          [
            22.762246,
            69.069422
          ],
          [
            22.76284,
            69.069673
          ],
          [
            22.763218,
            69.069601
          ],
          [
            22.764047,
            69.069619
          ],
          [
            22.764413,
            69.069854
          ],
          [
            22.764447,
            69.069854
          ],
          [
            22.764535,
            69.069847
          ],
          [
            22.764603,
            69.06983
          ],
          [
            22.764671,
            69.069811
          ],
          [
            22.764739,
            69.069794
          ],
          [
            22.764809,
            69.069776
          ],
          [
            22.764873,
            69.069757
          ],
          [
            22.764937,
            69.06974
          ],
          [
            22.765001,
            69.069722
          ],
          [
            22.765064,
            69.069708
          ],
          [
            22.76514,
            69.069695
          ],
          [
            22.765216,
            69.069683
          ],
          [
            22.765287,
            69.069673
          ],
          [
            22.765361,
            69.069662
          ],
          [
            22.765432,
            69.069652
          ],
          [
            22.765512,
            69.069641
          ],
          [
            22.765594,
            69.069628
          ],
          [
            22.765666,
            69.069614
          ],
          [
            22.765744,
            69.069596
          ],
          [
            22.765806,
            69.069579
          ],
          [
            22.765869,
            69.069556
          ],
          [
            22.76593,
            69.069533
          ],
          [
            22.765991,
            69.069512
          ],
          [
            22.766047,
            69.069494
          ],
          [
            22.76612,
            69.069473
          ],
          [
            22.766194,
            69.069457
          ],
          [
            22.766267,
            69.06944
          ],
          [
            22.766337,
            69.069422
          ],
          [
            22.766402,
            69.069404
          ],
          [
            22.76646,
            69.069387
          ],
          [
            22.766524,
            69.069369
          ],
          [
            22.766604,
            69.069351
          ],
          [
            22.766684,
            69.069337
          ],
          [
            22.766759,
            69.069323
          ],
          [
            22.766833,
            69.069311
          ],
          [
            22.766919,
            69.069299
          ],
          [
            22.766993,
            69.069291
          ],
          [
            22.767073,
            69.069286
          ],
          [
            22.767155,
            69.069282
          ],
          [
            22.767237,
            69.06928
          ],
          [
            22.767323,
            69.069278
          ],
          [
            22.767324,
            69.069278
          ],
          [
            22.767402,
            69.069278
          ],
          [
            22.76749,
            69.069281
          ],
          [
            22.767579,
            69.069284
          ],
          [
            22.767664,
            69.069297
          ],
          [
            22.767738,
            69.06931
          ],
          [
            22.767812,
            69.069323
          ],
          [
            22.767881,
            69.069334
          ],
          [
            22.767955,
            69.069344
          ],
          [
            22.768029,
            69.06935
          ],
          [
            22.768109,
            69.069351
          ],
          [
            22.768194,
            69.069351
          ],
          [
            22.768211,
            69.06935
          ],
          [
            22.768268,
            69.069345
          ],
          [
            22.768337,
            69.069332
          ],
          [
            22.768407,
            69.069321
          ],
          [
            22.768481,
            69.069312
          ],
          [
            22.768556,
            69.069303
          ],
          [
            22.768633,
            69.069296
          ],
          [
            22.768707,
            69.06929
          ],
          [
            22.768782,
            69.069285
          ],
          [
            22.768867,
            69.069282
          ],
          [
            22.768954,
            69.069281
          ],
          [
            22.769039,
            69.069281
          ],
          [
            22.769127,
            69.069281
          ],
          [
            22.769217,
            69.069281
          ],
          [
            22.769307,
            69.069275
          ],
          [
            22.769393,
            69.069263
          ],
          [
            22.769478,
            69.069251
          ],
          [
            22.769552,
            69.069239
          ],
          [
            22.769622,
            69.069228
          ],
          [
            22.769696,
            69.069222
          ],
          [
            22.76977,
            69.069215
          ],
          [
            22.769845,
            69.06921
          ],
          [
            22.769921,
            69.069201
          ],
          [
            22.769991,
            69.069189
          ],
          [
            22.77007,
            69.069185
          ],
          [
            22.770145,
            69.069177
          ],
          [
            22.770222,
            69.069171
          ],
          [
            22.7703,
            69.069166
          ],
          [
            22.770378,
            69.069161
          ],
          [
            22.770454,
            69.069156
          ],
          [
            22.770534,
            69.069155
          ],
          [
            22.770614,
            69.069156
          ],
          [
            22.770689,
            69.069156
          ],
          [
            22.770774,
            69.069155
          ],
          [
            22.770859,
            69.069152
          ],
          [
            22.770944,
            69.06915
          ],
          [
            22.771029,
            69.06915
          ],
          [
            22.771116,
            69.069156
          ],
          [
            22.771191,
            69.069158
          ],
          [
            22.771278,
            69.069161
          ],
          [
            22.771354,
            69.069166
          ],
          [
            22.771442,
            69.069173
          ],
          [
            22.77152,
            69.069181
          ],
          [
            22.771594,
            69.069194
          ],
          [
            22.77167,
            69.06921
          ],
          [
            22.771745,
            69.069224
          ],
          [
            22.771814,
            69.069237
          ],
          [
            22.771888,
            69.069252
          ],
          [
            22.771963,
            69.069271
          ],
          [
            22.772027,
            69.069288
          ],
          [
            22.772099,
            69.069307
          ],
          [
            22.77217,
            69.069328
          ],
          [
            22.772239,
            69.06935
          ],
          [
            22.772307,
            69.069372
          ],
          [
            22.772374,
            69.069395
          ],
          [
            22.772446,
            69.069416
          ],
          [
            22.772509,
            69.069432
          ],
          [
            22.772577,
            69.069449
          ],
          [
            22.772651,
            69.069466
          ],
          [
            22.77273,
            69.069481
          ],
          [
            22.772799,
            69.069495
          ],
          [
            22.772878,
            69.069511
          ],
          [
            22.772952,
            69.069524
          ],
          [
            22.773023,
            69.069537
          ],
          [
            22.773092,
            69.06955
          ],
          [
            22.773161,
            69.069566
          ],
          [
            22.773229,
            69.06958
          ],
          [
            22.773311,
            69.069594
          ],
          [
            22.773385,
            69.069606
          ],
          [
            22.773469,
            69.069616
          ],
          [
            22.773543,
            69.069625
          ],
          [
            22.773617,
            69.069635
          ],
          [
            22.773692,
            69.069643
          ],
          [
            22.773776,
            69.069653
          ],
          [
            22.773861,
            69.069659
          ],
          [
            22.773946,
            69.06966
          ],
          [
            22.774031,
            69.069661
          ],
          [
            22.774121,
            69.069663
          ],
          [
            22.774211,
            69.069663
          ],
          [
            22.774297,
            69.069659
          ],
          [
            22.774371,
            69.069652
          ],
          [
            22.774459,
            69.069644
          ],
          [
            22.774534,
            69.069639
          ],
          [
            22.774626,
            69.069638
          ],
          [
            22.774701,
            69.069639
          ],
          [
            22.77478,
            69.069639
          ],
          [
            22.77486,
            69.069636
          ],
          [
            22.774936,
            69.069632
          ],
          [
            22.775017,
            69.069624
          ],
          [
            22.775113,
            69.069618
          ],
          [
            22.775194,
            69.069613
          ],
          [
            22.775275,
            69.069609
          ],
          [
            22.775355,
            69.069603
          ],
          [
            22.775436,
            69.069599
          ],
          [
            22.775523,
            69.069595
          ],
          [
            22.775599,
            69.069592
          ],
          [
            22.775675,
            69.069591
          ],
          [
            22.775762,
            69.069591
          ],
          [
            22.775853,
            69.069591
          ],
          [
            22.77594,
            69.069596
          ],
          [
            22.776014,
            69.069606
          ],
          [
            22.776089,
            69.069621
          ],
          [
            22.776163,
            69.069635
          ],
          [
            22.77623,
            69.069652
          ],
          [
            22.776301,
            69.069673
          ],
          [
            22.776371,
            69.069694
          ],
          [
            22.776443,
            69.069713
          ],
          [
            22.776516,
            69.069733
          ],
          [
            22.776576,
            69.069751
          ],
          [
            22.776634,
            69.069774
          ],
          [
            22.776691,
            69.069799
          ],
          [
            22.776748,
            69.069825
          ],
          [
            22.776806,
            69.069851
          ],
          [
            22.776859,
            69.069875
          ],
          [
            22.776915,
            69.069901
          ],
          [
            22.776967,
            69.069924
          ],
          [
            22.777023,
            69.069951
          ],
          [
            22.777081,
            69.069973
          ],
          [
            22.777136,
            69.069993
          ],
          [
            22.777199,
            69.070017
          ],
          [
            22.777262,
            69.070041
          ],
          [
            22.777325,
            69.070063
          ],
          [
            22.777384,
            69.070083
          ],
          [
            22.777461,
            69.070105
          ],
          [
            22.777526,
            69.070123
          ],
          [
            22.777595,
            69.070143
          ],
          [
            22.777657,
            69.070163
          ],
          [
            22.777709,
            69.070184
          ],
          [
            22.777763,
            69.070212
          ],
          [
            22.777821,
            69.070237
          ],
          [
            22.777883,
            69.070261
          ],
          [
            22.777953,
            69.070281
          ],
          [
            22.778025,
            69.070298
          ],
          [
            22.778094,
            69.070311
          ],
          [
            22.778174,
            69.070322
          ],
          [
            22.778253,
            69.070323
          ],
          [
            22.778336,
            69.070323
          ],
          [
            22.778415,
            69.070311
          ],
          [
            22.778488,
            69.070294
          ],
          [
            22.778567,
            69.070281
          ],
          [
            22.778634,
            69.070267
          ],
          [
            22.778707,
            69.07025
          ],
          [
            22.778774,
            69.070236
          ],
          [
            22.778854,
            69.070222
          ],
          [
            22.778929,
            69.07021
          ],
          [
            22.778998,
            69.070198
          ],
          [
            22.779073,
            69.070183
          ],
          [
            22.779148,
            69.070169
          ],
          [
            22.779222,
            69.070157
          ],
          [
            22.779297,
            69.070145
          ],
          [
            22.779371,
            69.070133
          ],
          [
            22.779446,
            69.070121
          ],
          [
            22.779524,
            69.070113
          ],
          [
            22.779609,
            69.070109
          ],
          [
            22.779694,
            69.070107
          ],
          [
            22.779779,
            69.070105
          ],
          [
            22.779864,
            69.070104
          ],
          [
            22.779952,
            69.070102
          ],
          [
            22.780037,
            69.070102
          ],
          [
            22.780127,
            69.070102
          ],
          [
            22.780215,
            69.070103
          ],
          [
            22.780305,
            69.070103
          ],
          [
            22.780387,
            69.070103
          ],
          [
            22.780483,
            69.070103
          ],
          [
            22.780567,
            69.070104
          ],
          [
            22.780653,
            69.070104
          ],
          [
            22.780737,
            69.070104
          ],
          [
            22.780822,
            69.070105
          ],
          [
            22.780907,
            69.070105
          ],
          [
            22.780992,
            69.070105
          ],
          [
            22.781077,
            69.070104
          ],
          [
            22.781162,
            69.070103
          ],
          [
            22.781242,
            69.070103
          ],
          [
            22.781327,
            69.070101
          ],
          [
            22.781409,
            69.070099
          ],
          [
            22.781489,
            69.070094
          ],
          [
            22.781576,
            69.07009
          ],
          [
            22.781659,
            69.070085
          ],
          [
            22.781744,
            69.07008
          ],
          [
            22.781818,
            69.070076
          ],
          [
            22.781898,
            69.070071
          ],
          [
            22.781972,
            69.070067
          ],
          [
            22.782063,
            69.070063
          ],
          [
            22.782148,
            69.07006
          ],
          [
            22.782227,
            69.070057
          ],
          [
            22.782312,
            69.070052
          ],
          [
            22.782397,
            69.070048
          ],
          [
            22.782483,
            69.070042
          ],
          [
            22.782562,
            69.07004
          ],
          [
            22.782647,
            69.070038
          ],
          [
            22.782727,
            69.070038
          ],
          [
            22.782806,
            69.070038
          ],
          [
            22.782891,
            69.070038
          ],
          [
            22.782971,
            69.07004
          ],
          [
            22.783045,
            69.070046
          ],
          [
            22.783119,
            69.070056
          ],
          [
            22.783193,
            69.070062
          ],
          [
            22.783267,
            69.070067
          ],
          [
            22.783352,
            69.070073
          ],
          [
            22.783437,
            69.07008
          ],
          [
            22.783511,
            69.070085
          ],
          [
            22.783585,
            69.070091
          ],
          [
            22.78366,
            69.070098
          ],
          [
            22.78375,
            69.070106
          ],
          [
            22.783824,
            69.070113
          ],
          [
            22.783898,
            69.070119
          ],
          [
            22.783977,
            69.070123
          ],
          [
            22.784062,
            69.070124
          ],
          [
            22.784147,
            69.070128
          ],
          [
            22.784232,
            69.070129
          ],
          [
            22.784322,
            69.070128
          ],
          [
            22.784413,
            69.070123
          ],
          [
            22.784495,
            69.070112
          ],
          [
            22.78457,
            69.070101
          ],
          [
            22.784647,
            69.070091
          ],
          [
            22.784722,
            69.07008
          ],
          [
            22.784812,
            69.070076
          ],
          [
            22.784887,
            69.070077
          ],
          [
            22.78497,
            69.070077
          ],
          [
            22.785052,
            69.070078
          ],
          [
            22.785133,
            69.070079
          ],
          [
            22.785213,
            69.070079
          ],
          [
            22.785292,
            69.07008
          ],
          [
            22.785367,
            69.070082
          ],
          [
            22.785442,
            69.070086
          ],
          [
            22.785527,
            69.070093
          ],
          [
            22.785606,
            69.0701
          ],
          [
            22.785686,
            69.070102
          ],
          [
            22.785776,
            69.070103
          ],
          [
            22.78584,
            69.070105
          ],
          [
            22.786084,
            69.070101
          ],
          [
            22.786167,
            69.070101
          ],
          [
            22.786257,
            69.070102
          ],
          [
            22.786342,
            69.070102
          ],
          [
            22.786421,
            69.070102
          ],
          [
            22.786501,
            69.070102
          ],
          [
            22.786581,
            69.070104
          ],
          [
            22.786655,
            69.070112
          ],
          [
            22.786729,
            69.070119
          ],
          [
            22.786814,
            69.070131
          ],
          [
            22.786888,
            69.070142
          ],
          [
            22.786962,
            69.070153
          ],
          [
            22.787036,
            69.070165
          ],
          [
            22.787111,
            69.070178
          ],
          [
            22.787185,
            69.070191
          ],
          [
            22.787259,
            69.070206
          ],
          [
            22.787333,
            69.070221
          ],
          [
            22.787364,
            69.070227
          ],
          [
            22.787408,
            69.070236
          ],
          [
            22.787487,
            69.070252
          ],
          [
            22.787562,
            69.070267
          ],
          [
            22.787636,
            69.07028
          ],
          [
            22.78771,
            69.070292
          ],
          [
            22.787784,
            69.070303
          ],
          [
            22.78786,
            69.070315
          ],
          [
            22.787933,
            69.070326
          ],
          [
            22.788002,
            69.070337
          ],
          [
            22.788072,
            69.070347
          ],
          [
            22.788083,
            69.070349
          ],
          [
            22.788145,
            69.070359
          ],
          [
            22.788219,
            69.070371
          ],
          [
            22.788293,
            69.070382
          ],
          [
            22.788364,
            69.070393
          ],
          [
            22.788447,
            69.070406
          ],
          [
            22.788522,
            69.070417
          ],
          [
            22.788552,
            69.070422
          ],
          [
            22.788596,
            69.070428
          ],
          [
            22.788672,
            69.070438
          ],
          [
            22.788756,
            69.070447
          ],
          [
            22.78883,
            69.070453
          ],
          [
            22.788905,
            69.070459
          ],
          [
            22.78898,
            69.070466
          ],
          [
            22.789065,
            69.070473
          ],
          [
            22.789139,
            69.070478
          ],
          [
            22.789216,
            69.070483
          ],
          [
            22.789301,
            69.070485
          ],
          [
            22.789377,
            69.070488
          ],
          [
            22.789454,
            69.070491
          ],
          [
            22.789534,
            69.070494
          ],
          [
            22.789619,
            69.070497
          ],
          [
            22.789703,
            69.070501
          ],
          [
            22.789794,
            69.070506
          ],
          [
            22.789884,
            69.07051
          ],
          [
            22.789963,
            69.070514
          ],
          [
            22.790053,
            69.070518
          ],
          [
            22.790143,
            69.070523
          ],
          [
            22.790228,
            69.070527
          ],
          [
            22.790313,
            69.070531
          ],
          [
            22.790403,
            69.070535
          ],
          [
            22.790493,
            69.070539
          ],
          [
            22.790581,
            69.070543
          ],
          [
            22.790666,
            69.070547
          ],
          [
            22.790756,
            69.070552
          ],
          [
            22.79084,
            69.070556
          ],
          [
            22.790925,
            69.07056
          ],
          [
            22.791005,
            69.070565
          ],
          [
            22.791084,
            69.070573
          ],
          [
            22.791169,
            69.07058
          ],
          [
            22.791243,
            69.070587
          ],
          [
            22.791317,
            69.070594
          ],
          [
            22.791395,
            69.070602
          ],
          [
            22.79148,
            69.07061
          ],
          [
            22.791567,
            69.07062
          ],
          [
            22.791651,
            69.07063
          ],
          [
            22.791737,
            69.070639
          ],
          [
            22.791821,
            69.070644
          ],
          [
            22.791906,
            69.070648
          ],
          [
            22.791985,
            69.070648
          ],
          [
            22.79207,
            69.070648
          ],
          [
            22.79216,
            69.070648
          ],
          [
            22.792245,
            69.070648
          ],
          [
            22.79233,
            69.070648
          ],
          [
            22.792412,
            69.070648
          ],
          [
            22.792497,
            69.070648
          ],
          [
            22.792582,
            69.070648
          ],
          [
            22.792667,
            69.070648
          ],
          [
            22.792751,
            69.070648
          ],
          [
            22.792836,
            69.070648
          ],
          [
            22.792926,
            69.070648
          ],
          [
            22.793011,
            69.070648
          ],
          [
            22.793096,
            69.070647
          ],
          [
            22.793181,
            69.070644
          ],
          [
            22.793271,
            69.070643
          ],
          [
            22.793356,
            69.070643
          ],
          [
            22.793446,
            69.070645
          ],
          [
            22.793528,
            69.070655
          ],
          [
            22.793602,
            69.070666
          ],
          [
            22.793676,
            69.070676
          ],
          [
            22.793751,
            69.07069
          ],
          [
            22.793825,
            69.070706
          ],
          [
            22.793899,
            69.070721
          ],
          [
            22.793973,
            69.070735
          ],
          [
            22.794048,
            69.070749
          ],
          [
            22.794122,
            69.070763
          ],
          [
            22.794196,
            69.070779
          ],
          [
            22.79427,
            69.070796
          ],
          [
            22.794344,
            69.070814
          ],
          [
            22.794419,
            69.070831
          ],
          [
            22.794493,
            69.070846
          ],
          [
            22.794567,
            69.07086
          ],
          [
            22.794652,
            69.070872
          ],
          [
            22.79473,
            69.07088
          ],
          [
            22.794812,
            69.070889
          ],
          [
            22.794893,
            69.070901
          ],
          [
            22.794973,
            69.070909
          ],
          [
            22.795059,
            69.070916
          ],
          [
            22.795132,
            69.070924
          ],
          [
            22.795211,
            69.070933
          ],
          [
            22.795285,
            69.07094
          ],
          [
            22.795363,
            69.070944
          ],
          [
            22.795453,
            69.070948
          ],
          [
            22.795532,
            69.070954
          ],
          [
            22.795622,
            69.070956
          ],
          [
            22.795707,
            69.070954
          ],
          [
            22.795791,
            69.070953
          ],
          [
            22.795882,
            69.070947
          ],
          [
            22.795972,
            69.070941
          ],
          [
            22.796057,
            69.070941
          ],
          [
            22.796147,
            69.070938
          ],
          [
            22.796229,
            69.070936
          ],
          [
            22.796311,
            69.07093
          ],
          [
            22.796393,
            69.070927
          ],
          [
            22.796475,
            69.070926
          ],
          [
            22.79656,
            69.070927
          ],
          [
            22.796645,
            69.070927
          ],
          [
            22.796724,
            69.070924
          ],
          [
            22.796806,
            69.070921
          ],
          [
            22.796881,
            69.070915
          ],
          [
            22.796971,
            69.070906
          ],
          [
            22.797055,
            69.070897
          ],
          [
            22.79713,
            69.07089
          ],
          [
            22.79722,
            69.070881
          ],
          [
            22.797304,
            69.070872
          ],
          [
            22.797383,
            69.070864
          ],
          [
            22.797469,
            69.070856
          ],
          [
            22.797554,
            69.070849
          ],
          [
            22.797638,
            69.070841
          ],
          [
            22.797723,
            69.070832
          ],
          [
            22.797794,
            69.070823
          ],
          [
            22.797869,
            69.070813
          ],
          [
            22.797951,
            69.070802
          ],
          [
            22.798025,
            69.070791
          ],
          [
            22.798099,
            69.07078
          ],
          [
            22.798171,
            69.07077
          ],
          [
            22.79825,
            69.07076
          ],
          [
            22.798324,
            69.07075
          ],
          [
            22.798398,
            69.07074
          ],
          [
            22.798473,
            69.07073
          ],
          [
            22.798547,
            69.07072
          ],
          [
            22.798621,
            69.070713
          ],
          [
            22.798695,
            69.070704
          ],
          [
            22.798705,
            69.070703
          ],
          [
            22.798781,
            69.070694
          ],
          [
            22.798855,
            69.070685
          ],
          [
            22.798929,
            69.070676
          ],
          [
            22.799003,
            69.070665
          ],
          [
            22.799078,
            69.070655
          ],
          [
            22.799153,
            69.070645
          ],
          [
            22.799231,
            69.070637
          ],
          [
            22.799317,
            69.070629
          ],
          [
            22.799391,
            69.070622
          ],
          [
            22.799479,
            69.070619
          ],
          [
            22.799561,
            69.070619
          ],
          [
            22.79964,
            69.070619
          ],
          [
            22.79973,
            69.070619
          ],
          [
            22.799812,
            69.070619
          ],
          [
            22.799895,
            69.07062
          ],
          [
            22.799985,
            69.07062
          ],
          [
            22.8,
            69.07062
          ],
          [
            22.80007,
            69.07062
          ],
          [
            22.800154,
            69.07062
          ],
          [
            22.800239,
            69.070621
          ],
          [
            22.800317,
            69.070621
          ],
          [
            22.800402,
            69.070621
          ],
          [
            22.800478,
            69.070621
          ],
          [
            22.800566,
            69.070622
          ],
          [
            22.800657,
            69.070621
          ],
          [
            22.800745,
            69.070622
          ],
          [
            22.800782,
            69.070624
          ],
          [
            22.80083,
            69.070625
          ],
          [
            22.80092,
            69.070628
          ],
          [
            22.800997,
            69.070632
          ],
          [
            22.801082,
            69.070633
          ],
          [
            22.801171,
            69.070634
          ],
          [
            22.80126,
            69.070638
          ],
          [
            22.801345,
            69.070644
          ],
          [
            22.801423,
            69.070651
          ],
          [
            22.801504,
            69.070659
          ],
          [
            22.801585,
            69.070667
          ],
          [
            22.801663,
            69.070675
          ],
          [
            22.801748,
            69.070682
          ],
          [
            22.801827,
            69.070684
          ],
          [
            22.801913,
            69.070686
          ],
          [
            22.801997,
            69.070689
          ],
          [
            22.802082,
            69.070692
          ],
          [
            22.802167,
            69.070695
          ],
          [
            22.802252,
            69.070696
          ],
          [
            22.802337,
            69.070696
          ],
          [
            22.802421,
            69.070696
          ],
          [
            22.802506,
            69.070696
          ],
          [
            22.802583,
            69.070696
          ],
          [
            22.802665,
            69.070696
          ],
          [
            22.80275,
            69.070697
          ],
          [
            22.802841,
            69.070703
          ],
          [
            22.802928,
            69.070709
          ],
          [
            22.803002,
            69.070714
          ],
          [
            22.803079,
            69.07072
          ],
          [
            22.803163,
            69.070729
          ],
          [
            22.803248,
            69.070737
          ],
          [
            22.803322,
            69.070742
          ],
          [
            22.803407,
            69.070747
          ],
          [
            22.803487,
            69.07075
          ],
          [
            22.803572,
            69.070755
          ],
          [
            22.803646,
            69.070761
          ],
          [
            22.803725,
            69.070769
          ],
          [
            22.8038,
            69.070777
          ],
          [
            22.803874,
            69.070784
          ],
          [
            22.803958,
            69.070796
          ],
          [
            22.804034,
            69.070806
          ],
          [
            22.804106,
            69.070817
          ],
          [
            22.80418,
            69.070827
          ],
          [
            22.804252,
            69.070836
          ],
          [
            22.804328,
            69.070847
          ],
          [
            22.804408,
            69.070858
          ],
          [
            22.804483,
            69.070869
          ],
          [
            22.804569,
            69.070877
          ],
          [
            22.804643,
            69.070883
          ],
          [
            22.804726,
            69.070889
          ],
          [
            22.804802,
            69.070893
          ],
          [
            22.804886,
            69.070898
          ],
          [
            22.80497,
            69.070903
          ],
          [
            22.805055,
            69.070908
          ],
          [
            22.80514,
            69.070912
          ],
          [
            22.805225,
            69.070913
          ],
          [
            22.805309,
            69.070913
          ],
          [
            22.8054,
            69.070914
          ],
          [
            22.805484,
            69.070915
          ],
          [
            22.805561,
            69.070915
          ],
          [
            22.805638,
            69.070915
          ],
          [
            22.806909,
            69.071135
          ],
          [
            22.807975,
            69.071217
          ],
          [
            22.808671,
            69.071298
          ],
          [
            22.808773,
            69.07131
          ],
          [
            22.809182,
            69.071361
          ],
          [
            22.809528,
            69.071404
          ],
          [
            22.810874,
            69.071681
          ],
          [
            22.811529,
            69.072346
          ],
          [
            22.813376,
            69.073608
          ],
          [
            22.814394,
            69.073792
          ],
          [
            22.814429,
            69.073793
          ],
          [
            22.815718,
            69.073831
          ],
          [
            22.818238,
            69.074084
          ],
          [
            22.818395,
            69.074097
          ],
          [
            22.822688,
            69.074337
          ],
          [
            22.824868,
            69.074323
          ],
          [
            22.830134,
            69.074455
          ],
          [
            22.832478,
            69.074129
          ],
          [
            22.834723,
            69.07338
          ],
          [
            22.837206,
            69.072818
          ],
          [
            22.83829,
            69.072573
          ],
          [
            22.840905,
            69.072439
          ],
          [
            22.842884,
            69.072605
          ],
          [
            22.843711,
            69.072594
          ],
          [
            22.844837,
            69.072748
          ],
          [
            22.845432,
            69.072708
          ]
        ]
      }
    },
    {
      "type": "Feature",
      "properties": {
        "schemaVersion": 1,
        "trailId": "nordkalottleden",
        "sectionId": "nordkalottleden-kalottireitti-12-madam-bongos-kautokeino",
        "sectionNumber": 12,
        "name": "Madam Bongos fjellstue / Čunovuohppi to Kautokeino / Guovdageaidnu",
        "sourceKind": "official-geonorge-turrutebasen-gpx",
        "sourceUrl": "https://kartkatalog.geonorge.no/metadata/d1422d17-6d95-4ef1-96ab-8af31744dd63",
        "sourceUrls": [
          "https://kartkatalog.geonorge.no/metadata/d1422d17-6d95-4ef1-96ab-8af31744dd63"
        ],
        "sourceAccessed": "2026-04-30",
        "generatedAt": "2026-04-30T06:26:02.442Z",
        "sourceDirection": "Turrutebasen E1/DNT Alta line clipped from Čunovuohppi to Kautokeino",
        "appDirection": "Čunovuohppi to Kautokeino",
        "officialDistanceKm": 22,
        "geometryDistanceKm": 19.512,
        "geometryPointCount": 1147,
        "endpointSnap": {
          "start": {
            "selectedEndpointLabel": "Madam Bongos fjellstue / Čunovuohppi",
            "selectedEndpoint": {
              "lat": 69.07257,
              "lon": 22.84703
            },
            "routeLinePoint": {
              "lat": 69.072708,
              "lon": 22.845432
            },
            "gapMeters": 65.4
          },
          "end": {
            "selectedEndpointLabel": "Kautokeino / Guovdageaidnu route endpoint",
            "selectedEndpoint": {
              "lat": 69.0129709,
              "lon": 23.0370718
            },
            "routeLinePoint": {
              "lat": 69.012977,
              "lon": 23.03708
            },
            "gapMeters": 0.8
          }
        },
        "maxEndpointGapMeters": 65.4,
        "quality": "official route-line candidate; endpoint policy review required",
        "caveats": [
          "OSM child relation 9517537 is incomplete for Kautokeino; this artifact uses official Turrutebasen E1 linework instead.",
          "Madam Bongos/Čunovuohppi road access is private-road/currentness sensitive."
        ],
        "warnings": [
          "start endpoint gap exceeds 50 m"
        ],
        "importReadiness": "research geometry artifact only; not runtime app geometry",
        "sourceMetadata": {
          "sourceParts": [
            {
              "sourceZip": "geometry/source-downloads/Friluftsliv_5612_Kautokeino_4326_TurOgFriluftsruter_GPX.zip",
              "sourceGpx": "Friluftsliv_5612_Kautokeino_4326_TurOgFriluftsruter_GPX.gpx",
              "routeIndex": 4,
              "routeName": "E1",
              "routeComment": "Rett i kartet",
              "routeSource": "DNT | Alta og Omegn Turlag",
              "routeType": "Fotrute",
              "routePointCount": 5345,
              "routeMeasuredKm": 62.87,
              "notes": [
                "Clipped from a longer E1 route object through Čunovuohppi and Kautokeino."
              ]
            }
          ]
        }
      },
      "geometry": {
        "type": "LineString",
        "coordinates": [
          [
            22.845432,
            69.072708
          ],
          [
            22.845421,
            69.072696
          ],
          [
            22.845394,
            69.072658
          ],
          [
            22.845371,
            69.072621
          ],
          [
            22.845352,
            69.072583
          ],
          [
            22.845336,
            69.072546
          ],
          [
            22.845324,
            69.072506
          ],
          [
            22.845312,
            69.072465
          ],
          [
            22.845305,
            69.07243
          ],
          [
            22.845298,
            69.07239
          ],
          [
            22.845288,
            69.072347
          ],
          [
            22.845279,
            69.072311
          ],
          [
            22.845272,
            69.072275
          ],
          [
            22.84526,
            69.072237
          ],
          [
            22.845253,
            69.072196
          ],
          [
            22.84524,
            69.072154
          ],
          [
            22.845231,
            69.072114
          ],
          [
            22.845224,
            69.072073
          ],
          [
            22.845214,
            69.07203
          ],
          [
            22.845201,
            69.071988
          ],
          [
            22.845191,
            69.071947
          ],
          [
            22.845179,
            69.071904
          ],
          [
            22.845168,
            69.071862
          ],
          [
            22.845158,
            69.071818
          ],
          [
            22.845145,
            69.071777
          ],
          [
            22.845135,
            69.071735
          ],
          [
            22.845122,
            69.071692
          ],
          [
            22.845113,
            69.071651
          ],
          [
            22.845103,
            69.071611
          ],
          [
            22.845093,
            69.071569
          ],
          [
            22.84509,
            69.071547
          ],
          [
            22.845083,
            69.071528
          ],
          [
            22.845074,
            69.071487
          ],
          [
            22.845061,
            69.071446
          ],
          [
            22.845051,
            69.071404
          ],
          [
            22.845038,
            69.071361
          ],
          [
            22.845028,
            69.071317
          ],
          [
            22.845017,
            69.071272
          ],
          [
            22.845008,
            69.071226
          ],
          [
            22.844993,
            69.071181
          ],
          [
            22.844985,
            69.071136
          ],
          [
            22.844971,
            69.071089
          ],
          [
            22.844962,
            69.071043
          ],
          [
            22.84495,
            69.070996
          ],
          [
            22.844939,
            69.070952
          ],
          [
            22.844928,
            69.070905
          ],
          [
            22.844918,
            69.070859
          ],
          [
            22.844904,
            69.070813
          ],
          [
            22.844893,
            69.070768
          ],
          [
            22.844882,
            69.070721
          ],
          [
            22.84487,
            69.070674
          ],
          [
            22.844853,
            69.070629
          ],
          [
            22.844842,
            69.070583
          ],
          [
            22.844827,
            69.070535
          ],
          [
            22.844811,
            69.07049
          ],
          [
            22.844794,
            69.070444
          ],
          [
            22.844777,
            69.070397
          ],
          [
            22.844763,
            69.070349
          ],
          [
            22.84474,
            69.070302
          ],
          [
            22.844733,
            69.070267
          ],
          [
            22.844717,
            69.07023
          ],
          [
            22.844709,
            69.070194
          ],
          [
            22.844699,
            69.070158
          ],
          [
            22.844691,
            69.070121
          ],
          [
            22.844685,
            69.070084
          ],
          [
            22.844674,
            69.070046
          ],
          [
            22.844671,
            69.07001
          ],
          [
            22.844662,
            69.069972
          ],
          [
            22.844656,
            69.069934
          ],
          [
            22.844648,
            69.069897
          ],
          [
            22.844639,
            69.069858
          ],
          [
            22.84463,
            69.06982
          ],
          [
            22.844624,
            69.069782
          ],
          [
            22.844613,
            69.069743
          ],
          [
            22.844605,
            69.069706
          ],
          [
            22.844594,
            69.069669
          ],
          [
            22.844585,
            69.069631
          ],
          [
            22.844574,
            69.069592
          ],
          [
            22.844565,
            69.069555
          ],
          [
            22.844556,
            69.069516
          ],
          [
            22.844547,
            69.069477
          ],
          [
            22.844536,
            69.069439
          ],
          [
            22.844529,
            69.069399
          ],
          [
            22.844518,
            69.06936
          ],
          [
            22.844509,
            69.069321
          ],
          [
            22.844499,
            69.06928
          ],
          [
            22.84449,
            69.06924
          ],
          [
            22.844481,
            69.0692
          ],
          [
            22.844474,
            69.06916
          ],
          [
            22.844466,
            69.069119
          ],
          [
            22.844459,
            69.069078
          ],
          [
            22.84445,
            69.069037
          ],
          [
            22.844441,
            69.068998
          ],
          [
            22.844434,
            69.068957
          ],
          [
            22.844427,
            69.068918
          ],
          [
            22.844418,
            69.068878
          ],
          [
            22.844411,
            69.068838
          ],
          [
            22.844402,
            69.068798
          ],
          [
            22.844396,
            69.068761
          ],
          [
            22.844392,
            69.068722
          ],
          [
            22.844385,
            69.068682
          ],
          [
            22.844381,
            69.068644
          ],
          [
            22.844377,
            69.068604
          ],
          [
            22.844373,
            69.068566
          ],
          [
            22.844372,
            69.068527
          ],
          [
            22.844368,
            69.068488
          ],
          [
            22.844369,
            69.068449
          ],
          [
            22.844373,
            69.068409
          ],
          [
            22.844376,
            69.06837
          ],
          [
            22.844385,
            69.06833
          ],
          [
            22.844393,
            69.068289
          ],
          [
            22.844401,
            69.068248
          ],
          [
            22.844411,
            69.068208
          ],
          [
            22.844424,
            69.068167
          ],
          [
            22.844437,
            69.068126
          ],
          [
            22.84445,
            69.068084
          ],
          [
            22.844461,
            69.068043
          ],
          [
            22.844473,
            69.068001
          ],
          [
            22.844487,
            69.067961
          ],
          [
            22.844497,
            69.06792
          ],
          [
            22.84451,
            69.067878
          ],
          [
            22.84452,
            69.067837
          ],
          [
            22.844531,
            69.067795
          ],
          [
            22.844541,
            69.067756
          ],
          [
            22.844552,
            69.067714
          ],
          [
            22.844562,
            69.067673
          ],
          [
            22.844571,
            69.067633
          ],
          [
            22.844581,
            69.067591
          ],
          [
            22.844586,
            69.06755
          ],
          [
            22.844594,
            69.06751
          ],
          [
            22.844597,
            69.067468
          ],
          [
            22.844605,
            69.067427
          ],
          [
            22.844613,
            69.067386
          ],
          [
            22.844614,
            69.067345
          ],
          [
            22.844621,
            69.067302
          ],
          [
            22.844626,
            69.067262
          ],
          [
            22.844627,
            69.067221
          ],
          [
            22.84463,
            69.06718
          ],
          [
            22.844633,
            69.067139
          ],
          [
            22.844633,
            69.067098
          ],
          [
            22.844634,
            69.067059
          ],
          [
            22.844635,
            69.067018
          ],
          [
            22.844635,
            69.066978
          ],
          [
            22.844633,
            69.066936
          ],
          [
            22.844634,
            69.066895
          ],
          [
            22.844631,
            69.066854
          ],
          [
            22.844629,
            69.066812
          ],
          [
            22.844624,
            69.06677
          ],
          [
            22.844621,
            69.066728
          ],
          [
            22.844616,
            69.066686
          ],
          [
            22.844612,
            69.066645
          ],
          [
            22.844605,
            69.066604
          ],
          [
            22.844597,
            69.066563
          ],
          [
            22.84459,
            69.066523
          ],
          [
            22.844583,
            69.066481
          ],
          [
            22.844574,
            69.066441
          ],
          [
            22.844569,
            69.066401
          ],
          [
            22.844558,
            69.066363
          ],
          [
            22.844549,
            69.066324
          ],
          [
            22.844538,
            69.066285
          ],
          [
            22.844529,
            69.066246
          ],
          [
            22.844515,
            69.066208
          ],
          [
            22.844504,
            69.066171
          ],
          [
            22.84449,
            69.066132
          ],
          [
            22.844471,
            69.066095
          ],
          [
            22.844453,
            69.066058
          ],
          [
            22.84443,
            69.06602
          ],
          [
            22.844403,
            69.065981
          ],
          [
            22.844374,
            69.065944
          ],
          [
            22.844349,
            69.065907
          ],
          [
            22.844312,
            69.065869
          ],
          [
            22.844276,
            69.065832
          ],
          [
            22.844235,
            69.065795
          ],
          [
            22.844193,
            69.065756
          ],
          [
            22.844147,
            69.065719
          ],
          [
            22.844101,
            69.065681
          ],
          [
            22.844049,
            69.065642
          ],
          [
            22.843997,
            69.065603
          ],
          [
            22.843939,
            69.065561
          ],
          [
            22.843881,
            69.065519
          ],
          [
            22.843825,
            69.065478
          ],
          [
            22.843764,
            69.065433
          ],
          [
            22.843702,
            69.065389
          ],
          [
            22.843639,
            69.065344
          ],
          [
            22.843574,
            69.065297
          ],
          [
            22.843509,
            69.06525
          ],
          [
            22.843446,
            69.065203
          ],
          [
            22.843397,
            69.06517
          ],
          [
            22.843352,
            69.065138
          ],
          [
            22.843308,
            69.065105
          ],
          [
            22.84326,
            69.065072
          ],
          [
            22.843215,
            69.065039
          ],
          [
            22.843168,
            69.065005
          ],
          [
            22.843121,
            69.064973
          ],
          [
            22.843074,
            69.06494
          ],
          [
            22.843029,
            69.064906
          ],
          [
            22.842981,
            69.064872
          ],
          [
            22.842934,
            69.064839
          ],
          [
            22.842884,
            69.064806
          ],
          [
            22.842834,
            69.064773
          ],
          [
            22.842785,
            69.06474
          ],
          [
            22.842735,
            69.064706
          ],
          [
            22.842682,
            69.064673
          ],
          [
            22.842633,
            69.06464
          ],
          [
            22.84258,
            69.064607
          ],
          [
            22.842528,
            69.064574
          ],
          [
            22.842476,
            69.064541
          ],
          [
            22.842424,
            69.064509
          ],
          [
            22.842371,
            69.064475
          ],
          [
            22.842319,
            69.064442
          ],
          [
            22.842267,
            69.06441
          ],
          [
            22.842209,
            69.064375
          ],
          [
            22.842158,
            69.064344
          ],
          [
            22.8421,
            69.06431
          ],
          [
            22.842047,
            69.064277
          ],
          [
            22.841995,
            69.064244
          ],
          [
            22.841937,
            69.06421
          ],
          [
            22.841883,
            69.064177
          ],
          [
            22.841831,
            69.064144
          ],
          [
            22.841775,
            69.064109
          ],
          [
            22.84172,
            69.064076
          ],
          [
            22.841665,
            69.064043
          ],
          [
            22.841605,
            69.064009
          ],
          [
            22.841551,
            69.063977
          ],
          [
            22.841495,
            69.063942
          ],
          [
            22.841437,
            69.063908
          ],
          [
            22.841382,
            69.063873
          ],
          [
            22.841325,
            69.063841
          ],
          [
            22.841267,
            69.063805
          ],
          [
            22.841207,
            69.063773
          ],
          [
            22.841149,
            69.063738
          ],
          [
            22.841091,
            69.063703
          ],
          [
            22.841033,
            69.063669
          ],
          [
            22.840976,
            69.063635
          ],
          [
            22.840918,
            69.063601
          ],
          [
            22.84086,
            69.063567
          ],
          [
            22.840803,
            69.063534
          ],
          [
            22.840745,
            69.063501
          ],
          [
            22.840691,
            69.06347
          ],
          [
            22.840637,
            69.063437
          ],
          [
            22.840585,
            69.063404
          ],
          [
            22.840528,
            69.063374
          ],
          [
            22.840477,
            69.063343
          ],
          [
            22.840397,
            69.063298
          ],
          [
            22.840326,
            69.063254
          ],
          [
            22.840252,
            69.063211
          ],
          [
            22.840179,
            69.063168
          ],
          [
            22.840109,
            69.063127
          ],
          [
            22.840041,
            69.063088
          ],
          [
            22.839975,
            69.063049
          ],
          [
            22.839911,
            69.063012
          ],
          [
            22.83985,
            69.062976
          ],
          [
            22.83979,
            69.062941
          ],
          [
            22.839734,
            69.062908
          ],
          [
            22.839683,
            69.062877
          ],
          [
            22.839613,
            69.062837
          ],
          [
            22.839554,
            69.062799
          ],
          [
            22.839496,
            69.062764
          ],
          [
            22.839447,
            69.062733
          ],
          [
            22.839386,
            69.062697
          ],
          [
            22.839334,
            69.062665
          ],
          [
            22.839278,
            69.06263
          ],
          [
            22.839224,
            69.062597
          ],
          [
            22.839169,
            69.062564
          ],
          [
            22.839109,
            69.06253
          ],
          [
            22.839036,
            69.062504
          ],
          [
            22.838988,
            69.062481
          ],
          [
            22.838757,
            69.062232
          ],
          [
            22.838443,
            69.061895
          ],
          [
            22.838364,
            69.061716
          ],
          [
            22.838171,
            69.061276
          ],
          [
            22.838097,
            69.061196
          ],
          [
            22.836685,
            69.059682
          ],
          [
            22.83649,
            69.059418
          ],
          [
            22.835324,
            69.05784
          ],
          [
            22.833959,
            69.056833
          ],
          [
            22.833677,
            69.055524
          ],
          [
            22.833671,
            69.05549
          ],
          [
            22.833571,
            69.055388
          ],
          [
            22.832888,
            69.054692
          ],
          [
            22.832141,
            69.053831
          ],
          [
            22.831942,
            69.053531
          ],
          [
            22.831282,
            69.05251
          ],
          [
            22.831313,
            69.051119
          ],
          [
            22.830614,
            69.050295
          ],
          [
            22.830258,
            69.05
          ],
          [
            22.829472,
            69.049349
          ],
          [
            22.825819,
            69.048119
          ],
          [
            22.82416,
            69.047439
          ],
          [
            22.820228,
            69.045293
          ],
          [
            22.818756,
            69.044669
          ],
          [
            22.818214,
            69.044439
          ],
          [
            22.818077,
            69.044381
          ],
          [
            22.818057,
            69.044372
          ],
          [
            22.817971,
            69.044321
          ],
          [
            22.817068,
            69.043778
          ],
          [
            22.81652,
            69.043449
          ],
          [
            22.816392,
            69.043372
          ],
          [
            22.81617,
            69.043239
          ],
          [
            22.816162,
            69.043234
          ],
          [
            22.814257,
            69.042151
          ],
          [
            22.813052,
            69.041086
          ],
          [
            22.8129,
            69.040904
          ],
          [
            22.81267,
            69.040629
          ],
          [
            22.812359,
            69.039863
          ],
          [
            22.812245,
            69.039582
          ],
          [
            22.812151,
            69.039045
          ],
          [
            22.812058,
            69.038514
          ],
          [
            22.812191,
            69.037817
          ],
          [
            22.81223,
            69.037609
          ],
          [
            22.812351,
            69.036981
          ],
          [
            22.812598,
            69.036886
          ],
          [
            22.812768,
            69.03682
          ],
          [
            22.812962,
            69.036746
          ],
          [
            22.813292,
            69.036619
          ],
          [
            22.813448,
            69.03656
          ],
          [
            22.814596,
            69.036319
          ],
          [
            22.815484,
            69.036134
          ],
          [
            22.816368,
            69.035967
          ],
          [
            22.816396,
            69.035962
          ],
          [
            22.816538,
            69.035935
          ],
          [
            22.816997,
            69.035769
          ],
          [
            22.817862,
            69.035456
          ],
          [
            22.818215,
            69.035328
          ],
          [
            22.818224,
            69.035325
          ],
          [
            22.818427,
            69.035251
          ],
          [
            22.818638,
            69.035175
          ],
          [
            22.820751,
            69.034466
          ],
          [
            22.822002,
            69.034046
          ],
          [
            22.82203,
            69.034036
          ],
          [
            22.825226,
            69.032963
          ],
          [
            22.825403,
            69.032904
          ],
          [
            22.826499,
            69.032483
          ],
          [
            22.828213,
            69.03174
          ],
          [
            22.828912,
            69.03126
          ],
          [
            22.829597,
            69.030789
          ],
          [
            22.829769,
            69.03067
          ],
          [
            22.8313,
            69.029738
          ],
          [
            22.832335,
            69.028995
          ],
          [
            22.832979,
            69.028532
          ],
          [
            22.83307,
            69.028056
          ],
          [
            22.832455,
            69.027621
          ],
          [
            22.830819,
            69.027069
          ],
          [
            22.830782,
            69.027057
          ],
          [
            22.83075,
            69.027008
          ],
          [
            22.83018,
            69.026148
          ],
          [
            22.829914,
            69.025746
          ],
          [
            22.829958,
            69.023499
          ],
          [
            22.827996,
            69.02193
          ],
          [
            22.827926,
            69.02162
          ],
          [
            22.828345,
            69.021185
          ],
          [
            22.828453,
            69.020681
          ],
          [
            22.828334,
            69.020283
          ],
          [
            22.828162,
            69.019703
          ],
          [
            22.828098,
            69.019487
          ],
          [
            22.828639,
            69.018903
          ],
          [
            22.828531,
            69.018445
          ],
          [
            22.828373,
            69.017775
          ],
          [
            22.828384,
            69.016245
          ],
          [
            22.828384,
            69.016223
          ],
          [
            22.828783,
            69.015558
          ],
          [
            22.828766,
            69.015159
          ],
          [
            22.828764,
            69.015109
          ],
          [
            22.829165,
            69.014714
          ],
          [
            22.829058,
            69.014347
          ],
          [
            22.829002,
            69.014157
          ],
          [
            22.828373,
            69.013596
          ],
          [
            22.828208,
            69.013448
          ],
          [
            22.827995,
            69.013082
          ],
          [
            22.827676,
            69.012535
          ],
          [
            22.827092,
            69.011446
          ],
          [
            22.826355,
            69.010684
          ],
          [
            22.825715,
            69.010023
          ],
          [
            22.825067,
            69.00834
          ],
          [
            22.825296,
            69.007799
          ],
          [
            22.825417,
            69.007515
          ],
          [
            22.825697,
            69.007367
          ],
          [
            22.826954,
            69.006709
          ],
          [
            22.827014,
            69.006677
          ],
          [
            22.827137,
            69.006612
          ],
          [
            22.827905,
            69.006425
          ],
          [
            22.829634,
            69.006191
          ],
          [
            22.829688,
            69.006184
          ],
          [
            22.831167,
            69.005984
          ],
          [
            22.832735,
            69.005921
          ],
          [
            22.832968,
            69.005865
          ],
          [
            22.833109,
            69.005832
          ],
          [
            22.833497,
            69.005478
          ],
          [
            22.833581,
            69.005402
          ],
          [
            22.833583,
            69.0054
          ],
          [
            22.834395,
            69.004997
          ],
          [
            22.839029,
            69.003708
          ],
          [
            22.839124,
            69.003681
          ],
          [
            22.841319,
            69.002831
          ],
          [
            22.8417,
            69.002354
          ],
          [
            22.841758,
            69.002046
          ],
          [
            22.841895,
            69.001323
          ],
          [
            22.842053,
            69.000487
          ],
          [
            22.842646,
            69.000039
          ],
          [
            22.842698,
            69
          ],
          [
            22.843104,
            68.999693
          ],
          [
            22.843209,
            68.999613
          ],
          [
            22.843522,
            68.999376
          ],
          [
            22.846025,
            68.99843
          ],
          [
            22.84845,
            68.997899
          ],
          [
            22.852496,
            68.997735
          ],
          [
            22.852743,
            68.997725
          ],
          [
            22.852915,
            68.997729
          ],
          [
            22.853321,
            68.997739
          ],
          [
            22.857902,
            68.997662
          ],
          [
            22.860314,
            68.997621
          ],
          [
            22.864208,
            68.997555
          ],
          [
            22.864298,
            68.997554
          ],
          [
            22.864428,
            68.997549
          ],
          [
            22.871412,
            68.997309
          ],
          [
            22.874192,
            68.997408
          ],
          [
            22.87449,
            68.997418
          ],
          [
            22.875024,
            68.997453
          ],
          [
            22.875198,
            68.997464
          ],
          [
            22.875438,
            68.997479
          ],
          [
            22.87612,
            68.997523
          ],
          [
            22.877073,
            68.997585
          ],
          [
            22.87786,
            68.997635
          ],
          [
            22.878795,
            68.997696
          ],
          [
            22.88064,
            68.997671
          ],
          [
            22.881604,
            68.997628
          ],
          [
            22.882031,
            68.997609
          ],
          [
            22.883618,
            68.997538
          ],
          [
            22.883683,
            68.997528
          ],
          [
            22.884827,
            68.997342
          ],
          [
            22.885617,
            68.997214
          ],
          [
            22.886422,
            68.997083
          ],
          [
            22.88667,
            68.997025
          ],
          [
            22.889082,
            68.996463
          ],
          [
            22.889672,
            68.996325
          ],
          [
            22.889845,
            68.996259
          ],
          [
            22.890904,
            68.995855
          ],
          [
            22.892077,
            68.995408
          ],
          [
            22.894778,
            68.994462
          ],
          [
            22.897054,
            68.994238
          ],
          [
            22.899941,
            68.994377
          ],
          [
            22.9,
            68.994381
          ],
          [
            22.900057,
            68.994385
          ],
          [
            22.901475,
            68.994484
          ],
          [
            22.902497,
            68.994481
          ],
          [
            22.903573,
            68.994478
          ],
          [
            22.904098,
            68.994477
          ],
          [
            22.904172,
            68.994454
          ],
          [
            22.905542,
            68.994024
          ],
          [
            22.906396,
            68.993711
          ],
          [
            22.906792,
            68.993566
          ],
          [
            22.908043,
            68.993108
          ],
          [
            22.909235,
            68.992963
          ],
          [
            22.91076,
            68.992829
          ],
          [
            22.911111,
            68.992798
          ],
          [
            22.91263,
            68.992772
          ],
          [
            22.914449,
            68.992739
          ],
          [
            22.914996,
            68.99273
          ],
          [
            22.9153,
            68.992724
          ],
          [
            22.915512,
            68.99269
          ],
          [
            22.916602,
            68.992512
          ],
          [
            22.91665,
            68.992489
          ],
          [
            22.917153,
            68.992258
          ],
          [
            22.918831,
            68.991485
          ],
          [
            22.91976,
            68.990662
          ],
          [
            22.920073,
            68.990384
          ],
          [
            22.92022,
            68.990254
          ],
          [
            22.922085,
            68.988601
          ],
          [
            22.922525,
            68.987689
          ],
          [
            22.922594,
            68.987545
          ],
          [
            22.922716,
            68.987293
          ],
          [
            22.922777,
            68.987219
          ],
          [
            22.923341,
            68.986541
          ],
          [
            22.923699,
            68.98636
          ],
          [
            22.923733,
            68.986343
          ],
          [
            22.924197,
            68.986109
          ],
          [
            22.924761,
            68.985546
          ],
          [
            22.925038,
            68.985316
          ],
          [
            22.925336,
            68.98507
          ],
          [
            22.926047,
            68.984912
          ],
          [
            22.928974,
            68.984877
          ],
          [
            22.93804,
            68.984814
          ],
          [
            22.938527,
            68.984829
          ],
          [
            22.943485,
            68.984991
          ],
          [
            22.945217,
            68.985047
          ],
          [
            22.945976,
            68.985072
          ],
          [
            22.947028,
            68.985213
          ],
          [
            22.947091,
            68.985212
          ],
          [
            22.947849,
            68.985198
          ],
          [
            22.948758,
            68.985182
          ],
          [
            22.949651,
            68.985168
          ],
          [
            22.95,
            68.985178
          ],
          [
            22.953395,
            68.985275
          ],
          [
            22.954105,
            68.985324
          ],
          [
            22.957935,
            68.985588
          ],
          [
            22.958025,
            68.985592
          ],
          [
            22.963612,
            68.985797
          ],
          [
            22.964512,
            68.98583
          ],
          [
            22.967111,
            68.985985
          ],
          [
            22.968116,
            68.986045
          ],
          [
            22.968765,
            68.986084
          ],
          [
            22.969936,
            68.986123
          ],
          [
            22.971459,
            68.986173
          ],
          [
            22.9719,
            68.986188
          ],
          [
            22.973892,
            68.986219
          ],
          [
            22.974249,
            68.986284
          ],
          [
            22.974632,
            68.986325
          ],
          [
            22.974914,
            68.986347
          ],
          [
            22.975612,
            68.98634
          ],
          [
            22.976167,
            68.986333
          ],
          [
            22.9767,
            68.986297
          ],
          [
            22.977358,
            68.986304
          ],
          [
            22.977806,
            68.986342
          ],
          [
            22.978176,
            68.986392
          ],
          [
            22.97857,
            68.986462
          ],
          [
            22.979038,
            68.986578
          ],
          [
            22.979428,
            68.986689
          ],
          [
            22.97979,
            68.986837
          ],
          [
            22.980139,
            68.986984
          ],
          [
            22.980477,
            68.987095
          ],
          [
            22.980641,
            68.987152
          ],
          [
            22.981178,
            68.987348
          ],
          [
            22.981506,
            68.987444
          ],
          [
            22.981848,
            68.987513
          ],
          [
            22.982101,
            68.987581
          ],
          [
            22.982238,
            68.987633
          ],
          [
            22.982412,
            68.987709
          ],
          [
            22.98251,
            68.987775
          ],
          [
            22.98275,
            68.987838
          ],
          [
            22.983043,
            68.987878
          ],
          [
            22.983399,
            68.987943
          ],
          [
            22.983741,
            68.98802
          ],
          [
            22.984451,
            68.988167
          ],
          [
            22.98477,
            68.988217
          ],
          [
            22.985308,
            68.98826
          ],
          [
            22.985759,
            68.988274
          ],
          [
            22.986195,
            68.988312
          ],
          [
            22.986566,
            68.988348
          ],
          [
            22.987076,
            68.988419
          ],
          [
            22.98751,
            68.988484
          ],
          [
            22.98811,
            68.98856
          ],
          [
            22.988566,
            68.988658
          ],
          [
            22.988996,
            68.988769
          ],
          [
            22.989476,
            68.988881
          ],
          [
            22.989945,
            68.988984
          ],
          [
            22.990593,
            68.989111
          ],
          [
            22.99096,
            68.989189
          ],
          [
            22.991532,
            68.989293
          ],
          [
            22.991823,
            68.989371
          ],
          [
            22.99201,
            68.989458
          ],
          [
            22.99227,
            68.989569
          ],
          [
            22.99256,
            68.989687
          ],
          [
            22.992838,
            68.989835
          ],
          [
            22.993056,
            68.989945
          ],
          [
            22.993442,
            68.990035
          ],
          [
            22.993743,
            68.990142
          ],
          [
            22.994166,
            68.990281
          ],
          [
            22.994406,
            68.990391
          ],
          [
            22.994571,
            68.990516
          ],
          [
            22.994705,
            68.99064
          ],
          [
            22.99493,
            68.990795
          ],
          [
            22.995137,
            68.990924
          ],
          [
            22.995353,
            68.991063
          ],
          [
            22.995591,
            68.991181
          ],
          [
            22.995827,
            68.991329
          ],
          [
            22.996112,
            68.99151
          ],
          [
            22.996255,
            68.991653
          ],
          [
            22.996302,
            68.991699
          ],
          [
            22.996341,
            68.991736
          ],
          [
            22.996506,
            68.99186
          ],
          [
            22.996631,
            68.99197
          ],
          [
            22.996832,
            68.992043
          ],
          [
            22.996961,
            68.992111
          ],
          [
            22.997189,
            68.992232
          ],
          [
            22.997333,
            68.99236
          ],
          [
            22.997488,
            68.992492
          ],
          [
            22.997649,
            68.992665
          ],
          [
            22.997739,
            68.992822
          ],
          [
            22.997797,
            68.992986
          ],
          [
            22.997929,
            68.993144
          ],
          [
            22.998093,
            68.993283
          ],
          [
            22.998216,
            68.993375
          ],
          [
            22.998576,
            68.993701
          ],
          [
            22.998622,
            68.993873
          ],
          [
            22.998777,
            68.994065
          ],
          [
            22.998908,
            68.994119
          ],
          [
            22.998959,
            68.994161
          ],
          [
            22.999053,
            68.99421
          ],
          [
            22.999119,
            68.99425
          ],
          [
            22.999177,
            68.994295
          ],
          [
            22.999236,
            68.99434
          ],
          [
            22.999292,
            68.994378
          ],
          [
            22.999371,
            68.994423
          ],
          [
            22.999439,
            68.994462
          ],
          [
            22.999502,
            68.994504
          ],
          [
            22.99958,
            68.994552
          ],
          [
            22.999674,
            68.994602
          ],
          [
            22.999743,
            68.994641
          ],
          [
            22.999798,
            68.99469
          ],
          [
            22.999802,
            68.994693
          ],
          [
            22.999835,
            68.994733
          ],
          [
            22.999846,
            68.994746
          ],
          [
            22.999879,
            68.9948
          ],
          [
            22.999908,
            68.994846
          ],
          [
            22.999959,
            68.994897
          ],
          [
            23.000034,
            68.994945
          ],
          [
            23.000131,
            68.994989
          ],
          [
            23.000238,
            68.995023
          ],
          [
            23.000257,
            68.995028
          ],
          [
            23.00034,
            68.995058
          ],
          [
            23.000441,
            68.995102
          ],
          [
            23.000498,
            68.995125
          ],
          [
            23.000554,
            68.995148
          ],
          [
            23.000669,
            68.995179
          ],
          [
            23.000799,
            68.99521
          ],
          [
            23.000913,
            68.995238
          ],
          [
            23.001051,
            68.995271
          ],
          [
            23.001151,
            68.995295
          ],
          [
            23.001285,
            68.995327
          ],
          [
            23.001387,
            68.99535
          ],
          [
            23.001517,
            68.995378
          ],
          [
            23.001672,
            68.995406
          ],
          [
            23.001825,
            68.995426
          ],
          [
            23.001951,
            68.995435
          ],
          [
            23.002118,
            68.995442
          ],
          [
            23.002236,
            68.995451
          ],
          [
            23.002394,
            68.995464
          ],
          [
            23.002552,
            68.995475
          ],
          [
            23.0027,
            68.995487
          ],
          [
            23.002828,
            68.995501
          ],
          [
            23.002981,
            68.995518
          ],
          [
            23.003137,
            68.995533
          ],
          [
            23.003262,
            68.995545
          ],
          [
            23.00339,
            68.995549
          ],
          [
            23.003527,
            68.995563
          ],
          [
            23.003614,
            68.995568
          ],
          [
            23.003707,
            68.99557
          ],
          [
            23.003815,
            68.995568
          ],
          [
            23.003908,
            68.995566
          ],
          [
            23.003977,
            68.995568
          ],
          [
            23.004048,
            68.995572
          ],
          [
            23.004135,
            68.995578
          ],
          [
            23.004229,
            68.995582
          ],
          [
            23.004319,
            68.995584
          ],
          [
            23.004405,
            68.995586
          ],
          [
            23.0045,
            68.99559
          ],
          [
            23.004595,
            68.995594
          ],
          [
            23.004712,
            68.995599
          ],
          [
            23.004791,
            68.995601
          ],
          [
            23.004861,
            68.995601
          ],
          [
            23.004952,
            68.995597
          ],
          [
            23.005064,
            68.99559
          ],
          [
            23.005198,
            68.99558
          ],
          [
            23.005273,
            68.99559
          ],
          [
            23.00543,
            68.995612
          ],
          [
            23.005547,
            68.995626
          ],
          [
            23.005699,
            68.995637
          ],
          [
            23.005829,
            68.995641
          ],
          [
            23.00596,
            68.995644
          ],
          [
            23.00608,
            68.995649
          ],
          [
            23.006236,
            68.995664
          ],
          [
            23.006368,
            68.995681
          ],
          [
            23.006486,
            68.995697
          ],
          [
            23.006598,
            68.995713
          ],
          [
            23.006735,
            68.995739
          ],
          [
            23.006837,
            68.995762
          ],
          [
            23.006938,
            68.995785
          ],
          [
            23.007052,
            68.995812
          ],
          [
            23.007158,
            68.995838
          ],
          [
            23.007204,
            68.995849
          ],
          [
            23.007263,
            68.995863
          ],
          [
            23.0074,
            68.995895
          ],
          [
            23.007512,
            68.995924
          ],
          [
            23.007599,
            68.995949
          ],
          [
            23.007728,
            68.995983
          ],
          [
            23.007836,
            68.996007
          ],
          [
            23.007968,
            68.996035
          ],
          [
            23.008086,
            68.996063
          ],
          [
            23.008225,
            68.996097
          ],
          [
            23.008322,
            68.996121
          ],
          [
            23.00843,
            68.996148
          ],
          [
            23.008553,
            68.996177
          ],
          [
            23.008654,
            68.996201
          ],
          [
            23.00876,
            68.996225
          ],
          [
            23.0089,
            68.996255
          ],
          [
            23.009014,
            68.996277
          ],
          [
            23.009154,
            68.996303
          ],
          [
            23.009262,
            68.996328
          ],
          [
            23.009393,
            68.996366
          ],
          [
            23.009494,
            68.996398
          ],
          [
            23.009597,
            68.996428
          ],
          [
            23.009701,
            68.996456
          ],
          [
            23.009809,
            68.996481
          ],
          [
            23.009939,
            68.99651
          ],
          [
            23.010079,
            68.996539
          ],
          [
            23.010179,
            68.99656
          ],
          [
            23.01029,
            68.996585
          ],
          [
            23.010392,
            68.996609
          ],
          [
            23.010505,
            68.996641
          ],
          [
            23.010633,
            68.996676
          ],
          [
            23.010764,
            68.996711
          ],
          [
            23.010894,
            68.996745
          ],
          [
            23.011029,
            68.996781
          ],
          [
            23.011163,
            68.996815
          ],
          [
            23.011269,
            68.996841
          ],
          [
            23.011373,
            68.996865
          ],
          [
            23.011479,
            68.996887
          ],
          [
            23.011588,
            68.996907
          ],
          [
            23.01168,
            68.996924
          ],
          [
            23.01179,
            68.996945
          ],
          [
            23.011927,
            68.996972
          ],
          [
            23.012063,
            68.997002
          ],
          [
            23.012172,
            68.997027
          ],
          [
            23.012273,
            68.997053
          ],
          [
            23.012408,
            68.997083
          ],
          [
            23.012511,
            68.997108
          ],
          [
            23.012577,
            68.997125
          ],
          [
            23.01264,
            68.997141
          ],
          [
            23.012737,
            68.997166
          ],
          [
            23.012812,
            68.997183
          ],
          [
            23.012925,
            68.997205
          ],
          [
            23.013042,
            68.99723
          ],
          [
            23.013138,
            68.997258
          ],
          [
            23.013217,
            68.997291
          ],
          [
            23.013279,
            68.99733
          ],
          [
            23.013342,
            68.997382
          ],
          [
            23.013389,
            68.997428
          ],
          [
            23.013435,
            68.997472
          ],
          [
            23.01349,
            68.997521
          ],
          [
            23.013541,
            68.997564
          ],
          [
            23.013606,
            68.997606
          ],
          [
            23.013688,
            68.997645
          ],
          [
            23.013778,
            68.997689
          ],
          [
            23.013849,
            68.997729
          ],
          [
            23.013928,
            68.997782
          ],
          [
            23.013976,
            68.997826
          ],
          [
            23.014027,
            68.997871
          ],
          [
            23.014103,
            68.997922
          ],
          [
            23.014178,
            68.99796
          ],
          [
            23.01426,
            68.997996
          ],
          [
            23.014356,
            68.998038
          ],
          [
            23.014455,
            68.998085
          ],
          [
            23.014531,
            68.998126
          ],
          [
            23.014626,
            68.998176
          ],
          [
            23.014698,
            68.998211
          ],
          [
            23.014778,
            68.998251
          ],
          [
            23.014874,
            68.998301
          ],
          [
            23.014953,
            68.998336
          ],
          [
            23.015046,
            68.998365
          ],
          [
            23.015105,
            68.998383
          ],
          [
            23.015136,
            68.998397
          ],
          [
            23.015191,
            68.998439
          ],
          [
            23.015262,
            68.998491
          ],
          [
            23.015311,
            68.998512
          ],
          [
            23.015357,
            68.998527
          ],
          [
            23.015497,
            68.998556
          ],
          [
            23.015625,
            68.99858
          ],
          [
            23.015736,
            68.998608
          ],
          [
            23.01583,
            68.998636
          ],
          [
            23.015953,
            68.998672
          ],
          [
            23.016079,
            68.998709
          ],
          [
            23.016172,
            68.998738
          ],
          [
            23.016265,
            68.998769
          ],
          [
            23.016373,
            68.998807
          ],
          [
            23.016488,
            68.998849
          ],
          [
            23.016591,
            68.998891
          ],
          [
            23.016674,
            68.99893
          ],
          [
            23.016744,
            68.998966
          ],
          [
            23.016802,
            68.99899
          ],
          [
            23.016857,
            68.999006
          ],
          [
            23.017,
            68.999032
          ],
          [
            23.017145,
            68.999058
          ],
          [
            23.017274,
            68.999093
          ],
          [
            23.01739,
            68.999122
          ],
          [
            23.017538,
            68.999144
          ],
          [
            23.017669,
            68.999159
          ],
          [
            23.017722,
            68.999172
          ],
          [
            23.017761,
            68.99919
          ],
          [
            23.017849,
            68.999238
          ],
          [
            23.017951,
            68.999279
          ],
          [
            23.018052,
            68.999318
          ],
          [
            23.018156,
            68.999362
          ],
          [
            23.018256,
            68.999405
          ],
          [
            23.018352,
            68.99945
          ],
          [
            23.01843,
            68.999489
          ],
          [
            23.0185,
            68.999527
          ],
          [
            23.018594,
            68.999575
          ],
          [
            23.018692,
            68.99962
          ],
          [
            23.018798,
            68.999665
          ],
          [
            23.01887,
            68.999702
          ],
          [
            23.018939,
            68.999741
          ],
          [
            23.019025,
            68.99979
          ],
          [
            23.019126,
            68.99984
          ],
          [
            23.019216,
            68.999872
          ],
          [
            23.019284,
            68.999892
          ],
          [
            23.019384,
            68.999917
          ],
          [
            23.019484,
            68.999946
          ],
          [
            23.019602,
            68.999982
          ],
          [
            23.019689,
            69.000008
          ],
          [
            23.019768,
            69.000027
          ],
          [
            23.019879,
            69.000054
          ],
          [
            23.019954,
            69.000072
          ],
          [
            23.020027,
            69.00009
          ],
          [
            23.020127,
            69.000117
          ],
          [
            23.020223,
            69.000149
          ],
          [
            23.020313,
            69.00018
          ],
          [
            23.020421,
            69.000224
          ],
          [
            23.0205,
            69.000257
          ],
          [
            23.020688,
            69.000425
          ],
          [
            23.020757,
            69.000425
          ],
          [
            23.020865,
            69.000424
          ],
          [
            23.020963,
            69.000423
          ],
          [
            23.021081,
            69.000422
          ],
          [
            23.021189,
            69.000421
          ],
          [
            23.021307,
            69.00042
          ],
          [
            23.021418,
            69.000419
          ],
          [
            23.021531,
            69.00042
          ],
          [
            23.021645,
            69.00042
          ],
          [
            23.021748,
            69.000422
          ],
          [
            23.021857,
            69.000421
          ],
          [
            23.021967,
            69.000421
          ],
          [
            23.022073,
            69.000422
          ],
          [
            23.022208,
            69.000424
          ],
          [
            23.0222,
            69.000443
          ],
          [
            23.02219,
            69.000485
          ],
          [
            23.022177,
            69.000525
          ],
          [
            23.022167,
            69.000566
          ],
          [
            23.022159,
            69.000606
          ],
          [
            23.022152,
            69.000649
          ],
          [
            23.022146,
            69.000689
          ],
          [
            23.022146,
            69.00073
          ],
          [
            23.022143,
            69.00077
          ],
          [
            23.022143,
            69.000811
          ],
          [
            23.022142,
            69.000849
          ],
          [
            23.022147,
            69.000897
          ],
          [
            23.022154,
            69.00093
          ],
          [
            23.022161,
            69.00097
          ],
          [
            23.022168,
            69.00101
          ],
          [
            23.022175,
            69.001049
          ],
          [
            23.022185,
            69.001089
          ],
          [
            23.022197,
            69.00113
          ],
          [
            23.022211,
            69.001169
          ],
          [
            23.022224,
            69.00121
          ],
          [
            23.022242,
            69.001251
          ],
          [
            23.022261,
            69.001291
          ],
          [
            23.022279,
            69.001333
          ],
          [
            23.022302,
            69.001374
          ],
          [
            23.022325,
            69.001417
          ],
          [
            23.022348,
            69.001459
          ],
          [
            23.022379,
            69.001501
          ],
          [
            23.022407,
            69.001545
          ],
          [
            23.022438,
            69.001588
          ],
          [
            23.022469,
            69.001632
          ],
          [
            23.022505,
            69.001674
          ],
          [
            23.022541,
            69.001718
          ],
          [
            23.022585,
            69.00176
          ],
          [
            23.022626,
            69.001804
          ],
          [
            23.022669,
            69.001846
          ],
          [
            23.022715,
            69.00189
          ],
          [
            23.022764,
            69.001933
          ],
          [
            23.022812,
            69.001974
          ],
          [
            23.022865,
            69.002017
          ],
          [
            23.022919,
            69.002061
          ],
          [
            23.022975,
            69.002103
          ],
          [
            23.023028,
            69.002145
          ],
          [
            23.0231,
            69.002199
          ],
          [
            23.023145,
            69.002231
          ],
          [
            23.023204,
            69.002274
          ],
          [
            23.023267,
            69.002317
          ],
          [
            23.023326,
            69.002359
          ],
          [
            23.023392,
            69.002402
          ],
          [
            23.023451,
            69.002445
          ],
          [
            23.023512,
            69.002488
          ],
          [
            23.023578,
            69.002531
          ],
          [
            23.023642,
            69.002575
          ],
          [
            23.023705,
            69.002617
          ],
          [
            23.023766,
            69.00266
          ],
          [
            23.02383,
            69.002703
          ],
          [
            23.023891,
            69.002747
          ],
          [
            23.023954,
            69.002788
          ],
          [
            23.024016,
            69.002831
          ],
          [
            23.024077,
            69.002875
          ],
          [
            23.024137,
            69.002916
          ],
          [
            23.024201,
            69.002959
          ],
          [
            23.024262,
            69.003001
          ],
          [
            23.024323,
            69.003044
          ],
          [
            23.024383,
            69.003085
          ],
          [
            23.024447,
            69.003128
          ],
          [
            23.024507,
            69.003169
          ],
          [
            23.024565,
            69.00321
          ],
          [
            23.024628,
            69.003252
          ],
          [
            23.024686,
            69.003293
          ],
          [
            23.024749,
            69.003335
          ],
          [
            23.024805,
            69.003376
          ],
          [
            23.024865,
            69.003417
          ],
          [
            23.024928,
            69.003459
          ],
          [
            23.024986,
            69.003499
          ],
          [
            23.025046,
            69.00354
          ],
          [
            23.025109,
            69.00358
          ],
          [
            23.02517,
            69.003622
          ],
          [
            23.02523,
            69.003662
          ],
          [
            23.025293,
            69.003703
          ],
          [
            23.025348,
            69.003743
          ],
          [
            23.025413,
            69.003784
          ],
          [
            23.025471,
            69.003824
          ],
          [
            23.025531,
            69.003865
          ],
          [
            23.025589,
            69.003907
          ],
          [
            23.025649,
            69.003947
          ],
          [
            23.025709,
            69.003988
          ],
          [
            23.025767,
            69.004027
          ],
          [
            23.025822,
            69.004067
          ],
          [
            23.025882,
            69.004107
          ],
          [
            23.025936,
            69.004145
          ],
          [
            23.025991,
            69.004184
          ],
          [
            23.02604,
            69.004222
          ],
          [
            23.026096,
            69.004258
          ],
          [
            23.026145,
            69.004296
          ],
          [
            23.026192,
            69.004333
          ],
          [
            23.026238,
            69.004369
          ],
          [
            23.026283,
            69.004404
          ],
          [
            23.026327,
            69.00444
          ],
          [
            23.026367,
            69.004474
          ],
          [
            23.02641,
            69.004508
          ],
          [
            23.026447,
            69.004543
          ],
          [
            23.026487,
            69.004576
          ],
          [
            23.026523,
            69.00461
          ],
          [
            23.026558,
            69.004644
          ],
          [
            23.026593,
            69.004678
          ],
          [
            23.026634,
            69.004722
          ],
          [
            23.026673,
            69.004766
          ],
          [
            23.026707,
            69.00481
          ],
          [
            23.02674,
            69.004853
          ],
          [
            23.026769,
            69.004898
          ],
          [
            23.026798,
            69.004941
          ],
          [
            23.026828,
            69.004983
          ],
          [
            23.026854,
            69.005025
          ],
          [
            23.026883,
            69.005065
          ],
          [
            23.026909,
            69.005107
          ],
          [
            23.026936,
            69.005147
          ],
          [
            23.026962,
            69.005189
          ],
          [
            23.026989,
            69.005228
          ],
          [
            23.027016,
            69.005269
          ],
          [
            23.027041,
            69.00531
          ],
          [
            23.027075,
            69.005354
          ],
          [
            23.027097,
            69.005392
          ],
          [
            23.027127,
            69.005432
          ],
          [
            23.027157,
            69.005473
          ],
          [
            23.027185,
            69.005515
          ],
          [
            23.027213,
            69.005558
          ],
          [
            23.027242,
            69.005602
          ],
          [
            23.027274,
            69.005647
          ],
          [
            23.027297,
            69.005683
          ],
          [
            23.02732,
            69.005718
          ],
          [
            23.027347,
            69.005757
          ],
          [
            23.027373,
            69.005794
          ],
          [
            23.0274,
            69.005833
          ],
          [
            23.027424,
            69.005872
          ],
          [
            23.027451,
            69.005912
          ],
          [
            23.027479,
            69.005952
          ],
          [
            23.027504,
            69.005992
          ],
          [
            23.027534,
            69.006034
          ],
          [
            23.027559,
            69.006075
          ],
          [
            23.027589,
            69.006116
          ],
          [
            23.027615,
            69.006158
          ],
          [
            23.027645,
            69.0062
          ],
          [
            23.027674,
            69.006243
          ],
          [
            23.027699,
            69.006284
          ],
          [
            23.027727,
            69.006325
          ],
          [
            23.027755,
            69.006367
          ],
          [
            23.027783,
            69.00641
          ],
          [
            23.027815,
            69.006451
          ],
          [
            23.027843,
            69.006492
          ],
          [
            23.027867,
            69.006535
          ],
          [
            23.027897,
            69.006576
          ],
          [
            23.027926,
            69.006614
          ],
          [
            23.027957,
            69.006657
          ],
          [
            23.027986,
            69.006696
          ],
          [
            23.028014,
            69.006736
          ],
          [
            23.028046,
            69.006775
          ],
          [
            23.028078,
            69.006815
          ],
          [
            23.02811,
            69.006855
          ],
          [
            23.028145,
            69.006894
          ],
          [
            23.028177,
            69.006933
          ],
          [
            23.028213,
            69.006971
          ],
          [
            23.02825,
            69.007009
          ],
          [
            23.028286,
            69.007047
          ],
          [
            23.028323,
            69.007084
          ],
          [
            23.028362,
            69.007122
          ],
          [
            23.028401,
            69.007159
          ],
          [
            23.028439,
            69.007195
          ],
          [
            23.02848,
            69.007232
          ],
          [
            23.028524,
            69.007267
          ],
          [
            23.028567,
            69.007303
          ],
          [
            23.028605,
            69.007339
          ],
          [
            23.028651,
            69.007374
          ],
          [
            23.028692,
            69.007409
          ],
          [
            23.028737,
            69.007444
          ],
          [
            23.028783,
            69.007479
          ],
          [
            23.028828,
            69.007514
          ],
          [
            23.028874,
            69.007548
          ],
          [
            23.028919,
            69.007582
          ],
          [
            23.028966,
            69.007616
          ],
          [
            23.029009,
            69.007649
          ],
          [
            23.029059,
            69.007683
          ],
          [
            23.029107,
            69.007716
          ],
          [
            23.029152,
            69.00775
          ],
          [
            23.029202,
            69.007782
          ],
          [
            23.029248,
            69.007814
          ],
          [
            23.029296,
            69.007848
          ],
          [
            23.029346,
            69.007881
          ],
          [
            23.029393,
            69.007913
          ],
          [
            23.029443,
            69.007946
          ],
          [
            23.02949,
            69.007978
          ],
          [
            23.029543,
            69.008011
          ],
          [
            23.029593,
            69.008045
          ],
          [
            23.029645,
            69.008078
          ],
          [
            23.029693,
            69.008111
          ],
          [
            23.02974,
            69.008144
          ],
          [
            23.029793,
            69.008178
          ],
          [
            23.029843,
            69.008211
          ],
          [
            23.029893,
            69.008245
          ],
          [
            23.029946,
            69.008278
          ],
          [
            23.029991,
            69.008312
          ],
          [
            23.030044,
            69.008346
          ],
          [
            23.030094,
            69.008379
          ],
          [
            23.030146,
            69.008413
          ],
          [
            23.030196,
            69.008446
          ],
          [
            23.030244,
            69.00848
          ],
          [
            23.030297,
            69.008514
          ],
          [
            23.030347,
            69.008548
          ],
          [
            23.030395,
            69.008582
          ],
          [
            23.03045,
            69.008615
          ],
          [
            23.030498,
            69.00865
          ],
          [
            23.030553,
            69.008683
          ],
          [
            23.030604,
            69.008718
          ],
          [
            23.030651,
            69.008752
          ],
          [
            23.030705,
            69.008787
          ],
          [
            23.030755,
            69.008822
          ],
          [
            23.030806,
            69.008857
          ],
          [
            23.030857,
            69.008892
          ],
          [
            23.030907,
            69.008927
          ],
          [
            23.03096,
            69.008962
          ],
          [
            23.031011,
            69.008997
          ],
          [
            23.031067,
            69.009033
          ],
          [
            23.031118,
            69.00907
          ],
          [
            23.031171,
            69.009104
          ],
          [
            23.031228,
            69.009141
          ],
          [
            23.031281,
            69.009178
          ],
          [
            23.031338,
            69.009214
          ],
          [
            23.031392,
            69.009252
          ],
          [
            23.031446,
            69.009288
          ],
          [
            23.031505,
            69.009325
          ],
          [
            23.031562,
            69.009364
          ],
          [
            23.031616,
            69.009401
          ],
          [
            23.031675,
            69.009439
          ],
          [
            23.031732,
            69.009477
          ],
          [
            23.031791,
            69.009515
          ],
          [
            23.031845,
            69.009552
          ],
          [
            23.031905,
            69.009591
          ],
          [
            23.031964,
            69.009629
          ],
          [
            23.032021,
            69.009668
          ],
          [
            23.032083,
            69.009706
          ],
          [
            23.032138,
            69.009745
          ],
          [
            23.032202,
            69.009784
          ],
          [
            23.032262,
            69.009822
          ],
          [
            23.032319,
            69.009862
          ],
          [
            23.032381,
            69.009901
          ],
          [
            23.032444,
            69.009942
          ],
          [
            23.032504,
            69.009982
          ],
          [
            23.032567,
            69.010023
          ],
          [
            23.032623,
            69.010064
          ],
          [
            23.032686,
            69.010105
          ],
          [
            23.032746,
            69.010146
          ],
          [
            23.032807,
            69.010187
          ],
          [
            23.032834,
            69.010204
          ],
          [
            23.032867,
            69.010228
          ],
          [
            23.032927,
            69.010269
          ],
          [
            23.032981,
            69.010306
          ],
          [
            23.033048,
            69.010351
          ],
          [
            23.033112,
            69.010393
          ],
          [
            23.033172,
            69.010434
          ],
          [
            23.033235,
            69.010474
          ],
          [
            23.033295,
            69.010515
          ],
          [
            23.033355,
            69.010556
          ],
          [
            23.033416,
            69.010597
          ],
          [
            23.033479,
            69.010639
          ],
          [
            23.033542,
            69.010679
          ],
          [
            23.033602,
            69.010721
          ],
          [
            23.033668,
            69.010762
          ],
          [
            23.033729,
            69.010804
          ],
          [
            23.03379,
            69.010846
          ],
          [
            23.033855,
            69.010887
          ],
          [
            23.033916,
            69.01093
          ],
          [
            23.033979,
            69.010971
          ],
          [
            23.034043,
            69.011014
          ],
          [
            23.034106,
            69.011056
          ],
          [
            23.034169,
            69.011097
          ],
          [
            23.034236,
            69.011141
          ],
          [
            23.034297,
            69.011184
          ],
          [
            23.03436,
            69.011227
          ],
          [
            23.034424,
            69.01127
          ],
          [
            23.03449,
            69.011311
          ],
          [
            23.034554,
            69.011355
          ],
          [
            23.034617,
            69.011397
          ],
          [
            23.034681,
            69.01144
          ],
          [
            23.034747,
            69.011483
          ],
          [
            23.03481,
            69.011524
          ],
          [
            23.034876,
            69.011567
          ],
          [
            23.034937,
            69.011609
          ],
          [
            23.035003,
            69.011652
          ],
          [
            23.035064,
            69.011694
          ],
          [
            23.03513,
            69.011736
          ],
          [
            23.035194,
            69.011779
          ],
          [
            23.035254,
            69.011819
          ],
          [
            23.035318,
            69.011863
          ],
          [
            23.035351,
            69.011884
          ],
          [
            23.035381,
            69.011905
          ],
          [
            23.035444,
            69.011947
          ],
          [
            23.035505,
            69.011987
          ],
          [
            23.03557,
            69.012029
          ],
          [
            23.035631,
            69.012071
          ],
          [
            23.035694,
            69.012111
          ],
          [
            23.035757,
            69.012153
          ],
          [
            23.03582,
            69.012194
          ],
          [
            23.03588,
            69.012234
          ],
          [
            23.03594,
            69.012275
          ],
          [
            23.036,
            69.012315
          ],
          [
            23.03606,
            69.012354
          ],
          [
            23.03612,
            69.012392
          ],
          [
            23.036177,
            69.012431
          ],
          [
            23.036231,
            69.012468
          ],
          [
            23.03627,
            69.012492
          ],
          [
            23.036337,
            69.012538
          ],
          [
            23.036388,
            69.012573
          ],
          [
            23.036451,
            69.012614
          ],
          [
            23.036511,
            69.012654
          ],
          [
            23.036567,
            69.012692
          ],
          [
            23.036617,
            69.012724
          ],
          [
            23.036677,
            69.012763
          ],
          [
            23.036727,
            69.012796
          ],
          [
            23.036782,
            69.01283
          ],
          [
            23.03684,
            69.012864
          ],
          [
            23.036902,
            69.012895
          ],
          [
            23.036969,
            69.012921
          ],
          [
            23.037053,
            69.012951
          ],
          [
            23.037116,
            69.012971
          ],
          [
            23.03708,
            69.012977
          ]
        ]
      }
    }
  ]
}
