{"type":"FeatureCollection","features":[{"type":"Feature","id":52506,"geometry":{"type":"Polygon","coordinates":[[[12.856501590319645,56.874919346046276],[12.856635881559557,56.875192009747316],[12.856270744357003,56.87545292914842],[12.856317748144994,56.87548099113369],[12.85645031682157,56.87567281254594],[12.85626449943885,56.875740299478494],[12.856021764266853,56.87590527081365],[12.85578327361368,56.876016433310454],[12.855497178537334,56.876315155661935],[12.855455394681176,56.876481626430014],[12.85534739019348,56.876658956592706],[12.855044453991317,56.8766458820801],[12.8545638114494,56.87670639746598],[12.85414020146587,56.87678146913603],[12.853713522295616,56.87674170584636],[12.853607853694331,56.87660214925391],[12.853565931421645,56.87632714279502],[12.853703157877064,56.87630868020176],[12.85364759177596,56.87620382672417],[12.853575111514083,56.87613494185441],[12.853279224187112,56.87602591262396],[12.85323237106229,56.875695556067946],[12.85449124955716,56.875207707866416],[12.854671286311087,56.875139153750226],[12.854733900289851,56.87517400849198],[12.855044484161578,56.875138743650254],[12.855348418111266,56.87510152167022],[12.855970559699283,56.8749812572918],[12.856501590319645,56.874919346046276]]]},"properties":{"OBJECTID":52506,"Uuid":"F954A076-FD2E-4B1F-94A7-6BE3043C9997","Beteckn":"SK 530-2006","LanKod":"13","Lan":"HALLANDS LÄN","KommunKod":"82","Kommun":"FALKENBERG","ArendeAr":2006,"Biotyp":"Äldre naturskogsartade skogar","Naturtyp":null,"AreaTot":2.5,"AreaProd":2.5,"Standort":"saknas","Datbeslut":1160352000000,"Url":"http://www.skogsstyrelsen.se/skogens-parlor/Biotopskydd/?objektid=2990935"}},{"type":"Feature","id":52435,"geometry":{"type":"Polygon","coordinates":[[[12.720550031682572,56.99160310729025],[12.720874124840686,56.99166501520265],[12.721166104668258,56.991717144229156],[12.72110503686861,56.99205707423874],[12.721220948565014,56.99244630122078],[12.721442871241447,56.99274827798368],[12.721974685463536,56.99308486952535],[12.722112149220855,56.99321404455808],[12.7224992969783,56.993906466402215],[12.722879570281808,56.99428423839607],[12.723209620591247,56.99427440226831],[12.723550909479746,56.99432774630957],[12.723742217954923,56.994602013700714],[12.724015582774848,56.99468063040611],[12.724373414487866,56.994932045258885],[12.724434039640371,56.99519411230562],[12.724639464696935,56.99529801063608],[12.72461275915122,56.99562081876304],[12.72477196291491,56.99588530743162],[12.724844462469004,56.99600390701653],[12.72521059195002,56.99635435616961],[12.725349551711243,56.99646559977141],[12.725811911894382,56.99664771151792],[12.725995728266914,56.99681396651198],[12.72601078534707,56.99702998493799],[12.726313314176938,56.99715424697425],[12.726497010083708,56.99712282584822],[12.726762969796765,56.99729111145772],[12.72684786042905,56.99785889376535],[12.72642016097842,56.99780896737645],[12.72604134064193,56.99762210396123],[12.725858509153895,56.99757941160016],[12.72561528640025,56.99748700490891],[12.724990796087623,56.99753524875782],[12.724856487154055,56.997450805860126],[12.724528347926809,56.99731967620562],[12.724013898449897,56.99708860698158],[12.72372558269855,56.99699164687303],[12.722671253114504,56.995806576595434],[12.722431214412705,56.99512676378777],[12.722175661857111,56.99483293854937],[12.721609383478484,56.99431580420602],[12.721410569111432,56.99393352409511],[12.720557432937321,56.99310381630829],[12.720560306350405,56.99287026750509],[12.72034286599822,56.992514488400836],[12.720576478359726,56.99227764923326],[12.720657035028,56.99209993735651],[12.720550031682572,56.99160310729025]]]},"properties":{"OBJECTID":52435,"Uuid":"88C569BE-4404-4F7E-9754-7D92C35D594A","Beteckn":"SK 88-2010","LanKod":"13","Lan":"HALLANDS LÄN","KommunKod":"82","Kommun":"FALKENBERG","ArendeAr":2010,"Biotyp":"Ras- eller bergbranter","Naturtyp":null,"AreaTot":6.6,"AreaProd":6.6,"Standort":"saknas","Datbeslut":1282608000000,"Url":"http://www.skogsstyrelsen.se/skogens-parlor/Biotopskydd/?objektid=2995329"}},{"type":"Feature","id":48476,"geometry":{"type":"Polygon","coordinates":[[[12.870906397182763,56.35776476748513],[12.871292766792767,56.35779189543989],[12.871743061369484,56.357829520336324],[12.871885704750488,56.35786884308682],[12.872045193229184,56.35789957597807],[12.872302311883555,56.357923636333],[12.872678730023594,56.357869653843885],[12.872873989362573,56.35785630835027],[12.873098790712698,56.357879605586106],[12.873335613372685,56.35795709249164],[12.873250311550297,56.35822463963893],[12.873457593815328,56.35826548332086],[12.873840518472166,56.3583374512205],[12.873882099834965,56.35842828438375],[12.87392505206509,56.35850118540912],[12.874064942353293,56.35857637863304],[12.874258140514137,56.35858993801321],[12.874412497807755,56.35847678189245],[12.874479181577305,56.358451405672085],[12.8746702990273,56.35849187116797],[12.874741126867207,56.358412680997176],[12.87481608232449,56.358279676690195],[12.874826418223636,56.35814514173337],[12.875311102244444,56.35815660762304],[12.875543803824698,56.358287913447846],[12.875837000552933,56.35847455410954],[12.876225075441946,56.35869039169394],[12.876568810275995,56.35885127779895],[12.876672279337916,56.358979522053914],[12.876647861341278,56.359086765518434],[12.876835535731793,56.35917207566031],[12.877019779233365,56.35930222478086],[12.87725663495793,56.35937970458057],[12.877557419943546,56.35946768808542],[12.877547062359817,56.360024530386646],[12.877260362070356,56.35996383844197],[12.877023518917756,56.35988635890577],[12.876108766605222,56.359783853423814],[12.875825148655402,56.35989395119066],[12.876023480267971,56.360051393544325],[12.876133833566087,56.3600899421256],[12.876339742319326,56.3601487309069],[12.876511963034766,56.36022468200303],[12.876793152543836,56.36035713070612],[12.87714342092458,56.360643960098955],[12.87756453788442,56.360851588062616],[12.8775554703016,56.36265742813046],[12.877158389180856,56.36255817948142],[12.876951789098799,56.362508367168665],[12.876730390496702,56.362440237491],[12.87646121224922,56.362361987331006],[12.876286225936715,56.36232190911237],[12.876051434164504,56.36221751161183],[12.875780194853474,56.36216617602548],[12.875570825739514,56.36215223414055],[12.87524766377018,56.36214459075665],[12.874890826506343,56.36215411797507],[12.874561455796476,56.36222718463333],[12.874312200629328,56.362311141729535],[12.874029252142519,56.36241226924215],[12.873751803621499,56.36244164099954],[12.873426590630798,56.362460900131424],[12.873116820347374,56.36248950012916],[12.872934268520714,56.3625480792458],[12.872687074008395,56.3626051170637],[12.872307154693303,56.36270394694454],[12.8721081310966,56.36255546462206],[12.871337096783298,56.36226763974359],[12.871656900299485,56.36189783463733],[12.871866644594993,56.36169614216233],[12.87216200585729,56.36143357801729],[12.87219195842615,56.36125458084101],[12.872070280124941,56.3611528637124],[12.871875698120064,56.361157232920064],[12.871709302698223,56.36121619549992],[12.871511281415206,56.36126541215731],[12.870952263290299,56.361377957775815],[12.870809607377545,56.36133864285743],[12.870680743745412,56.361119936377484],[12.870694551252123,56.36094055422687],[12.870729322317183,56.36069877737628],[12.87074519637485,56.36049248825916],[12.87072529477027,56.36033028481753],[12.870621163688446,56.36021101090029],[12.870370232974851,56.36010621715787],[12.869992821184457,56.359962492819726],[12.869761517750925,56.35981324489091],[12.869495118666077,56.35969910672335],[12.868923834759316,56.35955077851422],[12.868250783710872,56.35946293068062],[12.867846457803584,56.359668988966206],[12.867462417249838,56.3598216179335],[12.867231804012413,56.359663390231724],[12.868104119166473,56.35905511991752],[12.868295249297494,56.359095586513234],[12.86874140323317,56.359187035928414],[12.86904631892918,56.35922122639104],[12.869256756384116,56.35901057235782],[12.869511525599822,56.35885487069644],[12.869868737635707,56.3586297270347],[12.87011384355392,56.35859959260359],[12.87103032151436,56.358468560217815],[12.871246461942688,56.358815129428116],[12.871363303337597,56.358979636145094],[12.871480824063875,56.35913516759506],[12.8716482034493,56.35927391417552],[12.871842776370256,56.35926953627279],[12.872089950387455,56.359212499955554],[12.872398307137914,56.35920183413623],[12.872402829474785,56.35893237936904],[12.871935676446158,56.35890333747387],[12.871746626106148,56.35883596079313],[12.871527720233495,56.35852527427779],[12.871232477952809,56.3583655305464],[12.870826601113885,56.357960558141414],[12.870646519020012,56.357776586083524],[12.870906397182763,56.35776476748513]]]},"properties":{"OBJECTID":48476,"Uuid":"0BC73E9E-F615-4DA2-AC06-F6754BD06EDB","Beteckn":"SK 277-2010","LanKod":"12","Lan":"SKÅNE LÄN","KommunKod":"78","Kommun":"BÅSTAD","ArendeAr":2010,"Biotyp":"Äldre naturskogsartade skogar","Naturtyp":null,"AreaTot":19.1,"AreaProd":18.4,"Standort":"saknas","Datbeslut":1290384000000,"Url":"http://www.skogsstyrelsen.se/skogens-parlor/Biotopskydd/?objektid=2995707"}},{"type":"Feature","id":44202,"geometry":{"type":"Polygon","coordinates":[[[12.802898536183907,56.923211203251356],[12.804738424378034,56.923623807370205],[12.80466798073549,56.92429599159222],[12.805335843376564,56.924572600468956],[12.806051247307387,56.924257333515776],[12.806739360727578,56.92510047844274],[12.806742633159768,56.925468936467354],[12.807284939430508,56.92587728917893],[12.807691729394435,56.926336308209535],[12.80748286090012,56.92627737878082],[12.807306057753348,56.926228213487434],[12.807129978850801,56.92617007439106],[12.80698885917949,56.92608582334525],[12.806834223403259,56.92596530905102],[12.806614719426923,56.92583424752899],[12.806477910759062,56.92569618993708],[12.806355359578353,56.92558542208096],[12.80627912876507,56.925511717715835],[12.80625280429634,56.92543021757287],[12.806210809573614,56.9253393572519],[12.806058350326454,56.925191939329565],[12.805840284220091,56.925042947053996],[12.805557336193996,56.92488340654179],[12.805399831338965,56.92479875806324],[12.80530503951981,56.924751551118966],[12.805172393043886,56.924766340513436],[12.8050212145992,56.924807628285116],[12.804917768530943,56.924868041289606],[12.80479360122469,56.924981864043254],[12.804662242703106,56.92518536008012],[12.804582236715708,56.92536313177734],[12.804538621065987,56.92549686299133],[12.804574128517137,56.92566843239446],[12.804629634636886,56.92579554757414],[12.804715065706635,56.92595933110387],[12.80493097657706,56.926135237258116],[12.80511408461529,56.926310351271965],[12.805362064812417,56.926496003779015],[12.805790452471884,56.92668599139065],[12.806109806076618,56.9268014815894],[12.806734295304127,56.92700516133994],[12.806988059774762,56.927119066877154],[12.807161972563271,56.92720410890691],[12.807275338340434,56.92722479826794],[12.807470693964394,56.92724746504709],[12.807551270707252,56.92726736327343],[12.807919428603688,56.92697970093322],[12.807819828432041,56.92760625476003],[12.807441183623615,56.92761513210164],[12.807312145000681,56.92758508284257],[12.807082534071602,56.927579571642156],[12.806902124554831,56.92757523789108],[12.806707490446174,56.92754361461752],[12.80659340062308,56.92753188931044],[12.806465793979573,56.92748390077394],[12.80635604626845,56.92741836986698],[12.806198512620808,56.92733372204576],[12.806055960099574,56.92726739937243],[12.805959713091694,56.927238139981405],[12.805829229821063,56.92722601834483],[12.80574796334109,56.92721508415912],[12.805516907665254,56.92722749923397],[12.805519958086151,56.92698497775041],[12.804844136630512,56.926807016567274],[12.805020546671324,56.926451859663864],[12.803854900564492,56.926235167508274],[12.80384569909079,56.92614509825896],[12.803770196729046,56.92606241886711],[12.803677560157864,56.925988307762665],[12.80357070221178,56.92588690698717],[12.803542934695841,56.925823344402],[12.803451039695712,56.92574026887108],[12.80337552259189,56.9256575889599],[12.803170977635911,56.92554485553841],[12.80309402903465,56.92548011382757],[12.802910210269047,56.92531396148184],[12.80289545204458,56.92427135795939],[12.803317499392042,56.92433540834014],[12.803461849358698,56.92397049701923],[12.803251735290841,56.92372285374774],[12.802861234872724,56.92347087069958],[12.802898536183907,56.923211203251356]]]},"properties":{"OBJECTID":44202,"Uuid":"D9CC8020-46BC-4BC2-A526-C484DE949BD2","Beteckn":"SK 781-2005","LanKod":"13","Lan":"HALLANDS LÄN","KommunKod":"82","Kommun":"FALKENBERG","ArendeAr":2005,"Biotyp":"Äldre naturskogsartade skogar","Naturtyp":null,"AreaTot":5,"AreaProd":5,"Standort":"saknas","Datbeslut":1131667200000,"Url":"http://www.skogsstyrelsen.se/skogens-parlor/Biotopskydd/?objektid=2989219"}},{"type":"Feature","id":46887,"geometry":{"type":"Polygon","coordinates":[[[12.798601547399992,56.95238828507945],[12.799319798630275,56.95273759865955],[12.799442899949357,56.95295231685456],[12.799285087261781,56.95323771003848],[12.798913580419665,56.95338381085563],[12.79836200058626,56.95326283194736],[12.797121816666426,56.95286579427591],[12.798601547399992,56.95238828507945]]]},"properties":{"OBJECTID":46887,"Uuid":"73C4755E-F429-47D1-B91D-A7E810366D8E","Beteckn":"SK 217-2017","LanKod":"13","Lan":"HALLANDS LÄN","KommunKod":"82","Kommun":"FALKENBERG","ArendeAr":2017,"Biotyp":"Äldre naturskogsartade skogar","Naturtyp":"Ädellövskog ek","AreaTot":0.9,"AreaProd":0.9,"Standort":"saknas","Datbeslut":1513728000000,"Url":"http://www.skogsstyrelsen.se/skogens-parlor/Biotopskydd/?objektid=3359488"}},{"type":"Feature","id":44108,"geometry":{"type":"Polygon","coordinates":[[[12.896236687539083,56.89430642858652],[12.896949695877776,56.89463751165618],[12.89721885728717,56.89497621693501],[12.897871901257178,56.89523401012535],[12.897960822784857,56.895568512445685],[12.898256845266728,56.89577307380327],[12.8984594174359,56.89591255782456],[12.898752659063424,56.89615298850582],[12.898905387063593,56.896300295959676],[12.898438154011561,56.89639723254223],[12.89816235683471,56.89635486917366],[12.897826571997198,56.89623923874006],[12.897502297884184,56.89618675756592],[12.896786466737398,56.8958915568792],[12.89657830740485,56.89582381972249],[12.896121563699253,56.89536393995925],[12.89605847505022,56.89511988481453],[12.895767677963523,56.89505920138193],[12.895579414751559,56.894946993004304],[12.895374052772292,56.89484337451698],[12.894935089024468,56.894788217408],[12.895691353912046,56.89456325881283],[12.895733903957227,56.89443846691341],[12.896236687539083,56.89430642858652]]]},"properties":{"OBJECTID":44108,"Uuid":"11A332AA-3D74-4898-9154-51442EC0DC57","Beteckn":"SK 847-2004","LanKod":"13","Lan":"HALLANDS LÄN","KommunKod":"80","Kommun":"HALMSTAD","ArendeAr":2004,"Biotyp":"Äldre naturskogsartade skogar","Naturtyp":null,"AreaTot":2,"AreaProd":2,"Standort":"saknas","Datbeslut":1100649600000,"Url":"http://www.skogsstyrelsen.se/skogens-parlor/Biotopskydd/?objektid=2987229"}},{"type":"Feature","id":43561,"geometry":{"type":"Polygon","coordinates":[[[12.95994681445865,57.21260600885501],[12.960313155823917,57.21279399872881],[12.960760141069414,57.212795149244606],[12.96106589309058,57.21290989111115],[12.961606472893514,57.213200652580205],[12.961706339914446,57.21319392632681],[12.96214301224977,57.21311398076897],[12.962344114472778,57.213082605437954],[12.962513484013215,57.21346377060554],[12.962517536704679,57.21384120159699],[12.962385314311563,57.21383820224949],[12.962260620753502,57.213952172764834],[12.961872156673753,57.214051177939645],[12.961584253304984,57.21413449046911],[12.961436182893298,57.21412214846714],[12.961261255661197,57.2140283476748],[12.960909303194876,57.2140832577082],[12.960774305694875,57.21411613575728],[12.960583550428975,57.214012983574314],[12.960425859984497,57.21391058386054],[12.960315677254346,57.21383620884012],[12.960191729332916,57.21372558708381],[12.95994315820928,57.21351331773982],[12.959792376312066,57.213321228002634],[12.959643660234969,57.21310224198557],[12.959541773891537,57.212920246515374],[12.959455040367457,57.212756567131024],[12.959543900328809,57.21267772551221],[12.95994681445865,57.21260600885501]]]},"properties":{"OBJECTID":43561,"Uuid":"A42F9F0F-7BBA-47F4-BF91-F9DB6CAC2C6F","Beteckn":"SK 16-1997","LanKod":"14","Lan":"VÄSTRA GÖTALANDS LÄN","KommunKod":"65","Kommun":"SVENLJUNGA","ArendeAr":1997,"Biotyp":"Äldre naturskogsartade skogar","Naturtyp":null,"AreaTot":1.9,"AreaProd":1.9,"Standort":"saknas","Datbeslut":853718400000,"Url":"http://www.skogsstyrelsen.se/skogens-parlor/Biotopskydd/?objektid=2976003"}},{"type":"Feature","id":45582,"geometry":{"type":"Polygon","coordinates":[[[12.710293071430366,56.450325524186475],[12.711056465424122,56.45051531602138],[12.712878392315785,56.45085729597576],[12.713309038816606,56.45094891204992],[12.713501173273066,56.450980663302786],[12.714201997240655,56.45114190778728],[12.714698885225635,56.451217196529655],[12.715278931488738,56.45126759257949],[12.71537535872405,56.45127898429082],[12.716135723141107,56.45130691250022],[12.716764336649854,56.451358519063206],[12.716711554149107,56.45160880798198],[12.716118228729298,56.451522136164165],[12.715509434335873,56.45142609973343],[12.715076593480651,56.45136139422445],[12.714643754134434,56.45129668721687],[12.713569739248504,56.45113512938253],[12.709803051980082,56.45056489208796],[12.710106930069514,56.45041972455159],[12.710293071430366,56.450325524186475]]]},"properties":{"OBJECTID":45582,"Uuid":"61CC1C72-674C-42D7-A010-50D18445662C","Beteckn":"SK 134-1996","LanKod":"12","Lan":"SKÅNE LÄN","KommunKod":"78","Kommun":"BÅSTAD","ArendeAr":1996,"Biotyp":"Ravinskogar","Naturtyp":null,"AreaTot":0.8,"AreaProd":0.8,"Standort":"saknas","Datbeslut":840153600000,"Url":"http://www.skogsstyrelsen.se/skogens-parlor/Biotopskydd/?objektid=2975643"}},{"type":"Feature","id":52907,"geometry":{"type":"Polygon","coordinates":[[[12.612718352961878,57.121071820897654],[12.612033306760887,57.12403751479763],[12.611225599782777,57.12401691381977],[12.611233324511943,57.12392725876807],[12.611238738339672,57.12386450125403],[12.611259855122514,57.123811128335205],[12.611300553851027,57.12372230829975],[12.611390687853314,57.123634753739914],[12.611516121972873,57.12352114581779],[12.611570212069893,57.12346860779424],[12.611624301434244,57.12341607872121],[12.611699507069519,57.12331016764361],[12.611704144525346,57.12325637285134],[12.611709557428442,57.12319361530367],[12.611667053431646,57.123111666258914],[12.611607312410397,57.12303825847325],[12.61157742548563,57.123001554255744],[12.611546779625181,57.1229738130995],[12.611739170886736,57.121891485144175],[12.612718352961878,57.121071820897654]]]},"properties":{"OBJECTID":52907,"Uuid":"DF38CA41-7B84-44B0-9B31-6258DF7F4374","Beteckn":"SK 996-2005","LanKod":"13","Lan":"HALLANDS LÄN","KommunKod":"82","Kommun":"FALKENBERG","ArendeAr":2005,"Biotyp":"Äldre naturskogsartade skogar","Naturtyp":null,"AreaTot":1.3,"AreaProd":1.3,"Standort":"saknas","Datbeslut":1134345600000,"Url":"http://www.skogsstyrelsen.se/skogens-parlor/Biotopskydd/?objektid=2989649"}},{"type":"Feature","id":40690,"geometry":{"type":"Polygon","coordinates":[[[12.76671422962456,56.98463823898402],[12.767269014566848,56.98469665033364],[12.76754385349427,56.98475724351474],[12.767819428045172,56.98480886292935],[12.768030026409182,56.9848499227587],[12.768647591441923,56.9849457885796],[12.768778997032117,56.9849489861612],[12.769108221674669,56.98494799242854],[12.769386719208324,56.98496374233668],[12.76971522618244,56.98497172048193],[12.770390844918719,56.98496117277399],[12.769915602726758,56.98513832181576],[12.768957445601998,56.9853845975242],[12.768580393815515,56.98536645069635],[12.766262311187766,56.98493274715998],[12.76671422962456,56.98463823898402]]]},"properties":{"OBJECTID":40690,"Uuid":"E76F1156-D026-493F-9EB5-7124641CB113","Beteckn":"SK 167-2011","LanKod":"13","Lan":"HALLANDS LÄN","KommunKod":"82","Kommun":"FALKENBERG","ArendeAr":2011,"Biotyp":"Ras- eller bergbranter","Naturtyp":null,"AreaTot":0.9,"AreaProd":0.9,"Standort":"saknas","Datbeslut":1308268800000,"Url":"http://www.skogsstyrelsen.se/skogens-parlor/Biotopskydd/?objektid=2996237"}},{"type":"Feature","id":46856,"geometry":{"type":"Polygon","coordinates":[[[12.77224397108565,57.03213226998409],[12.777283783906025,57.032568839006665],[12.777220577969885,57.03273802316691],[12.777280164294424,57.033017994724105],[12.777428229840048,57.03342590099645],[12.775779957669021,57.03423956847232],[12.775672139496313,57.03414710790326],[12.77465973593031,57.03362841357966],[12.774270500183691,57.03334942766452],[12.774014292130365,57.03346003046746],[12.773718618036716,57.033246211874925],[12.773395907212555,57.032959851277305],[12.773220481678619,57.03268605746392],[12.773091110174883,57.03265596184122],[12.772699323598141,57.032610530880746],[12.772571421327715,57.0325625064084],[12.772389426791792,57.03236940743462],[12.77224397108565,57.03213226998409]]]},"properties":{"OBJECTID":46856,"Uuid":"D9BB723E-30F2-4392-BD80-31E469084514","Beteckn":"SK 56-2000","LanKod":"13","Lan":"HALLANDS LÄN","KommunKod":"82","Kommun":"FALKENBERG","ArendeAr":2000,"Biotyp":"Äldre naturskogsartade skogar","Naturtyp":null,"AreaTot":3.8,"AreaProd":3.8,"Standort":"saknas","Datbeslut":951350400000,"Url":"http://www.skogsstyrelsen.se/skogens-parlor/Biotopskydd/?objektid=2978133"}},{"type":"Feature","id":48516,"geometry":{"type":"Polygon","coordinates":[[[12.84938359312704,57.11025812430939],[12.849512047027197,57.1103695611121],[12.849623919677311,57.110531169273386],[12.849605271478405,57.11081164148931],[12.84954797868244,57.11111601822145],[12.849862023084595,57.111357960025046],[12.85027418760222,57.111621631402194],[12.850706151028676,57.11186037243754],[12.851103574689361,57.11208104218304],[12.85163428124452,57.11240935491562],[12.85109660697233,57.1124808320262],[12.850355508161279,57.11259324480864],[12.849435198827123,57.11282485915026],[12.848191293531626,57.11298918794763],[12.8473139623569,57.11303787034631],[12.846774547714435,57.11303656709379],[12.846778824219038,57.112769911264024],[12.846796022165076,57.11253787551961],[12.846772627658023,57.11223319214812],[12.846455063399846,57.11214203781441],[12.845898314936433,57.11199288386886],[12.845201451255125,57.111870451200396],[12.844492756829487,57.11171037575946],[12.844036213254745,57.11158328067014],[12.84466870120444,57.11123920448748],[12.845221949900276,57.11085166395475],[12.84542343203315,57.110702717006454],[12.845526686310908,57.11099000187919],[12.845740693002762,57.11131488225874],[12.846365866583836,57.11138273981932],[12.847110518960518,57.111257274342066],[12.847528624309799,57.11101474489138],[12.84805630071258,57.11073524012378],[12.848768403185364,57.11042766348297],[12.84938359312704,57.11025812430939]]]},"properties":{"OBJECTID":48516,"Uuid":"B5FB1B69-7DC6-4C62-980A-1B16B9AA635D","Beteckn":"SK 310-1997","LanKod":"13","Lan":"HALLANDS LÄN","KommunKod":"82","Kommun":"FALKENBERG","ArendeAr":1997,"Biotyp":"Äldre naturskogsartade skogar","Naturtyp":null,"AreaTot":6.5,"AreaProd":6.5,"Standort":"saknas","Datbeslut":881107200000,"Url":"http://www.skogsstyrelsen.se/skogens-parlor/Biotopskydd/?objektid=2976591"}},{"type":"Feature","id":52249,"geometry":{"type":"Polygon","coordinates":[[[12.964885138502964,57.249148370862066],[12.965255329786366,57.24929151259655],[12.96553863366807,57.24948658394472],[12.965960529732579,57.24960393688498],[12.966212866631054,57.249555744702604],[12.966292853537993,57.24937786921937],[12.966436951659235,57.249228401240714],[12.967836384834444,57.249565492892806],[12.967608882301025,57.24972206848997],[12.967499944765553,57.2498453838381],[12.967392392232963,57.24995075954818],[12.967076626335817,57.25017720585467],[12.966808463327352,57.25000044396334],[12.966552701270901,57.2498778669178],[12.966278338605036,57.24978181884711],[12.966029465477643,57.24978517582229],[12.965943283956205,57.24982815076181],[12.965922585369839,57.24988158471024],[12.966045976546654,57.25000116640859],[12.966170061439122,57.25011178271839],[12.966341011384598,57.25025939595692],[12.966463728371954,57.250387951772815],[12.966897344032771,57.25056845232536],[12.967042114769173,57.250625624438555],[12.967399912760657,57.250714574348784],[12.967506771263574,57.250833779215384],[12.967641201949732,57.2510254845034],[12.9679031766302,57.25106734438833],[12.967927302246068,57.25118468049081],[12.968020360731046,57.25126763892904],[12.968145841196302,57.25136031379289],[12.968327853520417,57.25136442546315],[12.968448486793024,57.25151988395184],[12.968503634476068,57.25166487563669],[12.96858567823951,57.25167571787487],[12.968687712418022,57.25185769698475],[12.968680820015734,57.251947386288734],[12.968690468839416,57.25203744187985],[12.96844088819143,57.25204976881568],[12.968225081409235,57.25205388063013],[12.967852789346017,57.25193765252808],[12.967578407549558,57.25184161617847],[12.967326078109659,57.25167419602655],[12.967167517579641,57.251580769430525],[12.967155117770682,57.25152658408949],[12.96705239931686,57.25135356905771],[12.966853154005934,57.25135804531065],[12.966706301763242,57.25132777776398],[12.96646158683575,57.25106170173747],[12.966076923888401,57.25067567681475],[12.965485468842962,57.25017715532362],[12.965269029442114,57.249974612724486],[12.965258003120185,57.249902487431015],[12.965231823387528,57.249812055894566],[12.965126361983154,57.24967490963899],[12.964936783310357,57.24955382353188],[12.964767228717827,57.24938827790355],[12.964690011910832,57.249314657890736],[12.9646141990236,57.2492230986012],[12.964885138502964,57.249148370862066]]]},"properties":{"OBJECTID":52249,"Uuid":"45F47887-81AB-4C69-BC36-8E633C8A21C3","Beteckn":"SK 230-2000","LanKod":"14","Lan":"VÄSTRA GÖTALANDS LÄN","KommunKod":"65","Kommun":"SVENLJUNGA","ArendeAr":2000,"Biotyp":"Äldre betespräglad skog","Naturtyp":null,"AreaTot":2.9,"AreaProd":2.9,"Standort":"saknas","Datbeslut":963964800000,"Url":"http://www.skogsstyrelsen.se/skogens-parlor/Biotopskydd/?objektid=2978481"}},{"type":"Feature","id":40003,"geometry":{"type":"Polygon","coordinates":[[[12.590518720694993,57.475109199588736],[12.590510040642934,57.47520781849138],[12.59023203425327,57.4755241910931],[12.590179835329083,57.47573850158756],[12.590193407622861,57.475963477807326],[12.590434358668968,57.47606845872677],[12.590878178684235,57.476142683445325],[12.591326727006555,57.47616310696777],[12.591522481244507,57.47621302673631],[12.591745129935946,57.47614682870749],[12.5919781259728,57.476152771053854],[12.592296692059222,57.47613394593869],[12.592619982390058,57.47606132030485],[12.592870387769239,57.47605872412281],[12.592925150641234,57.476194894439494],[12.592940303521996,57.476401937027596],[12.592857988297887,57.47657954911369],[12.59279387336751,57.476739644212515],[12.592528484102727,57.47691257414157],[12.592288404568853,57.476987319002895],[12.592091838419599,57.47694636214322],[12.591835013423822,57.47683199630751],[12.591567949225448,57.47683416441115],[12.591217683549512,57.476834212087425],[12.590965589195777,57.47666604487163],[12.59063038051905,57.47668444977062],[12.590204080184781,57.47679038107053],[12.589887879814894,57.47678230570462],[12.589349005984298,57.4768404323273],[12.589199393901671,57.47721399253547],[12.589048104631338,57.47741678353667],[12.58884138093962,57.47768105783161],[12.588620356402684,57.47791801893417],[12.58837474091547,57.478055508781594],[12.58815450270362,57.47828349799893],[12.588497768136188,57.47855282861008],[12.588795063998335,57.478776060709826],[12.589139052964843,57.47884774383545],[12.589050385446077,57.479097067496184],[12.58907184584149,57.47923238702155],[12.589015678662253,57.47949152499398],[12.588909579583051,57.479749384545954],[12.588806643352482,57.479971386847865],[12.588473833445388,57.48015157403765],[12.588169599139292,57.48038640368672],[12.588007965917582,57.48051705252829],[12.587958033859898,57.480515773764296],[12.587751198367494,57.480591361989575],[12.587610090306638,57.48048892472675],[12.587340558311283,57.48032928611778],[12.586986236555815,57.4801854572653],[12.586767432301544,57.48001813457995],[12.586963135384147,57.47987937787627],[12.587144574107889,57.4797132905655],[12.587403626859633,57.47942340324223],[12.587642872194019,57.47916894626207],[12.587790236937002,57.47901097658115],[12.587737864025277,57.47884790015419],[12.587688656306335,57.478648975569335],[12.587489644779899,57.478446213920904],[12.587538714357462,57.4782677711795],[12.587686075812588,57.47810980157488],[12.587794605563827,57.47801373134371],[12.588019645714798,57.47792064496521],[12.588180476134758,57.477798958009096],[12.588342887474864,57.4776593467557],[12.588423660641661,57.47749968018688],[12.588285710907755,57.47736137727726],[12.588332402054588,57.477209820280656],[12.588498749378862,57.47702538031151],[12.588719751898067,57.4767884280117],[12.588991486278815,57.476543782923805],[12.588831363607056,57.4764678158581],[12.58840261537529,57.47641193442412],[12.588175947650937,57.47633427118177],[12.587928671818673,57.476301000252846],[12.587660819769978,57.4763121311226],[12.587320090509952,57.476393270782715],[12.587028494382176,57.476484659625044],[12.58676380676034,57.47645993147613],[12.586575940299749,57.47632035651656],[12.586179695624258,57.47627428254298],[12.585970445510805,57.4761880704286],[12.585899072208823,57.47605147088648],[12.586187517173729,57.47599595101697],[12.586491806831683,57.475949809863735],[12.586540086205463,57.47578032948654],[12.586639082365874,57.47560315733329],[12.586869634605689,57.475447311425015],[12.586882329763654,57.47549256613061],[12.58702348240537,57.47578369684657],[12.587322246415264,57.475800306167784],[12.587658239519653,57.47577294797377],[12.587972073493134,57.47580792427618],[12.588342219372773,57.47596113859858],[12.588733734510278,57.476060987344596],[12.589177534164538,57.47613521770366],[12.589322507037267,57.47600414114154],[12.589289931031626,57.475805634041514],[12.589470547329086,57.47564851407269],[12.589255696258393,57.47543636718489],[12.588971929847888,57.475249420062454],[12.589141488174121,57.47521781443366],[12.589763535883199,57.47516180934712],[12.590518720694993,57.475109199588736]]]},"properties":{"OBJECTID":40003,"Uuid":"F4B6BB9A-7329-42AA-9570-35A80EB80068","Beteckn":"SK 641-2003","LanKod":"14","Lan":"VÄSTRA GÖTALANDS LÄN","KommunKod":"63","Kommun":"MARK","ArendeAr":2003,"Biotyp":"Ravinskogar","Naturtyp":null,"AreaTot":6.2,"AreaProd":6.2,"Standort":"saknas","Datbeslut":1057276800000,"Url":"http://www.skogsstyrelsen.se/skogens-parlor/Biotopskydd/?objektid=2984415"}},{"type":"Feature","id":41283,"geometry":{"type":"Polygon","coordinates":[[[13.057638217221234,57.18830812909975],[13.057926907845854,57.188431238962686],[13.058182419672292,57.18877822583605],[13.058391691671034,57.18907927359599],[13.058560091993044,57.18926263670101],[13.058418593751474,57.189385317222495],[13.05815160975623,57.18941540309105],[13.057755141254829,57.18940671672414],[13.058010641463154,57.18975370367315],[13.058305868740806,57.190011711773415],[13.059084312380275,57.19000180965451],[13.058951627835338,57.189783291924314],[13.0591142904043,57.1895981934515],[13.059048348757665,57.18937215382737],[13.059069677563691,57.18908514141056],[13.05934917461233,57.189109231022954],[13.059638546014531,57.18922337099666],[13.060044746159258,57.18954669771128],[13.060085518014528,57.18988896844409],[13.059925375154354,57.190262790212856],[13.060016375300334,57.19059718441977],[13.060272590493962,57.190935192152274],[13.060569163626697,57.19117526275383],[13.060678693332338,57.1914831034764],[13.060834579603181,57.19161229500743],[13.06074785435684,57.19188888950487],[13.060584503941131,57.192082964758995],[13.060182671321064,57.19214604120561],[13.059627611761602,57.19204405025584],[13.059229254045874,57.19183768912054],[13.059076701428598,57.19166365635473],[13.059097884214879,57.19160123030536],[13.059751661224594,57.19126517799759],[13.059621628172343,57.19101077869603],[13.059419516260945,57.1908356656649],[13.059111758915675,57.19052347367902],[13.058830243802042,57.19052629047862],[13.058493312478467,57.19038416052443],[13.058207935607916,57.190216194677895],[13.05788967052225,57.189822923945215],[13.057545715572944,57.18933026319771],[13.057486958389454,57.18923014664867],[13.057282874143503,57.189081937494464],[13.057072781855354,57.18901444919292],[13.057045078151145,57.1889419668404],[13.057028038185102,57.18872598284809],[13.057078408757514,57.18849350298921],[13.05735206520905,57.18837373215924],[13.057638217221234,57.18830812909975]]]},"properties":{"OBJECTID":41283,"Uuid":"0F62CA93-C783-4B7B-84F2-FAA937C4EEF3","Beteckn":"SK 548-2001","LanKod":"14","Lan":"VÄSTRA GÖTALANDS LÄN","KommunKod":"65","Kommun":"SVENLJUNGA","ArendeAr":2001,"Biotyp":"Äldre naturskogsartade skogar","Naturtyp":null,"AreaTot":3.1,"AreaProd":3.1,"Standort":"saknas","Datbeslut":1004054400000,"Url":"http://www.skogsstyrelsen.se/skogens-parlor/Biotopskydd/?objektid=2980059"}},{"type":"Feature","id":45181,"geometry":{"type":"Polygon","coordinates":[[[12.775756685803524,57.494919594597036],[12.775730667352757,57.495233426280066],[12.77583830446334,57.495343826087776],[12.775834592224438,57.49538866183536],[12.775599505650314,57.49560762009064],[12.775471035201464,57.495748279671204],[12.775640840989297,57.49591408533088],[12.77583399236997,57.49599958450358],[12.775878750443953,57.49606355180325],[12.775819126859167,57.49617891820111],[12.776020758632987,57.496363453506596],[12.776079199930615,57.4964636854081],[12.77634120296827,57.496523890195185],[12.776657626529682,57.49653149044975],[12.776617635340209,57.49661139555031],[12.776570205360619,57.496780953921466],[12.776490205723448,57.496940754769845],[12.776237701300497,57.49716828496318],[12.776150711827459,57.49721111322199],[12.775985664170046,57.49718918034842],[12.77589241662131,57.49710607227559],[12.775621932010946,57.49694683910688],[12.775494659020133,57.49687190059972],[12.77544662783673,57.496646134037725],[12.775386696044954,57.49656383782241],[12.775126932192032,57.4964767316065],[12.774738391137932,57.49633262127627],[12.774732883335066,57.496197721585936],[12.774248436770616,57.49620404434403],[12.774104504200572,57.496128702535806],[12.774148976824788,57.49599500836764],[12.774281913928117,57.49580054203311],[12.774394486939084,57.49565051859842],[12.77448742685139,57.4955359563898],[12.774569653482649,57.49534925707734],[12.774773226438077,57.49530923277059],[12.774951658827073,57.49516976984085],[12.774927281279025,57.49506136834478],[12.77510496557552,57.4949308776505],[12.775587920098003,57.494942487747636],[12.775756685803524,57.494919594597036]]]},"properties":{"OBJECTID":45181,"Uuid":"F5C87065-EB61-4485-AB4D-637CDBD305D8","Beteckn":"SK 107-1996","LanKod":"14","Lan":"VÄSTRA GÖTALANDS LÄN","KommunKod":"63","Kommun":"MARK","ArendeAr":1996,"Biotyp":"Äldre naturskogsartade skogar","Naturtyp":null,"AreaTot":1.7,"AreaProd":1.7,"Standort":"saknas","Datbeslut":833500800000,"Url":"http://www.skogsstyrelsen.se/skogens-parlor/Biotopskydd/?objektid=2975589"}},{"type":"Feature","id":39222,"geometry":{"type":"Polygon","coordinates":[[[12.453474564696082,57.52501050778721],[12.45713780451049,57.52731830873783],[12.457196221949854,57.52740971034725],[12.457450707831587,57.527730965342975],[12.457603351988492,57.52788777300588],[12.457468618366807,57.52808187968539],[12.457467793848476,57.52809084055802],[12.457322964911297,57.52821279793393],[12.457228951497683,57.528327116330516],[12.457348280570555,57.52848303716583],[12.457160864661056,57.528522988246586],[12.456955965388094,57.52857145631244],[12.457178560078276,57.52869418676287],[12.457386148209785,57.52879853359615],[12.457713662045581,57.528870132542195],[12.457829695830755,57.52906191438336],[12.457565746412193,57.52920765844443],[12.457244811266383,57.52906435385799],[12.456733792238333,57.52880816604246],[12.45628695512534,57.52858064287827],[12.455825098573548,57.52833475236765],[12.455577412158076,57.52812150483202],[12.455037009501035,57.52763989340725],[12.454897533254405,57.527339654254114],[12.45434049281876,57.526857605065665],[12.4540662786306,57.52675146815591],[12.453504304778704,57.52632318944236],[12.453133229798835,57.52599882646433],[12.452861502322143,57.5258658044896],[12.452528054231765,57.525677221294764],[12.452282882605523,57.52543707604017],[12.452488595820762,57.52537965461386],[12.452607704795664,57.52535586403642],[12.453184922381226,57.52525439567433],[12.453257328842032,57.525193428171384],[12.453474564696082,57.52501050778721]]]},"properties":{"OBJECTID":39222,"Uuid":"87FC6E2B-2367-4C3C-8260-9F6B40CB64D2","Beteckn":"SK 73-1996","LanKod":"14","Lan":"VÄSTRA GÖTALANDS LÄN","KommunKod":"63","Kommun":"MARK","ArendeAr":1996,"Biotyp":"Ras- eller bergbranter","Naturtyp":null,"AreaTot":4.7,"AreaProd":4.2,"Standort":"saknas","Datbeslut":828316800000,"Url":"http://www.skogsstyrelsen.se/skogens-parlor/Biotopskydd/?objektid=2975521"}},{"type":"Feature","id":42571,"geometry":{"type":"Polygon","coordinates":[[[12.814449390653532,56.80248775404215],[12.814521833061232,56.80260630462976],[12.814847217676007,56.80283873151417],[12.815037655134565,56.8029151805633],[12.815422809675988,56.80301427033055],[12.815704894106906,56.80317378487193],[12.815967065914394,56.803377738264146],[12.816249778812919,56.80373493602547],[12.816063531444556,56.80381133979408],[12.815754293493665,56.80399260869484],[12.815482028860313,56.804120848643954],[12.815364751111375,56.80415397654825],[12.815099618629045,56.80419254860989],[12.814951797311808,56.804197984299684],[12.814528919649433,56.804160885420316],[12.814320698596939,56.804101980027916],[12.814209855049873,56.80405439600565],[12.813928489071234,56.80388591329091],[12.813852485088344,56.80381220496201],[12.813661419412579,56.803538069479046],[12.813583369475186,56.8032846152529],[12.813621175024684,56.80301597368605],[12.813713626441785,56.80288341823351],[12.814111753947923,56.80261443222008],[12.81423118375449,56.8025544020329],[12.814449390653532,56.80248775404215]]]},"properties":{"OBJECTID":42571,"Uuid":"DC2D7D68-FC00-40DD-B85D-4885E1D35621","Beteckn":"SK 110-1995","LanKod":"13","Lan":"HALLANDS LÄN","KommunKod":"80","Kommun":"HALMSTAD","ArendeAr":1995,"Biotyp":"Ras- eller bergbranter","Naturtyp":null,"AreaTot":1.9,"AreaProd":1.9,"Standort":"saknas","Datbeslut":800150400000,"Url":"http://www.skogsstyrelsen.se/skogens-parlor/Biotopskydd/?objektid=2974915"}},{"type":"Feature","id":49157,"geometry":{"type":"Polygon","coordinates":[[[13.30999088850242,56.51296665785252],[13.311258173288001,56.51420495305747],[13.311609024383234,56.514553380951305],[13.3104591502629,56.51449434603582],[13.309765458999362,56.51392340060551],[13.308399357179317,56.51344673094379],[13.30829580035756,56.51329192539434],[13.308105506339984,56.51297365620945],[13.30999088850242,56.51296665785252]]]},"properties":{"OBJECTID":49157,"Uuid":"985FF443-DFA5-4F16-B700-B7EA26A8560F","Beteckn":"SK 1217-2002","LanKod":"13","Lan":"HALLANDS LÄN","KommunKod":"81","Kommun":"LAHOLM","ArendeAr":2002,"Biotyp":"Äldre naturskogsartade skogar","Naturtyp":null,"AreaTot":1.7,"AreaProd":1.7,"Standort":"saknas","Datbeslut":1041206400000,"Url":"http://www.skogsstyrelsen.se/skogens-parlor/Biotopskydd/?objektid=2983127"}},{"type":"Feature","id":40009,"geometry":{"type":"Polygon","coordinates":[[[12.919110427122373,56.347987010526374],[12.919592684395818,56.34848542453739],[12.919945385267061,56.34878971428074],[12.920405321748726,56.34918509489383],[12.921312095433898,56.34977511935542],[12.922038461696456,56.35014154157356],[12.922700300418327,56.350366523136834],[12.923398239056151,56.35059209713044],[12.924665100394199,56.35098093315856],[12.924842956413908,56.35103069681019],[12.924911118017453,56.3511053585885],[12.925052898474682,56.35115452673665],[12.9252446001334,56.35117110011269],[12.92542463353104,56.351180800705734],[12.926360238634174,56.35146380764087],[12.927070958029605,56.3516762201753],[12.928709079485657,56.3525457670133],[12.929267542209196,56.352902652594054],[12.92964689127525,56.3532331595471],[12.929548862901699,56.353264934098085],[12.929354252709317,56.35330178971204],[12.929158194482838,56.353365347243745],[12.929075092761128,56.35334390905953],[12.928928146396983,56.35316767734838],[12.92878266642625,56.352964725559836],[12.928608401059842,56.352848193697845],[12.928457491341655,56.35274541526459],[12.928364533381272,56.35268370418854],[12.9282329625897,56.352668141146495],[12.92797785239898,56.35271066010887],[12.927847006442168,56.35268173657465],[12.927562339534495,56.352603455496514],[12.927364774511712,56.352473159918596],[12.92715516355636,56.35234266249421],[12.927029393280273,56.352220244506555],[12.926719960461822,56.352154919307935],[12.926531153511936,56.35208491686513],[12.926441099749225,56.35196979102149],[12.926300039258525,56.35190727333994],[12.925814264793226,56.35198603484421],[12.925635379658159,56.35217686534848],[12.925530758936327,56.35210827971521],[12.925340503688684,56.35206498662392],[12.925180113807583,56.3519152605703],[12.92496212592982,56.35171778494478],[12.92461618768674,56.35143795051877],[12.924406607998495,56.35130744880717],[12.924222163494004,56.35115731847895],[12.924095680473831,56.35104825764508],[12.92369839784936,56.350827717286464],[12.923578502949349,56.35081903098525],[12.923388619505134,56.350769054927795],[12.923212218804087,56.35069257809383],[12.922869303629856,56.350800457857694],[12.922647386925728,56.350896993162415],[12.922356206957215,56.3509388957603],[12.92224194834011,56.35093697980114],[12.92215776629974,56.35093556811714],[12.922147188594662,56.350908655268874],[12.922176153053606,56.35081891442669],[12.921968764936558,56.35064833753117],[12.92148966331891,56.35038297590848],[12.921346637872196,56.35046746905407],[12.921057878829327,56.35079681325931],[12.920972099262586,56.35104601337565],[12.92099016626796,56.35126688639155],[12.920925304375269,56.35135268158317],[12.920609856496904,56.35117695507672],[12.920498157992588,56.351128295649545],[12.920477185706865,56.35096084471635],[12.920544194041078,56.350614417155874],[12.92057550889566,56.35048126533552],[12.920752957614857,56.35031714431371],[12.920790865801372,56.35028436785327],[12.920690738876038,56.35008530339728],[12.92065872619145,56.35005823738126],[12.920255422520388,56.34976422606139],[12.920119671165084,56.34956796009125],[12.919934161229271,56.34943785458504],[12.919601687695849,56.3492167261199],[12.919209647374695,56.34903802917819],[12.91912910674642,56.34896984231944],[12.91893339207009,56.348806142247554],[12.918715818020011,56.34860197590557],[12.91883824159712,56.34834336352219],[12.91893562658096,56.34828233487933],[12.919006947303187,56.34811894999675],[12.919110427122373,56.347987010526374]]]},"properties":{"OBJECTID":40009,"Uuid":"01B4CB85-75BC-434C-876D-00E8C229201C","Beteckn":"SK 80-2018","LanKod":"12","Lan":"SKÅNE LÄN","KommunKod":"92","Kommun":"ÄNGELHOLM","ArendeAr":2018,"Biotyp":"Äldre naturskogsartade skogar","Naturtyp":"Ädellövskog bok","AreaTot":4.5,"AreaProd":4.5,"Standort":"saknas","Datbeslut":1542326400000,"Url":"http://www.skogsstyrelsen.se/skogens-parlor/Biotopskydd/?objektid=3424538"}},{"type":"Feature","id":51284,"geometry":{"type":"Polygon","coordinates":[[[12.658561433092164,56.99092184515097],[12.658776040694494,56.99101051502989],[12.658912931583723,56.99107971213638],[12.659136422710585,56.991134434684014],[12.659157836050975,56.99113504206213],[12.659075686772535,56.991282861294465],[12.658685418242715,56.99137970287289],[12.658792902425269,56.99191526382731],[12.658678472846331,56.99194396409909],[12.658372507518521,56.99219644792743],[12.658011075861646,56.992161428435466],[12.657572443321522,56.99246100546503],[12.657882210162684,56.99298787234507],[12.658154968129724,56.99322266571369],[12.657909606309243,56.993862183321966],[12.657006787767557,56.99394827310725],[12.657188750223325,56.994296926101256],[12.657755416772776,56.99451296915111],[12.657320134903614,56.99480171655749],[12.65649382295754,56.994890385774816],[12.655640053982198,56.99482733630745],[12.655320429481675,56.99480420009915],[12.655494641083354,56.99452784836834],[12.654940537280293,56.99438605267791],[12.654449535681147,56.994812129834834],[12.654478662288515,56.99501383098068],[12.654087879218348,56.995277583342336],[12.6533921869394,56.99574664711828],[12.6533935717765,56.995714716893985],[12.653380213267914,56.99557071735109],[12.653360275457162,56.995426612367524],[12.65327237950219,56.99521646651814],[12.653205428720826,56.995085795211104],[12.653156879982864,56.99492672106042],[12.653158486253648,56.994756096428645],[12.653197022290364,56.994623917088276],[12.653278375402634,56.994490806502014],[12.653354283383242,56.99434139994979],[12.653434189685106,56.99418130245289],[12.653546351638543,56.99403084139308],[12.653608003898725,56.99389731616461],[12.653746360862126,56.993749179495325],[12.65384092511482,56.99366480781055],[12.654145141594032,56.993351076439815],[12.654400973294496,56.993169330415256],[12.654563067186933,56.99305936351431],[12.654788414374632,56.99298838864668],[12.654952642512761,56.992944952804194],[12.655095530001164,56.99287591843845],[12.655194119563687,56.99278086431962],[12.6553479531033,56.992695885997755],[12.655595772765801,56.992584028678905],[12.655867078305645,56.99246546665038],[12.656128161545983,56.992352086486626],[12.656405478176735,56.992242604526844],[12.656751291233295,56.992093165695486],[12.656919127776167,56.99199589357648],[12.65711897679901,56.991911846882516],[12.657263211470614,56.99182308290469],[12.65741071838818,56.99173437105568],[12.657547003764131,56.99161672789996],[12.657660028032975,56.991502189769314],[12.6577266571367,56.991392120889905],[12.65790566094496,56.99122681271672],[12.658124448457231,56.99105688409729],[12.658229584569753,56.99101045965223],[12.658456523745334,56.990964670506294],[12.658561433092164,56.99092184515097]]]},"properties":{"OBJECTID":51284,"Uuid":"1608B529-6B41-4416-96E4-29F35BEB054E","Beteckn":"SK 194-2017","LanKod":"13","Lan":"HALLANDS LÄN","KommunKod":"82","Kommun":"FALKENBERG","ArendeAr":2017,"Biotyp":"Äldre naturskogsartade skogar","Naturtyp":"Triviallövskog med ädellövinslag","AreaTot":7.4,"AreaProd":7.4,"Standort":"saknas","Datbeslut":1545177600000,"Url":"http://www.skogsstyrelsen.se/skogens-parlor/Biotopskydd/?objektid=3354659"}},{"type":"Feature","id":49481,"geometry":{"type":"Polygon","coordinates":[[[12.276004620597812,57.34211888403914],[12.276162842127038,57.34237495088353],[12.276247027163434,57.34270981400084],[12.27615920646338,57.34293200885947],[12.276010445420924,57.343269313497956],[12.276115502786878,57.343559836317674],[12.276042540768204,57.34380041723485],[12.276083870016288,57.34406218475166],[12.27625609811406,57.34434560620872],[12.277020165289985,57.34487029688448],[12.276974543557873,57.34534529989853],[12.27690048339409,57.34542410529183],[12.276467326569124,57.345780390339094],[12.276268837963144,57.346116294981655],[12.276208126212088,57.346402158283205],[12.27662601909694,57.34637794523999],[12.277260067744354,57.34618007643679],[12.277429503500581,57.34631963089784],[12.277707890201127,57.3463633846785],[12.277239434933072,57.347087124124606],[12.275472234398212,57.34679487003044],[12.275720265731307,57.345597651632986],[12.276029201988207,57.344977276279934],[12.275863001057028,57.34463111938298],[12.276020801571445,57.344545689160825],[12.275706252499134,57.34280246172737],[12.27586707042529,57.342339678126706],[12.276004620597812,57.34211888403914]]]},"properties":{"OBJECTID":49481,"Uuid":"148BEC0E-0019-45C3-8811-32795E2E5BA3","Beteckn":"SK 112-2011","LanKod":"13","Lan":"HALLANDS LÄN","KommunKod":"84","Kommun":"KUNGSBACKA","ArendeAr":2011,"Biotyp":"Ras- eller bergbranter","Naturtyp":null,"AreaTot":2.4,"AreaProd":2,"Standort":"saknas","Datbeslut":1303084800000,"Url":"http://www.skogsstyrelsen.se/skogens-parlor/Biotopskydd/?objektid=2996127"}},{"type":"Feature","id":44526,"geometry":{"type":"Polygon","coordinates":[[[12.323198387376134,57.46119995373925],[12.324588954555464,57.461481027931086],[12.325927101223543,57.46178759352287],[12.326356104963422,57.46183539367542],[12.326229881972091,57.46211047525743],[12.326073374731598,57.462178043640634],[12.325869537187037,57.462217341123775],[12.326180420332536,57.46227984530414],[12.326169339952537,57.462396359631406],[12.326386818833836,57.462564122703746],[12.326290025910229,57.462705231226664],[12.326236727799142,57.46273969773742],[12.325826904911745,57.46266546930337],[12.325712621349648,57.46246462138182],[12.325452487890116,57.46239452969553],[12.32506996980216,57.46238395760645],[12.324640961463965,57.4623361530387],[12.324284031239328,57.46240716609317],[12.324261858233106,57.46264019430149],[12.324485300876127,57.462745214656884],[12.324797041061151,57.46279876245294],[12.324794901585992,57.46299640297467],[12.32493350529654,57.463117047215306],[12.325023051613723,57.46322735751068],[12.325378707029152,57.46334502316017],[12.325783422916539,57.46347303032274],[12.326006036893856,57.46358700822498],[12.325783837779362,57.46364377312894],[12.324996179043781,57.46333445076292],[12.324347974072133,57.46313680828381],[12.323998718066187,57.46312715491352],[12.323816210176085,57.4629423900208],[12.322594040726377,57.46246826910365],[12.322587650924968,57.462360253913964],[12.322606011219628,57.461992331505606],[12.3228900488838,57.46146101755586],[12.323130559400543,57.46138678973157],[12.323147638186802,57.46120753919018],[12.323198387376134,57.46119995373925]]]},"properties":{"OBJECTID":44526,"Uuid":"D1A563A2-3AF8-4234-81C2-8FE20F32B4BB","Beteckn":"SK 265-2008","LanKod":"14","Lan":"VÄSTRA GÖTALANDS LÄN","KommunKod":"63","Kommun":"MARK","ArendeAr":2008,"Biotyp":"Äldre naturskogsartade skogar","Naturtyp":null,"AreaTot":3,"AreaProd":3,"Standort":"saknas","Datbeslut":1215475200000,"Url":"http://www.skogsstyrelsen.se/skogens-parlor/Biotopskydd/?objektid=2993425"}},{"type":"Feature","id":53846,"geometry":{"type":"Polygon","coordinates":[[[12.853693856287233,57.15311752622103],[12.854035712920583,57.154428328944554],[12.85282835852485,57.15484912440471],[12.852776861975817,57.15549479351994],[12.850860472626128,57.15526994553756],[12.850774333792897,57.15510619388701],[12.850555492902247,57.15494830043552],[12.84993988621643,57.154790031077695],[12.849734670845484,57.154668394037245],[12.84950218463122,57.154474231410354],[12.849441201516308,57.15440990736169],[12.853693856287233,57.15311752622103]]]},"properties":{"OBJECTID":53846,"Uuid":"E6DB8EBA-A673-44E4-8E7E-1F6C2CE5971F","Beteckn":"SK 150-1998","LanKod":"13","Lan":"HALLANDS LÄN","KommunKod":"82","Kommun":"FALKENBERG","ArendeAr":1998,"Biotyp":"Äldre naturskogsartade skogar","Naturtyp":null,"AreaTot":3.9,"AreaProd":3.9,"Standort":"saknas","Datbeslut":899424000000,"Url":"http://www.skogsstyrelsen.se/skogens-parlor/Biotopskydd/?objektid=2977031"}},{"type":"Feature","id":38835,"geometry":{"type":"Polygon","coordinates":[[[12.678597179507317,57.20285396739242],[12.678776450327712,57.20308306209761],[12.678765821354984,57.20320858305029],[12.678795664140429,57.203442938945884],[12.678752575094252,57.20375634601092],[12.67879969483788,57.20398215196522],[12.678879084986727,57.20421773856835],[12.678988666445948,57.20429235572174],[12.679083239679946,57.204348623944085],[12.679572796212373,57.204432701059595],[12.679786634644207,57.20464468532468],[12.68021964772595,57.20500589256749],[12.680418499433438,57.20519953636438],[12.680576129506308,57.20529330896204],[12.680878664382107,57.20543562436078],[12.680813926088375,57.20561371260463],[12.68078906999063,57.20571193118445],[12.680930169961501,57.20580529903538],[12.680950329222096,57.20595854525754],[12.681279087395161,57.206182372914455],[12.681403513657669,57.20647299447032],[12.681589651523726,57.20662138935934],[12.681888412732581,57.2068085366253],[12.682208847357144,57.20713099356441],[12.682555645537443,57.20733729511052],[12.682678734077165,57.20744818396991],[12.683084216849199,57.207548128019084],[12.68307740383818,57.207628824372456],[12.682476521900973,57.207685749000106],[12.681878079713618,57.20751809607879],[12.681596607092086,57.207322398767715],[12.681309809407667,57.20718947008858],[12.680874493523994,57.20685516528187],[12.680385663648417,57.20676212084655],[12.680107066043798,57.2067282253566],[12.680026140675835,57.20651056587402],[12.679766498662495,57.20625251683731],[12.679483523599554,57.206074750241825],[12.679395021271302,57.20594674966475],[12.679374107129966,57.205802466417126],[12.67943732949197,57.205642314303844],[12.679250460353096,57.20550287978651],[12.678616339655923,57.20497492177946],[12.67853390306431,57.2047751966921],[12.678339617459581,57.204527752722],[12.678448613125616,57.20441366643517],[12.678401495048346,57.20418786037569],[12.678409840483045,57.20408923796911],[12.678209498032716,57.203913526704255],[12.67801066472645,57.20371987951356],[12.67799507290847,57.203512835610084],[12.67748217649844,57.203509034742915],[12.677740799040198,57.203192013441175],[12.677928591129357,57.2031248198613],[12.678257659577854,57.20295332097624],[12.678597179507317,57.20285396739242]]]},"properties":{"OBJECTID":38835,"Uuid":"CADFA586-BAEE-4507-B737-49F0154B80C7","Beteckn":"SK 356-2008","LanKod":"13","Lan":"HALLANDS LÄN","KommunKod":"82","Kommun":"FALKENBERG","ArendeAr":2008,"Biotyp":"Ras- eller bergbranter","Naturtyp":null,"AreaTot":3.7,"AreaProd":3.7,"Standort":"saknas","Datbeslut":1220918400000,"Url":"http://www.skogsstyrelsen.se/skogens-parlor/Biotopskydd/?objektid=2993607"}},{"type":"Feature","id":49412,"geometry":{"type":"MultiPolygon","coordinates":[[[[13.399817980143833,56.385696289062054],[13.399934791082881,56.38571311721912],[13.400114936153265,56.385719134963594],[13.40021673585458,56.3857795206986],[13.400291254381296,56.385913794507054],[13.400504151719707,56.3859994434837],[13.40070992890358,56.386033161552405],[13.401000259766207,56.3860255480778],[13.401180463940253,56.38600429332569],[13.401252393902313,56.38585559938809],[13.40135601327743,56.385800307342734],[13.401552590661884,56.385751641021265],[13.401867610265937,56.38576633189574],[13.400281866119204,56.38692781225085],[13.399433115345328,56.38757180212976],[13.39856111697987,56.38820897143426],[13.398132336647468,56.38804824018642],[13.397735289919552,56.38791074126506],[13.397384761414607,56.38783937528193],[13.397205061239175,56.38775428490716],[13.39706338645209,56.387744626896854],[13.396893027795178,56.38771828876093],[13.396860741674635,56.387630431117344],[13.396827513386354,56.38756538505548],[13.397054212784433,56.387446702993806],[13.397158319476992,56.38741013798661],[13.39753538600592,56.3872267425509],[13.398165032913724,56.38678755051075],[13.398228692122261,56.386687633807924],[13.398443985036646,56.38655759669055],[13.398840558287182,56.38628921962118],[13.399000426077153,56.38613270370765],[13.399247096744597,56.385958851574834],[13.399478311158479,56.38576957761067],[13.399817980143833,56.385696289062054]]],[[[13.397218317730017,56.38528699042371],[13.39740752457884,56.385418893674824],[13.397445979648548,56.385493684805944],[13.397602398847031,56.38556244350114],[13.397852710422269,56.38559821555079],[13.398088005488061,56.38566141524248],[13.39821486524943,56.385685410687024],[13.39854280480224,56.385848406812144],[13.398621361507496,56.385966604423714],[13.398706643755755,56.38604999722265],[13.398758987246856,56.386107723651385],[13.398801420005121,56.38617272631756],[13.398741852155242,56.38621689471961],[13.398678590903547,56.38626492418941],[13.398631486360241,56.386334781978064],[13.398244837392193,56.38662137488381],[13.398159903472173,56.3865709639308],[13.398041412413539,56.38651578824071],[13.397461672402526,56.38639199426865],[13.39725636421899,56.386335947304595],[13.39707440447664,56.386306359328195],[13.397103354853915,56.386417312092924],[13.397205117621606,56.38646077070659],[13.397225807877925,56.38646103816157],[13.397225647167655,56.38646486400878],[13.397268726802073,56.38653870855486],[13.397138241282489,56.386686185068875],[13.396938798446739,56.386645111766846],[13.396785276636814,56.386592132747374],[13.396704376916546,56.386539436652704],[13.396673899213704,56.386461001402395],[13.396677814963038,56.38639826867412],[13.39670269647962,56.38633579806488],[13.396785094251952,56.38627380158401],[13.396864810367568,56.3861507122765],[13.39651597100763,56.38593473105102],[13.39653637685209,56.38577794217032],[13.396464601487454,56.385621111328724],[13.396400099617203,56.38549087346004],[13.396398756671633,56.38535093012536],[13.396568163453843,56.38531485973156],[13.396755938318696,56.385284570821305],[13.396956179383517,56.38534425528189],[13.397037764248683,56.385309259268304],[13.397218317730017,56.38528699042371]]]]},"properties":{"OBJECTID":49412,"Uuid":"B3E4A7A4-2BA2-4A57-B631-B5FEE637A4D3","Beteckn":"SK 826-2018","LanKod":"12","Lan":"SKÅNE LÄN","KommunKod":"57","Kommun":"ÖRKELLJUNGA","ArendeAr":2018,"Biotyp":"Äldre naturskogsartade skogar","Naturtyp":"Tallskog","AreaTot":4.8,"AreaProd":4.8,"Standort":"saknas","Datbeslut":1605139200000,"Url":"http://www.skogsstyrelsen.se/skogens-parlor/Biotopskydd/?objektid=3564764"}},{"type":"Feature","id":48058,"geometry":{"type":"Polygon","coordinates":[[[12.854624828973119,56.88425508808786],[12.854847801293428,56.88434122230416],[12.854890705573032,56.88462975095749],[12.854823867050865,56.884852790560046],[12.854472760601638,56.88493433934705],[12.854314702343071,56.88506537469672],[12.853913734294062,56.885154728062275],[12.85388653557951,56.884875553925724],[12.853834442732351,56.884703606633366],[12.853884198759294,56.884489152344464],[12.854055804603558,56.88439437595366],[12.854097769783785,56.884278563981695],[12.854360588571693,56.88427579130905],[12.854624828973119,56.88425508808786]]]},"properties":{"OBJECTID":48058,"Uuid":"4CC36775-F1B3-40A3-A8E3-1067183BF46F","Beteckn":"SK 529-2006","LanKod":"13","Lan":"HALLANDS LÄN","KommunKod":"82","Kommun":"FALKENBERG","ArendeAr":2006,"Biotyp":"Äldre naturskogsartade skogar","Naturtyp":null,"AreaTot":0.5,"AreaProd":0.5,"Standort":"saknas","Datbeslut":1160352000000,"Url":"http://www.skogsstyrelsen.se/skogens-parlor/Biotopskydd/?objektid=2990933"}},{"type":"Feature","id":37959,"geometry":{"type":"Polygon","coordinates":[[[13.198865507181022,56.89186607180495],[13.198995603218167,56.8919130182257],[13.199309697756402,56.89198056054356],[13.199517576202279,56.89210811260625],[13.199531816909111,56.8921257136307],[13.19904272260583,56.892324071186785],[13.199164992700277,56.8928165281256],[13.19849079734526,56.893611319120346],[13.198555175682097,56.894222762550946],[13.198763806073213,56.8944368832403],[13.197921518096193,56.895257776568215],[13.19813121781251,56.89566590912952],[13.197949512282495,56.89598123794569],[13.196997025766725,56.89584197000808],[13.196780943993614,56.89534402379776],[13.196887899426127,56.89507169139006],[13.19597601464274,56.89495582438117],[13.195551126555676,56.89425358685081],[13.19461880055637,56.89413584203952],[13.19389317608535,56.89361754231373],[13.19427813348889,56.89341769953698],[13.194910886410751,56.89348390070629],[13.195326659115086,56.89371970968937],[13.198865507181022,56.89186607180495]],[[13.197967223869245,56.89366495925851],[13.197348706707832,56.89373591706563],[13.197083520968038,56.89447954393102],[13.196701040226648,56.894628079278405],[13.197733272674862,56.89484267487479],[13.197961152865043,56.89422403517908],[13.197984475784027,56.89395620133674],[13.197967223869245,56.89366495925851]]]},"properties":{"OBJECTID":37959,"Uuid":"7A7C5867-60DC-4D99-88A1-C2268CC444F3","Beteckn":"SK 17-2017","LanKod":"13","Lan":"HALLANDS LÄN","KommunKod":"15","Kommun":"HYLTE","ArendeAr":2017,"Biotyp":"Äldre naturskogsartade skogar","Naturtyp":"Ädellövskog bok","AreaTot":5.6,"AreaProd":5.6,"Standort":"saknas","Datbeslut":1510531200000,"Url":"http://www.skogsstyrelsen.se/skogens-parlor/Biotopskydd/?objektid=3328627"}},{"type":"Feature","id":53374,"geometry":{"type":"Polygon","coordinates":[[[12.989593447598448,56.338210782938525],[12.991499186252469,56.33935028772616],[12.99158881200277,56.33945115922117],[12.991373578729629,56.33951814246619],[12.99129282428656,56.339516311915084],[12.990971155233526,56.33949102891652],[12.990582617000703,56.33927553797894],[12.990519338960947,56.3392561340526],[12.990374642009748,56.33924385676386],[12.990176217671069,56.33930224085131],[12.990091501266239,56.33935421977256],[12.990018315666099,56.339469363657564],[12.990120395243412,56.33984007157401],[12.990109821972457,56.339983586423614],[12.990050782380651,56.340126000435056],[12.989913650025327,56.34023070681749],[12.989814102102013,56.340264381900795],[12.989650608883734,56.340287619313386],[12.98936124022131,56.34026306301467],[12.988735155788945,56.338442841246945],[12.98904040037113,56.33825211369041],[12.989398991293282,56.33821534660561],[12.989593447598448,56.338210782938525]]]},"properties":{"OBJECTID":53374,"Uuid":"A6FF5228-D2FC-4CF0-9DD7-5032DAE67953","Beteckn":"SK 181-1999","LanKod":"12","Lan":"SKÅNE LÄN","KommunKod":"92","Kommun":"ÄNGELHOLM","ArendeAr":1999,"Biotyp":"Källor med omgivande våtmarker","Naturtyp":null,"AreaTot":1.9,"AreaProd":1.9,"Standort":"saknas","Datbeslut":935971200000,"Url":"http://www.skogsstyrelsen.se/skogens-parlor/Biotopskydd/?objektid=2977689"}},{"type":"Feature","id":52492,"geometry":{"type":"MultiPolygon","coordinates":[[[[12.805472170924494,56.798013107170945],[12.80587574926,56.79808571795479],[12.806034891883623,56.79814346020038],[12.805887646499553,56.79834656925544],[12.80591388791968,56.79842807034916],[12.80604736055214,56.79860199570983],[12.806077759026048,56.7988363389396],[12.806216980561562,56.798938527802605],[12.80631360508139,56.79895882004363],[12.806517773657164,56.79897846027368],[12.806508903370599,56.798996852246916],[12.806500017238193,56.79901523495451],[12.80649123031022,56.799032199552634],[12.806487546538264,56.79905068273077],[12.806483363550244,56.79907771219603],[12.806242820185444,56.79905636280305],[12.806093850285501,56.79906944200351],[12.805962475527265,56.79909280543948],[12.805762450650265,56.79900084263106],[12.805520183600008,56.798875317932705],[12.80518728726156,56.798788097772594],[12.805083560510516,56.79878341488965],[12.804936216819291,56.798635313961796],[12.80452095282718,56.79859526797314],[12.804647405867437,56.798214276778175],[12.80473583939427,56.798211025471204],[12.8049213602567,56.79814361224467],[12.805167238558948,56.79814054318157],[12.805283785169971,56.79811639849273],[12.805368376110001,56.79808248936227],[12.805472170924494,56.798013107170945]]],[[[12.801841162173595,56.797681411574175],[12.802140367034085,56.79769926509495],[12.802605009591947,56.797827267503756],[12.80277058846454,56.797804294477785],[12.803062627146401,56.7978382849618],[12.803905170793684,56.79815508368843],[12.803986173997952,56.79816602644841],[12.804149607223108,56.79816995509942],[12.80448396602306,56.79820541512115],[12.80435952127583,56.798580321766465],[12.803875638080841,56.79854246259139],[12.803689297780144,56.79852776890972],[12.80337426722902,56.79849083190355],[12.802885604812444,56.798399487371825],[12.802782363138407,56.79829780266032],[12.802703084991379,56.7982307872608],[12.802578716020928,56.79813443656905],[12.802497770703141,56.798095923558506],[12.802137653853578,56.798029657154515],[12.801982484213664,56.79801551012785],[12.801682367302796,56.79799025333658],[12.801660517980363,56.79798887975133],[12.801841162173595,56.797681411574175]]],[[[12.798765702088797,56.79717566936875],[12.79921522299712,56.797215431563565],[12.799329637042982,56.79721819612784],[12.79971900666451,56.797263518216674],[12.799878841537566,56.79731230322234],[12.800088429471021,56.79735329362385],[12.800722230926011,56.797413500419246],[12.800962363967889,56.797482184893795],[12.801135685828939,56.797567232629845],[12.801505115096445,56.79765700388544],[12.80151060446608,56.79765751401494],[12.801314518641211,56.79797888114611],[12.800872435987966,56.7978421144836],[12.799573679730644,56.797746410618224],[12.799091725841128,56.79778738675885],[12.798856496781498,56.79782059252016],[12.798691064039147,56.79774631175981],[12.798765702088797,56.79717566936875]]]]},"properties":{"OBJECTID":52492,"Uuid":"09E14D4B-9C25-4DE7-9C2C-B8A1843F0833","Beteckn":"SK 109-1995","LanKod":"13","Lan":"HALLANDS LÄN","KommunKod":"80","Kommun":"HALMSTAD","ArendeAr":1995,"Biotyp":"Äldre naturskogsartade skogar","Naturtyp":null,"AreaTot":2.5,"AreaProd":2.5,"Standort":"saknas","Datbeslut":800150400000,"Url":"http://www.skogsstyrelsen.se/skogens-parlor/Biotopskydd/?objektid=2974913"}},{"type":"Feature","id":49169,"geometry":{"type":"Polygon","coordinates":[[[13.136402917582485,56.65251114227026],[13.136511833304247,56.652585351762596],[13.13660510805815,56.65265024229397],[13.136759720655503,56.65277036152297],[13.137070410481874,56.65275905290598],[13.137222488658782,56.652915050127675],[13.137263096645073,56.65303271673258],[13.137271767005439,56.65314071284516],[13.13700675555867,56.653197913563176],[13.136821276995148,56.65328377401903],[13.136873728260023,56.65346459099178],[13.137131770416623,56.65350605890348],[13.137384101723585,56.65362826869731],[13.1374591859985,56.65371971814628],[13.137580591132389,56.65384810060887],[13.137695026610643,56.654075160297644],[13.137632227903472,56.654271469494994],[13.137625240874168,56.65437014658298],[13.13771218977521,56.65452473732443],[13.138150012483116,56.65456108386406],[13.138443160243938,56.65456736423018],[13.138774593509233,56.654493613171105],[13.139021433990276,56.65446296877136],[13.139359644924381,56.65452412340466],[13.13949925266258,56.65462594420333],[13.139589986999038,56.654726710910325],[13.139731509041736,56.65480162043281],[13.139835552994295,56.65471400857754],[13.13989139249111,56.65461637594926],[13.140173327980397,56.65455054388588],[13.140447024001233,56.6546013323968],[13.140468829805826,56.654754525594214],[13.140468012296814,56.65499708665961],[13.140539935580318,56.65513338926252],[13.14009577671578,56.65518676122248],[13.139430552993925,56.65513657233001],[13.13907838636096,56.65527276348414],[13.138754552574337,56.65523887056409],[13.138408107594291,56.65529433553286],[13.138172486483118,56.65539709637964],[13.137586162898721,56.65538451539906],[13.137407007860949,56.65538067564191],[13.137018656844857,56.655336413591336],[13.136805663771538,56.65534981362035],[13.136545072669406,56.655344214513505],[13.135729476049935,56.655344681410064],[13.135388725139732,56.65531940438841],[13.135135127855843,56.65521513440728],[13.134724376629872,56.655026629835355],[13.13424275607634,56.65491746723691],[13.134053664522966,56.65482356105513],[13.133742318036271,56.65484382933082],[13.133775755801283,56.65460197266045],[13.133753977689999,56.65444876948518],[13.133675082877424,56.654411139913606],[13.133773674496403,56.65417068242164],[13.133984980917992,56.653950614205954],[13.134128591923071,56.6537650341102],[13.134441424067788,56.65349323667059],[13.13473457859801,56.65349953493696],[13.13492196288034,56.653386766452975],[13.134740725088408,56.652951632549254],[13.135333986520658,56.65286554051908],[13.135714266323415,56.65279284390068],[13.135934858437187,56.65267180108285],[13.1362311666171,56.65263324070662],[13.136402917582485,56.65251114227026]]]},"properties":{"OBJECTID":49169,"Uuid":"8963E62C-FB67-4672-B3D8-06298F6EC20C","Beteckn":"SK 309-2007","LanKod":"13","Lan":"HALLANDS LÄN","KommunKod":"80","Kommun":"HALMSTAD","ArendeAr":2007,"Biotyp":"Äldre naturskogsartade skogar","Naturtyp":null,"AreaTot":6.8,"AreaProd":6.5,"Standort":"saknas","Datbeslut":1188518400000,"Url":"http://www.skogsstyrelsen.se/skogens-parlor/Biotopskydd/?objektid=2992149"}},{"type":"Feature","id":40000,"geometry":{"type":"Polygon","coordinates":[[[13.181504555830742,56.79871491442158],[13.18161900927575,56.79871731953774],[13.182390611762031,56.79892222122905],[13.182665413805974,56.79897292275663],[13.183155901395226,56.79898323878467],[13.18327035579469,56.79898564239153],[13.183316317355724,56.79926511645069],[13.183667234195099,56.799398270596654],[13.183942112292929,56.799682550626095],[13.18393710258239,56.79975431744216],[13.183825834821011,56.799940640146446],[13.183725863514578,56.799965485550146],[13.183495704545807,56.79997861411257],[13.18319257025843,56.799864432075964],[13.182667508012107,56.79988033577497],[13.182389607001255,56.800108070460915],[13.182421725690075,56.80035131096743],[13.182704733341051,56.80051898040754],[13.182351978329715,56.800646315943496],[13.181909903982485,56.80064600255259],[13.18181309208931,56.80085957183638],[13.181933237816528,56.80101483250198],[13.182057136836448,56.80111626117499],[13.1820684845137,56.8011883651277],[13.18212886563515,56.80126150703996],[13.182188615959403,56.801343625314274],[13.182351496801221,56.801356035377125],[13.182465958361934,56.801358439765885],[13.18264581437612,56.80136222797086],[13.183418208734073,56.8020253180775],[13.183158483791331,56.801992899009704],[13.182981744493734,56.80194426499087],[13.182806283378815,56.80187768715411],[13.182178675631786,56.801954320527074],[13.18176234483038,56.80181978675477],[13.18109697823246,56.801733908181816],[13.180864264817512,56.80154932979041],[13.180873681596987,56.801414773140465],[13.180779335053309,56.80135888186419],[13.180720218745535,56.80126779553242],[13.180694406131625,56.801168433879965],[13.180338403497748,56.80063986728156],[13.180359132930331,56.800577423258],[13.180637714842769,56.80057429771578],[13.180738337059754,56.80054048764746],[13.181197348203698,56.800298593990725],[13.181406726977526,56.800114341717396],[13.181411741583394,56.800042575037445],[13.180701709096803,56.79965929384365],[13.18046024002034,56.79960030423827],[13.180137634742927,56.79953062385871],[13.179843963602174,56.79951544906079],[13.179298140966848,56.799593800023764],[13.17940753595526,56.79943439264917],[13.179495568306997,56.7993464054367],[13.179615041413495,56.799277045811586],[13.179635771246971,56.79921460189799],[13.17979233348958,56.799083135737455],[13.180077814460285,56.79898134256555],[13.180241298963159,56.79898478767939],[13.18037903867869,56.79912244326958],[13.180844346611588,56.79902443924119],[13.180851255125765,56.7989257613799],[13.180919784410204,56.79888228197132],[13.181056227621974,56.79880429966293],[13.181290132811194,56.79873735266749],[13.181504555830742,56.79871491442158]]]},"properties":{"OBJECTID":40000,"Uuid":"C7C5294E-A8D4-4876-B8BA-96140B6B8CAF","Beteckn":"SK 286-2006","LanKod":"13","Lan":"HALLANDS LÄN","KommunKod":"80","Kommun":"HALMSTAD","ArendeAr":2006,"Biotyp":"Äldre betespräglad skog","Naturtyp":null,"AreaTot":4.5,"AreaProd":4.5,"Standort":"saknas","Datbeslut":1148256000000,"Url":"http://www.skogsstyrelsen.se/skogens-parlor/Biotopskydd/?objektid=2990447"}},{"type":"Feature","id":53817,"geometry":{"type":"Polygon","coordinates":[[[12.951375110181422,57.00893577376414],[12.95150662068996,57.008938771105726],[12.951942210599269,57.009056524534095],[12.952051779514957,57.00913090493392],[12.952075715719436,57.00924824693738],[12.951961895076977,57.009658931874846],[12.9519714540411,57.00974899132599],[12.951916645993714,57.00981961247135],[12.951851525656705,57.010024771099815],[12.951724750991726,57.010174610428486],[12.951619243836308,57.01026204981563],[12.951344534996808,57.010408514942206],[12.951177405995018,57.01044063501431],[12.951075318709934,57.010483227848695],[12.950936251884121,57.01057887842259],[12.950735546984381,57.01061922732741],[12.950605396924574,57.010598279886125],[12.950611599873366,57.0105175630711],[12.950869255949348,57.01016407477038],[12.951287848913207,57.00985917402026],[12.951359798729866,57.00977995575739],[12.951337229885937,57.00964467335444],[12.951073663614594,57.00921639005371],[12.951153853795358,57.00902954895919],[12.951224420371451,57.00896827077069],[12.951375110181422,57.00893577376414]]]},"properties":{"OBJECTID":53817,"Uuid":"1BFEC185-73DE-44B1-AC4D-8011E0E0D592","Beteckn":"SK 161-1995","LanKod":"13","Lan":"HALLANDS LÄN","KommunKod":"15","Kommun":"HYLTE","ArendeAr":1995,"Biotyp":"Äldre naturskogsartade skogar","Naturtyp":null,"AreaTot":0.8,"AreaProd":0.8,"Standort":"saknas","Datbeslut":802915200000,"Url":"http://www.skogsstyrelsen.se/skogens-parlor/Biotopskydd/?objektid=2975017"}},{"type":"Feature","id":46515,"geometry":{"type":"Polygon","coordinates":[[[12.435097710845003,57.19578014224021],[12.437265417600825,57.196596846182516],[12.437675473805639,57.19673797423964],[12.438335065325305,57.19673853504083],[12.439424834153936,57.19692400504977],[12.439438683789662,57.19707473749752],[12.439948355779027,57.1970718801862],[12.440919604014264,57.197408020025364],[12.441070941541044,57.19759105082843],[12.439479098832264,57.19781396252753],[12.438775095590369,57.19762752398602],[12.43631240824182,57.19751640572101],[12.43587512939404,57.197305338019646],[12.435296371823735,57.19716034301878],[12.434358028473708,57.19724770241855],[12.434501722572671,57.1967090610988],[12.434882289430973,57.196645817039446],[12.434564134445965,57.19577247951221],[12.435097710845003,57.19578014224021]]]},"properties":{"OBJECTID":46515,"Uuid":"8BBE357A-A06F-4C88-82B5-868D83D6C535","Beteckn":"SK 219-2016","LanKod":"13","Lan":"HALLANDS LÄN","KommunKod":"83","Kommun":"VARBERG","ArendeAr":2016,"Biotyp":"Alkärr","Naturtyp":"Lövsumpskog","AreaTot":4,"AreaProd":4,"Standort":"saknas","Datbeslut":1478131200000,"Url":"http://www.skogsstyrelsen.se/skogens-parlor/Biotopskydd/?objektid=3275990"}},{"type":"Feature","id":38698,"geometry":{"type":"Polygon","coordinates":[[[13.045436017194781,56.794294208264105],[13.045543845953928,56.79438643950538],[13.046000724358718,56.79463015037307],[13.046333436783714,56.79478125640544],[13.046537369917765,56.79490256953653],[13.046798759284451,56.795132962915275],[13.046821561289489,56.79526823384247],[13.046993464474435,56.79537985210942],[13.047314453966694,56.79546780787292],[13.047722448499123,56.795485821626],[13.047814058074218,56.795353087309515],[13.047820118386102,56.795047752412],[13.048016410280656,56.79482748938904],[13.048253156057115,56.79472490898891],[13.04838392595886,56.79472779968926],[13.048392364658973,56.79483579809873],[13.048165901678441,56.79524406822666],[13.048114103131535,56.79550347053319],[13.047872729818835,56.795668834447106],[13.04753592979257,56.79579614081675],[13.046087312439866,56.79523400960756],[13.045984105235537,56.79507899508326],[13.045857960306247,56.79501330914785],[13.045565695811247,56.79497988561844],[13.045389851469057,56.79492209186612],[13.045085228049446,56.79483448639343],[13.04489435570039,56.79475838580998],[13.044868907590152,56.79465898953417],[13.045151557098512,56.794377758345995],[13.045436017194781,56.794294208264105]]]},"properties":{"OBJECTID":38698,"Uuid":"1C408A19-7CEE-4C76-9F8B-00D62C0C410C","Beteckn":"SK 578-2005","LanKod":"13","Lan":"HALLANDS LÄN","KommunKod":"80","Kommun":"HALMSTAD","ArendeAr":2005,"Biotyp":"Äldre naturskogsartade skogar","Naturtyp":null,"AreaTot":1,"AreaProd":1,"Standort":"saknas","Datbeslut":1126483200000,"Url":"http://www.skogsstyrelsen.se/skogens-parlor/Biotopskydd/?objektid=2988813"}},{"type":"Feature","id":44022,"geometry":{"type":"Polygon","coordinates":[[[12.91457343875791,56.34411957602611],[12.91487619229855,56.34412752960072],[12.915639685492376,56.34435583395598],[12.91570843282024,56.34437739042746],[12.915852730709682,56.34449010311188],[12.915996301255841,56.34461616665349],[12.916102876045152,56.344758323066834],[12.916125658685845,56.34478209873417],[12.916121652625586,56.34485555179837],[12.916072835629153,56.34508866427783],[12.915971469361061,56.345194269772996],[12.915825793588038,56.34542538439199],[12.915941480962443,56.34551087110972],[12.916106365188174,56.34568742995501],[12.916133888168373,56.34573467780235],[12.916116213992899,56.34583797954747],[12.9160570008812,56.345930553409644],[12.915993411602889,56.34599298403676],[12.915867706119492,56.346091125468746],[12.915525544368043,56.346295910353156],[12.91513600541457,56.346376239666135],[12.914941070689524,56.346530029320554],[12.914759406838595,56.34666064957425],[12.9144608610315,56.34679522441287],[12.914335430887798,56.34693088858206],[12.913899438393395,56.34698036246957],[12.913663306555987,56.34700646498381],[12.913717971603,56.34688707110641],[12.914150864688093,56.34678408361146],[12.91438644801474,56.34665771496259],[12.91452657333104,56.346406090667095],[12.914728616874479,56.34623237190126],[12.91481943825285,56.34615641687252],[12.914919935862981,56.34592479469035],[12.915109958246452,56.34553030266592],[12.915069873398702,56.3452723020101],[12.914605118271057,56.344967055097136],[12.914324728172168,56.34481195116277],[12.913998246341574,56.34472959100632],[12.91376012528668,56.34468213061306],[12.91374355701394,56.344655116075565],[12.913723875561741,56.344634735243325],[12.913726444409228,56.34458768800187],[12.913774205536999,56.34451286887565],[12.914064013092815,56.34428730175415],[12.914193232489914,56.34417960549207],[12.914288338422388,56.344164715976824],[12.91457343875791,56.34411957602611]]]},"properties":{"OBJECTID":44022,"Uuid":"683EED38-A83D-4B46-8B41-2C059F652A7B","Beteckn":"SK 81-2018","LanKod":"12","Lan":"SKÅNE LÄN","KommunKod":"92","Kommun":"ÄNGELHOLM","ArendeAr":2018,"Biotyp":"Äldre naturskogsartade skogar","Naturtyp":"Ädellövskog bok","AreaTot":2.2,"AreaProd":2.2,"Standort":"saknas","Datbeslut":1542326400000,"Url":"http://www.skogsstyrelsen.se/skogens-parlor/Biotopskydd/?objektid=3424539"}},{"type":"Feature","id":52486,"geometry":{"type":"Polygon","coordinates":[[[13.105844157172008,56.78367595806168],[13.106126787656734,56.78382702352051],[13.10619236807283,56.783892617972704],[13.106381332479154,56.78404883812072],[13.106554719693355,56.78423548090137],[13.106891665435686,56.784571298634866],[13.106985133747122,56.78467349260055],[13.107303069974334,56.784619173470546],[13.107563255183077,56.78458002585416],[13.107954661117875,56.78502022775794],[13.108185790479238,56.78534429161399],[13.10841698565342,56.78589282015429],[13.108541013686157,56.78635366647409],[13.108940165849496,56.78738871339001],[13.106767124980182,56.78730311855608],[13.105424050060305,56.78617057543698],[13.10505837464071,56.78587041314804],[13.104936369917834,56.78576861983622],[13.104851180523056,56.78570812724515],[13.104746687004715,56.785618155501766],[13.104960328286023,56.78559220694961],[13.105252618905476,56.785551260508605],[13.105624195183916,56.78548982600946],[13.105957904083274,56.7855648032944],[13.10622871673033,56.78560892009268],[13.106173487847693,56.78545416442428],[13.106140117576167,56.78534222531],[13.106044951949373,56.785247085720805],[13.105886025312236,56.78512882786755],[13.105540103660474,56.7848717660652],[13.105547345984595,56.784699861620766],[13.105541554780329,56.78445819142689],[13.10555141908488,56.78427129361733],[13.105549807697436,56.7841665490579],[13.105557328041467,56.78410894772953],[13.105576497037108,56.78404953748037],[13.105606928482384,56.78387387874282],[13.105679777709936,56.783781623143085],[13.105844157172008,56.78367595806168]]]},"properties":{"OBJECTID":52486,"Uuid":"094F4710-6A4C-4EAE-A1F5-32D43FE74641","Beteckn":"SK 401-2002","LanKod":"13","Lan":"HALLANDS LÄN","KommunKod":"80","Kommun":"HALMSTAD","ArendeAr":2002,"Biotyp":"Äldre naturskogsartade skogar","Naturtyp":null,"AreaTot":5.8,"AreaProd":5.8,"Standort":"saknas","Datbeslut":1020816000000,"Url":"http://www.skogsstyrelsen.se/skogens-parlor/Biotopskydd/?objektid=2981495"}},{"type":"Feature","id":45931,"geometry":{"type":"Polygon","coordinates":[[[12.418269244468043,57.45531033540122],[12.418713279242583,57.45537619163241],[12.419010938944378,57.455402176048345],[12.419435856101359,57.45549447234062],[12.41970361772162,57.45566341388128],[12.419837535246455,57.45583774737938],[12.419856694274449,57.45599102087638],[12.419732139168227,57.456796390116956],[12.411108514856343,57.45756166001399],[12.410982133833773,57.4574863702489],[12.410731842911717,57.457308889992525],[12.410442488885291,57.45701354579452],[12.41021299138318,57.45697140899448],[12.409974350117752,57.45702788359263],[12.40984129942631,57.45702429520949],[12.409372326161186,57.45704759133503],[12.409206025454527,57.457043103052925],[12.408722110877033,57.45668858521651],[12.408600744939031,57.456379795742706],[12.410791744117025,57.45612438020589],[12.417460233813925,57.45540539065327],[12.418269244468043,57.45531033540122]]]},"properties":{"OBJECTID":45931,"Uuid":"731CF848-91E1-4A32-B5B5-7A3614F7C0D5","Beteckn":"SK 898-2005","LanKod":"14","Lan":"VÄSTRA GÖTALANDS LÄN","KommunKod":"63","Kommun":"MARK","ArendeAr":2005,"Biotyp":"Mark med mycket gamla träd","Naturtyp":null,"AreaTot":10.5,"AreaProd":10.5,"Standort":"saknas","Datbeslut":1133136000000,"Url":"http://www.skogsstyrelsen.se/skogens-parlor/Biotopskydd/?objektid=2989453"}},{"type":"Feature","id":52721,"geometry":{"type":"Polygon","coordinates":[[[12.500278584807283,57.180071912086675],[12.502852576997773,57.1803346372531],[12.504990314324658,57.1806567089709],[12.505071140415637,57.18067700869863],[12.505370465871097,57.180715519583146],[12.504395206875692,57.18201746313907],[12.504194912056846,57.182152710581995],[12.50402126932749,57.182264017027556],[12.500911845729243,57.181726425297875],[12.501126748583188,57.181390952544575],[12.500938359485055,57.181115809349265],[12.500664764152086,57.18086519182995],[12.500790087560137,57.180599074255035],[12.500583310069722,57.180512223052624],[12.500658111146384,57.18042446572991],[12.500402691496124,57.18032720911135],[12.500278584807283,57.180071912086675]]]},"properties":{"OBJECTID":52721,"Uuid":"8265DA86-6E74-4592-B2C0-88068E4FAB92","Beteckn":"SK 41-2014","LanKod":"13","Lan":"HALLANDS LÄN","KommunKod":"83","Kommun":"VARBERG","ArendeAr":2014,"Biotyp":"Äldre naturskogsartade skogar","Naturtyp":"Ädellövskog ek","AreaTot":4.6,"AreaProd":4.6,"Standort":"saknas","Datbeslut":1431043200000,"Url":"http://www.skogsstyrelsen.se/skogens-parlor/Biotopskydd/?objektid=3083880"}},{"type":"Feature","id":39737,"geometry":{"type":"Polygon","coordinates":[[[12.65735750932953,57.05935224534314],[12.657942282652822,57.059672685925655],[12.658074320080864,57.060270059351865],[12.658785996015489,57.06009846937449],[12.65919065373096,57.0604677928034],[12.657266375624156,57.060564459889655],[12.652930150849429,57.060652088182565],[12.652504729766742,57.06026225190573],[12.652332633569847,57.05971637708132],[12.652915254496628,57.05960269121338],[12.65433235750025,57.05970963525343],[12.654582588637876,57.059485202702554],[12.654941132784373,57.05953211368964],[12.654537953386495,57.05984211842286],[12.656264302037917,57.05995884877915],[12.656189411048915,57.06021067699886],[12.656477548410177,57.060204009436156],[12.656414717707406,57.05991342431947],[12.656515282647081,57.05972236666105],[12.65735750932953,57.05935224534314]]]},"properties":{"OBJECTID":39737,"Uuid":"627CBE31-5345-4A35-B99D-3B4DD78BC453","Beteckn":"SK 318-2012","LanKod":"13","Lan":"HALLANDS LÄN","KommunKod":"82","Kommun":"FALKENBERG","ArendeAr":2012,"Biotyp":"Äldre naturskogsartade skogar","Naturtyp":"Ädellövskog ek","AreaTot":3.5,"AreaProd":3.5,"Standort":"saknas","Datbeslut":1357257600000,"Url":"http://www.skogsstyrelsen.se/skogens-parlor/Biotopskydd/?objektid=2838977"}},{"type":"Feature","id":39743,"geometry":{"type":"Polygon","coordinates":[[[12.984979162960357,57.540561132601916],[12.985523976225661,57.54064518645548],[12.985674070284654,57.54064854319195],[12.98585128285768,57.54073335078715],[12.98581312015995,57.54101100021685],[12.985795089633088,57.541244171365655],[12.985832637872708,57.54140671727483],[12.985948729151888,57.54163389703375],[12.986125996779906,57.54193432853579],[12.986155881314481,57.54197991032289],[12.98626084963841,57.54213497789632],[12.986479777155216,57.54232853126473],[12.986447163499662,57.54253442478069],[12.986452744492746,57.542678292713916],[12.986393704711043,57.542793761340256],[12.98642640686317,57.543019080174005],[12.986467436178517,57.54313678300477],[12.986556414740763,57.54328251131131],[12.986564777628248,57.543390501333036],[12.986621089915102,57.54352651681907],[12.986502260388528,57.54355081287032],[12.986501565263689,57.54355977785462],[12.98635700471773,57.54348468393875],[12.986165174881897,57.543372590015714],[12.986103318011908,57.54330832138867],[12.985947616714768,57.54316110587406],[12.985822514104195,57.543050498343185],[12.985778721519537,57.54296867345626],[12.985673753429854,57.542813596521846],[12.985600756107733,57.54267721545545],[12.985517330319173,57.54245973946774],[12.98542208507212,57.542179116446476],[12.985345629250212,57.542087569370906],[12.985241360357813,57.5419235360836],[12.985089842396349,57.54172250274314],[12.98501963210699,57.541550243484],[12.984978609139963,57.541432540196446],[12.984922984808792,57.54128755875263],[12.984879170067689,57.54099011855616],[12.98488471852999,57.54091837154536],[12.985050762083645,57.54071546193924],[12.984979162960357,57.540561132601916]]]},"properties":{"OBJECTID":39743,"Uuid":"01C44635-99F3-4CF8-A6EB-C6C584C72256","Beteckn":"SK 242-2001","LanKod":"14","Lan":"VÄSTRA GÖTALANDS LÄN","KommunKod":"65","Kommun":"SVENLJUNGA","ArendeAr":2001,"Biotyp":"Äldre naturskogsartade skogar","Naturtyp":null,"AreaTot":1.5,"AreaProd":1.5,"Standort":"saknas","Datbeslut":989280000000,"Url":"http://www.skogsstyrelsen.se/skogens-parlor/Biotopskydd/?objektid=2979447"}},{"type":"Feature","id":53903,"geometry":{"type":"MultiPolygon","coordinates":[[[[13.359219572564644,56.558097729502634],[13.360123265181207,56.558166371398386],[13.360037567592805,56.558236568307535],[13.359748897805257,56.558311958437784],[13.359219572564644,56.558097729502634]]],[[[13.359646325098685,56.555876313876674],[13.360365417163113,56.5562110341489],[13.36096162230376,56.55628166125603],[13.361064362529183,56.55653407284065],[13.360777139606979,56.55696392926509],[13.360525854126053,56.557040497020964],[13.3605275165504,56.55747986854029],[13.360617875428828,56.55783910835602],[13.360192847403116,56.558110230934155],[13.35901094673215,56.55801328772117],[13.356559333865441,56.55702096993435],[13.35731376862856,56.5562962721206],[13.358194256185486,56.556005495127536],[13.35902626786959,56.55587954145227],[13.359646325098685,56.555876313876674]]]]},"properties":{"OBJECTID":53903,"Uuid":"74CAD341-3FAF-49DE-BA17-DED33D15A321","Beteckn":"SK 279-2016","LanKod":"13","Lan":"HALLANDS LÄN","KommunKod":"81","Kommun":"LAHOLM","ArendeAr":2016,"Biotyp":"Äldre naturskogsartade skogar","Naturtyp":"Ädellövskog bok","AreaTot":4.6,"AreaProd":4.6,"Standort":"saknas","Datbeslut":1476835200000,"Url":"http://www.skogsstyrelsen.se/skogens-parlor/Biotopskydd/?objektid=3284934"}},{"type":"Feature","id":48493,"geometry":{"type":"Polygon","coordinates":[[[12.67875028479432,56.774257782533034],[12.679133232946024,56.77460044114452],[12.679586397916573,56.775044796355594],[12.679848757202564,56.775296805564224],[12.679626474824394,56.77535089423174],[12.679847437342405,56.77566102321119],[12.679109243706709,56.77593441135209],[12.67868846141421,56.7760649652031],[12.678006682876427,56.776290527267214],[12.677288329067471,56.77666544730308],[12.676788805022259,56.776164861503815],[12.677031700257741,56.776045962883906],[12.676453317249212,56.775469504903576],[12.675802544153447,56.77482122935851],[12.675959402502086,56.7748243689504],[12.676560105893618,56.77482926477871],[12.67718341022846,56.77456990060229],[12.67763993546739,56.77438466822473],[12.677815155194011,56.77440426076983],[12.678340359875296,56.774318314637114],[12.67875028479432,56.774257782533034]]]},"properties":{"OBJECTID":48493,"Uuid":"D00A68BE-6F43-47D3-AFCD-4E2EA0CA0835","Beteckn":"SK 856-2001","LanKod":"13","Lan":"HALLANDS LÄN","KommunKod":"80","Kommun":"HALMSTAD","ArendeAr":2001,"Biotyp":"Hassellundar och hasselrika skogar","Naturtyp":null,"AreaTot":3.6,"AreaProd":3.6,"Standort":"saknas","Datbeslut":1009756800000,"Url":"http://www.skogsstyrelsen.se/skogens-parlor/Biotopskydd/?objektid=2980675"}},{"type":"Feature","id":52329,"geometry":{"type":"Polygon","coordinates":[[[12.841010314954985,56.92949459129764],[12.842067197710609,56.92984312039652],[12.842331799069013,56.930029092154115],[12.843203361941132,56.93064276587821],[12.842799748059052,56.93075898296457],[12.84268207802617,56.93079212391285],[12.842008833972063,56.93057849309972],[12.841784903528524,56.93050129958804],[12.841558112577628,56.930459982962354],[12.841298529620822,56.93041787492276],[12.8395827532663,56.93070958461593],[12.83896941161698,56.930155929364275],[12.839020049072207,56.930139164998],[12.841010314954985,56.92949459129764]]]},"properties":{"OBJECTID":52329,"Uuid":"DC9433D7-AB50-4F81-99E5-79B1A9F8273E","Beteckn":"SK 4-1996","LanKod":"13","Lan":"HALLANDS LÄN","KommunKod":"82","Kommun":"FALKENBERG","ArendeAr":1996,"Biotyp":"Äldre naturskogsartade skogar","Naturtyp":null,"AreaTot":1.9,"AreaProd":1.9,"Standort":"saknas","Datbeslut":820540800000,"Url":"http://www.skogsstyrelsen.se/skogens-parlor/Biotopskydd/?objektid=2975383"}},{"type":"Feature","id":48052,"geometry":{"type":"Polygon","coordinates":[[[12.862673104477784,56.87917103100914],[12.862642616614666,56.879350008212164],[12.862788078264662,56.87958703678273],[12.862397923853996,56.87974855407933],[12.862339764219467,56.88007062979955],[12.862455279495359,56.88027102172684],[12.862614314859021,56.880544317333175],[12.862712040358069,56.880762251087],[12.863175099362687,56.88092591380246],[12.863542143404585,56.881266999905336],[12.863449650227672,56.88139959928129],[12.863275417065628,56.88173690715618],[12.862970834088117,56.882062162673606],[12.862784303302774,56.88213863341669],[12.862445227973689,56.88206774393685],[12.862349612168384,56.88182289659208],[12.862072546309351,56.881798393637126],[12.861860290190934,56.88178440809737],[12.861524201245606,56.88188429562141],[12.861119044223228,56.88202748107752],[12.860846358669386,56.88215581550244],[12.860611233279014,56.88201550381598],[12.86042454426935,56.88188530414793],[12.860326103569415,56.88167633347981],[12.860743411152663,56.881587347696836],[12.860918516714689,56.88144772711688],[12.860852132496523,56.8812484897668],[12.860623365702477,56.88102745621967],[12.86072080054082,56.88083209412065],[12.860845342156532,56.88070924744174],[12.861014660049303,56.88043470792476],[12.86120049254656,56.88036721407989],[12.861204715663552,56.88031340524937],[12.860980050973316,56.87983190611991],[12.860976362312602,56.879670100622846],[12.861327971334038,56.8793729102639],[12.86150164608056,56.87925121883906],[12.861751584065988,56.879203207601755],[12.862098383056914,56.87917544637785],[12.862673104477784,56.87917103100914]]]},"properties":{"OBJECTID":48052,"Uuid":"E5E4EE00-A2AE-42DA-9FED-6636A1795464","Beteckn":"SK 527-2006","LanKod":"13","Lan":"HALLANDS LÄN","KommunKod":"82","Kommun":"FALKENBERG","ArendeAr":2006,"Biotyp":"Äldre naturskogsartade skogar","Naturtyp":null,"AreaTot":3.7,"AreaProd":3.7,"Standort":"saknas","Datbeslut":1160352000000,"Url":"http://www.skogsstyrelsen.se/skogens-parlor/Biotopskydd/?objektid=2990929"}},{"type":"Feature","id":41549,"geometry":{"type":"MultiPolygon","coordinates":[[[[12.81081198475905,56.402801600703356],[12.810861358819135,56.402807136628645],[12.811965324118527,56.4030842139259],[12.812079466183254,56.402966019383655],[12.812212629646421,56.402968512834704],[12.81257754345438,56.40304897601047],[12.81275688085034,56.403070706566716],[12.813130504557753,56.403165503047475],[12.813702951274752,56.40328229926463],[12.813776191601066,56.403320203222336],[12.813993793477568,56.40336065230139],[12.814201486746436,56.40341336417543],[12.814586470838924,56.403467870532296],[12.814847514519414,56.40347461005809],[12.81503684317781,56.40351097325616],[12.815158169749134,56.40356817379403],[12.81528416837876,56.403666032313446],[12.815435557661784,56.403708870985945],[12.815633538866884,56.4037803806222],[12.815705432338728,56.40381694759698],[12.815774101348962,56.403839357308115],[12.815257777073016,56.40409599415168],[12.814757946789843,56.40435600208808],[12.813508227676914,56.40412308504958],[12.812544424527454,56.40394450164619],[12.812056842531513,56.40375585562843],[12.811874857840213,56.403719204065155],[12.811659921357444,56.403675805671234],[12.811482945058554,56.40364848044278],[12.811458086375909,56.40364502208544],[12.81145851003986,56.403637642336584],[12.81143356991223,56.40358789104639],[12.811423715833051,56.40356614857089],[12.811393928814091,56.403503990688755],[12.811363274643071,56.403457221028525],[12.811370772431284,56.40342345480768],[12.811367516065717,56.40338334274145],[12.81134742264413,56.40334600699823],[12.811299577501725,56.40330818138976],[12.811203180291376,56.40324484765479],[12.811150488552839,56.40319461539793],[12.811102643793932,56.40315678971561],[12.81110476499383,56.40311984608795],[12.811088811035589,56.40310724341344],[12.811067480857508,56.40309145433514],[12.810891953197043,56.40305137443753],[12.810754560994068,56.40302429764055],[12.810717470243787,56.402992826687615],[12.810718530766545,56.402974359366965],[12.810765948582683,56.40292280298347],[12.810815133549136,56.402840470702664],[12.81081198475905,56.402801600703356]]],[[[12.80761790474172,56.402360562078904],[12.808237294690194,56.40257682714492],[12.808472255791967,56.4026514824798],[12.808621755865394,56.402666086320956],[12.808687420357325,56.402630975688425],[12.808818596704059,56.40251997805351],[12.809097407987974,56.40249662309237],[12.809395956619888,56.40251675333386],[12.809901012026504,56.402564372832174],[12.81012368263273,56.402568072040204],[12.810281861772076,56.402591850005315],[12.810375128036458,56.402699200948945],[12.810441984660653,56.40274263796326],[12.81051025627804,56.40276143988043],[12.81061414193049,56.402775334685494],[12.810724406103073,56.402791049535296],[12.810731686295567,56.402842079859234],[12.810707704334877,56.402872472490245],[12.81067783131293,56.402908926110655],[12.810635597565204,56.40296673002157],[12.810623092417902,56.40299116027315],[12.810649252841424,56.40301935575329],[12.810702473686826,56.403060359046265],[12.810773946843668,56.4030739420306],[12.810889124490041,56.40310063559384],[12.811015040116128,56.40313367464073],[12.811012565709328,56.40317676805551],[12.81105575708813,56.403199099098565],[12.811129939090447,56.40326204977462],[12.811236383119436,56.40334404695821],[12.81127885143905,56.40337869517562],[12.811276907184496,56.40341255942202],[12.81126905571903,56.403452484404546],[12.811294880045452,56.403486829828665],[12.81133020432347,56.40354908547679],[12.811360168063585,56.403608163989155],[12.811361304710948,56.40363155896362],[12.811283786344344,56.40362077238998],[12.810989448992274,56.40357483888305],[12.810699091088345,56.40355670849294],[12.810526547254064,56.40354140373265],[12.810294168099722,56.403503464530175],[12.810177793646146,56.40346683673968],[12.810062127000643,56.40341789131548],[12.80977625073365,56.403276645501315],[12.809282437708909,56.403232630256426],[12.808855063820443,56.40317474305472],[12.808538746111083,56.40311881722477],[12.808258704837906,56.40307214126819],[12.80793113979232,56.4030052397614],[12.807762889708686,56.40288404244978],[12.807672254160629,56.40282717049221],[12.807570204774901,56.4027700876602],[12.807329371034669,56.402661167531015],[12.807475339746965,56.4025060824911],[12.80761790474172,56.402360562078904]]]]},"properties":{"OBJECTID":41549,"Uuid":"B0EEDD3E-717F-46EC-9E64-43A0887CA9A2","Beteckn":"SK 153-2020","LanKod":"12","Lan":"SKÅNE LÄN","KommunKod":"78","Kommun":"BÅSTAD","ArendeAr":2020,"Biotyp":"Äldre naturskogsartade skogar","Naturtyp":"Ädellövskog bok","AreaTot":3.9,"AreaProd":3.9,"Standort":"saknas","Datbeslut":1635984000000,"Url":"http://www.skogsstyrelsen.se/skogens-parlor/Biotopskydd/?objektid=3619417"}},{"type":"Feature","id":42044,"geometry":{"type":"Polygon","coordinates":[[[12.880857556284809,56.81341663576867],[12.881452782877956,56.8135563793444],[12.882070651480479,56.813615790182354],[12.882016694137642,56.813677418315294],[12.88166981202327,56.813714213892126],[12.880727976013107,56.81381790710726],[12.879536655590588,56.81396965326954],[12.879039102475716,56.81404782342959],[12.878670976357153,56.81414700039724],[12.87835259103105,56.814238359411306],[12.878233928132813,56.81428948606557],[12.878170359891383,56.814054385748015],[12.878069190770582,56.81388129787606],[12.877995838263349,56.81377175733134],[12.877750305122804,56.81355934330286],[12.878289921877919,56.81357201649185],[12.878894924000456,56.813586212310256],[12.879082750644173,56.81369844415843],[12.879302584277363,56.8138204036638],[12.879638012935628,56.81372046251872],[12.879907336371792,56.81362794311762],[12.880175251540537,56.813553371663026],[12.880169387142391,56.81341846072772],[12.880857556284809,56.81341663576867]]]},"properties":{"OBJECTID":42044,"Uuid":"F2DD4DE5-51C8-4FB6-B7E6-18BBF33AAB8D","Beteckn":"SK 41-2004","LanKod":"13","Lan":"HALLANDS LÄN","KommunKod":"80","Kommun":"HALMSTAD","ArendeAr":2004,"Biotyp":"Alkärr","Naturtyp":null,"AreaTot":1,"AreaProd":1,"Standort":"saknas","Datbeslut":1074124800000,"Url":"http://www.skogsstyrelsen.se/skogens-parlor/Biotopskydd/?objektid=2985617"}},{"type":"Feature","id":44297,"geometry":{"type":"Polygon","coordinates":[[[13.343598463493782,57.21929990284213],[13.343571543115049,57.21970360877416],[13.343280041570457,57.22010211756089],[13.34304415723715,57.21966631026269],[13.341927407142373,57.21952761785759],[13.34205095493768,57.21941326512383],[13.343598463493782,57.21929990284213]]]},"properties":{"OBJECTID":44297,"Uuid":"1D5AA77C-B735-48C5-8FD3-28C1B3ACF27D","Beteckn":"SK 266-1995","LanKod":"06","Lan":"JÖNKÖPINGS LÄN","KommunKod":"62","Kommun":"GISLAVED","ArendeAr":1995,"Biotyp":"Hassellundar och hasselrika skogar","Naturtyp":null,"AreaTot":0.4,"AreaProd":0.4,"Standort":"saknas","Datbeslut":811987200000,"Url":"http://www.skogsstyrelsen.se/skogens-parlor/Biotopskydd/?objektid=2975227"}},{"type":"Feature","id":48264,"geometry":{"type":"Polygon","coordinates":[[[12.767214249129495,56.821535115449656],[12.76750062818595,56.821640933194985],[12.767927269961396,56.821633351823635],[12.76869407289751,56.821876661987844],[12.768797659589152,56.822013958502595],[12.768798030359632,56.822211649653624],[12.768649043038776,56.8224326498882],[12.768855131239109,56.82292286292124],[12.769240737692678,56.82321977776323],[12.77091507474372,56.82338632992332],[12.771174567219166,56.82341959614875],[12.771821476429269,56.82352519296417],[12.772326287124162,56.82356442773521],[12.772630487112938,56.8236526954103],[12.773302939897588,56.82425308577721],[12.773277558463692,56.824566943387055],[12.772937005184817,56.824522727250475],[12.772712781387446,56.82466103484553],[12.772233751975621,56.82450561775743],[12.771298624838586,56.82451880820094],[12.770802939439344,56.82497397023227],[12.77078227826261,56.825431713310195],[12.77119879926005,56.825549669173235],[12.77083427908599,56.825801375016816],[12.769735925496072,56.82560391581651],[12.76903446929729,56.8257665410526],[12.768806617370846,56.82635401968338],[12.768740470443614,56.82636139206592],[12.768343933041946,56.82619898783927],[12.767696606771011,56.82589569044839],[12.767313160504342,56.825571868292805],[12.767246651973396,56.82538155787575],[12.76689483031235,56.8252741463885],[12.766638606052094,56.82499834885136],[12.766444162877123,56.824768984414504],[12.766094184497078,56.82443698648809],[12.766567371203173,56.82425983208959],[12.766567742261683,56.82405318563798],[12.766208319766948,56.82343343351979],[12.765751499095103,56.82280232070997],[12.765710070711174,56.82250480026765],[12.76653249698163,56.82266860974752],[12.766593181268329,56.82252632561856],[12.76630608180183,56.82202514161703],[12.766330074923497,56.82172921487898],[12.766570652621791,56.82159131021945],[12.766898458183814,56.82159032064539],[12.767214249129495,56.821535115449656]]]},"properties":{"OBJECTID":48264,"Uuid":"4A1356BE-4A6B-4A64-851A-F23E69965940","Beteckn":"SK 119-2010","LanKod":"13","Lan":"HALLANDS LÄN","KommunKod":"80","Kommun":"HALMSTAD","ArendeAr":2010,"Biotyp":"Äldre naturskogsartade skogar","Naturtyp":null,"AreaTot":11.9,"AreaProd":11.7,"Standort":"saknas","Datbeslut":1284595200000,"Url":"http://www.skogsstyrelsen.se/skogens-parlor/Biotopskydd/?objektid=2995391"}},{"type":"Feature","id":52887,"geometry":{"type":"Polygon","coordinates":[[[13.328474602092637,57.571271671524755],[13.328673739344334,57.5712935421363],[13.328871653128179,57.57133335583763],[13.329521583129239,57.57136407267518],[13.329717663500531,57.571430795684236],[13.329948975566454,57.57147126496627],[13.330164439406516,57.57174497198319],[13.330387227304456,57.57191102688061],[13.330691650854385,57.572105625276016],[13.329368972943938,57.57213357986627],[13.32880837766158,57.57177226362081],[13.328458147527778,57.57151387684766],[13.328171637964529,57.57130165825333],[13.328474602092637,57.571271671524755]]]},"properties":{"OBJECTID":52887,"Uuid":"F11672AE-FA82-4EF4-A22D-307CE7C34E15","Beteckn":"SK 6-1998","LanKod":"14","Lan":"VÄSTRA GÖTALANDS LÄN","KommunKod":"52","Kommun":"TRANEMO","ArendeAr":1998,"Biotyp":"Alkärr","Naturtyp":null,"AreaTot":0.7,"AreaProd":0.7,"Standort":"saknas","Datbeslut":884304000000,"Url":"http://www.skogsstyrelsen.se/skogens-parlor/Biotopskydd/?objektid=2976743"}},{"type":"Feature","id":41426,"geometry":{"type":"Polygon","coordinates":[[[13.328672127906959,56.92010893559782],[13.328702311190614,56.920396998674235],[13.329209738042557,56.92066404614493],[13.328774858649338,56.92094066255329],[13.328382650352935,56.9215459138148],[13.327800381472308,56.922057170624996],[13.326824952871378,56.921707264513124],[13.328271636475417,56.92045134107142],[13.328672127906959,56.92010893559782]]]},"properties":{"OBJECTID":41426,"Uuid":"0F7DE91B-F26C-48E6-A3A3-2FD35A1C13B3","Beteckn":"SK 832-2002","LanKod":"13","Lan":"HALLANDS LÄN","KommunKod":"15","Kommun":"HYLTE","ArendeAr":2002,"Biotyp":"Äldre naturskogsartade skogar","Naturtyp":null,"AreaTot":1.2,"AreaProd":1.2,"Standort":"saknas","Datbeslut":1035504000000,"Url":"http://www.skogsstyrelsen.se/skogens-parlor/Biotopskydd/?objektid=2982357"}},{"type":"Feature","id":48851,"geometry":{"type":"Polygon","coordinates":[[[12.27807983808498,57.34197045152915],[12.278793061504661,57.3423319558832],[12.280112753295038,57.342782361600015],[12.278134567927387,57.34572833326591],[12.277472088439259,57.34553000911874],[12.276861311948336,57.3454859072207],[12.27697540666247,57.34533634034108],[12.277003592488487,57.34486983924124],[12.276270960108185,57.34436399238564],[12.276096140644643,57.34410746754767],[12.276055658618747,57.34383673115173],[12.276131227660088,57.343569262957345],[12.27601130869612,57.34326035394613],[12.276230456012323,57.342709347291525],[12.276177703307674,57.342393337069105],[12.276020328241756,57.34212831032946],[12.276426119164302,57.3422295678764],[12.276698446845671,57.34233606781134],[12.27734232954961,57.3423811035423],[12.2775124059819,57.34234094538657],[12.277848864991519,57.34212573100109],[12.277763164194349,57.341979541193915],[12.27807983808498,57.34197045152915]]]},"properties":{"OBJECTID":48851,"Uuid":"109A93C2-FBBF-40C9-AD4B-65090E0C735B","Beteckn":"SK 111-2011","LanKod":"13","Lan":"HALLANDS LÄN","KommunKod":"84","Kommun":"KUNGSBACKA","ArendeAr":2011,"Biotyp":"Äldre naturskogsartade skogar","Naturtyp":null,"AreaTot":6.3,"AreaProd":6.3,"Standort":"saknas","Datbeslut":1303084800000,"Url":"http://www.skogsstyrelsen.se/skogens-parlor/Biotopskydd/?objektid=2996125"}},{"type":"Feature","id":39325,"geometry":{"type":"Polygon","coordinates":[[[12.733853271159743,56.92187350209954],[12.736179402832208,56.92195764665323],[12.736226575357477,56.92218344063809],[12.736297314817493,56.92292196012744],[12.736146053028504,56.92296317274003],[12.735816079780625,56.923179689936916],[12.735576932762445,56.92329061692992],[12.735117067775949,56.92328829544023],[12.734744364132649,56.923225222267774],[12.734071322094964,56.92321765770368],[12.73364131109245,56.92325200654611],[12.733542581891072,56.92285422853607],[12.733552165213794,56.92273765948517],[12.73432340529698,56.92254997062203],[12.734376832013973,56.9222996963591],[12.734197040330349,56.92208861628617],[12.733853271159743,56.92187350209954]]]},"properties":{"OBJECTID":39325,"Uuid":"04CBD390-EFB5-4322-81A4-991E5AA4D0EE","Beteckn":"SK 460-2001","LanKod":"13","Lan":"HALLANDS LÄN","KommunKod":"82","Kommun":"FALKENBERG","ArendeAr":2001,"Biotyp":"Alkärr","Naturtyp":null,"AreaTot":2,"AreaProd":2,"Standort":"saknas","Datbeslut":1002672000000,"Url":"http://www.skogsstyrelsen.se/skogens-parlor/Biotopskydd/?objektid=2979883"}},{"type":"Feature","id":53342,"geometry":{"type":"Polygon","coordinates":[[[12.843372176285529,56.92914204204509],[12.843813463221075,56.92916098705835],[12.844935486890197,56.929361750746494],[12.8439510373936,56.93013089137136],[12.843532719545124,56.93031264480997],[12.843774785451862,56.93043019934596],[12.84434685761415,56.930458964779746],[12.844407868821747,56.9309589016188],[12.844184366570056,56.93123849736904],[12.8445925137665,56.931952288595234],[12.844878537040824,56.93262617693557],[12.8447176344705,56.93283882773683],[12.84444843240455,56.933011814994174],[12.844131305403524,56.93317641775947],[12.843969055312456,56.93329267685269],[12.843920566853152,56.93335419542611],[12.843889602660013,56.933531299679125],[12.843695738426032,56.93365644857497],[12.843436012062426,56.933604727576004],[12.84306751372015,56.933581358560225],[12.842715526725481,56.933571510032465],[12.842430081183343,56.93360626617384],[12.842177900118946,56.93360380012206],[12.841726355752101,56.93349207034133],[12.842124377454839,56.93306430851052],[12.842730550153762,56.93334122038886],[12.843594617651505,56.93346196001285],[12.84374301667815,56.9330468973474],[12.843679489075237,56.93259038291425],[12.843567372912627,56.932017755691284],[12.84313854647113,56.93184217172228],[12.842768957190296,56.93129912202817],[12.842676885670736,56.93079864811065],[12.84319837343663,56.93064832310873],[12.842069457320935,56.92984838935723],[12.841001225185144,56.92950172206896],[12.838971420840624,56.93017717147202],[12.839576377702544,56.93071297003761],[12.839262133298748,56.930768006002864],[12.838361770612705,56.9302006420505],[12.8376278536121,56.93046006658064],[12.837155878376757,56.93049347942875],[12.837128124153068,56.93037583738408],[12.83688246266285,56.93020151373357],[12.8372143105896,56.929961592232516],[12.838161243145816,56.92996285036413],[12.837979629128077,56.92951752623638],[12.838441246342862,56.92918535659888],[12.839278972054831,56.92916204565639],[12.839504152193784,56.92933223635418],[12.83991593051629,56.92926376181081],[12.840121119901529,56.929301329427304],[12.840515597620929,56.92929302189835],[12.841155700054388,56.929220939565646],[12.841781758371692,56.92915237667768],[12.842646879702135,56.92913329940444],[12.843372176285529,56.92914204204509]]]},"properties":{"OBJECTID":53342,"Uuid":"556489A2-6397-47AD-B955-7A7EEFF62755","Beteckn":"SK 161-2012","LanKod":"13","Lan":"HALLANDS LÄN","KommunKod":"82","Kommun":"FALKENBERG","ArendeAr":2012,"Biotyp":"Äldre naturskogsartade skogar","Naturtyp":"Ädellövskog bok","AreaTot":6.8,"AreaProd":6.8,"Standort":"saknas","Datbeslut":1352764800000,"Url":"http://www.skogsstyrelsen.se/skogens-parlor/Biotopskydd/?objektid=2823382"}},{"type":"Feature","id":46512,"geometry":{"type":"Polygon","coordinates":[[[13.310351345994244,57.25185358490778],[13.310416339937964,57.25187284167145],[13.310588682200695,57.25201999307106],[13.310848833194783,57.25233956489995],[13.311006445337835,57.25245948257553],[13.311500741924544,57.25274777059782],[13.311753448976754,57.252932451316454],[13.311922772014192,57.25312445695942],[13.312040632224969,57.25334239281857],[13.311883176216451,57.253465021646406],[13.311732996831196,57.25348000305763],[13.311276830380038,57.2533631542371],[13.310915724657127,57.253311058824124],[13.310425236147971,57.253211490357344],[13.310112566768922,57.253178327852666],[13.309617386104497,57.25339306029351],[13.309114930531198,57.2537154469612],[13.308909012404822,57.253819145022426],[13.308672424756274,57.253886302279845],[13.30850933979922,57.25384713478386],[13.30836583520208,57.253763432738644],[13.308288547548536,57.25368104432575],[13.308184220063632,57.25350829159323],[13.308099489766732,57.253291013676666],[13.307860782929465,57.252899999612794],[13.307569226231667,57.252310303237394],[13.307480246819168,57.252155824887865],[13.307489977710897,57.2520122898215],[13.307595350046372,57.25192455348259],[13.30795704776771,57.25196768181792],[13.308171605431756,57.25198093035986],[13.30831752656601,57.25202874422017],[13.308491097399653,57.252157963569964],[13.308605132678748,57.252187180674404],[13.308781722297642,57.252271534478524],[13.308913539724676,57.2522831379484],[13.309063105593822,57.252277127439434],[13.309037284093947,57.252168819233965],[13.309121855684255,57.25214355117687],[13.309489638615046,57.2520969634099],[13.309593193468025,57.2520361462306],[13.309711480822656,57.252002562254646],[13.310095790002773,57.251956302862425],[13.31023123100066,57.2519140811636],[13.310351345994244,57.25185358490778]]]},"properties":{"OBJECTID":46512,"Uuid":"353F4E44-5AF9-4138-ADCA-488DE9E15C21","Beteckn":"SK 288-1999","LanKod":"06","Lan":"JÖNKÖPINGS LÄN","KommunKod":"62","Kommun":"GISLAVED","ArendeAr":1999,"Biotyp":"Äldre naturskogsartade skogar","Naturtyp":null,"AreaTot":3.5,"AreaProd":3.5,"Standort":"saknas","Datbeslut":943833600000,"Url":"http://www.skogsstyrelsen.se/skogens-parlor/Biotopskydd/?objektid=2977903"}},{"type":"Feature","id":42823,"geometry":{"type":"Polygon","coordinates":[[[13.28201485225732,57.41928736276436],[13.283330104995283,57.41977184187617],[13.283480356929129,57.41976587480492],[13.283740752297716,57.420337013808286],[13.282378540519103,57.42053429569984],[13.282390802928411,57.42083995646401],[13.282462194313181,57.42101205893649],[13.282457216355713,57.421326361404304],[13.282580297578733,57.421715094721186],[13.282120285904014,57.42162503328262],[13.281861053018458,57.42152102392403],[13.281713877417552,57.42148214412843],[13.281535924551246,57.421406708406344],[13.281266226314898,57.42121266434344],[13.281184949527958,57.421184080730484],[13.281074739353565,57.42109204854876],[13.281114167319993,57.42100301020905],[13.280991662874554,57.42084784628238],[13.280668340871877,57.42094915606622],[13.280591995168983,57.42084880763182],[13.280715181182973,57.42075246692282],[13.280670869341316,57.420670731470494],[13.280523698423766,57.42063185030571],[13.280330975877526,57.4205291766415],[13.280584694375506,57.42047138255928],[13.280853204888716,57.420440833398004],[13.28108597599965,57.42044550079431],[13.281095246666846,57.42031094841943],[13.280989985495339,57.42014714294253],[13.2808163494042,57.42000891787824],[13.281057768311342,57.419888000082395],[13.281224038274951,57.41989132866378],[13.28121174279782,57.41982820596954],[13.280855838748707,57.419677341673626],[13.280613863487886,57.41956469727909],[13.28201485225732,57.41928736276436]]]},"properties":{"OBJECTID":42823,"Uuid":"9E55F986-0B57-454C-9F69-3C4DFBC2CF21","Beteckn":"SK 567-2007","LanKod":"14","Lan":"VÄSTRA GÖTALANDS LÄN","KommunKod":"52","Kommun":"TRANEMO","ArendeAr":2007,"Biotyp":"Mark med mycket gamla träd","Naturtyp":null,"AreaTot":2.8,"AreaProd":2.8,"Standort":"saknas","Datbeslut":1196640000000,"Url":"http://www.skogsstyrelsen.se/skogens-parlor/Biotopskydd/?objektid=2992665"}},{"type":"Feature","id":48479,"geometry":{"type":"Polygon","coordinates":[[[12.871496880915023,56.356610669954],[12.871775266579816,56.356779002670464],[12.872005187891475,56.35694618790807],[12.872087644861283,56.357136830291374],[12.87217699366677,56.35723778573017],[12.872427911275937,56.35734256677566],[12.872899482424328,56.357524458631914],[12.873042125897213,56.35756378005346],[12.873212956944053,56.357657676718134],[12.873353536300634,56.35772390480107],[12.873557363688018,56.35780959613625],[12.873811724204758,56.357869535284564],[12.87424448475477,56.35792470698167],[12.87450091180098,56.357957728713465],[12.874628795044892,56.35797872262364],[12.874821974236703,56.35799228082712],[12.875050905198645,56.35796176043805],[12.875378158811863,56.35791558995021],[12.87562188570594,56.35790338567985],[12.875802347401676,56.357871718411396],[12.875999991870291,56.35803812698584],[12.876117528286056,56.35819366316021],[12.876258115210113,56.358259879017616],[12.87662695729317,56.358304546622776],[12.87746364393169,56.35836926100812],[12.87758945207013,56.358417158712186],[12.877576718315629,56.35879424238817],[12.877157338703276,56.35877533979465],[12.877108505075418,56.35898983591474],[12.876721426010999,56.35897169191798],[12.87664890487937,56.358862158312455],[12.876539940701527,56.358805669343084],[12.8763697896501,56.358702802260844],[12.876087936428645,56.35857932786224],[12.875701927273546,56.35833657381539],[12.875297015251762,56.35812931579858],[12.873669372998213,56.358036880441226],[12.873417076021008,56.35795004295668],[12.873243500748945,56.3578920197743],[12.873036914855026,56.357842200853085],[12.872794575497643,56.35783645922583],[12.872483486228079,56.357883008284645],[12.872255925734459,56.35789558283916],[12.872031108169566,56.35787229277802],[12.871841384993562,56.35781388245669],[12.871455708715139,56.357777790301704],[12.871070033194496,56.357741696951706],[12.870649974720061,56.357731738347745],[12.87063243550734,56.357749293753706],[12.870330709885884,56.35746359395357],[12.870980493532846,56.357011759183315],[12.871496880915023,56.356610669954]]]},"properties":{"OBJECTID":48479,"Uuid":"F6A31608-91AE-43B6-88D6-D524607AB280","Beteckn":"SK 278-2010","LanKod":"12","Lan":"SKÅNE LÄN","KommunKod":"78","Kommun":"BÅSTAD","ArendeAr":2010,"Biotyp":"Äldre naturskogsartade skogar","Naturtyp":null,"AreaTot":2.3,"AreaProd":2.3,"Standort":"saknas","Datbeslut":1290384000000,"Url":"http://www.skogsstyrelsen.se/skogens-parlor/Biotopskydd/?objektid=2995709"}},{"type":"Feature","id":49252,"geometry":{"type":"Polygon","coordinates":[[[12.978637194664408,56.34570618287709],[12.980840164800044,56.3478589490565],[12.980357559240383,56.347820987256874],[12.979991999842953,56.347731776195765],[12.979793298714354,56.34757449740999],[12.979528655640227,56.347433684801096],[12.979298967784704,56.34725772898609],[12.979100271954518,56.34710044911606],[12.978754197258072,56.346966753948514],[12.97854421686551,56.34696196228228],[12.978223816136225,56.34691870318565],[12.978083744137551,56.34684362602145],[12.978138189660296,56.34676400361028],[12.978199258537906,56.34659468622258],[12.97828733576718,56.346497855040994],[12.97854091196731,56.34635090089599],[12.978525876075961,56.34611695021756],[12.978532514918271,56.346027255499436],[12.978613724208735,56.345804481751244],[12.978637194664408,56.34570618287709]]]},"properties":{"OBJECTID":49252,"Uuid":"AEE96143-66F8-4FA5-AAFE-4B254AABE079","Beteckn":"SK 431-2003","LanKod":"12","Lan":"SKÅNE LÄN","KommunKod":"92","Kommun":"ÄNGELHOLM","ArendeAr":2003,"Biotyp":"Alkärr","Naturtyp":null,"AreaTot":1.3,"AreaProd":1.3,"Standort":"saknas","Datbeslut":1051488000000,"Url":"http://www.skogsstyrelsen.se/skogens-parlor/Biotopskydd/?objektid=2983995"}},{"type":"Feature","id":53783,"geometry":{"type":"Polygon","coordinates":[[[12.272690871569798,57.34164406519107],[12.273194326978984,57.34168693999737],[12.273329192703416,57.34180400189322],[12.273494544738984,57.34194952206523],[12.273698083396509,57.341953529780156],[12.27405216181806,57.34196120440943],[12.274673170344174,57.341964659520784],[12.275986339820642,57.342136336766266],[12.275978995368952,57.342154700394424],[12.275916782321508,57.342214780725705],[12.275678772321294,57.34281574279579],[12.275857359773427,57.34373449356194],[12.276002502963705,57.344563141514186],[12.275993877374672,57.34456939855552],[12.275861060735755,57.34462971129952],[12.275934842449951,57.34476600992059],[12.276006566309478,57.34499268447913],[12.275854718987608,57.3453201260478],[12.275762014159369,57.34550895313474],[12.275757616919398,57.34552948359762],[12.275731341278357,57.345586154190286],[12.275610850503643,57.346068477598074],[12.274141921805306,57.34587579888027],[12.27362824701273,57.3460838106096],[12.273046863011775,57.345838366037825],[12.27290879360787,57.345310733322314],[12.274151137375,57.34518203997082],[12.274120111289108,57.34444361407008],[12.274130007729653,57.34444196818788],[12.27463284385264,57.34437981639215],[12.27476000065384,57.34425930261052],[12.274698522987737,57.34412213743082],[12.274491628592772,57.34402645184542],[12.274360541216376,57.3438340523415],[12.273957331311532,57.3437058915036],[12.273143342472913,57.34370099963242],[12.272520139757514,57.34383181313082],[12.271279873157942,57.34372050347767],[12.270901361654031,57.343853651571344],[12.26942625462948,57.343982894412385],[12.268356029020861,57.34422236216715],[12.267906920412218,57.34439844613343],[12.267543310415462,57.34455471770032],[12.267677443278544,57.34436504359401],[12.267896883981644,57.344114976662524],[12.267956984585751,57.34387864101788],[12.26767965445304,57.34399664989946],[12.267053735336981,57.34412407927019],[12.265779215502379,57.34457220121536],[12.265140497586442,57.34472419282909],[12.264507696516958,57.344884838863884],[12.264266730161141,57.34452419636067],[12.264399531498643,57.3442934427227],[12.265621239772223,57.3436241602666],[12.26565207117414,57.34349457807249],[12.265656316105945,57.34349203708734],[12.265666139997009,57.34349114522298],[12.266019864985735,57.3434726906666],[12.266700991546927,57.34379006865961],[12.267205685387243,57.343692702900235],[12.267341550465082,57.34335199989418],[12.267970365913998,57.34335071444984],[12.268228879464603,57.34340488764208],[12.268691896685732,57.34331034953081],[12.269241947105524,57.34278812648226],[12.269965458085942,57.342534889331844],[12.27024353713778,57.341975779443594],[12.270408881996431,57.34188972907982],[12.271314313179555,57.3418073437256],[12.271855227144,57.34175377653799],[12.272298679217277,57.3416949118812],[12.272690871569798,57.34164406519107]]]},"properties":{"OBJECTID":53783,"Uuid":"17B4B5E8-645D-44E8-999B-3AD9272127BE","Beteckn":"SK 649-2012","LanKod":"13","Lan":"HALLANDS LÄN","KommunKod":"84","Kommun":"KUNGSBACKA","ArendeAr":2012,"Biotyp":"Äldre naturskogsartade skogar","Naturtyp":"Ädellövskog ek","AreaTot":13.6,"AreaProd":12.2,"Standort":"saknas","Datbeslut":1386892800000,"Url":"http://www.skogsstyrelsen.se/skogens-parlor/Biotopskydd/?objektid=2860065"}},{"type":"Feature","id":40501,"geometry":{"type":"Polygon","coordinates":[[[13.015486580950945,56.8091500565357],[13.015495609466738,56.8091580718102],[13.01750664628279,56.810473519328724],[13.018208304867686,56.81078772523235],[13.018541237752375,56.81116555098792],[13.018542669385447,56.811164809920946],[13.018677330717816,56.81152025650888],[13.01866953254215,56.81182287704831],[13.01883035535234,56.81214614693694],[13.019056644303086,56.81259055265859],[13.01846153240427,56.81265560517685],[13.01827074272002,56.81277273467724],[13.018220196465888,56.81310173278766],[13.017930229783545,56.813128981963146],[13.016988112611674,56.81301435876575],[13.016093946590171,56.8127963620369],[13.015895421141629,56.81202540358031],[13.015350016399946,56.81215184167924],[13.01500097421437,56.811482094944],[13.01575723809626,56.81139271813247],[13.015547199504406,56.81070624108121],[13.014373775542447,56.81053445207005],[13.014356763550625,56.810258016949206],[13.014369122596024,56.81025416997351],[13.015312362450743,56.80978681341165],[13.015283475056583,56.80968622376136],[13.015486580950945,56.8091500565357]]]},"properties":{"OBJECTID":40501,"Uuid":"C4EDF9DE-EE7C-47F6-BCF8-92F23C9067D4","Beteckn":"SK 678-2018","LanKod":"13","Lan":"HALLANDS LÄN","KommunKod":"80","Kommun":"HALMSTAD","ArendeAr":2018,"Biotyp":"Äldre naturskogsartade skogar","Naturtyp":"Ädellövskog bok","AreaTot":6.4,"AreaProd":6.4,"Standort":"saknas","Datbeslut":1666742400000,"Url":"http://www.skogsstyrelsen.se/skogens-parlor/Biotopskydd/?objektid=3564616"}},{"type":"Feature","id":51914,"geometry":{"type":"Polygon","coordinates":[[[12.491104060690496,57.37262221723151],[12.49173620272243,57.37264623069246],[12.492023783316569,57.372766091242276],[12.492345691980637,57.37269261544182],[12.49294895912102,57.372830176631915],[12.493328792809775,57.37314589146865],[12.493736763763565,57.37335944915982],[12.49412362491948,57.373572585145205],[12.494333049135872,57.37359958069941],[12.49448073480118,57.37360252097344],[12.494738574918653,57.37353917642083],[12.495083137703098,57.37344331874365],[12.495461345084813,57.373473671709824],[12.495839553122629,57.37350402354447],[12.496034096618821,57.37343941690107],[12.496241190668357,57.37350060163187],[12.496472474358828,57.373516615584634],[12.496659265068995,57.37356598281996],[12.496930431678008,57.37361702794544],[12.497396124478618,57.37360346340252],[12.49775946620903,57.3735422105971],[12.498012641919917,57.37354724406919],[12.49832755902957,57.373576330129666],[12.498494790513076,57.37360248001271],[12.498591741938537,57.37372994891024],[12.498774639091641,57.37383630005743],[12.498785646777444,57.373984886490675],[12.50046652701326,57.374120997142214],[12.500708691693335,57.37397743887898],[12.501522829983529,57.37414970893383],[12.501819564795946,57.374243469659625],[12.502168172288926,57.374298799372056],[12.50269072901064,57.37465590542667],[12.502868993028503,57.3748306357677],[12.503197453348758,57.37528225471423],[12.50320381339254,57.375499225589586],[12.503295378787332,57.375706473878346],[12.503367378807386,57.37589050821119],[12.50341982964462,57.37605132894966],[12.503614554775657,57.376294861869084],[12.503933557181826,57.37657509783418],[12.503960263465917,57.37680388496424],[12.504013492760418,57.376953307954984],[12.504166026121784,57.37719600316063],[12.504323983510243,57.37735891559865],[12.504754698188666,57.37755006138108],[12.504571954007602,57.377751869943324],[12.50442192685502,57.37778313390937],[12.504118571670835,57.3775830997936],[12.503911457920953,57.37752192809643],[12.503738781273217,57.377575567802594],[12.503374471976363,57.37734008424599],[12.503319695006102,57.377213456019206],[12.502980350281376,57.376921402068945],[12.502603478412462,57.37656012521381],[12.502407225005367,57.37633938610895],[12.50208358495153,57.3761275313529],[12.501908419713793,57.37590720993283],[12.501744276555701,57.37583547451554],[12.501476171712527,57.37573884929541],[12.5012682973251,57.37568907084396],[12.50078611696071,57.375633845284916],[12.5000819330249,57.375425840778554],[12.499301898074588,57.375090783300145],[12.498794748746842,57.37509211832921],[12.498726018392682,57.37517064266014],[12.498185987152189,57.37503436697142],[12.497857723997752,57.37489088638249],[12.497777988207842,57.374820823722004],[12.497222303980978,57.37460434226388],[12.496666749438345,57.37469600925851],[12.496238441678988,57.37447064399384],[12.495783600901966,57.374324639609576],[12.495406161735342,57.37428289010072],[12.494881812575695,57.37422680237803],[12.494355909929398,57.374193507347904],[12.494230097803785,57.37417958955067],[12.493729183586767,57.37408972483105],[12.49295788581859,57.373937407636426],[12.492281103314896,57.37363860098983],[12.491684831003342,57.37339845983473],[12.490965873637315,57.37309880526571],[12.491104060690496,57.37262221723151]]]},"properties":{"OBJECTID":51914,"Uuid":"DC0E3065-DB76-423D-82A8-31899894CF30","Beteckn":"SK 90-2012","LanKod":"14","Lan":"VÄSTRA GÖTALANDS LÄN","KommunKod":"63","Kommun":"MARK","ArendeAr":2012,"Biotyp":"Ras- eller bergbranter","Naturtyp":"Ädellövskog övrigt","AreaTot":10.3,"AreaProd":10.3,"Standort":"saknas","Datbeslut":1339459200000,"Url":"http://www.skogsstyrelsen.se/skogens-parlor/Biotopskydd/?objektid=2817722"}},{"type":"Feature","id":42668,"geometry":{"type":"Polygon","coordinates":[[[13.06119905323292,56.93016876015946],[13.061361125196624,56.93019927316478],[13.061641984454623,56.93017849575132],[13.061506053708213,56.93046300369733],[13.061417447342013,56.93055089321268],[13.061028910440776,56.930695089447404],[13.060603035399781,56.93067674750591],[13.06041334437814,56.93079835470351],[13.060045824703428,56.93088011812052],[13.059789189351529,56.931018225479626],[13.059486712273737,56.93088579896285],[13.059635114473602,56.93065547258435],[13.059727686485354,56.930513767762626],[13.06006502332046,56.93039539652436],[13.060252741383724,56.93030069828145],[13.060372856068446,56.93023146750755],[13.060655041646676,56.93019275053139],[13.06091487996095,56.930234395545874],[13.06119905323292,56.93016876015946]]]},"properties":{"OBJECTID":42668,"Uuid":"462C54B1-3C00-49DE-918A-D41EB0931091","Beteckn":"SK 473-2004","LanKod":"13","Lan":"HALLANDS LÄN","KommunKod":"15","Kommun":"HYLTE","ArendeAr":2004,"Biotyp":"Örtrika sumpskogar","Naturtyp":null,"AreaTot":0.6,"AreaProd":0.6,"Standort":"saknas","Datbeslut":1086048000000,"Url":"http://www.skogsstyrelsen.se/skogens-parlor/Biotopskydd/?objektid=2986481"}},{"type":"Feature","id":43255,"geometry":{"type":"Polygon","coordinates":[[[12.611548324651787,57.46558984316465],[12.611641101086514,57.465673060194],[12.61163248082643,57.46577168113959],[12.611915328692644,57.46577884643372],[12.612278213647791,57.46582399286747],[12.61245027886976,57.465954144951],[12.612623898698288,57.46606636300481],[12.61265327177471,57.4661120385594],[12.612390391950811,57.46625811582061],[12.612178208790036,57.466396499316026],[12.611834500787023,57.466513573739725],[12.611512101073084,57.4665772781505],[12.610791972125144,57.46661292836307],[12.610376024918487,57.46660237475983],[12.60993951675385,57.46663623467306],[12.609440389965323,57.46662357058875],[12.609090204064191,57.46662366835548],[12.609250128922227,57.466510915629016],[12.60957487221945,57.46642032104657],[12.609783136921793,57.46632677112208],[12.609973982871136,57.4662417598799],[12.610160130825175,57.466210548994894],[12.610436526916375,57.46610074885545],[12.610625030600797,57.46604263260979],[12.610635207425688,57.465926086963286],[12.610894950573655,57.465815871334115],[12.611120626246896,57.46571377099642],[12.611548324651787,57.46558984316465]]]},"properties":{"OBJECTID":43255,"Uuid":"EE9318A9-6AE6-43DB-880D-036F0DEC5CF4","Beteckn":"SK 535-2007","LanKod":"14","Lan":"VÄSTRA GÖTALANDS LÄN","KommunKod":"63","Kommun":"MARK","ArendeAr":2007,"Biotyp":"Äldre naturskogsartade skogar","Naturtyp":null,"AreaTot":1.3,"AreaProd":1.3,"Standort":"saknas","Datbeslut":1196035200000,"Url":"http://www.skogsstyrelsen.se/skogens-parlor/Biotopskydd/?objektid=2992601"}},{"type":"Feature","id":52257,"geometry":{"type":"MultiPolygon","coordinates":[[[[12.497681291714203,57.217702564664364],[12.497888679959951,57.21774664429582],[12.498479877526645,57.21779266556343],[12.499544048907104,57.21799932501585],[12.500981502500087,57.2184416779367],[12.50142626862555,57.218553248859884],[12.501799627402628,57.21878286647576],[12.50200868087648,57.21926922602013],[12.50263456494021,57.21965831090889],[12.502615027255208,57.219887307825246],[12.503345381146067,57.21997601970144],[12.503605700103941,57.22001543570872],[12.503873939025226,57.22024903145579],[12.504181671357328,57.22020949719336],[12.504472241961116,57.22011255552209],[12.505037984701575,57.220146626246475],[12.505556087909538,57.219951485836376],[12.506036899906123,57.219841200787],[12.506098273395578,57.219711169346645],[12.506881036512377,57.21964682488586],[12.507234241737361,57.21955682733224],[12.507538120353246,57.21957427389669],[12.507314189853822,57.21930732666152],[12.50674372118212,57.2191875739795],[12.506498788929816,57.2189202080811],[12.50712614528129,57.21866445937267],[12.507415915671372,57.21904684524212],[12.507702205006128,57.21901310452716],[12.509044564081913,57.2186970932293],[12.509239606820836,57.221257962074276],[12.502779590198594,57.220399561144],[12.500663941704381,57.22011726348142],[12.501724958880484,57.219827370170684],[12.501569309031481,57.21979573986313],[12.501472987343725,57.21974246388816],[12.50138831068692,57.21967229992864],[12.501358874018617,57.219563289448736],[12.50148043787648,57.21924329281912],[12.501193581903804,57.21905211580284],[12.500804845002733,57.21927834656351],[12.50029713722495,57.219319597412905],[12.500131905805244,57.21950748157751],[12.499505012207626,57.21967760681239],[12.499246243178526,57.219615386843294],[12.499086792144542,57.21971777742431],[12.498822851155511,57.21980953074232],[12.498711784350904,57.21981873102541],[12.496385118065627,57.219458446858134],[12.496738266465927,57.21921440013066],[12.49671169166379,57.21898560754576],[12.496229086269473,57.2186564155576],[12.496612263939792,57.21836390963391],[12.496938164957966,57.21813359001065],[12.497681291714203,57.217702564664364]]],[[[12.501680714101406,57.216436748804504],[12.501974830477419,57.21644260177666],[12.502675247765575,57.21666197353076],[12.50270339891099,57.2168679696374],[12.503755368127823,57.21686606589515],[12.5042206365817,57.21682966430429],[12.504669652462747,57.21687815881588],[12.505092696485562,57.21696075230766],[12.505450231710341,57.21707913972201],[12.505681056504317,57.21712652090078],[12.506262423431933,57.21716232596057],[12.506082377409605,57.21776491985357],[12.505225927661668,57.21860959225442],[12.505161204664674,57.21894499261124],[12.5048762605228,57.21927030968494],[12.504490767628822,57.219371071934404],[12.504136292205063,57.219324079288306],[12.503850347279835,57.21935263345445],[12.503630127365618,57.2193425480443],[12.50305554006634,57.219439545672586],[12.50267654098423,57.21958211190811],[12.502130652075671,57.219254533253725],[12.501881312026251,57.21874168826779],[12.501493246829057,57.218491441287725],[12.501001411377644,57.218376075860455],[12.499636623860704,57.21795266759219],[12.49851534571008,57.2177302316455],[12.49781588671356,57.21765673715006],[12.498545835108333,57.21737529771829],[12.499771009250907,57.21683475489306],[12.501064378835904,57.2165295270345],[12.501680714101406,57.216436748804504]]]]},"properties":{"OBJECTID":52257,"Uuid":"D749E975-4782-465C-841F-BBCEA72FFF23","Beteckn":"SK 276-2014","LanKod":"13","Lan":"HALLANDS LÄN","KommunKod":"83","Kommun":"VARBERG","ArendeAr":2014,"Biotyp":"Äldre naturskogsartade skogar","Naturtyp":"Barrblandskog","AreaTot":20.7,"AreaProd":20.7,"Standort":"saknas","Datbeslut":1415318400000,"Url":"http://www.skogsstyrelsen.se/skogens-parlor/Biotopskydd/?objektid=3109963"}},{"type":"Feature","id":42084,"geometry":{"type":"Polygon","coordinates":[[[13.30955866731492,57.2545057854765],[13.309770817712655,57.254554919773746],[13.309956090867418,57.254756226166805],[13.310302814163515,57.25526616389009],[13.31050923194218,57.255890090357454],[13.310639576782446,57.25641369435131],[13.310566683129206,57.25651106128376],[13.310464319538344,57.2565539438229],[13.310297579601103,57.25656860211844],[13.31010015143132,57.25654671087484],[13.309794145166103,57.25641486818391],[13.309669004025798,57.25630458632966],[13.309733230428781,57.25609026575904],[13.30974173421713,57.25596467465079],[13.309659412207063,57.25571150938374],[13.309543371238584,57.25546666852061],[13.309451953584361,57.25534807097352],[13.30923538405918,57.255119190861606],[13.309062423215275,57.2549810051773],[13.309038429724154,57.25484578537049],[13.309113137137766,57.2547215074434],[13.309184201359553,57.254651052968384],[13.30944098184414,57.254530392715964],[13.30955866731492,57.2545057854765]]]},"properties":{"OBJECTID":42084,"Uuid":"89F44379-D03F-4FE7-AC99-F443201C83BB","Beteckn":"SK 289-1999","LanKod":"06","Lan":"JÖNKÖPINGS LÄN","KommunKod":"62","Kommun":"GISLAVED","ArendeAr":1999,"Biotyp":"Ras- eller bergbranter","Naturtyp":null,"AreaTot":1.1,"AreaProd":1.1,"Standort":"saknas","Datbeslut":943833600000,"Url":"http://www.skogsstyrelsen.se/skogens-parlor/Biotopskydd/?objektid=2977905"}},{"type":"Feature","id":51685,"geometry":{"type":"MultiPolygon","coordinates":[[[[12.673102601269056,57.174727850856975],[12.673337668454183,57.17480575412756],[12.673547086875054,57.17480293378228],[12.67425765707572,57.176089033337206],[12.674217356591166,57.17646600682224],[12.672516132982471,57.17698118521692],[12.671641250796272,57.17705369218935],[12.67132038943754,57.17694676739051],[12.670728059736906,57.17662882740577],[12.670294596414694,57.17618439590998],[12.67047823601076,57.175736684666774],[12.670557710717329,57.17530306178339],[12.671121153852472,57.175437092354194],[12.671778770556122,57.175426804748014],[12.672055828488205,57.17513489491015],[12.672524251512343,57.17510167348041],[12.672822559103526,57.174922943167935],[12.673102601269056,57.174727850856975]]],[[[12.674471233314144,57.17458872387917],[12.674497004172512,57.17466702280162],[12.674468263986562,57.17481214880689],[12.674614853878237,57.1750140738552],[12.674672849275895,57.17518805387896],[12.67472126416928,57.17540129711234],[12.674738446847897,57.17565002344487],[12.674687048808272,57.17588217509176],[12.674605401387225,57.17611675850579],[12.674572916620267,57.17639572872419],[12.674333807133364,57.176440146197166],[12.674368399653357,57.176076842858784],[12.673642729532766,57.174812974636],[12.673752100575284,57.174792276251026],[12.674471233314144,57.17458872387917]]]]},"properties":{"OBJECTID":51685,"Uuid":"2F4AE102-71A5-416B-87EB-090F67F2EA6B","Beteckn":"SK 834-2018","LanKod":"13","Lan":"HALLANDS LÄN","KommunKod":"82","Kommun":"FALKENBERG","ArendeAr":2018,"Biotyp":"Äldre naturskogsartade skogar","Naturtyp":"Ädellövskog bok","AreaTot":4.8,"AreaProd":4.8,"Standort":"saknas","Datbeslut":1607040000000,"Url":"http://www.skogsstyrelsen.se/skogens-parlor/Biotopskydd/?objektid=3564772"}},{"type":"Feature","id":43029,"geometry":{"type":"Polygon","coordinates":[[[12.7566514551359,57.08241943247272],[12.756892574300519,57.08249718487146],[12.757564086252703,57.08255845922229],[12.758206338330819,57.08257409574522],[12.758469821117629,57.08258050852862],[12.758949600288606,57.082565224306194],[12.75916102666762,57.08280398571142],[12.759097631290516,57.08297314892161],[12.758812794806152,57.08322678402307],[12.758904533355166,57.08351653100892],[12.756258062863592,57.083793537822324],[12.75547048662932,57.08313642395313],[12.755808648865505,57.08243484634794],[12.7566514551359,57.08241943247272]]]},"properties":{"OBJECTID":43029,"Uuid":"068D33D0-3996-4316-A2F1-DC771CA24F4A","Beteckn":"SK 396-2006","LanKod":"13","Lan":"HALLANDS LÄN","KommunKod":"82","Kommun":"FALKENBERG","ArendeAr":2006,"Biotyp":"Äldre naturskogsartade skogar","Naturtyp":null,"AreaTot":2.5,"AreaProd":2.5,"Standort":"saknas","Datbeslut":1152748800000,"Url":"http://www.skogsstyrelsen.se/skogens-parlor/Biotopskydd/?objektid=2990667"}},{"type":"Feature","id":49272,"geometry":{"type":"Polygon","coordinates":[[[13.103584270422358,56.771391757503885],[13.103951637762517,56.771516513368844],[13.103940025168685,56.77167798204416],[13.104093716404526,56.77181607604811],[13.103996541475896,56.77202958341297],[13.103748267831563,56.77206912871538],[13.103737303261257,56.77222162143984],[13.103992891500123,56.77230801527027],[13.104278564164618,56.7724310067322],[13.104379390826365,56.77262185191278],[13.104293177474709,56.77268287567855],[13.10404167267881,56.77276726543835],[13.104069404509644,56.77306434364042],[13.104204824270639,56.773228991169454],[13.1040719816892,56.773711260154094],[13.103874847946047,56.773949558001036],[13.103356767846519,56.77410004483677],[13.10303881378005,56.77442556183952],[13.102807504542799,56.77445648550581],[13.10268281125767,56.77459752523728],[13.102487410982231,56.77458429937546],[13.102326605914861,56.77454487594471],[13.102300385036123,56.77445446634457],[13.102439479886005,56.77434069333283],[13.102403386499285,56.774160221785664],[13.102603945028742,56.77410168495461],[13.102658766271986,56.774022015442014],[13.102463168060654,56.77378418686041],[13.102439527928482,56.77365789138662],[13.102561622574848,56.773552728533446],[13.10257453977752,56.77337332622918],[13.102474369818077,56.773173503756475],[13.102345617008845,56.773143760468685],[13.1019685658804,56.77315354951499],[13.103584270422358,56.771391757503885]]]},"properties":{"OBJECTID":49272,"Uuid":"0DC54D63-EE87-4785-9F3C-C3B64FE5157A","Beteckn":"SK 402-2002","LanKod":"13","Lan":"HALLANDS LÄN","KommunKod":"80","Kommun":"HALMSTAD","ArendeAr":2002,"Biotyp":"Äldre naturskogsartade skogar","Naturtyp":null,"AreaTot":2.7,"AreaProd":2.7,"Standort":"saknas","Datbeslut":1020816000000,"Url":"http://www.skogsstyrelsen.se/skogens-parlor/Biotopskydd/?objektid=2981497"}},{"type":"Feature","id":45430,"geometry":{"type":"Polygon","coordinates":[[[13.082648211756068,57.2434476823993],[13.082845410303278,57.24346992941474],[13.08340990394926,57.24367981195145],[13.083501244919773,57.2437895941778],[13.083788459066714,57.24393956306964],[13.083933387351637,57.24399661045468],[13.084163019398206,57.244028541930426],[13.084566707635458,57.243947451338435],[13.084716934019037,57.24393274178934],[13.084871792854592,57.243855242114684],[13.085190779274452,57.244023860212565],[13.085219241667602,57.244087361268235],[13.085233804839385,57.24411462873842],[13.08507431384973,57.244254909827646],[13.084925414199635,57.24425168757968],[13.084789749503852,57.24429366488897],[13.084679224756472,57.2442193972536],[13.084542231340496,57.24427931548544],[13.084761953075274,57.24444578311302],[13.08460114685742,57.24460400501733],[13.084630272697227,57.24465854009189],[13.084835432581182,57.24457314561353],[13.085188163405725,57.244508923085895],[13.085254336029712,57.244510354000674],[13.08523250118845,57.24458175015942],[13.084939998191752,57.244728135271885],[13.08468389206866,57.2448303911699],[13.084507192216984,57.24497928659124],[13.084429095420656,57.24513929951726],[13.084092248386028,57.245212855254515],[13.083510517326006,57.245236176003466],[13.083444991732511,57.24522576883514],[13.083224607030784,57.245068265027484],[13.082981736415594,57.244991131900385],[13.083013495043726,57.244785199104335],[13.082867900666695,57.24473711674777],[13.08254560783909,57.24438874684608],[13.082345759090733,57.24417778728594],[13.08229150347627,57.24401490161128],[13.082284886358828,57.24388000430838],[13.082292165557531,57.24378134089147],[13.082460924739818,57.24374008708161],[13.082648211756068,57.2434476823993]]]},"properties":{"OBJECTID":45430,"Uuid":"3024FF8D-DAA5-483A-8B8D-19D96A608C4E","Beteckn":"SK 60-2011","LanKod":"14","Lan":"VÄSTRA GÖTALANDS LÄN","KommunKod":"65","Kommun":"SVENLJUNGA","ArendeAr":2011,"Biotyp":"Mark med mycket gamla träd","Naturtyp":null,"AreaTot":2,"AreaProd":2,"Standort":"saknas","Datbeslut":1297814400000,"Url":"http://www.skogsstyrelsen.se/skogens-parlor/Biotopskydd/?objektid=2996023"}},{"type":"Feature","id":52489,"geometry":{"type":"Polygon","coordinates":[[[12.834488086051099,56.89386117884429],[12.834871936277798,56.89399065616553],[12.835252858732922,56.89415120084667],[12.835366258114036,56.894256687230644],[12.835663356219403,56.89444345563768],[12.835783710977362,56.89456101380384],[12.835831976372827,56.89465882033209],[12.835856944982321,56.89504187735329],[12.835849322879655,56.89520260771014],[12.836069363777323,56.89552662560682],[12.835997113231741,56.895527503786305],[12.835412812178998,56.89551819847742],[12.834826313656329,56.89546373250236],[12.834821126225457,56.895358440839914],[12.834741798317783,56.89533719734074],[12.834347788994238,56.89527747448347],[12.834071131845928,56.89523114369819],[12.833802023976661,56.89513611203117],[12.833226652712835,56.89485051684046],[12.832609474842863,56.89465382224228],[12.832306912588148,56.89471492673593],[12.832062332605982,56.89447981707945],[12.831956511760914,56.89438027323491],[12.832134182522834,56.89425683946535],[12.832524947986293,56.89402623087362],[12.832786928610862,56.89413441443615],[12.833011803751617,56.89424370608467],[12.833196457145725,56.89420263396454],[12.833543589774365,56.89414186900903],[12.833772644586528,56.8941058345422],[12.834152937869149,56.89405224782181],[12.834460042288853,56.89388471288586],[12.834488086051099,56.89386117884429]]]},"properties":{"OBJECTID":52489,"Uuid":"80180D88-3B1F-4105-B2AB-837F8B9BF8F9","Beteckn":"SK 531-2006","LanKod":"13","Lan":"HALLANDS LÄN","KommunKod":"82","Kommun":"FALKENBERG","ArendeAr":2006,"Biotyp":"Äldre naturskogsartade skogar","Naturtyp":null,"AreaTot":2.6,"AreaProd":2.6,"Standort":"saknas","Datbeslut":1160352000000,"Url":"http://www.skogsstyrelsen.se/skogens-parlor/Biotopskydd/?objektid=2990937"}},{"type":"Feature","id":38572,"geometry":{"type":"Polygon","coordinates":[[[12.679532826453189,57.09820045900582],[12.67967203707351,57.0983117628292],[12.679407994036636,57.098898194211635],[12.679526048544957,57.09926054486797],[12.67998656470139,57.09928102348132],[12.680171411943652,57.09943838196343],[12.67969577110982,57.09959723445836],[12.67875916495089,57.09934921769189],[12.678212366045098,57.09858979544042],[12.679532826453189,57.09820045900582]]]},"properties":{"OBJECTID":38572,"Uuid":"9C008B3C-1A4B-442A-9C40-8C16B5E72A4B","Beteckn":"SK 724-2002","LanKod":"13","Lan":"HALLANDS LÄN","KommunKod":"82","Kommun":"FALKENBERG","ArendeAr":2002,"Biotyp":"Äldre naturskogsartade skogar","Naturtyp":null,"AreaTot":0.9,"AreaProd":0.9,"Standort":"saknas","Datbeslut":1032393600000,"Url":"http://www.skogsstyrelsen.se/skogens-parlor/Biotopskydd/?objektid=2982141"}},{"type":"Feature","id":40381,"geometry":{"type":"Polygon","coordinates":[[[12.66843773059086,57.04424722702662],[12.669092502593397,57.0449651520934],[12.669766934445589,57.045429652813105],[12.670343425714776,57.046426266469986],[12.669350231489855,57.046551242602035],[12.66841521969895,57.04601621463087],[12.667821928927847,57.0465817093043],[12.66737454475088,57.04640332454893],[12.667114082088375,57.04579567799872],[12.66656308948782,57.045233030584214],[12.666574139344917,57.044637415983125],[12.667985476477142,57.04442174163248],[12.66843773059086,57.04424722702662]]]},"properties":{"OBJECTID":40381,"Uuid":"A94B6B5B-4032-4595-AE99-6EB4084AAECC","Beteckn":"SK 16-2013","LanKod":"13","Lan":"HALLANDS LÄN","KommunKod":"82","Kommun":"FALKENBERG","ArendeAr":2013,"Biotyp":"Äldre naturskogsartade skogar","Naturtyp":"Ädellövskog ek","AreaTot":3.5,"AreaProd":3.5,"Standort":"saknas","Datbeslut":1383609600000,"Url":"http://www.skogsstyrelsen.se/skogens-parlor/Biotopskydd/?objektid=3001359"}},{"type":"Feature","id":50697,"geometry":{"type":"Polygon","coordinates":[[[12.544017449399602,57.35026324734566],[12.54477423887659,57.35031225717014],[12.545429296692767,57.3504619925065],[12.545870760068308,57.350727904225835],[12.54633898179145,57.35106749466942],[12.547324202148188,57.35156941116766],[12.548295190641667,57.352127072586654],[12.548628659353536,57.35235041271373],[12.548800214347171,57.352627661203364],[12.548771130232954,57.352746928418846],[12.548973258697417,57.35288211293865],[12.549014212622371,57.353059808357024],[12.548895362966217,57.353416994529475],[12.548484245158646,57.353882613565105],[12.548112748442195,57.35422916962177],[12.547892366676438,57.35436753403054],[12.54746262587131,57.35447899172152],[12.547140837809852,57.354475576395465],[12.546294304876595,57.3544647763363],[12.545724736627323,57.35433811077653],[12.545464612846404,57.35436013937484],[12.544773535205394,57.354432251028214],[12.544591640928191,57.35446864601076],[12.544335541667259,57.35450929881783],[12.544197692863392,57.354518020997176],[12.544060257999204,57.35452104472489],[12.54391416668535,57.35449536741078],[12.543779364526282,57.354458497550915],[12.543685628774057,57.35443954843629],[12.543464571758781,57.354429526161404],[12.543403350721,57.35424002019111],[12.543205028232926,57.35404783707994],[12.543208837399781,57.353990847628616],[12.543298536557392,57.35391270978271],[12.54364507595201,57.35378252273808],[12.543860189807718,57.35364406277896],[12.543683681904978,57.35352078285293],[12.543640226505046,57.353460012938406],[12.543669640479942,57.3534149361409],[12.543723690972797,57.353396023535176],[12.543835532633622,57.35338108782607],[12.544068202015431,57.35345410640298],[12.544162069768769,57.35331327914114],[12.544201298867064,57.35319991722891],[12.544504131590807,57.353091700312916],[12.544682360952455,57.35295251914],[12.54468692901201,57.35288413171066],[12.544667063139194,57.35276961638495],[12.54481927474212,57.35264134004079],[12.544941354648621,57.35253530107272],[12.545198694282355,57.35231777358046],[12.545403457576437,57.35217625148003],[12.545607695532027,57.3519633935502],[12.54616957276448,57.3517865643576],[12.546580861982415,57.35163480688955],[12.546512240955803,57.3514765387808],[12.546395631750974,57.35138815675943],[12.546180062509363,57.351375388392846],[12.545858888819755,57.351363426376686],[12.545504691321069,57.35145066745401],[12.545254703131087,57.35140013901451],[12.544905500706522,57.35133340356628],[12.544692422882013,57.35128359426401],[12.544473163596209,57.35116804503302],[12.54413928318332,57.35103028115991],[12.543948487073314,57.35088389697867],[12.543860506265386,57.3506995750787],[12.5438350590329,57.35046511650161],[12.54398429840033,57.350285425716635],[12.544017449399602,57.35026324734566]]]},"properties":{"OBJECTID":50697,"Uuid":"2D96FEF8-57BF-4A0E-9609-A0CEECC148D6","Beteckn":"SK 423-2018","LanKod":"14","Lan":"VÄSTRA GÖTALANDS LÄN","KommunKod":"63","Kommun":"MARK","ArendeAr":2018,"Biotyp":"Äldre betespräglad skog","Naturtyp":"Triviallövskog med ädellövinslag","AreaTot":9,"AreaProd":9,"Standort":"saknas","Datbeslut":1544572800000,"Url":"http://www.skogsstyrelsen.se/skogens-parlor/Biotopskydd/?objektid=3474945"}},{"type":"Feature","id":52240,"geometry":{"type":"Polygon","coordinates":[[[13.308105506339984,56.51297365620945],[13.308192839400647,56.51312814213846],[13.30829580035756,56.51329192539434],[13.308399357179317,56.51344673094379],[13.309765458999362,56.51392340060551],[13.3104591502629,56.51449434603582],[13.309620299658864,56.5146481725678],[13.308451540311319,56.51487622549349],[13.307097614070907,56.51298033112597],[13.308105506339984,56.51297365620945]]]},"properties":{"OBJECTID":52240,"Uuid":"22EBE328-B8EB-4CE9-86CF-F463CDB6DCDA","Beteckn":"SK 1218-2002","LanKod":"13","Lan":"HALLANDS LÄN","KommunKod":"81","Kommun":"LAHOLM","ArendeAr":2002,"Biotyp":"Mindre vattendrag och småvatten med omgivande mark","Naturtyp":null,"AreaTot":1.9,"AreaProd":1.9,"Standort":"saknas","Datbeslut":1041206400000,"Url":"http://www.skogsstyrelsen.se/skogens-parlor/Biotopskydd/?objektid=2983129"}},{"type":"Feature","id":51991,"geometry":{"type":"Polygon","coordinates":[[[12.339603582982761,57.258485304719706],[12.34097676044993,57.25866489757648],[12.341195728459567,57.25887783642032],[12.340361661148663,57.259400188603486],[12.339143561374684,57.25935156373526],[12.338897497204869,57.2598428453573],[12.338399173403143,57.25988935561047],[12.337268061141163,57.259802608037674],[12.337248959794893,57.26021309519281],[12.336596649977531,57.260496021141435],[12.336376651201194,57.260479942577234],[12.336167395329703,57.260606762347784],[12.33655093182344,57.26083746186829],[12.336429653828189,57.26112006128974],[12.335612197726762,57.26114561159546],[12.335134925554321,57.261009936874096],[12.335004469644277,57.260701848885255],[12.335154924870697,57.26015004859521],[12.33518371635586,57.26000656847563],[12.335378670259567,57.26000793617734],[12.335395547000147,57.25977431382902],[12.335750777007187,57.25966771211439],[12.33597301310309,57.25950692734205],[12.336162653932483,57.259356774751],[12.3365000747409,57.25909570872255],[12.337240510721697,57.2588317722245],[12.337807194210233,57.25867685676897],[12.338382832850758,57.258656333513166],[12.339243643543687,57.258840068972525],[12.339625714056684,57.25872617931627],[12.339603582982761,57.258485304719706]]]},"properties":{"OBJECTID":51991,"Uuid":"B49FD130-841D-4DE4-9D4E-8B811CEBB300","Beteckn":"SK 291-2018","LanKod":"13","Lan":"HALLANDS LÄN","KommunKod":"83","Kommun":"VARBERG","ArendeAr":2018,"Biotyp":"Äldre naturskogsartade skogar","Naturtyp":"Ädellövskog ek","AreaTot":4.4,"AreaProd":4,"Standort":"saknas","Datbeslut":1568937600000,"Url":"http://www.skogsstyrelsen.se/skogens-parlor/Biotopskydd/?objektid=3449957"}},{"type":"Feature","id":51599,"geometry":{"type":"Polygon","coordinates":[[[12.139138012372811,57.35551846626181],[12.151287489856976,57.35707651073409],[12.152462198055153,57.357470134484664],[12.151881515869919,57.3576240145834],[12.15194889855469,57.35794949876189],[12.150675005797758,57.35821802463641],[12.14928742491077,57.357791231500435],[12.147839789720969,57.357299770112505],[12.148225984416504,57.35709532120065],[12.14786197022174,57.35674321971647],[12.146614499273749,57.35691361916307],[12.146473939006663,57.35732292722584],[12.145694669265385,57.357300241819004],[12.145731778368942,57.35709461983627],[12.145526066127196,57.35698977587342],[12.1453306768935,57.35694814219965],[12.14509765887395,57.35695034077683],[12.144772804776258,57.35703973771447],[12.144208177312422,57.35703227742136],[12.143053417552025,57.35710648465137],[12.143509321179852,57.3577039198139],[12.142629645362929,57.35768727602994],[12.141739595161138,57.35727489783806],[12.139669736298945,57.357187585535044],[12.139007788462292,57.35665602056748],[12.138589183172177,57.35618546823292],[12.138864725632173,57.355923903444804],[12.138710576124325,57.35580256898385],[12.139138012372811,57.35551846626181]]]},"properties":{"OBJECTID":51599,"Uuid":"7F417181-3361-4163-881D-8E331C3C14AE","Beteckn":"SK 363-2011","LanKod":"13","Lan":"HALLANDS LÄN","KommunKod":"84","Kommun":"KUNGSBACKA","ArendeAr":2011,"Biotyp":"Brandfält","Naturtyp":null,"AreaTot":9.3,"AreaProd":8,"Standort":"saknas","Datbeslut":1322438400000,"Url":"http://www.skogsstyrelsen.se/skogens-parlor/Biotopskydd/?objektid=2996629"}},{"type":"Feature","id":53849,"geometry":{"type":"Polygon","coordinates":[[[12.855879624272776,57.15245021146517],[12.856053993286288,57.15254416488373],[12.856193922586732,57.15265526749542],[12.856258500915738,57.15267475630084],[12.85642278292846,57.15268761017401],[12.856723443392506,57.152856407460725],[12.856803800340233,57.152885250293565],[12.856943733172901,57.15299635208835],[12.856956658808718,57.153041583070895],[12.85701982080289,57.15307900100786],[12.857217111612275,57.153092633434525],[12.857456050941044,57.15320606396978],[12.854035712920583,57.154428328944554],[12.853693856287233,57.15311752622103],[12.855048947362125,57.152709187872176],[12.855879624272776,57.15245021146517]]]},"properties":{"OBJECTID":53849,"Uuid":"AE048B96-AC07-49D0-92DE-51472A44C510","Beteckn":"SK 149-1998","LanKod":"13","Lan":"HALLANDS LÄN","KommunKod":"82","Kommun":"FALKENBERG","ArendeAr":1998,"Biotyp":"Äldre naturskogsartade skogar","Naturtyp":null,"AreaTot":2.5,"AreaProd":2.5,"Standort":"saknas","Datbeslut":899424000000,"Url":"http://www.skogsstyrelsen.se/skogens-parlor/Biotopskydd/?objektid=2977029"}},{"type":"Feature","id":50119,"geometry":{"type":"Polygon","coordinates":[[[12.443870069633386,57.46716559569725],[12.443841372428823,57.46765904223235],[12.443567781355316,57.467732611334476],[12.443408173706272,57.46783617957793],[12.443151227594507,57.46791019325823],[12.44284600887926,57.467964939372806],[12.442538325463321,57.468046585526324],[12.442396997634235,57.46813266708934],[12.442302271140095,57.46825593706975],[12.442198483340437,57.46847781267257],[12.441634506404457,57.46844478080988],[12.441652646706109,57.46824757882234],[12.441734035171603,57.46808801134394],[12.441666525321201,57.46791547349385],[12.441649733854089,57.46773531098291],[12.441741009333965,57.467468176986216],[12.441648474072052,57.46720512145233],[12.443870069633386,57.46716559569725]]]},"properties":{"OBJECTID":50119,"Uuid":"7201DBE7-3433-4DA4-807C-C5B379F38C7D","Beteckn":"SK 610-2002","LanKod":"14","Lan":"VÄSTRA GÖTALANDS LÄN","KommunKod":"63","Kommun":"MARK","ArendeAr":2002,"Biotyp":"Äldre naturskogsartade skogar","Naturtyp":null,"AreaTot":1.3,"AreaProd":1.3,"Standort":"saknas","Datbeslut":1028505600000,"Url":"http://www.skogsstyrelsen.se/skogens-parlor/Biotopskydd/?objektid=2981913"}},{"type":"Feature","id":46773,"geometry":{"type":"Polygon","coordinates":[[[12.847926991178904,56.778137679056414],[12.848216807549788,56.77819846766877],[12.848642236004675,56.77819958059755],[12.849021496207527,56.778163653797996],[12.849316249660072,56.77816165657604],[12.84959254370888,56.77818618251688],[12.849802791077527,56.77821812399206],[12.850393813449795,56.77840285532874],[12.850636030582974,56.77844453950431],[12.850778814230337,56.77850183512488],[12.851173104717452,56.77869088205494],[12.85167188464692,56.77900819253311],[12.85227301850213,56.77948066944743],[12.852122478837492,56.77952202873683],[12.851350087813517,56.77893766801947],[12.850992001175998,56.778704556580756],[12.850818650234194,56.77861958667885],[12.850675156938298,56.778571256226236],[12.850356912876,56.77845588560834],[12.850020904539562,56.778358072712166],[12.849633085575942,56.77829496033019],[12.849535070376023,56.778292641015526],[12.849209768035404,56.77826695514773],[12.848782209476488,56.77829274846104],[12.848635187307824,56.77828925948018],[12.848468285601337,56.77833022423093],[12.84833548031779,56.77835402907794],[12.847847618420088,56.77852214673928],[12.84759975617738,56.778552205482335],[12.84732346085272,56.778527675117296],[12.846895187629032,56.77856243600501],[12.846148061512874,56.77869743976027],[12.845379642138544,56.77889482282924],[12.845286567612517,56.7788297170734],[12.847237452259707,56.778372892296964],[12.847926991178904,56.778137679056414]]]},"properties":{"OBJECTID":46773,"Uuid":"7A9F7D67-4BF2-47A0-88AA-1880F630C3CA","Beteckn":"SK 235-1995","LanKod":"13","Lan":"HALLANDS LÄN","KommunKod":"80","Kommun":"HALMSTAD","ArendeAr":1995,"Biotyp":"Alkärr","Naturtyp":null,"AreaTot":0.6,"AreaProd":0.6,"Standort":"saknas","Datbeslut":809136000000,"Url":"http://www.skogsstyrelsen.se/skogens-parlor/Biotopskydd/?objektid=2975165"}},{"type":"Feature","id":46724,"geometry":{"type":"MultiPolygon","coordinates":[[[[12.294165815363526,57.23914455741779],[12.294280000857727,57.239174456156476],[12.294608856690983,57.23920345294531],[12.295067083935207,57.239266628431054],[12.29568427814429,57.23936661374598],[12.296165270208729,57.23939988043782],[12.296712225855751,57.239541001837566],[12.297276581826846,57.23967363385986],[12.297838780290748,57.239759482987694],[12.298380769556603,57.23984835486541],[12.298690874632316,57.23990016953439],[12.299309618330211,57.239984001973376],[12.299799491070205,57.24009836703805],[12.300241597497639,57.24019161661638],[12.300521767639008,57.24024439180376],[12.300844514632056,57.24026780343875],[12.301059479047607,57.24027383498143],[12.301213669237654,57.240256604081225],[12.301307258867146,57.241060334095366],[12.300828319253833,57.24110927524226],[12.300041208926205,57.24087988553993],[12.299669064369583,57.240722721486954],[12.29893661164646,57.24068011431009],[12.297579213160684,57.24045263135165],[12.296590911235608,57.24016292564388],[12.295952423102753,57.240102695578265],[12.295953670582856,57.240433005308354],[12.294741744201932,57.240492433578005],[12.293863380425362,57.240587753612594],[12.292809400073944,57.24078617644062],[12.29180944823105,57.2410455842673],[12.291337164641405,57.24139080943783],[12.290976728919436,57.24151857156778],[12.291063799375232,57.24224708232107],[12.289583630540735,57.24206257393351],[12.288847071512645,57.2421927622156],[12.287736876775744,57.24282557158062],[12.286868375777745,57.243003308482244],[12.28614943306208,57.24319224349241],[12.285396924682239,57.24262979209882],[12.285676762929295,57.2424436114986],[12.285684443149348,57.24231415342093],[12.285755321714593,57.242246366293024],[12.28627030306514,57.24196723317305],[12.294165815363526,57.23914455741779]]],[[[12.292024332901807,57.238800238641375],[12.292341316167386,57.238814542798316],[12.292601203845097,57.23883621594225],[12.29274546669814,57.23881871850902],[12.292764410293179,57.23889830505438],[12.292824715580851,57.238961087354355],[12.292967086331336,57.23896329396567],[12.293193876689235,57.238949893885284],[12.293341810082104,57.23892890693223],[12.293595247445205,57.23894859656317],[12.293947078996805,57.239084257258455],[12.294016135958978,57.23910343246565],[12.286851110699178,57.241659125215854],[12.28803161401805,57.24102029299431],[12.292024332901807,57.238800238641375]]]]},"properties":{"OBJECTID":46724,"Uuid":"ECDDB477-C0F1-4B43-9B92-763468D4261D","Beteckn":"SK 131-2020","LanKod":"13","Lan":"HALLANDS LÄN","KommunKod":"83","Kommun":"VARBERG","ArendeAr":2020,"Biotyp":"Äldre naturskogsartade skogar","Naturtyp":"Ädellövskog ek","AreaTot":13.8,"AreaProd":10.6,"Standort":"saknas","Datbeslut":1638230400000,"Url":"http://www.skogsstyrelsen.se/skogens-parlor/Biotopskydd/?objektid=3614183"}},{"type":"Feature","id":45691,"geometry":{"type":"Polygon","coordinates":[[[12.780232082069814,57.046360115565655],[12.781646802829085,57.049233541966096],[12.779713198180264,57.04827932160314],[12.779167281464177,57.04789773877051],[12.779207093991534,57.04761118385743],[12.778969403755175,57.04729096921137],[12.779274652276275,57.04698388002164],[12.780232082069814,57.046360115565655]]]},"properties":{"OBJECTID":45691,"Uuid":"27ECEDFF-CC38-4A66-8C48-37F04A94B388","Beteckn":"SK 206-2008","LanKod":"13","Lan":"HALLANDS LÄN","KommunKod":"82","Kommun":"FALKENBERG","ArendeAr":2008,"Biotyp":"Äldre naturskogsartade skogar","Naturtyp":null,"AreaTot":2.2,"AreaProd":2.2,"Standort":"saknas","Datbeslut":1212969600000,"Url":"http://www.skogsstyrelsen.se/skogens-parlor/Biotopskydd/?objektid=2993307"}},{"type":"Feature","id":45150,"geometry":{"type":"Polygon","coordinates":[[[13.1500289852951,57.248682049074375],[13.150222397459121,57.24875800840677],[13.150400948653605,57.24904027046903],[13.150719650063174,57.24921769986624],[13.150961412506891,57.2493126453148],[13.15096311206043,57.2495192999228],[13.150657740414898,57.2493870736006],[13.150485155894005,57.2494822457099],[13.150478457462636,57.24980551071882],[13.150620288626435,57.24990732380291],[13.150675519133381,57.250061215367644],[13.150646060759657,57.25024025847073],[13.150138220188216,57.25015764910223],[13.149706674153851,57.250166488180625],[13.149596648705922,57.250083310303964],[13.14953949313528,57.24995633609767],[13.14911827842649,57.24982165401985],[13.149016655255902,57.24962186534726],[13.149074048521001,57.24951528538126],[13.14921935743776,57.2493386860095],[13.149361421913866,57.24920693708651],[13.149639760502344,57.249024174208806],[13.149826545143311,57.24873166661113],[13.14982782518797,57.248713733290415],[13.1500289852951,57.248682049074375]]]},"properties":{"OBJECTID":45150,"Uuid":"93615E27-5E8F-4051-A04D-7E76AB3E1DE2","Beteckn":"SK 890-2002","LanKod":"14","Lan":"VÄSTRA GÖTALANDS LÄN","KommunKod":"65","Kommun":"SVENLJUNGA","ArendeAr":2002,"Biotyp":"Äldre naturskogsartade skogar","Naturtyp":null,"AreaTot":1.2,"AreaProd":1.2,"Standort":"saknas","Datbeslut":1036454400000,"Url":"http://www.skogsstyrelsen.se/skogens-parlor/Biotopskydd/?objektid=2982473"}},{"type":"Feature","id":45889,"geometry":{"type":"MultiPolygon","coordinates":[[[[13.40372276531864,56.382709570582854],[13.403820486805463,56.3827156091003],[13.404057588662672,56.38272263302287],[13.404261540178036,56.38276247704277],[13.404270767667786,56.38278389198854],[13.404192901430132,56.38294947627564],[13.40405561049132,56.38322925007404],[13.403834191523059,56.383607727253796],[13.40365603154923,56.383593976731355],[13.40347472235544,56.38355987764634],[13.403214138507574,56.38351702962929],[13.403042300596073,56.38354148610423],[13.402870469876502,56.383552607607335],[13.402937336965966,56.38339264229094],[13.40295095284858,56.38330415544786],[13.403008188626444,56.38304572616579],[13.403085144983311,56.38296935920122],[13.403152068819118,56.38292217444021],[13.403318894097332,56.382881577801975],[13.403368782645991,56.38284242244703],[13.403424469509888,56.38281372026041],[13.403579309795965,56.38274405285432],[13.40372276531864,56.382709570582854]]],[[[13.404597230998018,56.382418528106555],[13.40493432094422,56.38249316961854],[13.405063171908445,56.38253951326838],[13.405308945247986,56.3826254332359],[13.405506015049843,56.38268191811895],[13.40551713421561,56.38272009770943],[13.4054441240888,56.3827571953472],[13.405334919929215,56.382845702046254],[13.405220707911214,56.38291682873565],[13.405264061831724,56.382960356135904],[13.405382292513096,56.38301942141354],[13.40537288754235,56.383073556286845],[13.405184153638677,56.38316946858026],[13.405009029276847,56.38328657329207],[13.404572765883533,56.3835573164239],[13.40447168944569,56.38356018513042],[13.404196857556522,56.383543519967915],[13.404111948759283,56.38356916862699],[13.404009142634086,56.38360642105722],[13.403945046091073,56.383630926744345],[13.403906280749855,56.383645388960254],[13.404088087520662,56.38331478994793],[13.404265069398361,56.38297051519392],[13.404360192252213,56.38279468457463],[13.404536376205167,56.3824387716355],[13.404597230998018,56.382418528106555]]]]},"properties":{"OBJECTID":45889,"Uuid":"09610844-89D0-4CA2-8512-CA4FCD2D536C","Beteckn":"SK 120-2020","LanKod":"12","Lan":"SKÅNE LÄN","KommunKod":"57","Kommun":"ÖRKELLJUNGA","ArendeAr":2020,"Biotyp":"Äldre naturskogsartade skogar","Naturtyp":"Tallskog","AreaTot":1.3,"AreaProd":1.3,"Standort":"saknas","Datbeslut":1605139200000,"Url":"http://www.skogsstyrelsen.se/skogens-parlor/Biotopskydd/?objektid=3612426"}},{"type":"Feature","id":52813,"geometry":{"type":"Polygon","coordinates":[[[12.61465119759001,57.124140160913235],[12.616892295837932,57.124206212908135],[12.61638442972095,57.12473240425431],[12.616492878815196,57.12481603675337],[12.616629673159991,57.124954297806575],[12.616734267298527,57.125082762328326],[12.616805887680687,57.125210375238396],[12.616840676744046,57.12538198677173],[12.616926470578639,57.125536918400044],[12.616987016846142,57.12560136125933],[12.617108094079603,57.125730237604145],[12.617256743759558,57.125922714116015],[12.6173371366013,57.12614040330761],[12.617356223298483,57.12630263084877],[12.61731245516126,57.126427313379494],[12.617217681567121,57.12656866693524],[12.617053114973345,57.126753167968296],[12.616873598815072,57.126919321753995],[12.61679994953051,57.127007301382484],[12.61658822859469,57.127163649369145],[12.616393777016384,57.12731145569182],[12.61626834457621,57.1274250684478],[12.616288185653938,57.12757832401459],[12.61631189983189,57.12768675667425],[12.616400778421617,57.127805828204245],[12.616532177502942,57.12800684715385],[12.616584239663514,57.12816990841696],[12.616621353936901,57.128314622615065],[12.61656185800665,57.12842992055024],[12.616215721438838,57.12899617465809],[12.615330081901146,57.128919706262906],[12.615374360522528,57.12859736703881],[12.615375072849618,57.12801333001872],[12.615402094739231,57.12769953218887],[12.615440689613818,57.12725124683438],[12.615384776192956,57.1271330083075],[12.615302859960348,57.126933243840185],[12.615194892332534,57.12665195244014],[12.61517968911127,57.126444901786805],[12.615151848045562,57.12619259731562],[12.615193024965105,57.1259061181032],[12.61524529032108,57.125682809249774],[12.615314050298377,57.125459930971],[12.615433797597724,57.12522037304151],[12.615518260656312,57.125006869726555],[12.615616893439967,57.12482069423402],[12.615670979719976,57.1247681544201],[12.615790223978562,57.12472626270998],[12.615908692903117,57.12469334264605],[12.61602485473989,57.12468731114454],[12.61609002941629,57.124697959431614],[12.615967907501242,57.124389341080324],[12.61509038230343,57.12441192950886],[12.61465119759001,57.124140160913235]]]},"properties":{"OBJECTID":52813,"Uuid":"EBE485F1-F22F-4309-A3B7-A296EE8AF6CB","Beteckn":"SK 820-2005","LanKod":"13","Lan":"HALLANDS LÄN","KommunKod":"82","Kommun":"FALKENBERG","ArendeAr":2005,"Biotyp":"Äldre naturskogsartade skogar","Naturtyp":null,"AreaTot":4.4,"AreaProd":4.4,"Standort":"saknas","Datbeslut":1132099200000,"Url":"http://www.skogsstyrelsen.se/skogens-parlor/Biotopskydd/?objektid=2989297"}},{"type":"Feature","id":39437,"geometry":{"type":"Polygon","coordinates":[[[12.732477620477358,56.900050555670646],[12.732350372790565,56.900200171226466],[12.731904393981845,56.90043178920039],[12.731919477156282,56.90064781026614],[12.731616566596529,56.90093686008892],[12.73128495640621,56.90077594754081],[12.730978027678198,56.90071447736851],[12.731021695625737,56.90038310343791],[12.731164590206422,56.90024285867457],[12.731195001311585,56.90007288364021],[12.732477620477358,56.900050555670646]]]},"properties":{"OBJECTID":39437,"Uuid":"FCF6EC38-0608-4DC1-8483-12B602BB7055","Beteckn":"SK 462-2001","LanKod":"13","Lan":"HALLANDS LÄN","KommunKod":"82","Kommun":"FALKENBERG","ArendeAr":2001,"Biotyp":"Alkärr","Naturtyp":null,"AreaTot":0.5,"AreaProd":0.5,"Standort":"saknas","Datbeslut":1002672000000,"Url":"http://www.skogsstyrelsen.se/skogens-parlor/Biotopskydd/?objektid=2979887"}},{"type":"Feature","id":52241,"geometry":{"type":"Polygon","coordinates":[[[13.307097222432574,56.51002462283106],[13.308103232393933,56.51103309459247],[13.307970458365899,56.51107534309991],[13.307727062688388,56.51107044594439],[13.307457688159673,56.51096619855257],[13.307239968489494,56.51081807629308],[13.306983891377454,56.5107590185809],[13.306655211884893,56.51081529091438],[13.306514765251173,56.51097417589997],[13.306476404606324,56.511063240652284],[13.30644659257591,56.511269272390145],[13.306492860564619,56.51180024999193],[13.30658195355714,56.51192782192705],[13.307136918218662,56.51213663964651],[13.307404515696154,56.51226779367197],[13.308105506339984,56.51297365620945],[13.307097614070907,56.51298033112597],[13.305360934959234,56.51048377761999],[13.307097222432574,56.51002462283106]]]},"properties":{"OBJECTID":52241,"Uuid":"2C86A39B-EDDC-4D4A-B53A-6109C82C7640","Beteckn":"SK 144-2001","LanKod":"13","Lan":"HALLANDS LÄN","KommunKod":"81","Kommun":"LAHOLM","ArendeAr":2001,"Biotyp":"Mindre vattendrag och småvatten med omgivande mark","Naturtyp":null,"AreaTot":1.9,"AreaProd":1.9,"Standort":"saknas","Datbeslut":984528000000,"Url":"http://www.skogsstyrelsen.se/skogens-parlor/Biotopskydd/?objektid=2979251"}},{"type":"Feature","id":52172,"geometry":{"type":"Polygon","coordinates":[[[12.81009104411294,56.88227780535267],[12.81022123369204,56.88249656802527],[12.81051079348144,56.8829797156756],[12.810538405708233,56.88324992352172],[12.810720356895011,56.88384730507272],[12.811106526918165,56.88476404386086],[12.811238878011006,56.88495591120173],[12.811332739992821,56.88521872471423],[12.811333328093973,56.8854164065605],[12.811230002561294,56.88547682603132],[12.81117943026852,56.88549357989528],[12.810900931035404,56.88548689283302],[12.81072359330789,56.88544669814361],[12.810622568430023,56.88527356764189],[12.810510908714383,56.88502828834675],[12.810334434101746,56.884772472989795],[12.810171467338174,56.884552929239064],[12.810076188517469,56.88430804451528],[12.810007200259406,56.8841446591366],[12.810071433292043,56.88395752240004],[12.810046571004762,56.88385808440169],[12.809892220813964,56.883530927561],[12.809643196328036,56.883156567618286],[12.809176324242793,56.882633212274634],[12.809130774853013,56.88258719419596],[12.809197735606144,56.88257083649181],[12.80956888271643,56.88244496899168],[12.81009104411294,56.88227780535267]]]},"properties":{"OBJECTID":52172,"Uuid":"E3EF25E1-47F2-45B4-A951-CDFF5C7C759B","Beteckn":"SK 200-1995","LanKod":"13","Lan":"HALLANDS LÄN","KommunKod":"82","Kommun":"FALKENBERG","ArendeAr":1995,"Biotyp":"Äldre naturskogsartade skogar","Naturtyp":null,"AreaTot":1.7,"AreaProd":1.7,"Standort":"saknas","Datbeslut":804470400000,"Url":"http://www.skogsstyrelsen.se/skogens-parlor/Biotopskydd/?objektid=2975095"}},{"type":"Feature","id":53792,"geometry":{"type":"Polygon","coordinates":[[[12.446842326519338,57.055985960965145],[12.448508780246694,57.05626293053252],[12.449357870786566,57.05640434975346],[12.449753516465831,57.05662926589302],[12.449588936834196,57.056700101819686],[12.449547771854844,57.05681018143496],[12.449893846180428,57.0570326584067],[12.45072977883337,57.05702257515458],[12.45100887363976,57.05725215106164],[12.451340860705532,57.05771830818811],[12.452297727190233,57.05831273508362],[12.453521675647844,57.05861059482815],[12.453446096237846,57.058726221705726],[12.45317097006913,57.05921284583833],[12.453159314245006,57.059233467667326],[12.452090644483297,57.05897286106695],[12.45202300592175,57.0589374239073],[12.451890495593837,57.05887864840103],[12.451700934575163,57.05878543274609],[12.45117139075575,57.05861413752582],[12.451132898466657,57.05857293031583],[12.450986168654676,57.0585515020832],[12.450873785091005,57.05851291564216],[12.450744237264853,57.058482903787166],[12.450563892045665,57.05846966988013],[12.450415718465091,57.05846617666475],[12.450404882999853,57.05846592009317],[12.450182797619215,57.05834534831533],[12.449852678364982,57.058004775049056],[12.449829628660828,57.0578445160332],[12.449350417168018,57.05757795071731],[12.448979236444101,57.05741630635116],[12.448676518015873,57.057401583031606],[12.448635996718371,57.05730516218852],[12.448586929149087,57.05725708824553],[12.44843608974801,57.057204073607735],[12.44823700426519,57.05716720489385],[12.448076565190375,57.05713967915919],[12.447878827609262,57.05712138660346],[12.4477406598162,57.05711613491408],[12.447775722324455,57.05683435971315],[12.44779518554574,57.056550846589296],[12.446858148496476,57.05628945277708],[12.446842326519338,57.055985960965145]]]},"properties":{"OBJECTID":53792,"Uuid":"D9B8D117-26BA-41B9-886A-F5668F105E9E","Beteckn":"SK 193-2017","LanKod":"13","Lan":"HALLANDS LÄN","KommunKod":"83","Kommun":"VARBERG","ArendeAr":2017,"Biotyp":"Äldre naturskogsartade skogar","Naturtyp":"Ädellövskog bok","AreaTot":4,"AreaProd":4,"Standort":"saknas","Datbeslut":1570579200000,"Url":"http://www.skogsstyrelsen.se/skogens-parlor/Biotopskydd/?objektid=3354657"}},{"type":"Feature","id":53721,"geometry":{"type":"Polygon","coordinates":[[[12.312264525911717,57.52956064985789],[12.312297838726149,57.529561575237665],[12.312910028232729,57.52962346856317],[12.312983038567449,57.52973332485549],[12.313035952162423,57.529878565924484],[12.313400664051935,57.53025710590959],[12.313776531183406,57.53051912432927],[12.313770527725442,57.53058185992829],[12.313588459667828,57.5307385703204],[12.313544841055316,57.53084519685863],[12.313563566973507,57.530998480883454],[12.313676282911372,57.53121726768982],[12.31385992916309,57.531393097335474],[12.314111084360324,57.53156179936175],[12.314285799952634,57.531656502139626],[12.314480597310979,57.531715810316804],[12.314651015666627,57.53185531966832],[12.31481373011052,57.53207549301714],[12.31481924334018,57.53219246705699],[12.314656408888945,57.53232275345426],[12.314517953692809,57.532372838202555],[12.31409881184907,57.532388189621614],[12.31400141229148,57.53235852629251],[12.313923233455712,57.53230244618147],[12.313804525819368,57.53214639552796],[12.313442736384056,57.531911718835005],[12.313168043083625,57.53181424771364],[12.312851449563745,57.531805483053276],[12.312789948430835,57.53174985626559],[12.311954906575048,57.53122349843588],[12.312038834991272,57.52982398409341],[12.312063720800843,57.52956407351915],[12.312264525911717,57.52956064985789]]]},"properties":{"OBJECTID":53721,"Uuid":"14A2724E-4754-461D-A5AF-BB73E54BB8D9","Beteckn":"SK 17-1996","LanKod":"13","Lan":"HALLANDS LÄN","KommunKod":"84","Kommun":"KUNGSBACKA","ArendeAr":1996,"Biotyp":"Äldre naturskogsartade skogar","Naturtyp":null,"AreaTot":2.6,"AreaProd":2.6,"Standort":"saknas","Datbeslut":821145600000,"Url":"http://www.skogsstyrelsen.se/skogens-parlor/Biotopskydd/?objektid=2975409"}},{"type":"Feature","id":52510,"geometry":{"type":"Polygon","coordinates":[[[12.808197461123804,56.904134606424584],[12.809588109981625,56.90424451740576],[12.809501519280351,56.90431158253216],[12.809430183174522,56.904843361761024],[12.80937568876792,56.90491763939746],[12.809191066789367,56.905114939935196],[12.80901321526867,56.90530878240516],[12.80892190628991,56.90543978264722],[12.808751769820182,56.90571102406918],[12.808594504999709,56.90593942879937],[12.808487568934241,56.90619943122633],[12.808288197400898,56.90665326363375],[12.80804796117316,56.90729950290339],[12.807775399998286,56.907242834173566],[12.807206005712947,56.90717007331499],[12.806765937128896,56.906848503406906],[12.806617615596492,56.906532053859124],[12.805173542367967,56.90590182778222],[12.804915025612754,56.90568615339987],[12.805037664242478,56.90555135698698],[12.805327054316534,56.905596384711444],[12.805548529182847,56.90555462455889],[12.806436325072925,56.90549294157999],[12.807179055712243,56.905632937568214],[12.807241982373895,56.90513759490435],[12.80609556158217,56.90511914080688],[12.80570566456322,56.90500958048658],[12.805523092447796,56.90474388447039],[12.805955225769456,56.90448898451024],[12.806687543451488,56.90445048598669],[12.808197461123804,56.904134606424584]]]},"properties":{"OBJECTID":52510,"Uuid":"E6376F80-4453-4BCE-9D67-6D61B550120C","Beteckn":"SK 214-2016","LanKod":"13","Lan":"HALLANDS LÄN","KommunKod":"82","Kommun":"FALKENBERG","ArendeAr":2016,"Biotyp":"Äldre naturskogsartade skogar","Naturtyp":"Ädellövskog bok","AreaTot":5.2,"AreaProd":5.1,"Standort":"saknas","Datbeslut":1482192000000,"Url":"http://www.skogsstyrelsen.se/skogens-parlor/Biotopskydd/?objektid=3275477"}},{"type":"Feature","id":44933,"geometry":{"type":"Polygon","coordinates":[[[12.780150602809334,57.002790284965144],[12.781283120736779,57.00323997572036],[12.780842519434264,57.00400202127265],[12.780782368100652,57.00453966060883],[12.781019491787497,57.00506652242428],[12.781435543000407,57.00541800889773],[12.78076828679571,57.0053210055539],[12.781087274207314,57.006056505242256],[12.781350636104074,57.0062605432064],[12.78189630636282,57.00643546430666],[12.782407659851149,57.00662753159558],[12.783584220134665,57.00734780929668],[12.783887742308186,57.00746296042208],[12.78392582845892,57.00780530862798],[12.785269605713596,57.00808934786448],[12.785103482226278,57.00830995756967],[12.785189738368738,57.008464779933504],[12.785058681916698,57.00865928524209],[12.784473656583677,57.008968613491454],[12.783684736206002,57.00894954856897],[12.783292776493026,57.00870646645639],[12.78282809646297,57.008344824567665],[12.782153411864227,57.00793318007915],[12.781920401528806,57.00796348537471],[12.781427574605726,57.007340595011165],[12.780694870094484,57.007035352843126],[12.780386898519893,57.00656967923528],[12.780075700296258,57.006346503641176],[12.77994891725983,57.006082881142795],[12.77998244066581,57.00567037919946],[12.77979066132844,57.00539619478138],[12.779767270748545,57.00527882405481],[12.778753511304803,57.00559571361087],[12.778248765502628,57.00532293518741],[12.778591634126776,57.00495386533898],[12.778255991456021,57.00482893773354],[12.777875444432476,57.0046490068493],[12.77821942470916,57.004468650601666],[12.77856997514993,57.00420759692092],[12.778558972084259,57.00393777876832],[12.779654844411256,57.003622869425904],[12.780038641174267,57.003560278413936],[12.780072568669958,57.00334546251348],[12.779694938981686,57.0031296708686],[12.779760991291544,57.002924617958314],[12.780150602809334,57.002790284965144]]]},"properties":{"OBJECTID":44933,"Uuid":"0CADB88F-E21F-4D71-ACDB-DD15432020DD","Beteckn":"SK 271-2011","LanKod":"13","Lan":"HALLANDS LÄN","KommunKod":"82","Kommun":"FALKENBERG","ArendeAr":2011,"Biotyp":"Äldre naturskogsartade skogar","Naturtyp":null,"AreaTot":8.1,"AreaProd":7.6,"Standort":"saknas","Datbeslut":1318809600000,"Url":"http://www.skogsstyrelsen.se/skogens-parlor/Biotopskydd/?objektid=2996445"}},{"type":"Feature","id":41295,"geometry":{"type":"Polygon","coordinates":[[[12.618074692052437,57.20837501384732],[12.618121168521588,57.20841213789076],[12.6182171947331,57.20845051662446],[12.618445418906797,57.20849225718995],[12.618705124184714,57.20855276503894],[12.619028600486066,57.20864185451072],[12.619284443293717,57.20874719287957],[12.61950259772627,57.20890548272613],[12.619673515774446,57.20903561174364],[12.619908206815197,57.209194322253026],[12.620139019769566,57.20939786376375],[12.620366764792118,57.20963726525415],[12.620476226570466,57.209711923318295],[12.620720202473498,57.20976304345055],[12.620864267163622,57.209820617892646],[12.620941472012635,57.20988547109421],[12.620933730719107,57.20997512534434],[12.620959832310453,57.21005665926133],[12.621052003203664,57.21013986764396],[12.62112457098728,57.210258515211926],[12.621151432212827,57.21033108607513],[12.621111432326119,57.210410935937134],[12.62091962260347,57.210522874778604],[12.620636706371872,57.21073133466873],[12.618585501908447,57.21013113949403],[12.61773739117543,57.20959743079131],[12.61722515877331,57.20900935310539],[12.616907880835841,57.20884853937583],[12.616802279835694,57.20872904634248],[12.61681698861172,57.20855870082678],[12.616947345643785,57.20839128777099],[12.618074692052437,57.20837501384732]]]},"properties":{"OBJECTID":41295,"Uuid":"4094D987-8D80-4678-A742-C698643C8182","Beteckn":"SK 791-2006","LanKod":"13","Lan":"HALLANDS LÄN","KommunKod":"83","Kommun":"VARBERG","ArendeAr":2006,"Biotyp":"Äldre naturskogsartade skogar","Naturtyp":null,"AreaTot":3.4,"AreaProd":2.9,"Standort":"saknas","Datbeslut":1165968000000,"Url":"http://www.skogsstyrelsen.se/skogens-parlor/Biotopskydd/?objektid=2991457"}},{"type":"Feature","id":53884,"geometry":{"type":"Polygon","coordinates":[[[12.736388901464936,57.01329803605091],[12.73657892241003,57.01352773057279],[12.736519943481284,57.01372353621315],[12.736228627720207,57.013783885120446],[12.73621698520693,57.01388924584278],[12.736411217681985,57.01404967830012],[12.736343922082733,57.01438228498389],[12.73683403931845,57.01457945747729],[12.736933370673588,57.01475244311984],[12.737075265481986,57.014751450327175],[12.737153142803951,57.014847017117766],[12.737070973336733,57.0149083008166],[12.736994125019084,57.01501105369823],[12.736934933785541,57.01508130778706],[12.73689071267922,57.01512045232893],[12.736812131439295,57.01525170533416],[12.73679925973982,57.0153342096107],[12.736702377115583,57.01542233873699],[12.736407414612426,57.01588179457754],[12.737341797313489,57.015916888363314],[12.737439612545314,57.01577029265615],[12.737945002910402,57.01579831760501],[12.73826943569069,57.015713958542996],[12.738600697560194,57.015771310425144],[12.738861305495925,57.0159586120617],[12.739018462670304,57.0165577650978],[12.738146610803634,57.01653059880713],[12.738204328331532,57.01669997354948],[12.737621758411995,57.01716307663025],[12.73806206946963,57.01775022113498],[12.7388222325615,57.018497222288765],[12.738317871952793,57.019481006663874],[12.73771481746368,57.019763978095945],[12.738205161791482,57.02038912138474],[12.73863346345221,57.02039971819477],[12.738672775917912,57.02070000504338],[12.738526663570994,57.02078010204529],[12.738631062413676,57.02095603514623],[12.73874904940105,57.021123649686295],[12.738426210236284,57.021122148070745],[12.738168379352096,57.02097483135791],[12.737958404156878,57.02100664940995],[12.73722783059646,57.020805135501966],[12.73724085852232,57.020676974605934],[12.73691823590294,57.02056273069107],[12.736634662800707,57.02049483357467],[12.735795875425302,57.02009448193794],[12.73500782997707,57.01980632033484],[12.734828218279358,57.01966326064012],[12.735447149438967,57.01937774150826],[12.734866109562931,57.01902061578014],[12.734702782976628,57.018887789446616],[12.734794106793483,57.01850426167461],[12.733881960281279,57.018365068162765],[12.733861016885134,57.0181934994913],[12.733750304825826,57.01769218770316],[12.733627423795147,57.01730479070671],[12.73364144377378,57.01698834850764],[12.73351681920338,57.01654384759679],[12.733880383081951,57.01624229000038],[12.734712175805834,57.01632582420937],[12.73543116683502,57.01643658026385],[12.73546552487799,57.01615114935133],[12.734963001359196,57.015900152712966],[12.733955847509417,57.01586195322278],[12.73343476998508,57.01582969202197],[12.73344556517162,57.01568507285904],[12.733453197294153,57.01555967208177],[12.733570710737203,57.01543341259266],[12.734065221775225,57.015182024148245],[12.734311461396032,57.01517506961851],[12.735051029852118,57.0149687677258],[12.735361594010737,57.01459206474608],[12.735369168600995,57.01429547338154],[12.73601403662779,57.01381043991478],[12.736183622165859,57.013405591516694],[12.736388901464936,57.01329803605091]],[[12.736097620602168,57.016330099047934],[12.73588476913907,57.01666107886988],[12.735856056839433,57.01674097802053],[12.735792050762758,57.01693369094855],[12.73606528053513,57.017221657892556],[12.736620891000026,57.017689254520924],[12.736833508726097,57.01797256489851],[12.736834837668306,57.01805424758574],[12.736957825097262,57.01813984651602],[12.737025566280295,57.018220950736335],[12.737022453323233,57.01849040303585],[12.73776681099451,57.0185787066532],[12.737797458699085,57.01831829807203],[12.737742692238022,57.0180455620276],[12.737706521591374,57.01750986306104],[12.737364473689464,57.01713632815114],[12.737086931132337,57.0171056992086],[12.736934546930016,57.01694029151279],[12.736697223038648,57.01658948750215],[12.736583034299576,57.016383882308574],[12.736097620602168,57.016330099047934]]]},"properties":{"OBJECTID":53884,"Uuid":"1F6444D3-D60B-4EFD-BC0F-E1A8FE55C37A","Beteckn":"SK 456-2016","LanKod":"13","Lan":"HALLANDS LÄN","KommunKod":"82","Kommun":"FALKENBERG","ArendeAr":2016,"Biotyp":"Äldre naturskogsartade skogar","Naturtyp":"Ädellövskog ek","AreaTot":13.6,"AreaProd":13.2,"Standort":"saknas","Datbeslut":1520812800000,"Url":"http://www.skogsstyrelsen.se/skogens-parlor/Biotopskydd/?objektid=3319489"}},{"type":"Feature","id":53878,"geometry":{"type":"Polygon","coordinates":[[[12.750081910354586,57.092268513801805],[12.751043432268979,57.09241776418516],[12.752493958559919,57.093243812086236],[12.752459051829371,57.09346758899105],[12.752500353628246,57.09356742943663],[12.75259033322331,57.09367744363049],[12.752716952248269,57.09374342657097],[12.75304271181121,57.093796293131874],[12.752256183017876,57.09412752589805],[12.751220875360422,57.09367099950923],[12.751384629018254,57.0934863065907],[12.750344917637113,57.093083583782175],[12.749819493623706,57.09325045855991],[12.749380125162466,57.09337451202962],[12.748854477905148,57.093343709526344],[12.748529753014322,57.09287754848803],[12.748739537592165,57.09233458863766],[12.749870963142522,57.092425102469974],[12.750081910354586,57.092268513801805]]]},"properties":{"OBJECTID":53878,"Uuid":"1B18F497-EF53-4EF5-9408-85708C11883C","Beteckn":"SK 392-2006","LanKod":"13","Lan":"HALLANDS LÄN","KommunKod":"82","Kommun":"FALKENBERG","ArendeAr":2006,"Biotyp":"Äldre naturskogsartade skogar","Naturtyp":null,"AreaTot":2.5,"AreaProd":2.2,"Standort":"saknas","Datbeslut":1152489600000,"Url":"http://www.skogsstyrelsen.se/skogens-parlor/Biotopskydd/?objektid=2990659"}},{"type":"Feature","id":45417,"geometry":{"type":"Polygon","coordinates":[[[12.519015989245313,57.05643123086905],[12.519172574399224,57.0564744415358],[12.519473279643353,57.05661768181517],[12.519341149474712,57.0571638011397],[12.51971421104926,57.057272014513664],[12.519624124982533,57.05793652375892],[12.518464466372743,57.05785754188723],[12.517718567579236,57.05798873140048],[12.516586264911838,57.05791061587896],[12.516249651786683,57.05879513890099],[12.515818102384396,57.058269223298375],[12.515635552150359,57.05759442737547],[12.518087334779679,57.05747994423799],[12.517448449419728,57.05709246505641],[12.518247172414016,57.0566685261995],[12.51826983566608,57.057069995545056],[12.518471584581066,57.05718060483643],[12.518828354001723,57.05702850851343],[12.51902439340475,57.05683024266125],[12.519015989245313,57.05643123086905]]]},"properties":{"OBJECTID":45417,"Uuid":"4CAD1D4E-BACE-4B9E-8779-EA9D008B7C12","Beteckn":"SK 1027-2004","LanKod":"13","Lan":"HALLANDS LÄN","KommunKod":"83","Kommun":"VARBERG","ArendeAr":2004,"Biotyp":"Alkärr","Naturtyp":null,"AreaTot":2.6,"AreaProd":2.6,"Standort":"saknas","Datbeslut":1103587200000,"Url":"http://www.skogsstyrelsen.se/skogens-parlor/Biotopskydd/?objektid=2987589"}},{"type":"Feature","id":47340,"geometry":{"type":"Polygon","coordinates":[[[13.109592087642595,56.39313640892903],[13.10963997055293,56.39314643075576],[13.109719310753002,56.39316771565928],[13.109783634736955,56.39317651433167],[13.110018855914653,56.3932340984574],[13.11012532419453,56.39329124740438],[13.110113371484909,56.39333824308945],[13.110118024845326,56.393378069234096],[13.110126728627945,56.3934031837023],[13.11012583662209,56.39342805306213],[13.109760368852921,56.39366919087651],[13.109383639681456,56.39400275037015],[13.109245742466381,56.393910533422236],[13.10919458365387,56.39388519383707],[13.109357608081986,56.39373199277386],[13.109460777254743,56.39361872144469],[13.109496487841309,56.39356477323973],[13.10952904653864,56.39350707462889],[13.10954269794691,56.393408496792716],[13.109592087642595,56.39313640892903]]]},"properties":{"OBJECTID":47340,"Uuid":"0D34B14D-E45A-4233-97C5-20913832F781","Beteckn":"SK 855-2001","LanKod":"13","Lan":"HALLANDS LÄN","KommunKod":"81","Kommun":"LAHOLM","ArendeAr":2001,"Biotyp":"Mindre vattendrag och småvatten med omgivande mark","Naturtyp":null,"AreaTot":0.3,"AreaProd":0.3,"Standort":"saknas","Datbeslut":1009756800000,"Url":"http://www.skogsstyrelsen.se/skogens-parlor/Biotopskydd/?objektid=2980673"}},{"type":"Feature","id":38879,"geometry":{"type":"Polygon","coordinates":[[[12.984862481728497,57.54098974431314],[12.98493897783195,57.541296897965026],[12.985089146474033,57.541731476697215],[12.98540541287724,57.54217874253823],[12.985574332662699,57.54258679042634],[12.985614663447452,57.54271345850001],[12.985821818329317,57.54305947230053],[12.986149893041105,57.54335427726078],[12.986501565263689,57.54355977785462],[12.986685070833364,57.54377948727565],[12.986818558959886,57.54399808423977],[12.986551030201168,57.54421669164096],[12.98645725094335,57.54434935166668],[12.986332855640917,57.54444539432904],[12.985670480350766,57.54393648803333],[12.985256936617796,57.543666715843564],[12.985196455563152,57.543584507587845],[12.985217273638748,57.54331546775929],[12.985134527520968,57.54308902630251],[12.984707786804647,57.54277403532366],[12.984532654874897,57.542662313233095],[12.98422061534867,57.54259244942343],[12.9839377797191,57.54257714135404],[12.983827924828141,57.54205363300893],[12.983649959984986,57.541546566386884],[12.983705523979827,57.54126032717475],[12.984220423949473,57.54108318910006],[12.984862481728497,57.54098974431314]]]},"properties":{"OBJECTID":38879,"Uuid":"95ADBDC3-6DA4-4ED2-A475-FFF0D5978B0C","Beteckn":"SK 550-2001","LanKod":"14","Lan":"VÄSTRA GÖTALANDS LÄN","KommunKod":"65","Kommun":"SVENLJUNGA","ArendeAr":2001,"Biotyp":"Äldre naturskogsartade skogar","Naturtyp":null,"AreaTot":2.5,"AreaProd":2.5,"Standort":"saknas","Datbeslut":1004054400000,"Url":"http://www.skogsstyrelsen.se/skogens-parlor/Biotopskydd/?objektid=2980063"}},{"type":"Feature","id":42440,"geometry":{"type":"Polygon","coordinates":[[[13.109052878569146,56.39480478963432],[13.109259979714704,56.394854218083154],[13.108867309853204,56.395366781956504],[13.108567276995302,56.39548603625274],[13.108098839397865,56.39546685715757],[13.107581222072879,56.39545558847015],[13.107326235242027,56.39539612552187],[13.107262804127613,56.395376780373454],[13.107198734032899,56.395366393729304],[13.106800717686077,56.39526788457241],[13.106430645380069,56.39477465677637],[13.106816292472336,56.394818988839745],[13.107220667914179,56.39482779532294],[13.107612039469272,56.39479139881143],[13.107690670624889,56.39505365879786],[13.107701772102137,56.39512578123095],[13.108097886834894,56.39525120827552],[13.108420765074808,56.39526721437972],[13.108487999788643,56.39523274431765],[13.108963115532704,56.39492862625959],[13.109052878569146,56.39480478963432]]]},"properties":{"OBJECTID":42440,"Uuid":"ABD795A8-256F-441C-98F5-171CA4C55EDE","Beteckn":"SK 854-2001","LanKod":"13","Lan":"HALLANDS LÄN","KommunKod":"81","Kommun":"LAHOLM","ArendeAr":2001,"Biotyp":"Mindre vattendrag och småvatten med omgivande mark","Naturtyp":null,"AreaTot":0.7,"AreaProd":0.7,"Standort":"saknas","Datbeslut":1009756800000,"Url":"http://www.skogsstyrelsen.se/skogens-parlor/Biotopskydd/?objektid=2980671"}},{"type":"Feature","id":41515,"geometry":{"type":"Polygon","coordinates":[[[12.619425848957583,57.20230832695884],[12.61984994045869,57.20238199748003],[12.620054633288522,57.20250400514511],[12.620191720560207,57.202642263112274],[12.620465105502623,57.20292774998275],[12.620528091637818,57.20296529403832],[12.620668251811725,57.203067691068156],[12.620890257713619,57.20318114692083],[12.621065791195138,57.2032574884282],[12.621275129566735,57.203325699619484],[12.621484485254292,57.20339391078041],[12.621777963674177,57.203446290909504],[12.6219581365808,57.20346882764449],[12.622187093152244,57.203501598196745],[12.622212418198716,57.20359209463703],[12.622044123719382,57.20362376457109],[12.621892359766651,57.20365585531592],[12.621759420174623,57.20366146020345],[12.621661076156565,57.20364998134541],[12.621465939504976,57.203609088994874],[12.621288852256164,57.203550682433445],[12.621111782108697,57.20349227593955],[12.620996908613131,57.20348036644961],[12.620864760953248,57.20347701697175],[12.62074833605598,57.203483041650294],[12.620596571601366,57.20351513082482],[12.620460562076955,57.203556603747096],[12.620422103010759,57.2036185277883],[12.620415154280513,57.20369921969671],[12.620501895023638,57.20384518563284],[12.620496481555504,57.20390794284234],[12.620354280570284,57.204021144522414],[12.620365671020632,57.20427301548645],[12.619529352567374,57.204179892309746],[12.617631379598425,57.20430239366537],[12.617581269024424,57.20392373503948],[12.618337813442277,57.20379021236231],[12.618315323852055,57.20347515373363],[12.618779918288476,57.20327131440978],[12.619001054734623,57.20281868582876],[12.619399565494165,57.20261315936201],[12.619425848957583,57.20230832695884]]]},"properties":{"OBJECTID":41515,"Uuid":"DE8878FB-1927-40FB-A146-7BF5D30E43FD","Beteckn":"SK 548-2006","LanKod":"13","Lan":"HALLANDS LÄN","KommunKod":"83","Kommun":"VARBERG","ArendeAr":2006,"Biotyp":"Äldre naturskogsartade skogar","Naturtyp":null,"AreaTot":2.6,"AreaProd":2.6,"Standort":"saknas","Datbeslut":1161216000000,"Url":"http://www.skogsstyrelsen.se/skogens-parlor/Biotopskydd/?objektid=2990971"}},{"type":"Feature","id":53274,"geometry":{"type":"Polygon","coordinates":[[[12.976660190975899,56.82290440592092],[12.977313907006979,56.82314384968731],[12.977398401995192,56.823109823397964],[12.977563326782226,56.82309559373917],[12.97767715646725,56.82310716132257],[12.978635592660964,56.82343436869506],[12.978752378457052,56.82384131258118],[12.977642226749444,56.82400481657977],[12.977156358422516,56.82414654048246],[12.977102540785703,56.824208210581105],[12.97695193838908,56.824249719684246],[12.976705896109753,56.82425311727013],[12.976374114522137,56.82452411065968],[12.976185378427681,56.82463662780055],[12.975980969433827,56.8247398056327],[12.975509977862213,56.82468419855082],[12.975554204141055,56.82453245969567],[12.975545289494255,56.82443343323534],[12.975001558427296,56.82338787043375],[12.975760087741824,56.823324227262255],[12.975856885659073,56.823344389404504],[12.975972740633575,56.82332905138932],[12.976175797208409,56.823243814684055],[12.976515124741404,56.82308978905768],[12.976660190975899,56.82290440592092]]]},"properties":{"OBJECTID":53274,"Uuid":"171264ED-4333-4AB7-93F2-23C874970947","Beteckn":"SK 771-2001","LanKod":"13","Lan":"HALLANDS LÄN","KommunKod":"80","Kommun":"HALMSTAD","ArendeAr":2001,"Biotyp":"Örtrika sumpskogar","Naturtyp":null,"AreaTot":2.5,"AreaProd":2.5,"Standort":"saknas","Datbeslut":1007942400000,"Url":"http://www.skogsstyrelsen.se/skogens-parlor/Biotopskydd/?objektid=2980505"}},{"type":"Feature","id":44624,"geometry":{"type":"Polygon","coordinates":[[[12.667511965185966,57.39940367254261],[12.667759554959622,57.399499556810476],[12.668516205093765,57.39990158622183],[12.668862862535143,57.400102012878754],[12.669245963334742,57.40039441116778],[12.669489220423818,57.40055868523507],[12.669712811265406,57.4006997703468],[12.669748651305408,57.40113409927871],[12.670046704540807,57.401767288564685],[12.670209849138507,57.40186160519153],[12.670324246689379,57.40205772999065],[12.670505615511702,57.40219803237388],[12.67051153456765,57.40243779911824],[12.670845333547792,57.40317435763401],[12.67091605556023,57.40339249841979],[12.670619942359787,57.40406034376439],[12.670382575542247,57.404135838438165],[12.670199876154587,57.40434929108324],[12.67001874680522,57.404870903219766],[12.66992196461302,57.405063120668146],[12.669592149707118,57.405262438030284],[12.669439248648326,57.405339494106464],[12.669200539418906,57.40576874153668],[12.669225498254022,57.40579202799164],[12.669191103357491,57.40583419180982],[12.669163066798383,57.405859345947285],[12.669135046259598,57.40588450936143],[12.669106828273872,57.40591251768423],[12.669078626874013,57.40594052630809],[12.669050228017694,57.40597137984035],[12.669016557034404,57.40600214476428],[12.668988174706568,57.406032998589325],[12.668959956492435,57.4060610068769],[12.66892610455571,57.40609461699776],[12.668897721508461,57.40612547977637],[12.668858581294383,57.40615899198781],[12.668819457637776,57.406192504494214],[12.66877977429009,57.406234561322265],[12.668745378456368,57.406276725008965],[12.668706616764648,57.406304538058194],[12.668678217307923,57.406335391500406],[12.668638549699796,57.40637745756403],[12.668568635526684,57.406396130157624],[12.668527120952998,57.40638394931203],[12.668427319275887,57.406290803534944],[12.668367583409855,57.40623263626458],[12.66799757854792,57.40606601341616],[12.66714111045209,57.405901790806595],[12.666997625484342,57.40583065909929],[12.66700332782024,57.405408511246826],[12.666870719035698,57.40516639699804],[12.667217317432035,57.40503587106594],[12.667683378513923,57.40502167940509],[12.667793319895113,57.4049552420687],[12.66786247283669,57.40486522474446],[12.667866095897004,57.404808230568186],[12.667791041783204,57.404658481242144],[12.667800461925399,57.40451029638504],[12.667973032112885,57.40445643105603],[12.66809467073357,57.40453856940779],[12.668190844382616,57.404688709621155],[12.66822366297136,57.40483767662522],[12.668220040462137,57.4048946708157],[12.668343854470129,57.404942612422055],[12.668617672876977,57.40495909437747],[12.668777817321063,57.40476805086898],[12.668746445197469,57.40459628630561],[12.668863626310392,57.40441585957291],[12.669144683082505,57.404318351907015],[12.66909436397527,57.404111999972955],[12.66916278791407,57.404033380734234],[12.669148187468029,57.40393040021712],[12.669836028636311,57.40308721139681],[12.669851231490483,57.40284783544807],[12.669946560097326,57.40267841566232],[12.669442519402606,57.40229248359728],[12.669495614243417,57.40212228246436],[12.669285773437867,57.40176461874683],[12.669057832961727,57.40169192596665],[12.668973365713375,57.4016903623458],[12.668502890028899,57.40144199465442],[12.668550917784648,57.401351585850975],[12.668849447211588,57.40131146384872],[12.669009574043516,57.401120419813644],[12.668892289605488,57.40096988927139],[12.668482275103488,57.40076828970167],[12.668444388468748,57.400699114628836],[12.668308888938302,57.40050259717439],[12.668000116166608,57.40037134421037],[12.667763387666115,57.40010447773555],[12.667556576339852,57.40003217342744],[12.667181564209018,57.39994534041753],[12.66740493861648,57.399424514444306],[12.667511965185966,57.39940367254261]]]},"properties":{"OBJECTID":44624,"Uuid":"2EEA3B3B-248C-46B0-8522-A135544A6481","Beteckn":"SK 247-2018","LanKod":"14","Lan":"VÄSTRA GÖTALANDS LÄN","KommunKod":"63","Kommun":"MARK","ArendeAr":2018,"Biotyp":"Ras- eller bergbranter","Naturtyp":"Ädellövskog ek","AreaTot":6,"AreaProd":6,"Standort":"saknas","Datbeslut":1545177600000,"Url":"http://www.skogsstyrelsen.se/skogens-parlor/Biotopskydd/?objektid=3442155"}},{"type":"Feature","id":48505,"geometry":{"type":"Polygon","coordinates":[[[13.139891748798322,56.67885569885474],[13.14010848436752,56.67902205596649],[13.140654971235113,56.67914156946907],[13.140456875983228,56.67917326977483],[13.13861364054756,56.67961892466131],[13.138017002576946,56.679516291514545],[13.137876246264648,56.67919882894283],[13.138175938020735,56.67911541072724],[13.1386229354436,56.679026169455106],[13.13961216669635,56.678885650387784],[13.139726874780484,56.67887912406976],[13.139891748798322,56.67885569885474]]]},"properties":{"OBJECTID":48505,"Uuid":"FB883B52-E55F-41A0-973D-E31795D4566C","Beteckn":"SK 195-1995","LanKod":"13","Lan":"HALLANDS LÄN","KommunKod":"80","Kommun":"HALMSTAD","ArendeAr":1995,"Biotyp":"Äldre betespräglad skog","Naturtyp":null,"AreaTot":0.8,"AreaProd":0.8,"Standort":"saknas","Datbeslut":804384000000,"Url":"http://www.skogsstyrelsen.se/skogens-parlor/Biotopskydd/?objektid=2975085"}},{"type":"Feature","id":52072,"geometry":{"type":"Polygon","coordinates":[[[13.35163290246104,56.56202460724888],[13.35201815892427,56.562120828848926],[13.352339866139912,56.56218904356165],[13.352659607383105,56.56229315573008],[13.353134556850048,56.56253460118492],[13.353500114935862,56.562693375337666],[13.35388145135583,56.56286137883765],[13.354037150963245,56.56298972373033],[13.354177076174766,56.56310883806203],[13.35440915134148,56.563328264994595],[13.354792515881241,56.563756820203324],[13.355068936498414,56.56405782864353],[13.355299056612424,56.56431317921006],[13.355519801927889,56.5644425983126],[13.355754830985328,56.56460818415665],[13.352887276678008,56.56532993714142],[13.351856883673042,56.56492872424867],[13.352005623739728,56.564360111843236],[13.351510856064092,56.564330728710296],[13.35132113399337,56.56465344585597],[13.350473708302625,56.56465361632729],[13.35005530830573,56.564294301704166],[13.349331685651496,56.56406216771103],[13.349329657429319,56.563634202341525],[13.349935988490394,56.5632371366666],[13.350326866638612,56.563516204803726],[13.350886817112894,56.56347228145834],[13.351268799517289,56.563243408433856],[13.351042668096749,56.56297794032737],[13.350424976787025,56.562924098786176],[13.350611471304628,56.562675516101244],[13.350196468779561,56.56247601046251],[13.35083367592017,56.56203853778648],[13.3513545499533,56.56205591490078],[13.35163290246104,56.56202460724888]]]},"properties":{"OBJECTID":52072,"Uuid":"885D3FCA-6572-44F9-8F8C-1C4675216258","Beteckn":"SK 41-2016","LanKod":"13","Lan":"HALLANDS LÄN","KommunKod":"81","Kommun":"LAHOLM","ArendeAr":2016,"Biotyp":"Äldre naturskogsartade skogar","Naturtyp":"Ädellövskog bok","AreaTot":8,"AreaProd":8,"Standort":"saknas","Datbeslut":1461283200000,"Url":"http://www.skogsstyrelsen.se/skogens-parlor/Biotopskydd/?objektid=3256941"}},{"type":"Feature","id":46539,"geometry":{"type":"MultiPolygon","coordinates":[[[[13.060189967573562,56.69976760028971],[13.060341802064299,56.699789931588036],[13.060491684898786,56.699900681175464],[13.061034273340887,56.70044265226206],[13.06109819838829,56.700606661703006],[13.061216891809172,56.7006684276176],[13.061817794277546,56.70135695612158],[13.061749242259046,56.701712362526806],[13.06113343099642,56.70185700482201],[13.0609799142315,56.7019173821433],[13.060627527116784,56.70191189620867],[13.05999623932049,56.70198479965013],[13.0589028459424,56.702067626957366],[13.058775650385257,56.70154923921662],[13.059013555425144,56.70115922641325],[13.059077974370249,56.700817316690525],[13.059571678469377,56.70054541026628],[13.059908079125146,56.700105575374025],[13.059970314616079,56.69990397405438],[13.060050370329522,56.69980964615775],[13.060189967573562,56.69976760028971]]],[[[13.059363693818561,56.69790704354905],[13.05936406132223,56.69790720203643],[13.059478313339692,56.69795286057565],[13.059603785549884,56.69802202138064],[13.059748895618348,56.69809172159602],[13.059877824787034,56.69820417645079],[13.059939131824462,56.69825765436001],[13.059992177620297,56.69829107268636],[13.060059976681003,56.69830155494012],[13.060149334112298,56.698330479636475],[13.060218907235734,56.69836076754897],[13.060349669819542,56.69844810770366],[13.060424019213366,56.698503666529966],[13.06054251758255,56.698579870587096],[13.06059025903166,56.69864021787377],[13.060610111393748,56.69868198823549],[13.06067528138134,56.69872835510764],[13.060764634747244,56.69875548209085],[13.060837977898148,56.698780454731555],[13.060968120183686,56.69883005247576],[13.061210145715387,56.69886952117443],[13.061338136427672,56.698861556882264],[13.061423272147197,56.69885795762618],[13.061448346295272,56.6988280561798],[13.06145161719971,56.69878318624486],[13.061545528648045,56.698749314980425],[13.061694220700586,56.69872564153191],[13.061783989218627,56.698702452834205],[13.061850015180744,56.69869311941642],[13.061926197348543,56.698723563109546],[13.062000278706977,56.69878089601755],[13.06236142183043,56.69910263174337],[13.062135387824258,56.69941612215634],[13.062346830770569,56.699741809933116],[13.062559550475138,56.699941974292614],[13.062721047438922,56.70043236093978],[13.062554160467942,56.70065230257958],[13.062556233633847,56.70114717369724],[13.062315962539522,56.70125058487745],[13.062092200968461,56.70116437011383],[13.061670583193617,56.70068991091965],[13.061737457598909,56.700599654171484],[13.061654486276266,56.70049850204457],[13.061539749730455,56.70051098623746],[13.06128002243697,56.700418495161074],[13.061088776348408,56.70034079109564],[13.060713060138825,56.69998258445681],[13.0603322503233,56.699622877501255],[13.059947291952355,56.69974670251016],[13.059783465732554,56.70005798567587],[13.059585085916263,56.70038584863018],[13.059373516509593,56.700566567253674],[13.058992734725596,56.70076034733862],[13.058889128902168,56.70045099935231],[13.058664854144595,56.70024367538717],[13.058588690370364,56.70001558358909],[13.059292452490341,56.69810083927018],[13.059363637463704,56.697907186446564],[13.059363693818561,56.69790704354905]]]]},"properties":{"OBJECTID":46539,"Uuid":"0AEB761F-137C-4F9F-8E57-E2D43CB8A279","Beteckn":"SK 288-2018","LanKod":"13","Lan":"HALLANDS LÄN","KommunKod":"80","Kommun":"HALMSTAD","ArendeAr":2018,"Biotyp":"Äldre naturskogsartade skogar","Naturtyp":"Ädellövskog ek","AreaTot":7.5,"AreaProd":7.5,"Standort":"saknas","Datbeslut":1544745600000,"Url":"http://www.skogsstyrelsen.se/skogens-parlor/Biotopskydd/?objektid=3449340"}},{"type":"Feature","id":41252,"geometry":{"type":"Polygon","coordinates":[[[12.319866722712796,57.46099095797757],[12.31998953273538,57.46110219525897],[12.320166890775967,57.46134074243464],[12.321017576943852,57.46168778826388],[12.321874697053124,57.46179237984514],[12.322284070410374,57.461695868585664],[12.322519905286844,57.46149570715313],[12.32301842426365,57.46133876300648],[12.323100713929417,57.46135001921142],[12.323078971162722,57.461403335305434],[12.322857653150644,57.461451135698724],[12.322535228651423,57.46203530413168],[12.322545441170602,57.46227821390034],[12.32261920780709,57.46237910496587],[12.32257655908575,57.462476767824846],[12.323735611995565,57.46291319634768],[12.323420030778385,57.463075215290736],[12.323159042090298,57.463014078676615],[12.32238251200059,57.46258822630569],[12.321967166747113,57.46239701042741],[12.321637968514548,57.46235196361091],[12.321445220886629,57.46227474008945],[12.3206657261956,57.462055468866325],[12.320215430954882,57.46188126217863],[12.319887532493723,57.46164753001645],[12.319650020462962,57.461515151224994],[12.319536631311038,57.4613053292539],[12.319674405316661,57.461084484149225],[12.319866722712796,57.46099095797757]]]},"properties":{"OBJECTID":41252,"Uuid":"35D61D59-4FA7-47E1-87C8-12D2CF53EEF9","Beteckn":"SK 113-2011","LanKod":"13","Lan":"HALLANDS LÄN","KommunKod":"84","Kommun":"KUNGSBACKA","ArendeAr":2011,"Biotyp":"Ravinskogar","Naturtyp":null,"AreaTot":1.4,"AreaProd":1.4,"Standort":"saknas","Datbeslut":1303084800000,"Url":"http://www.skogsstyrelsen.se/skogens-parlor/Biotopskydd/?objektid=2996129"}},{"type":"Feature","id":52490,"geometry":{"type":"Polygon","coordinates":[[[12.838279139212695,56.89550348125919],[12.838543070086109,56.895705700007724],[12.838678437773453,56.89580350268479],[12.838780366715353,56.89589518221461],[12.838929291808965,56.89604740603244],[12.839049834564443,56.89616907981005],[12.83927418114318,56.89625534599382],[12.83956210106373,56.89641398087579],[12.839844534657077,56.89656927617594],[12.840032985946173,56.89667722403699],[12.84017148147328,56.89675453660869],[12.840363677571723,56.89683832186694],[12.840669018324443,56.89695304309633],[12.841005713365636,56.897039792189986],[12.841269545698468,56.89722565726214],[12.841537658814692,56.89744267900196],[12.841540089155298,56.89758384938633],[12.84139871464512,56.897667611364426],[12.841250703828937,56.89774940735347],[12.841067976543075,56.89784943831854],[12.840918900188228,56.897935160458175],[12.84145215520216,56.898084452375876],[12.840968740496322,56.89821711042111],[12.840329191095897,56.89824416649604],[12.840013135888059,56.898257402662736],[12.83997344559503,56.89829949078097],[12.839910811375772,56.898416145143656],[12.839801360189492,56.89841333602624],[12.839801379576699,56.89845537385558],[12.839785143809836,56.898603734025926],[12.839478513162481,56.89861807538811],[12.83907552561853,56.89861242644287],[12.838820394147216,56.89855027669529],[12.83864105710046,56.89846353947332],[12.838450302984768,56.89838342497993],[12.838240520870336,56.898312057003814],[12.838043556521614,56.898272371225886],[12.837839703715181,56.89828141498156],[12.837905068937912,56.89811250009671],[12.837856541547461,56.89804463205184],[12.837685828596378,56.89790593159481],[12.837441287999235,56.89781238469808],[12.837125492253769,56.89759905749227],[12.837071301549473,56.897388039454036],[12.837229472767596,56.897257026996506],[12.837380521437138,56.897215690325545],[12.837280058067257,56.89703360672674],[12.836653764701808,56.89685698494773],[12.836654459114659,56.896641363628014],[12.836660866718812,56.89656065252144],[12.83660957009378,56.896379734251774],[12.836334545567098,56.896328269792704],[12.836410774144971,56.89619530892433],[12.836754186374348,56.89621246190501],[12.837203758611086,56.89613330442486],[12.837408954709025,56.89603037009422],[12.837802930435954,56.895824090505585],[12.838279139212695,56.89550348125919]]]},"properties":{"OBJECTID":52490,"Uuid":"7CAEAC01-51F4-4DC9-819B-114A4A2A61AC","Beteckn":"SK 526-2006","LanKod":"13","Lan":"HALLANDS LÄN","KommunKod":"82","Kommun":"FALKENBERG","ArendeAr":2006,"Biotyp":"Äldre naturskogsartade skogar","Naturtyp":null,"AreaTot":5.8,"AreaProd":5.8,"Standort":"saknas","Datbeslut":1160352000000,"Url":"http://www.skogsstyrelsen.se/skogens-parlor/Biotopskydd/?objektid=2990927"}},{"type":"Feature","id":41129,"geometry":{"type":"Polygon","coordinates":[[[12.924604117617267,57.21589627644002],[12.924617146349021,57.21594150073329],[12.924625994711313,57.21604052467941],[12.924662991284361,57.216203092885266],[12.924832232652408,57.21636869144593],[12.924688800738378,57.21650914712979],[12.924619174617218,57.216552475081905],[12.92447181012555,57.216531124492924],[12.92399916037083,57.216646045123404],[12.92383640584205,57.21682199704815],[12.923673633706281,57.21699793949579],[12.92363146713447,57.21711376765303],[12.923395153899074,57.21717123133458],[12.922904135657975,57.21709705636138],[12.922423350475444,57.2171039822228],[12.922189127788423,57.21713453936039],[12.921980535554669,57.21704888692257],[12.921755419835442,57.21696285280936],[12.921701207607985,57.21680887648363],[12.921715905643115,57.216620547558996],[12.921611401899423,57.21647439188942],[12.921595144595527,57.21625839601393],[12.921868720953317,57.216147890370365],[12.922203521229596,57.216101683031546],[12.922502461338008,57.216090581332],[12.92268288760963,57.216112696913676],[12.923091238627753,57.21618496636276],[12.923275179227268,57.2161622380912],[12.923646523160395,57.216071936887346],[12.923918001130788,57.21598833102035],[12.924285159889246,57.2159518454852],[12.924604117617267,57.21589627644002]]]},"properties":{"OBJECTID":41129,"Uuid":"CD892CF7-DADA-48FA-9292-0A04EB6A2745","Beteckn":"SK 844-2005","LanKod":"14","Lan":"VÄSTRA GÖTALANDS LÄN","KommunKod":"65","Kommun":"SVENLJUNGA","ArendeAr":2005,"Biotyp":"Äldre naturskogsartade skogar","Naturtyp":null,"AreaTot":1.8,"AreaProd":1.8,"Standort":"saknas","Datbeslut":1132185600000,"Url":"http://www.skogsstyrelsen.se/skogens-parlor/Biotopskydd/?objektid=2989345"}},{"type":"Feature","id":47366,"geometry":{"type":"Polygon","coordinates":[[[12.824888954272643,56.907475323138655],[12.824953095037303,56.90749482555414],[12.825875225568227,56.90787622784348],[12.825754641187697,56.908358541402265],[12.825515034161072,56.90889191013884],[12.825479326923844,56.90913365637946],[12.82482648925475,56.90908213364569],[12.824378940645872,56.90892768631131],[12.82428566648828,56.908655917967955],[12.824316364977461,56.90847695246691],[12.824588057443467,56.907953328424405],[12.824888954272643,56.907475323138655]]]},"properties":{"OBJECTID":47366,"Uuid":"556203FB-F952-4DF8-B013-8BE5ADB62C98","Beteckn":"SK 354-2006","LanKod":"13","Lan":"HALLANDS LÄN","KommunKod":"82","Kommun":"FALKENBERG","ArendeAr":2006,"Biotyp":"Äldre naturskogsartade skogar","Naturtyp":null,"AreaTot":1.2,"AreaProd":1.2,"Standort":"saknas","Datbeslut":1150761600000,"Url":"http://www.skogsstyrelsen.se/skogens-parlor/Biotopskydd/?objektid=2990583"}},{"type":"Feature","id":42503,"geometry":{"type":"Polygon","coordinates":[[[12.670514600089202,57.09766951152716],[12.671799513458101,57.09770167683335],[12.671859736692323,57.098161433940504],[12.671043614611095,57.09883286447474],[12.670469489239917,57.09859386665572],[12.670176600945785,57.09795756793183],[12.670514600089202,57.09766951152716]]]},"properties":{"OBJECTID":42503,"Uuid":"E81764DF-558B-4049-92C8-7249E967419B","Beteckn":"SK 1029-2004","LanKod":"13","Lan":"HALLANDS LÄN","KommunKod":"82","Kommun":"FALKENBERG","ArendeAr":2004,"Biotyp":"Äldre naturskogsartade skogar","Naturtyp":null,"AreaTot":0.9,"AreaProd":0.9,"Standort":"saknas","Datbeslut":1103673600000,"Url":"http://www.skogsstyrelsen.se/skogens-parlor/Biotopskydd/?objektid=2987593"}},{"type":"Feature","id":53260,"geometry":{"type":"Polygon","coordinates":[[[12.755859896973513,57.01617004514232],[12.756313309255571,57.01621890926992],[12.756571822857532,57.01627813508325],[12.757233352984457,57.016324507773625],[12.757502623666443,57.01642180151972],[12.757373882130233,57.01697818882163],[12.756672230718022,57.01737421070663],[12.756356657267014,57.01726196775394],[12.755470717860845,57.01722294287222],[12.754807831787243,57.01764530555566],[12.754192629809415,57.01824650261974],[12.754400799069435,57.0187506203662],[12.754248051177411,57.01926104966845],[12.753364700040601,57.019383162701],[12.752992839247325,57.0196916537759],[12.752764459907844,57.019602902755636],[12.752363219422234,57.01908651752517],[12.75222259574309,57.01877307590911],[12.752960740995206,57.01822400528178],[12.753422143484059,57.017402396860945],[12.75362554673634,57.017064659251254],[12.7536754830337,57.01665057832539],[12.753648189878325,57.01643366298581],[12.753180734206666,57.01621810223686],[12.753270542243158,57.016137121612886],[12.753391292315044,57.016155734127395],[12.753493912161169,57.016137905241095],[12.753740884121255,57.01614860159142],[12.754053085899255,57.016200924267416],[12.754184178056494,57.01615185725627],[12.75442389540326,57.01627112004788],[12.754860776101607,57.016183487884156],[12.755264427248763,57.01616308660051],[12.755859896973513,57.01617004514232]]]},"properties":{"OBJECTID":53260,"Uuid":"BD9B21D3-383E-43CE-A0AD-2BD465238DA6","Beteckn":"SK 83-2012","LanKod":"13","Lan":"HALLANDS LÄN","KommunKod":"82","Kommun":"FALKENBERG","ArendeAr":2012,"Biotyp":"Äldre naturskogsartade skogar","Naturtyp":"Ädellövskog ek","AreaTot":5.1,"AreaProd":5.1,"Standort":"saknas","Datbeslut":1355788800000,"Url":"http://www.skogsstyrelsen.se/skogens-parlor/Biotopskydd/?objektid=2817403"}},{"type":"Feature","id":37963,"geometry":{"type":"Polygon","coordinates":[[[12.66064144851817,57.02940647252974],[12.660536729902114,57.02998388393321],[12.66024552383569,57.03092133141103],[12.659624248145244,57.03172279764254],[12.65984405847833,57.031858801920855],[12.659313317488785,57.03273243133695],[12.659873616093812,57.032872528062036],[12.660022051427212,57.03369425111554],[12.657992762787591,57.03339324017498],[12.65748566064715,57.03276123885367],[12.657317183220396,57.03236619358465],[12.657149968210565,57.0322187138986],[12.656866806753403,57.031996398827324],[12.65666750578792,57.031460487216286],[12.656568138680193,57.03120821801321],[12.656679207877009,57.03090294078468],[12.65697965640954,57.03067877989921],[12.657416251443157,57.03043753078088],[12.657790462742623,57.03027169591055],[12.65800529942775,57.03020364386525],[12.658828589645484,57.02991266787669],[12.659463175261264,57.029586732501976],[12.660106326499871,57.02949923117213],[12.660452436124705,57.029467337205254],[12.66064144851817,57.02940647252974]]]},"properties":{"OBJECTID":37963,"Uuid":"96B65EBD-6545-446D-8781-AFDDE20BB756","Beteckn":"SK 191-2017","LanKod":"13","Lan":"HALLANDS LÄN","KommunKod":"82","Kommun":"FALKENBERG","ArendeAr":2017,"Biotyp":"Strand- eller svämskogar","Naturtyp":"Triviallövskog övrigt","AreaTot":6.9,"AreaProd":6.9,"Standort":"saknas","Datbeslut":1694131200000,"Url":"http://www.skogsstyrelsen.se/skogens-parlor/Biotopskydd/?objektid=3354596"}},{"type":"Feature","id":49081,"geometry":{"type":"Polygon","coordinates":[[[12.753962557669707,57.02304899504929],[12.754994643788072,57.023284349470956],[12.755627662975979,57.02371796619194],[12.756021679949798,57.024124469925944],[12.75703953469022,57.024770403558676],[12.757219922050872,57.0250760683038],[12.757938827897435,57.025648162006455],[12.757914216023167,57.025752572770884],[12.757455729811474,57.025851358863164],[12.757140212266652,57.025921307135604],[12.756024788118976,57.026155959430525],[12.75544750304178,57.02618555303411],[12.754840578933749,57.026186080989575],[12.753953100343328,57.025633769543795],[12.754075640056847,57.02551043019713],[12.753569065479269,57.02506195638015],[12.752817850714896,57.02450637550931],[12.752265023905855,57.02413124732526],[12.752062401743629,57.023848000734816],[12.751978192034445,57.02350981770355],[12.752502363332303,57.02331951091732],[12.752891348112689,57.02311536250564],[12.753962557669707,57.02304899504929]]]},"properties":{"OBJECTID":49081,"Uuid":"910F131D-6B93-4320-A68A-ED680EF68132","Beteckn":"SK 333-2014","LanKod":"13","Lan":"HALLANDS LÄN","KommunKod":"82","Kommun":"FALKENBERG","ArendeAr":2014,"Biotyp":"Äldre betespräglad skog","Naturtyp":"Ädellövskog ek","AreaTot":7,"AreaProd":7,"Standort":"saknas","Datbeslut":1423526400000,"Url":"http://www.skogsstyrelsen.se/skogens-parlor/Biotopskydd/?objektid=3116098"}},{"type":"Feature","id":45786,"geometry":{"type":"Polygon","coordinates":[[[12.549950817898704,57.1234547981207],[12.551197154110888,57.12374777269806],[12.552388609972416,57.123913499141096],[12.552398057004833,57.12380591538205],[12.554002388627506,57.12397336970343],[12.553991366746203,57.1240988871549],[12.553733030662096,57.12459537420878],[12.553687488883448,57.12473795767667],[12.553023380009572,57.124963331383356],[12.552888360751975,57.124995770688244],[12.552881328530399,57.12488775738314],[12.552364079621753,57.12475751603624],[12.552017938797887,57.124748519279066],[12.55139864884181,57.124651562846935],[12.551145192702212,57.12433947403628],[12.550382247614026,57.124373562632336],[12.549950817898704,57.1234547981207]]]},"properties":{"OBJECTID":45786,"Uuid":"2D2B46CB-08B7-47F7-BDDF-491678BF384C","Beteckn":"SK 513-2006","LanKod":"13","Lan":"HALLANDS LÄN","KommunKod":"83","Kommun":"VARBERG","ArendeAr":2006,"Biotyp":"Äldre naturskogsartade skogar","Naturtyp":null,"AreaTot":2.2,"AreaProd":2.2,"Standort":"saknas","Datbeslut":1159920000000,"Url":"http://www.skogsstyrelsen.se/skogens-parlor/Biotopskydd/?objektid=2990901"}},{"type":"Feature","id":40184,"geometry":{"type":"Polygon","coordinates":[[[12.981515673219109,57.53804007443193],[12.981643531584501,57.53811480833295],[12.98174081827264,57.538152924270044],[12.981903410925684,57.53821046777641],[12.982098665938846,57.53827771599996],[12.982175105808087,57.53836926498993],[12.982409968091156,57.53835655877497],[12.98262814361602,57.53834346861427],[12.982818529192874,57.53825790062833],[12.983000594816513,57.538495545195325],[12.983248682240237,57.53874366073904],[12.983295961392738,57.53899625870289],[12.983482244152961,57.539395710103925],[12.98364416897556,57.53967782240781],[12.983863780445992,57.539862415496046],[12.983100815270895,57.54000705186218],[12.982674867540382,57.54011431045163],[12.982495565076436,57.53984077839059],[12.982246778946974,57.53960163532932],[12.982207159645016,57.53946599228172],[12.982106393628031,57.53925711372659],[12.981795075759127,57.53896266419456],[12.98155116530647,57.53887635284868],[12.981312827754447,57.538718294470755],[12.981337142618752,57.538620018231455],[12.98173320881277,57.538682787234904],[12.981927769387248,57.53875900966731],[12.981843677326106,57.53855050526017],[12.981526116248737,57.538336775887515],[12.981224550070245,57.538132376428315],[12.981294034009007,57.53809799670047],[12.981515673219109,57.53804007443193]]]},"properties":{"OBJECTID":40184,"Uuid":"2B8482F3-7601-4C16-9827-661B921B9579","Beteckn":"SK 408-2000","LanKod":"14","Lan":"VÄSTRA GÖTALANDS LÄN","KommunKod":"65","Kommun":"SVENLJUNGA","ArendeAr":2000,"Biotyp":"Äldre naturskogsartade skogar","Naturtyp":null,"AreaTot":1.6,"AreaProd":1.6,"Standort":"saknas","Datbeslut":975542400000,"Url":"http://www.skogsstyrelsen.se/skogens-parlor/Biotopskydd/?objektid=2978837"}},{"type":"Feature","id":43493,"geometry":{"type":"Polygon","coordinates":[[[12.392833859048674,57.48134763633348],[12.393152366590833,57.48168873562882],[12.392620720647841,57.48309410211725],[12.39237088710546,57.48344677704042],[12.391708246761558,57.48393203012545],[12.39143108997792,57.48404133477399],[12.390792928110216,57.483907221488245],[12.39025066378576,57.48346120169851],[12.389028733843759,57.482790069575906],[12.388821602173518,57.4826856044818],[12.389601470524513,57.482374278497225],[12.391097860121862,57.48189365783063],[12.392110662625068,57.48158862878558],[12.392833859048674,57.48134763633348]]]},"properties":{"OBJECTID":43493,"Uuid":"DEA7F8B7-9EE1-49A7-AAC4-E07787A788D2","Beteckn":"SK 445-2007","LanKod":"14","Lan":"VÄSTRA GÖTALANDS LÄN","KommunKod":"63","Kommun":"MARK","ArendeAr":2007,"Biotyp":"Äldre naturskogsartade skogar","Naturtyp":null,"AreaTot":4.1,"AreaProd":4.1,"Standort":"saknas","Datbeslut":1194480000000,"Url":"http://www.skogsstyrelsen.se/skogens-parlor/Biotopskydd/?objektid=2992421"}},{"type":"Feature","id":51983,"geometry":{"type":"Polygon","coordinates":[[[12.824819684814136,56.99149096899469],[12.826306031881963,56.9918408689361],[12.826939464331883,56.99235911260285],[12.83022704994094,56.99427028603271],[12.828401664131002,56.995071404900926],[12.827461728927132,56.99447399073228],[12.82695460932698,56.994228309710216],[12.826756072630447,56.99403489462569],[12.8265282751916,56.9937958605424],[12.826411896260334,56.99360441124415],[12.826344807457119,56.99341413269017],[12.82596993913891,56.99295595863926],[12.825516445616877,56.992657636954455],[12.825260883998114,56.99214839912528],[12.825178101287307,56.99194875305597],[12.82510671342015,56.991812279806076],[12.82501747755386,56.99169335166896],[12.824894658311438,56.99158261005934],[12.824819684814136,56.99149096899469]]]},"properties":{"OBJECTID":51983,"Uuid":"7FF450D6-7A0D-4672-B68F-64B230D4499A","Beteckn":"SK 288-2003","LanKod":"13","Lan":"HALLANDS LÄN","KommunKod":"82","Kommun":"FALKENBERG","ArendeAr":2003,"Biotyp":"Äldre naturskogsartade skogar","Naturtyp":null,"AreaTot":4.6,"AreaProd":4.6,"Standort":"saknas","Datbeslut":1047945600000,"Url":"http://www.skogsstyrelsen.se/skogens-parlor/Biotopskydd/?objektid=2983709"}},{"type":"Feature","id":53194,"geometry":{"type":"Polygon","coordinates":[[[13.390540435731737,56.67005647487675],[13.391095514342226,56.670561338867685],[13.391976189182357,56.67133303858424],[13.392071545600244,56.67188288038488],[13.392044555026558,56.67230457441211],[13.392184571460954,56.6726666325369],[13.391758756416369,56.67294584401324],[13.39093698739165,56.67303770611945],[13.38994149295698,56.672784812524014],[13.388781877205687,56.67254669784458],[13.388282413160853,56.672447163740884],[13.387650648043747,56.6721204626525],[13.386710030397401,56.6712667185362],[13.386594043117425,56.67103988051317],[13.387196067305513,56.67055749138189],[13.387765670134701,56.6703260005525],[13.389084324952831,56.670118046502864],[13.390540435731737,56.67005647487675]]]},"properties":{"OBJECTID":53194,"Uuid":"4DA48BD3-EBC3-4981-892C-C6F2AD4D7D52","Beteckn":"SK 441-2009","LanKod":"07","Lan":"KRONOBERGS LÄN","KommunKod":"81","Kommun":"LJUNGBY","ArendeAr":2009,"Biotyp":"Äldre naturskogsartade skogar","Naturtyp":null,"AreaTot":7.8,"AreaProd":7.8,"Standort":"saknas","Datbeslut":1260403200000,"Url":"http://www.skogsstyrelsen.se/skogens-parlor/Biotopskydd/?objektid=2995127"}},{"type":"Feature","id":52507,"geometry":{"type":"MultiPolygon","coordinates":[[[[12.488177797268094,57.07570630505709],[12.488571131948992,57.07592152030424],[12.488555685428748,57.075995253743756],[12.488547193027348,57.07602811934639],[12.488551916528023,57.07605100485964],[12.4885559648599,57.07608412191231],[12.48857693790522,57.07611415430144],[12.48859009350502,57.07613606754226],[12.488601958757851,57.07617731271315],[12.488605128184084,57.07619218668799],[12.48860660586396,57.07620132904216],[12.488588357789098,57.07622374497933],[12.488559045949563,57.07625506079315],[12.488533843378935,57.07628759134523],[12.488513502332296,57.07630996530659],[12.488424843121294,57.0763218566676],[12.488378728541853,57.07632320567564],[12.488286438185352,57.07632705273829],[12.488215411936059,57.07632562844877],[12.488112673615449,57.07632926586713],[12.488054188199623,57.076328092980724],[12.487964051280953,57.07633084165473],[12.4879180131445,57.076331059675674],[12.487864081790063,57.07632428033311],[12.487828799298818,57.07632015767268],[12.487799796073167,57.07631615195628],[12.487745079174593,57.07628999899823],[12.487688671351046,57.07625810541032],[12.48764084929427,57.0762229689819],[12.487596950636538,57.076129819828054],[12.48763103194449,57.07605873395293],[12.48768060871822,57.076006184331774],[12.4878205355037,57.075947475444224],[12.488007730112027,57.07587034757937],[12.488029362675693,57.07579787959287],[12.488070906959221,57.07577137456891],[12.488149947296032,57.07571600062272],[12.488177797268094,57.07570630505709]]],[[[12.479322287803681,57.0745697503389],[12.479387411711107,57.07457615652988],[12.479498587512484,57.07459792244262],[12.479611131814309,57.07461994945318],[12.479800378006109,57.074666229698046],[12.479908193134703,57.07469400278908],[12.479909881338642,57.0746944142074],[12.479966667899182,57.07470697015972],[12.479972149916094,57.074707889280575],[12.479975118538844,57.074708155707825],[12.480037708376152,57.074712272824655],[12.48004045603932,57.07471239101388],[12.48009277556098,57.074713443627125],[12.48009851250219,57.07471328045195],[12.480102519148321,57.07471283981808],[12.480171299348793,57.074702810156374],[12.480172900771661,57.07470255479203],[12.480178450141594,57.07470126447278],[12.480258593051701,57.07467721906673],[12.480331686700172,57.07465638392852],[12.480435016101,57.07463351481641],[12.480608218749921,57.074605904052326],[12.480650739872033,57.07459912044843],[12.48069248003133,57.07459996001575],[12.480852964620848,57.074603187895114],[12.481002428630829,57.07461465961945],[12.48100581712872,57.07461481763647],[12.48106357447636,57.074615979207806],[12.481139070928233,57.07463051955936],[12.481167554236322,57.07463900086713],[12.481170959366022,57.07463988715564],[12.481176457882944,57.07464080655533],[12.481182157693487,57.07464119078689],[12.481227753903093,57.07464210772033],[12.481278435809582,57.07464565223482],[12.481308665738394,57.07465344069173],[12.481446165381332,57.074695846955635],[12.481448854590639,57.074696584036815],[12.481588098278976,57.07473079318098],[12.481717054658283,57.074761946476656],[12.481718013514234,57.07476216346764],[12.481722971918492,57.074763018062],[12.481883864617481,57.074783363931026],[12.482182702300156,57.074822766952316],[12.482503121189437,57.07549193962103],[12.482454562838177,57.07559121280601],[12.48241744260568,57.075645152155246],[12.482453358382648,57.07573244512523],[12.48242431336357,57.075914134194264],[12.482394314266244,57.075986442159895],[12.48234822245946,57.07604930492082],[12.481829548832609,57.076047991107764],[12.481733431476835,57.07660198112031],[12.482122434226547,57.07666450484832],[12.482082246663799,57.07676391921087],[12.482054405029498,57.07680437586715],[12.482018809151741,57.076835554905706],[12.48200055680702,57.07685796984493],[12.4818978277167,57.076892355639536],[12.481780222310146,57.07689910403618],[12.481705025988902,57.07689759222561],[12.481578756312746,57.07690873159661],[12.481470756356993,57.07689744734021],[12.481372021217974,57.07687267117911],[12.48126587246666,57.076834085727825],[12.481277004128748,57.0767933022106],[12.481271426151597,57.07675217369819],[12.481231810155565,57.076719482453406],[12.481165878400162,57.07670448749456],[12.481065617212375,57.07670247125001],[12.480930684991465,57.07671798314226],[12.48071993959104,57.0767410828254],[12.480601425204899,57.07676148095228],[12.48037427714798,57.07677970274678],[12.48020561528861,57.076799091735005],[12.48003695325938,57.076818480494595],[12.479952167422095,57.07683500020209],[12.479833017884198,57.0768645065686],[12.479678596037322,57.07692063236866],[12.47957370307251,57.07698687635948],[12.479510277455242,57.0770585020945],[12.479500378667515,57.07708108478283],[12.479470700524724,57.07727187332687],[12.479437607177871,57.077389682142105],[12.479397685570504,57.077484571663646],[12.479359324577455,57.07755670171402],[12.479332405628647,57.077583507243304],[12.4792293633421,57.077622440970366],[12.479057299846255,57.077691889126896],[12.478887089162058,57.07773402710211],[12.47873575052734,57.07774465008501],[12.478458773174893,57.0777573001145],[12.478149609962564,57.07775107602126],[12.478031692340739,57.07776237102702],[12.477929883309912,57.077783112012874],[12.477190132554474,57.07684775448114],[12.47396729779824,57.076992412617585],[12.473488243266733,57.07628556985655],[12.473067991012611,57.076067480525005],[12.473889913887534,57.075546361365696],[12.477293965204051,57.075032695098415],[12.477014713434972,57.07482447770079],[12.476823655183855,57.074746603548626],[12.476926163818954,57.07472613825858],[12.477106935019945,57.074712991979084],[12.477107748563446,57.07471291849653],[12.477290884310673,57.07469678199414],[12.477423788419651,57.074691127866785],[12.477609310941112,57.074697677079186],[12.477722048362875,57.07470275132674],[12.477850279703029,57.07471658519435],[12.47794845878461,57.07472707278767],[12.477999753590817,57.07473374045471],[12.478000490252734,57.07473382718329],[12.47800620590991,57.07473422086564],[12.478008400606234,57.07473422012202],[12.478087064693764,57.07473295516869],[12.478088966431,57.074732894603365],[12.478215113717363,57.07472686992831],[12.478216754233697,57.07472676815391],[12.478219045942808,57.074726553673244],[12.478388247989406,57.074707106433735],[12.478568090963122,57.07468501533289],[12.47856914007595,57.0746848746876],[12.47872710545132,57.07466249572053],[12.478831946067386,57.07465044266695],[12.478835262448746,57.07464996121849],[12.478836014336773,57.074649823575136],[12.478957780327148,57.07462665275644],[12.479058097476134,57.07460879277495],[12.479190126882383,57.074585864252846],[12.479266744996988,57.07457364724258],[12.479322287803681,57.0745697503389]]],[[[12.47970882234798,57.0743785849047],[12.48088350529354,57.074452345358246],[12.482121990811143,57.07469597214858],[12.482163809258909,57.07478331199401],[12.481899071934794,57.0747484049497],[12.481740944189298,57.07472841125813],[12.481614941991992,57.074697982417185],[12.481477354271941,57.07466417506346],[12.481340112889875,57.074621854908386],[12.481337959571306,57.07462124543103],[12.481301924035662,57.074611956248006],[12.481300235211076,57.07461155382304],[12.481294736695249,57.07461063442879],[12.481292014639868,57.07461038197802],[12.481234664998226,57.07460637086643],[12.481231687246986,57.07460623908945],[12.48119236941109,57.074605448415014],[12.481168382583819,57.07459830672128],[12.481164977457947,57.07459742043272],[12.48116354499082,57.07459713100446],[12.481080816701843,57.07458119604495],[12.481076733574938,57.074580574713664],[12.481071034383385,57.07458018150272],[12.48100994842552,57.07457895299108],[12.4808604845563,57.074567481276866],[12.48085709606345,57.074567323255955],[12.4806949143395,57.07456406124396],[12.480647818698014,57.0745631139551],[12.480642082390295,57.074563268180945],[12.480637342190647,57.07456381989391],[12.480589666554089,57.07457142546512],[12.480414895593858,57.0745992922354],[12.480414044232512,57.07459943687406],[12.480411752587912,57.07459989404322],[12.480305374868406,57.07462342975388],[12.480302486994141,57.074624162508584],[12.48022762662328,57.074645501303046],[12.480227071265615,57.0746456608823],[12.480150380774122,57.07466867931838],[12.480090250407992,57.07467744508255],[12.480044258709142,57.07467651977809],[12.479987402298514,57.074672778639275],[12.479935557693647,57.074661319677915],[12.479827969685061,57.07463360510093],[12.479636987208803,57.074586894532594],[12.47963589897705,57.074586638974395],[12.47963463009035,57.074586370794016],[12.479520880468696,57.07456411284881],[12.47940713159476,57.07454184582674],[12.479402902021812,57.074541194532536],[12.479401854095274,57.07454107458744],[12.47932899379947,57.07453390159773],[12.479324342561886,57.074533628253256],[12.479318904694692,57.07453376146376],[12.479255585419443,57.07453821182851],[12.479250695679534,57.07453877845347],[12.479171242185204,57.074551441656524],[12.479170490909304,57.074551570327245],[12.479037843992248,57.07457460322887],[12.47893664138508,57.07459262510954],[12.4788162633103,57.07461552727492],[12.478712720295176,57.074627426696004],[12.478711222000644,57.074627621209146],[12.478553023020101,57.074650040386594],[12.478374212233373,57.074671999466524],[12.47820737161667,57.07469117968704],[12.478084154557894,57.07469706563976],[12.478010810044694,57.0746982399894],[12.477963146717551,57.07469204087435],[12.477962115270307,57.07469192124902],[12.47786303483114,57.074681343619545],[12.477733034892122,57.0746673123833],[12.477729341234479,57.074667031302134],[12.477614152273855,57.07466185376778],[12.47742569979845,57.07465520061628],[12.477424794088634,57.07465517338827],[12.477420996104856,57.07465521372679],[12.477284385088723,57.07466102684875],[12.4772824302622,57.07466114025424],[12.477281683243673,57.07466120609086],[12.477097618166685,57.07467742271506],[12.476913762014588,57.07469080340466],[12.476908070890113,57.07469150657359],[12.476906850890872,57.07469173363212],[12.476790006283299,57.07471506452384],[12.476785929462611,57.07471605184209],[12.476782531331281,57.07471725054534],[12.476666666778938,57.074626296112186],[12.478839281442248,57.07449322901564],[12.478947873656344,57.074372383607304],[12.47970882234798,57.0743785849047]]]]},"properties":{"OBJECTID":52507,"Uuid":"757315E2-69CD-4CD7-A501-BC8BE1E180B3","Beteckn":"SK 76-2019","LanKod":"13","Lan":"HALLANDS LÄN","KommunKod":"83","Kommun":"VARBERG","ArendeAr":2019,"Biotyp":"Äldre naturskogsartade skogar","Naturtyp":"Ädellövskog bok","AreaTot":13.2,"AreaProd":13.2,"Standort":"saknas","Datbeslut":1576108800000,"Url":"http://www.skogsstyrelsen.se/skogens-parlor/Biotopskydd/?objektid=3536590"}},{"type":"Feature","id":48734,"geometry":{"type":"Polygon","coordinates":[[[12.788211740774152,56.97564393123557],[12.790449980924546,56.97685699456174],[12.789635429874986,56.976756478518375],[12.78900658119494,56.97659754939038],[12.78880997963052,56.97679046814034],[12.789455246385462,56.97694980521137],[12.790402639512171,56.97703555042576],[12.79082135534724,56.97735113842194],[12.789174073743295,56.97737429686297],[12.788401066094206,56.9771669508749],[12.788287922568633,56.977954894471544],[12.78870500305639,56.97788409745805],[12.789052785889536,56.977856556031476],[12.789234877482416,56.9778429793182],[12.789462607162342,56.97787542764101],[12.789706041605308,56.97791723814684],[12.789979410635478,56.97799571971347],[12.79036339278175,56.97813076410607],[12.790614550984047,56.978280588964246],[12.79099055619237,56.97851427609631],[12.791349420145773,56.97875653776373],[12.79166118926725,56.97897071166488],[12.792374109072114,56.97931135640412],[12.79292933763741,56.97956733214199],[12.793329764232308,56.97970276511273],[12.79392510345812,56.9798698602549],[12.794274827558137,56.98002204482746],[12.794678407992503,56.98052593698787],[12.792965514204793,56.9809518757431],[12.791566141892764,56.98075642103099],[12.791055140386874,56.97995341996653],[12.790584938343578,56.9796635499671],[12.78976444080058,56.980245749171345],[12.789014776479661,56.98015577599248],[12.788338610920817,56.979564425857234],[12.787495688205329,56.97981362440366],[12.786498233647816,56.979735625711285],[12.786820313221096,56.9802285946518],[12.786280536585306,56.980188597600986],[12.785442953237624,56.98016837070345],[12.785288168465234,56.98004782059204],[12.785105626677606,56.979863713328704],[12.784989503076703,56.97967222703929],[12.784909866506196,56.979436689200575],[12.784903621171596,56.979310753216595],[12.784848091518832,56.979183620933455],[12.784843306831675,56.979039747304526],[12.784876013848109,56.97863621511224],[12.784885311785994,56.97811531235332],[12.784818771350725,56.977718361700006],[12.784727070550678,56.97742862958419],[12.784662395944576,56.977211427783246],[12.78457913191823,56.977020729610274],[12.784466654023198,56.97678440293498],[12.784830115617149,56.97676623613925],[12.784930964516564,56.97714603761871],[12.785410837252325,56.977112703988695],[12.785990838971461,56.977468151500744],[12.786665589854332,56.97746647917932],[12.786967271287432,56.97719522968248],[12.786377827255539,56.976956368901256],[12.786382027953474,56.97649824367964],[12.788406974151282,56.976484236021506],[12.788096960740358,56.97604548249893],[12.788211740774152,56.97564393123557]]]},"properties":{"OBJECTID":48734,"Uuid":"F4605BF4-E85C-4CC1-B765-B3682BB5DF6A","Beteckn":"SK 35-2009","LanKod":"13","Lan":"HALLANDS LÄN","KommunKod":"82","Kommun":"FALKENBERG","ArendeAr":2009,"Biotyp":"Äldre naturskogsartade skogar","Naturtyp":null,"AreaTot":15.3,"AreaProd":15.2,"Standort":"saknas","Datbeslut":1233273600000,"Url":"http://www.skogsstyrelsen.se/skogens-parlor/Biotopskydd/?objektid=2994315"}},{"type":"Feature","id":52484,"geometry":{"type":"Polygon","coordinates":[[[13.06398630735441,56.8773228321243],[13.064379754563914,56.87738944905305],[13.06497337077332,56.87745832137672],[13.065090056388044,56.87748053567852],[13.065256540845201,56.87753565424393],[13.065457371141255,56.87767533908039],[13.06554160644478,56.87778756355932],[13.065613972922726,56.87791193257515],[13.065736779335994,56.87808192145731],[13.065870060581704,56.878264877069306],[13.06604519199823,56.8785091791006],[13.065753038476947,56.878705962314484],[13.065549062655418,56.87884145310302],[13.065163883526733,56.87899879355787],[13.065223027097852,56.8790700409974],[13.065200865946519,56.87910634150335],[13.064981620579832,56.879110717761165],[13.064709421852452,56.87910826171632],[13.064462389346595,56.87911266478823],[13.064377550103547,56.8790333988756],[13.064252369035119,56.87873258457654],[13.064163792431318,56.87849612714377],[13.064002627809028,56.87801876032783],[13.063961801664183,56.87771901951053],[13.06391792233411,56.87753261328197],[13.06398630735441,56.8773228321243]]]},"properties":{"OBJECTID":52484,"Uuid":"8225EB9A-51F4-4C5E-93A7-4B958DE8933F","Beteckn":"SK 110-1997","LanKod":"13","Lan":"HALLANDS LÄN","KommunKod":"15","Kommun":"HYLTE","ArendeAr":1997,"Biotyp":"Äldre naturskogsartade skogar","Naturtyp":null,"AreaTot":1.7,"AreaProd":1.7,"Standort":"saknas","Datbeslut":864691200000,"Url":"http://www.skogsstyrelsen.se/skogens-parlor/Biotopskydd/?objektid=2976191"}},{"type":"Feature","id":42234,"geometry":{"type":"Polygon","coordinates":[[[13.032763221156246,56.79518991386265],[13.032992064278163,56.79519500534447],[13.032684364390459,56.79559246074001],[13.032572378692855,56.79577864367667],[13.032620750096456,56.79578869800888],[13.032528419328994,56.79593039617463],[13.032383067979683,56.79612482292942],[13.032293385049703,56.796230637057064],[13.032133007468838,56.79640675585579],[13.031970661616405,56.79660978314117],[13.031846278647992,56.79674178256521],[13.03169828716899,56.7969720835585],[13.03151956290371,56.797174744020325],[13.0311824661267,56.797526613774394],[13.03102074405046,56.79772067280811],[13.030829655286155,56.797869158839426],[13.03055484208851,56.79804272338297],[13.030281359900185,56.79819835451898],[13.030126267558092,56.79830271199435],[13.029967440629575,56.79823628709735],[13.029796672837566,56.798331311867734],[13.029640260627312,56.79845361073325],[13.029521851016776,56.79850488304673],[13.029338709723405,56.798545724433446],[13.029276646966332,56.798499419078965],[13.029476796913759,56.79844996838429],[13.029733275569473,56.798302948489095],[13.029974745139562,56.79813762039823],[13.030199854576118,56.79797193467487],[13.030464297443194,56.797717271127425],[13.030506933967805,56.797583452254024],[13.030554888306524,56.79737788400013],[13.030796331894154,56.79721255397269],[13.030887355108035,56.797088799211004],[13.030998686130125,56.79691159328262],[13.031004003772345,56.79683983491167],[13.031097659309292,56.7966802048934],[13.0313724603856,56.796506630055326],[13.031616560853433,56.79630542377395],[13.031673548668746,56.79619887855506],[13.031905271413407,56.795943489110655],[13.03218139633561,56.795751970619904],[13.032527526861829,56.79549913065355],[13.032675523634564,56.79526882880941],[13.032763221156246,56.79518991386265]]]},"properties":{"OBJECTID":42234,"Uuid":"9A86FB03-C297-4F1F-A509-7F3848B0153B","Beteckn":"SK 1004-2004","LanKod":"13","Lan":"HALLANDS LÄN","KommunKod":"80","Kommun":"HALMSTAD","ArendeAr":2004,"Biotyp":"Mindre vattendrag och småvatten med omgivande mark","Naturtyp":null,"AreaTot":1.2,"AreaProd":1.2,"Standort":"saknas","Datbeslut":1103500800000,"Url":"http://www.skogsstyrelsen.se/skogens-parlor/Biotopskydd/?objektid=2987543"}},{"type":"Feature","id":53718,"geometry":{"type":"Polygon","coordinates":[[[12.319080257447279,57.53568017004283],[12.319757427189577,57.536112257964746],[12.31981552812881,57.53620372944195],[12.32014399736025,57.53678791573],[12.320197807384922,57.53692419432078],[12.31987050183624,57.536852249279285],[12.319545758055575,57.53675340612998],[12.319242845219131,57.53660125741812],[12.319134749367144,57.53650839990664],[12.318997628426466,57.53636982038852],[12.318952379624353,57.536143917174414],[12.318998566104083,57.536010400835366],[12.319080257447279,57.53568017004283]]]},"properties":{"OBJECTID":53718,"Uuid":"514D010F-A343-444F-92E3-607CCFDA05A5","Beteckn":"SK 109-1997","LanKod":"13","Lan":"HALLANDS LÄN","KommunKod":"84","Kommun":"KUNGSBACKA","ArendeAr":1997,"Biotyp":"Äldre naturskogsartade skogar","Naturtyp":null,"AreaTot":0.5,"AreaProd":0.5,"Standort":"saknas","Datbeslut":864691200000,"Url":"http://www.skogsstyrelsen.se/skogens-parlor/Biotopskydd/?objektid=2976189"}},{"type":"Feature","id":41741,"geometry":{"type":"Polygon","coordinates":[[[12.405752115762255,57.30949083837068],[12.406898327221658,57.30984535584769],[12.407898788807866,57.310339685893396],[12.408492640108982,57.31074213861047],[12.408115803477564,57.31086673774108],[12.407954315983275,57.310997159936996],[12.407240396300272,57.31099582896588],[12.407523643236988,57.31134495967578],[12.407256134546301,57.31154439770175],[12.407165862025526,57.3116228336777],[12.407022588691278,57.3117357734711],[12.406970402038668,57.311761316234566],[12.40590283062192,57.31127414998772],[12.405413350564926,57.311180030804515],[12.405120181838432,57.31075873233982],[12.404437739024237,57.31059648689398],[12.405278396199465,57.3097655775667],[12.405752115762255,57.30949083837068]]]},"properties":{"OBJECTID":41741,"Uuid":"99C1469F-A3C6-4CC4-AC87-89BF91AAC6BD","Beteckn":"SK 273-2004","LanKod":"13","Lan":"HALLANDS LÄN","KommunKod":"83","Kommun":"VARBERG","ArendeAr":2004,"Biotyp":"Äldre naturskogsartade skogar","Naturtyp":null,"AreaTot":3.1,"AreaProd":2.8,"Standort":"saknas","Datbeslut":1080000000000,"Url":"http://www.skogsstyrelsen.se/skogens-parlor/Biotopskydd/?objektid=2986081"}},{"type":"Feature","id":44844,"geometry":{"type":"Polygon","coordinates":[[[12.753312929623652,56.854413906458525],[12.753572906608477,56.85464489131019],[12.753575396828202,56.854815670147524],[12.753548785122168,56.85494081320421],[12.753835508165844,56.85564866962353],[12.754238574846536,56.85553274345369],[12.754643985539289,56.85599191140174],[12.75496331531812,56.856098554409556],[12.755368427781226,56.8563600481044],[12.756048915609199,56.85666420655995],[12.756276915250513,56.85688542643743],[12.756913095378374,56.85692793360127],[12.757265183089405,56.85703536580644],[12.757615805079737,56.85716074359226],[12.757863114625492,56.85734648722969],[12.757897617915361,56.85752703379362],[12.757613401611128,56.857996306490065],[12.75790866697341,56.85839886489701],[12.757575437266295,56.85846260600208],[12.757313531779966,56.85845620309298],[12.757159314775606,56.85833562920035],[12.756450030870875,56.85818352298133],[12.756089894976613,56.858174723139385],[12.755898883550552,56.8583048287273],[12.756196318048065,56.85868048890694],[12.75636763100167,56.858792501595296],[12.756067123847783,56.8588570334736],[12.755335614129098,56.85877626046217],[12.754482795299877,56.858171367266856],[12.754182444743236,56.85783156921887],[12.754221474617987,56.85755398732288],[12.754466427032682,56.85716463331285],[12.754216643166602,56.85680809531076],[12.753615845402402,56.85653283233364],[12.75310874138603,56.85571176074079],[12.753180502116535,56.85543497480753],[12.753028964816432,56.85508084928805],[12.753139593916474,56.854930807244614],[12.753312929623652,56.854413906458525]]]},"properties":{"OBJECTID":44844,"Uuid":"1A957984-C20D-4A5B-9B75-CE1C6B7BFBAA","Beteckn":"SK 26-2010","LanKod":"13","Lan":"HALLANDS LÄN","KommunKod":"80","Kommun":"HALMSTAD","ArendeAr":2010,"Biotyp":"Äldre naturskogsartade skogar","Naturtyp":null,"AreaTot":5.4,"AreaProd":5.4,"Standort":"saknas","Datbeslut":1265068800000,"Url":"http://www.skogsstyrelsen.se/skogens-parlor/Biotopskydd/?objektid=2995205"}},{"type":"Feature","id":53695,"geometry":{"type":"Polygon","coordinates":[[[12.760805782287521,57.020887245998765],[12.762561723154127,57.02121193203768],[12.76255853466116,57.02126718539478],[12.76246539803773,57.021374622474866],[12.762432243005765,57.02152193441657],[12.762544101534155,57.021644179043484],[12.762596639561554,57.02182301894184],[12.76258829586601,57.022046860981185],[12.762567608895742,57.02209526853348],[12.762674704472406,57.02216629612864],[12.762885377375188,57.022216655399454],[12.762910362281696,57.02231608545361],[12.762821086815492,57.022566536018324],[12.762732239072012,57.022652734587],[12.762750032220238,57.02277916559546],[12.762815339974939,57.02288455537104],[12.762979526456435,57.02300171402324],[12.762993238142569,57.023101481738664],[12.763057413769939,57.02321174863986],[12.763122795818111,57.02322789717185],[12.763313759005088,57.02331654425747],[12.76339981234378,57.02333501204001],[12.76355626071206,57.023437869299464],[12.763530331483548,57.02354502524668],[12.763327607555032,57.02359369381908],[12.76309260111085,57.02363254728742],[12.763011637369795,57.02374572886735],[12.76285982695774,57.023816316441895],[12.762830789666884,57.023921412779394],[12.762997427802485,57.02397069713579],[12.763057996545829,57.02400143419881],[12.763050767318632,57.02421718151848],[12.76300144325812,57.02425185858466],[12.762936217633293,57.02427366170991],[12.76315667607986,57.02466376739485],[12.763216395313297,57.024702630719325],[12.763172536741319,57.02473656081647],[12.763137415359278,57.02477206686342],[12.76305872500667,57.02481940197997],[12.762784917376031,57.02488493361601],[12.762552080768575,57.024890279288385],[12.762330364562114,57.0248770151188],[12.762163162145777,57.02483925816227],[12.762149772919472,57.02483228808825],[12.76193796267918,57.024407845961285],[12.76073093633078,57.024398120111314],[12.759260172852578,57.02380117267982],[12.759650679911058,57.02339731139445],[12.759595698521395,57.02309389494807],[12.758515917016519,57.02330281384171],[12.75808724852038,57.023123948378135],[12.75762486566533,57.022636338613665],[12.757737618424272,57.02250140797492],[12.758222000680249,57.02227612721081],[12.758757232319496,57.02242266287776],[12.758927356535278,57.02255124702539],[12.759096636850954,57.02252004020917],[12.759259765583229,57.02224335335772],[12.759472564411473,57.02218439376245],[12.759712076334765,57.0223769878692],[12.75965088174815,57.02287233812403],[12.759978812402387,57.02298662642971],[12.760752575891956,57.0226466828339],[12.760471086200546,57.022282151627735],[12.760337336842694,57.02189173206928],[12.760508161807405,57.02166083156708],[12.760947109148246,57.02166868461844],[12.760718307446593,57.02103690168281],[12.760805782287521,57.020887245998765]]]},"properties":{"OBJECTID":53695,"Uuid":"6E46C03B-6EE2-431B-BFAB-F4250FF5A6E2","Beteckn":"SK 215-2016","LanKod":"13","Lan":"HALLANDS LÄN","KommunKod":"82","Kommun":"FALKENBERG","ArendeAr":2016,"Biotyp":"Äldre naturskogsartade skogar","Naturtyp":"Ädellövskog ek","AreaTot":7.3,"AreaProd":7.3,"Standort":"saknas","Datbeslut":1513296000000,"Url":"http://www.skogsstyrelsen.se/skogens-parlor/Biotopskydd/?objektid=3275482"}},{"type":"Feature","id":50154,"geometry":{"type":"Polygon","coordinates":[[[13.290151753835172,57.033509139942836],[13.290508278407561,57.03359715574306],[13.290740525347983,57.033817423511806],[13.290920399811156,57.03408155091601],[13.290955193873963,57.034297856131275],[13.291218460223353,57.03430314729721],[13.291619422248022,57.034221364474725],[13.291766209394138,57.03399972877763],[13.292020305592986,57.03389703643784],[13.292380556522414,57.03417377504882],[13.293457025681743,57.03482421573515],[13.29389482075585,57.035416923984826],[13.293453069011948,57.03561466753261],[13.29285161703432,57.03573734558955],[13.292348181953555,57.03562841975265],[13.291206580670188,57.0352102253164],[13.290183835041475,57.03474049657311],[13.290461573662043,57.03428793712797],[13.28990813241055,57.0339444281586],[13.28987886337618,57.03388993829904],[13.290151753835172,57.033509139942836]]]},"properties":{"OBJECTID":50154,"Uuid":"B4DE77A8-3427-4F5F-A855-CC02E444D8F6","Beteckn":"SK 134-2010","LanKod":"13","Lan":"HALLANDS LÄN","KommunKod":"15","Kommun":"HYLTE","ArendeAr":2010,"Biotyp":"Äldre naturskogsartade skogar","Naturtyp":null,"AreaTot":2.8,"AreaProd":2.8,"Standort":"saknas","Datbeslut":1285027200000,"Url":"http://www.skogsstyrelsen.se/skogens-parlor/Biotopskydd/?objektid=2995421"}},{"type":"Feature","id":53887,"geometry":{"type":"Polygon","coordinates":[[[12.322794525917635,57.48453176477552],[12.323425980573054,57.48483196375348],[12.325337545243293,57.48516949760064],[12.325513299561349,57.485483994013],[12.326178320855853,57.48550846208037],[12.326178483412704,57.485507836443624],[12.326181699008583,57.48550790464291],[12.326182305628064,57.48550805231244],[12.33009841944517,57.48547142305778],[12.332526281370116,57.48588820579451],[12.33252500349789,57.485889481857335],[12.33252619300157,57.4858894171563],[12.339037847172838,57.487347026386765],[12.339035215269632,57.487348336842935],[12.33903774791354,57.48734839029731],[12.33814176177556,57.48780989697901],[12.338091768409617,57.48779907271468],[12.336097299616922,57.48738966158815],[12.333971774914314,57.48688757805916],[12.33291789823714,57.486763690915794],[12.331124390259651,57.48638580691139],[12.329884295227679,57.48608017280464],[12.326018977927578,57.48587287220991],[12.322720643611442,57.485515810529755],[12.321008704588955,57.485742724754324],[12.319752999181803,57.485403531990045],[12.320533031706754,57.48526870113528],[12.320909033324114,57.48531544372824],[12.322732572976602,57.48516257191771],[12.322794525917635,57.48453176477552]]]},"properties":{"OBJECTID":53887,"Uuid":"D870C05D-01DE-41AC-B183-116760C9CDF5","Beteckn":"SK 43-2016","LanKod":"13","Lan":"HALLANDS LÄN","KommunKod":"84","Kommun":"KUNGSBACKA","ArendeAr":2016,"Biotyp":"Ras- eller bergbranter","Naturtyp":"Ädellövskog ek","AreaTot":7.5,"AreaProd":7.5,"Standort":"saknas","Datbeslut":1478131200000,"Url":"http://www.skogsstyrelsen.se/skogens-parlor/Biotopskydd/?objektid=3258074"}},{"type":"Feature","id":53875,"geometry":{"type":"Polygon","coordinates":[[[12.74681249217028,57.09809181590541],[12.748096780271945,57.0981321636669],[12.748988992566867,57.09912431813881],[12.749505636773264,57.09906504174775],[12.74950127508242,57.09851686001249],[12.750827901148847,57.09824373803369],[12.75132455524262,57.09902855391392],[12.751112091747961,57.09920307205591],[12.750955692106821,57.099298088837514],[12.750764127272433,57.0994192081688],[12.750656410484407,57.09952439905733],[12.75049336770761,57.09970011776637],[12.750384907418976,57.099814281269936],[12.750242765069087,57.0999366015441],[12.749838719693784,57.10023222662273],[12.749652540022494,57.10048825174124],[12.749482828635431,57.100744671190974],[12.749334761428528,57.100938728624506],[12.749110457029303,57.101256710974],[12.748604437748266,57.100786126790986],[12.748175620433091,57.10038032519837],[12.748111286461123,57.09975878974877],[12.748564253212978,57.09967101891975],[12.748093733290908,57.09877002053936],[12.747452468216078,57.09853872017283],[12.747088335630112,57.09835013205778],[12.74681249217028,57.09809181590541]]]},"properties":{"OBJECTID":53875,"Uuid":"23AF335A-1B59-4977-87CD-594987D03380","Beteckn":"SK 391-2006","LanKod":"13","Lan":"HALLANDS LÄN","KommunKod":"82","Kommun":"FALKENBERG","ArendeAr":2006,"Biotyp":"Äldre naturskogsartade skogar","Naturtyp":null,"AreaTot":3.8,"AreaProd":3.8,"Standort":"saknas","Datbeslut":1152489600000,"Url":"http://www.skogsstyrelsen.se/skogens-parlor/Biotopskydd/?objektid=2990657"}},{"type":"Feature","id":40605,"geometry":{"type":"Polygon","coordinates":[[[12.80525511830591,56.9247593372141],[12.805335671558659,56.92477924551613],[12.805823874131628,56.92504255111701],[12.80608753633431,56.92523756269201],[12.806209378568893,56.92535729566347],[12.806324725604814,56.925557736903514],[12.806339689083392,56.92557606192414],[12.80650568319392,56.925759751907826],[12.806940383619056,56.92607567196847],[12.807098620575967,56.926151353976785],[12.807353810417927,56.926247329304914],[12.808096690749482,56.92640892081681],[12.808769661826641,56.926622732400816],[12.809283672221019,56.92676984387034],[12.80944551508315,56.92680068174202],[12.809508957812268,56.92682915681122],[12.809534551201638,56.926919620619756],[12.809499593488727,56.92694573304091],[12.809449670164687,56.926953520793575],[12.809272877601778,56.92690435853205],[12.80904327047396,56.92689885096202],[12.808735979363837,56.926837569243666],[12.808293177645817,56.9268269383607],[12.808107741622914,56.92688538598693],[12.807919428603688,56.92697970093322],[12.807622619813332,56.92719720111074],[12.807569818997035,56.927240855695885],[12.807387980505816,56.927254461083336],[12.807261097002447,56.92719750877711],[12.807067171932593,56.92715691223108],[12.806639496246989,56.92695795536908],[12.805583739585947,56.92660016480758],[12.805347101986229,56.926477669667676],[12.804960161910032,56.92618086087264],[12.804731459765227,56.925959726900935],[12.804569800787206,56.92572223799848],[12.804520778973748,56.92551440526781],[12.804507264661888,56.92547814193892],[12.80479577308248,56.92495496137715],[12.804903530303605,56.92484074256308],[12.804989134794313,56.92479787191915],[12.805089684695728,56.924773335069084],[12.80525511830591,56.9247593372141]]]},"properties":{"OBJECTID":40605,"Uuid":"13A478A6-E0EE-4213-A9AD-4DA469CE3AC0","Beteckn":"SK 74-1994","LanKod":"13","Lan":"HALLANDS LÄN","KommunKod":"82","Kommun":"FALKENBERG","ArendeAr":1994,"Biotyp":"Ras- eller bergbranter","Naturtyp":null,"AreaTot":3.1,"AreaProd":1.6,"Standort":"saknas","Datbeslut":787449600000,"Url":"http://www.skogsstyrelsen.se/skogens-parlor/Biotopskydd/?objektid=2974677"}},{"type":"Feature","id":47343,"geometry":{"type":"Polygon","coordinates":[[[13.154756471482235,56.88830284752502],[13.155002302926956,56.888308068849675],[13.155178754483224,56.88836572004273],[13.155202620400264,56.888492004626144],[13.15526564263913,56.88852927273803],[13.155439555994732,56.888622801212584],[13.155448318432823,56.88873080182262],[13.155312130330781,56.888799776559125],[13.15518850535165,56.88892293069637],[13.154926287455433,56.888917359931426],[13.15472773068224,56.88894009887678],[13.154592163209983,56.889000105470025],[13.154448988899455,56.88916776296492],[13.154181670772768,56.88923395459384],[13.153933308653027,56.889264609462764],[13.153563855685563,56.889382538716916],[13.153318033851455,56.88937731476194],[13.153186923260177,56.88937453196576],[13.153053893773992,56.889398659279024],[13.152903218445122,56.889440379799524],[13.152875387170411,56.889601492176595],[13.152771956110117,56.88967117316681],[13.152689386257206,56.889678398627304],[13.152532497713196,56.889576240386695],[13.1525735473399,56.88946032308208],[13.15269908544597,56.889310261125274],[13.152781654483526,56.88930303565286],[13.152890168790384,56.88916159949322],[13.152967180067316,56.88900152873448],[13.153121658422643,56.88890598713698],[13.153337254100228,56.888874633891724],[13.15356923219918,56.88884362125443],[13.153763361842012,56.88888368147912],[13.153956196528089,56.88894168433302],[13.154137108897663,56.8889365401477],[13.15434012468373,56.88885101425293],[13.15451355504804,56.88871993465207],[13.15445753274882,56.88858399166726],[13.154479013405412,56.88851256855137],[13.154497936148873,56.888477040768464],[13.154570480884557,56.88837975685645],[13.154756471482235,56.88830284752502]]]},"properties":{"OBJECTID":47343,"Uuid":"0EE1AFBA-101B-4A98-B9AE-540EF00DF583","Beteckn":"SK 530-2003","LanKod":"13","Lan":"HALLANDS LÄN","KommunKod":"15","Kommun":"HYLTE","ArendeAr":2003,"Biotyp":"Äldre naturskogsartade skogar","Naturtyp":null,"AreaTot":0.9,"AreaProd":0.9,"Standort":"saknas","Datbeslut":1053907200000,"Url":"http://www.skogsstyrelsen.se/skogens-parlor/Biotopskydd/?objektid=2984193"}},{"type":"Feature","id":46656,"geometry":{"type":"Polygon","coordinates":[[[13.174825815730015,56.898852127838275],[13.17499920750428,56.89895460597449],[13.175236883921677,56.89930997533168],[13.175461951185621,56.89961118433635],[13.175494096783046,56.89985442317072],[13.17557730920849,56.90007178369366],[13.175540732373143,56.90035849710742],[13.174805528787711,56.90054065988587],[13.17440702854976,56.90060413413758],[13.173566549526148,56.90041572713302],[13.17382319225404,56.90026840556061],[13.174294206482543,56.90010764676456],[13.174120232451084,56.899546980933664],[13.173592527998933,56.89911361747397],[13.174278547289596,56.89893043780454],[13.174825815730015,56.898852127838275]]]},"properties":{"OBJECTID":46656,"Uuid":"B668D311-38A3-4B19-A774-935F546545B7","Beteckn":"SK 216-2007","LanKod":"13","Lan":"HALLANDS LÄN","KommunKod":"15","Kommun":"HYLTE","ArendeAr":2007,"Biotyp":"Äldre naturskogsartade skogar","Naturtyp":null,"AreaTot":1.5,"AreaProd":1.5,"Standort":"saknas","Datbeslut":1182124800000,"Url":"http://www.skogsstyrelsen.se/skogens-parlor/Biotopskydd/?objektid=2991963"}},{"type":"Feature","id":53386,"geometry":{"type":"MultiPolygon","coordinates":[[[[13.10055609114943,56.989257624251756],[13.1007850673174,56.98939795843524],[13.100910681242945,56.98957206337244],[13.101035654091154,56.989762655830674],[13.101102874140665,56.98995441138109],[13.101389077228013,56.990081433754376],[13.101862413973645,56.99022840289565],[13.101819238282395,56.99052065738296],[13.099811850615197,56.990324719603905],[13.099576891688747,56.98980762920565],[13.099909385964814,56.98964150499755],[13.099853418716185,56.98930401291474],[13.1001826536867,56.989271839428795],[13.10055609114943,56.989257624251756]]],[[[13.102317976672577,56.98805462982219],[13.103251999924558,56.98849387920369],[13.103967443578197,56.98922365313357],[13.10415689375019,56.989506107759915],[13.103944137740271,56.99056428714854],[13.103210550435694,56.9906530153209],[13.102480439404225,56.99041657063492],[13.102407182522215,56.9899270346027],[13.102317976672577,56.98805462982219]]],[[[13.101607143518738,56.98746812685767],[13.101768220555707,56.98882468683574],[13.101861610155412,56.99014137507032],[13.101264245459383,56.989924539474146],[13.101077862253982,56.98960067671139],[13.100882188013896,56.98933809753827],[13.100601281015436,56.989182220986336],[13.100183669687548,56.98920053686436],[13.09989339614378,56.98922853073252],[13.099346807629662,56.98918599401223],[13.099326301047846,56.988982187612415],[13.099770494818713,56.98867511559979],[13.099790543871869,56.98828171990167],[13.100324548756848,56.98763344633968],[13.100885154841876,56.9876443291384],[13.101607143518738,56.98746812685767]]]]},"properties":{"OBJECTID":53386,"Uuid":"29325572-718C-419E-A0C8-EA7298447CFA","Beteckn":"SK 209-2015","LanKod":"13","Lan":"HALLANDS LÄN","KommunKod":"15","Kommun":"HYLTE","ArendeAr":2015,"Biotyp":"Äldre betespräglad skog","Naturtyp":"Ädellövskog ek","AreaTot":5.8,"AreaProd":5.8,"Standort":"saknas","Datbeslut":1444608000000,"Url":"http://www.skogsstyrelsen.se/skogens-parlor/Biotopskydd/?objektid=3195320"}},{"type":"Feature","id":46556,"geometry":{"type":"Polygon","coordinates":[[[12.77290394000261,57.053945690594844],[12.774180515327082,57.05426414011328],[12.773662696305907,57.05454810046578],[12.772807734547248,57.05451839432419],[12.772723261560714,57.05454330234337],[12.772724715222484,57.05452536482058],[12.772741181907325,57.05452576552218],[12.772918178581643,57.05437731647464],[12.77290394000261,57.053945690594844]]]},"properties":{"OBJECTID":46556,"Uuid":"65671922-FB0A-4976-A674-A078B738A179","Beteckn":"SK 251-2002","LanKod":"13","Lan":"HALLANDS LÄN","KommunKod":"82","Kommun":"FALKENBERG","ArendeAr":2002,"Biotyp":"Äldre naturskogsartade skogar","Naturtyp":null,"AreaTot":0.3,"AreaProd":0.3,"Standort":"saknas","Datbeslut":1017100800000,"Url":"http://www.skogsstyrelsen.se/skogens-parlor/Biotopskydd/?objektid=2981195"}},{"type":"Feature","id":40651,"geometry":{"type":"Polygon","coordinates":[[[12.73922049760579,57.076099571102],[12.739562558795035,57.07615287670318],[12.739801387068466,57.07625756227708],[12.740233353410497,57.07642088008641],[12.740475141941081,57.076489699749644],[12.741041796482873,57.076620379721454],[12.741764978259138,57.07685371588825],[12.742029537382077,57.07724654612775],[12.742595666500602,57.07758385673083],[12.742569765554084,57.07789770132496],[12.742663577055831,57.07816055851881],[12.74266100600852,57.078591779238145],[12.742122992496498,57.07871339038994],[12.741560179538288,57.07873555089224],[12.741459913157046,57.078751068726206],[12.740677115045573,57.078839729096444],[12.740227171909734,57.07869393557472],[12.73951765065462,57.07869453339478],[12.73929619396819,57.07877896177549],[12.739527635173797,57.0789733138069],[12.739747789968268,57.07910449520598],[12.740038267070785,57.07918348571502],[12.7404021779463,57.07937209315987],[12.74031724201248,57.07980129822944],[12.739233757444008,57.08013416346704],[12.738973435294538,57.080289519266195],[12.738635783760312,57.080182410603406],[12.738402108147275,57.080014957386254],[12.738156421043785,57.079793297529655],[12.738183104750556,57.07947049040567],[12.737797203328125,57.07894888960866],[12.737067778171443,57.078391913276604],[12.736908723013604,57.07792079389365],[12.736790339622377,57.07775615698353],[12.73641739674282,57.07747746806387],[12.73579838839389,57.07738142441393],[12.736012284224412,57.07718900365188],[12.736297377864336,57.07713309415279],[12.736581894172144,57.0772838302518],[12.737261428365539,57.077246574026546],[12.737630324069144,57.077174750835596],[12.73772952772177,57.07677286240931],[12.738572954031444,57.07674859641428],[12.73922049760579,57.076099571102]]]},"properties":{"OBJECTID":40651,"Uuid":"6D00B05E-712C-4C9A-8607-66BB246B1DA9","Beteckn":"SK 395-2006","LanKod":"13","Lan":"HALLANDS LÄN","KommunKod":"82","Kommun":"FALKENBERG","ArendeAr":2006,"Biotyp":"Äldre naturskogsartade skogar","Naturtyp":null,"AreaTot":9.6,"AreaProd":9.6,"Standort":"saknas","Datbeslut":1152748800000,"Url":"http://www.skogsstyrelsen.se/skogens-parlor/Biotopskydd/?objektid=2990665"}},{"type":"Feature","id":42958,"geometry":{"type":"Polygon","coordinates":[[[12.718843268769339,56.4517337812099],[12.7195361409988,56.45199363464868],[12.719821804590838,56.452072632346876],[12.719902047025792,56.45208361523006],[12.719901315090445,56.45209257984422],[12.719949896175029,56.452093796107775],[12.719811798607312,56.45239586548913],[12.719339078805232,56.452222363900404],[12.719308150076152,56.45220362358197],[12.71910199678045,56.45214457271033],[12.719102728905307,56.45213560810251],[12.718944425164263,56.452086738157746],[12.718945157324749,56.45207777355106],[12.718850175621593,56.45204844610308],[12.718751563850839,56.45206396913731],[12.718843268769339,56.4517337812099]]]},"properties":{"OBJECTID":42958,"Uuid":"C817DD49-8F82-412D-8AFF-2B1F4FCC5BF5","Beteckn":"SK 140-1996","LanKod":"12","Lan":"SKÅNE LÄN","KommunKod":"78","Kommun":"BÅSTAD","ArendeAr":1996,"Biotyp":"Ravinskogar","Naturtyp":null,"AreaTot":0.2,"AreaProd":0.2,"Standort":"saknas","Datbeslut":840153600000,"Url":"http://www.skogsstyrelsen.se/skogens-parlor/Biotopskydd/?objektid=2975655"}},{"type":"Feature","id":38338,"geometry":{"type":"Polygon","coordinates":[[[12.64195717441037,56.9822425134171],[12.642660367944458,56.98226147470034],[12.6427247580623,56.98240178284161],[12.644010194022021,56.983440480653705],[12.644503784281254,56.98513097984109],[12.64482820819587,56.986148736304415],[12.640489278434202,56.986236921712795],[12.640336260060158,56.98591228789455],[12.641143619380893,56.98554233168527],[12.641045546749883,56.98539741550403],[12.64052647816422,56.98499030977358],[12.640779741923641,56.98402467732148],[12.640892793612077,56.9837207707282],[12.641292743196331,56.9833121885602],[12.641696196642888,56.982820482256145],[12.641706407159605,56.98261298536082],[12.64195717441037,56.9822425134171]]]},"properties":{"OBJECTID":38338,"Uuid":"4FD1B172-74D2-40C5-872C-778FA3BAFEE7","Beteckn":"SK 371-2018","LanKod":"13","Lan":"HALLANDS LÄN","KommunKod":"82","Kommun":"FALKENBERG","ArendeAr":2018,"Biotyp":"Äldre naturskogsartade skogar","Naturtyp":"Ädellövskog ek","AreaTot":8.2,"AreaProd":8.2,"Standort":"saknas","Datbeslut":1568592000000,"Url":"http://www.skogsstyrelsen.se/skogens-parlor/Biotopskydd/?objektid=3463050"}},{"type":"Feature","id":38478,"geometry":{"type":"Polygon","coordinates":[[[12.801075806410424,56.92279000405328],[12.802075918360767,56.9230207155243],[12.802038041352771,56.92390032648998],[12.801870452988814,56.923941223000824],[12.801471295969035,56.92379684665932],[12.800891436562512,56.923243801814664],[12.801075806410424,56.92279000405328]]]},"properties":{"OBJECTID":38478,"Uuid":"9FDB719B-15D6-464C-870B-B59005D7422A","Beteckn":"SK 368-2006","LanKod":"13","Lan":"HALLANDS LÄN","KommunKod":"82","Kommun":"FALKENBERG","ArendeAr":2006,"Biotyp":"Äldre naturskogsartade skogar","Naturtyp":null,"AreaTot":0.6,"AreaProd":0.5,"Standort":"saknas","Datbeslut":1151452800000,"Url":"http://www.skogsstyrelsen.se/skogens-parlor/Biotopskydd/?objektid=2990611"}},{"type":"Feature","id":44764,"geometry":{"type":"Polygon","coordinates":[[[12.508709676329449,57.060544779061566],[12.511366055687164,57.06109097673467],[12.513470659544149,57.06116433664608],[12.51344761078506,57.061424318115584],[12.512940684294101,57.06137504176601],[12.512150860411042,57.0613542575703],[12.511654833331464,57.06136815447457],[12.511224636446377,57.06138378911548],[12.51085015730878,57.06132900334116],[12.510656672603679,57.06127898277381],[12.510208665197679,57.06112341054452],[12.510029253378761,57.06110071026721],[12.509635934065656,57.06107238098022],[12.509314801476728,57.060974067571294],[12.50920280161854,57.06093517347921],[12.508899718145214,57.060819361066784],[12.508541697970328,57.06076499454634],[12.508709676329449,57.060544779061566]]]},"properties":{"OBJECTID":44764,"Uuid":"4CF726B9-2F39-4845-BAFA-5B5427F5B519","Beteckn":"SK 1044-2004","LanKod":"13","Lan":"HALLANDS LÄN","KommunKod":"83","Kommun":"VARBERG","ArendeAr":2004,"Biotyp":"Strand- eller svämskogar","Naturtyp":null,"AreaTot":0.9,"AreaProd":0.9,"Standort":"saknas","Datbeslut":1104192000000,"Url":"http://www.skogsstyrelsen.se/skogens-parlor/Biotopskydd/?objektid=2987623"}},{"type":"Feature","id":44787,"geometry":{"type":"Polygon","coordinates":[[[12.630883125671554,57.210002689410956],[12.631212814931517,57.21002001830352],[12.631284642151124,57.21014762303715],[12.631450984109826,57.21033154030908],[12.63163195321892,57.2103451003473],[12.632063435002717,57.21052673987121],[12.632399647342869,57.21066103821158],[12.632829591108639,57.210860600738165],[12.633127363335106,57.21105682503742],[12.633626834405662,57.21141089493288],[12.63379319419345,57.21159480022735],[12.633807351653969,57.21200848412089],[12.633304297073108,57.212274306908704],[12.632994197043264,57.21222153351475],[12.632558842168907,57.212084729265726],[12.63232982236345,57.21205198616003],[12.632015103140612,57.21205300537002],[12.631819120922335,57.21202109120259],[12.63149095973129,57.21198583819904],[12.631177014289884,57.21197789252971],[12.630794659012807,57.21199517373601],[12.630461100982252,57.212022675751385],[12.630277030533898,57.21204496506109],[12.630061453370674,57.212048497864416],[12.629898542275255,57.212017420690756],[12.629491612062726,57.21193523121277],[12.629377482541484,57.211914375388716],[12.629264917560867,57.211875585268],[12.629059352627086,57.21176255459664],[12.628971012769846,57.21163451986007],[12.628990626107026,57.21159907965051],[12.62908480786584,57.211466683084744],[12.62927966017005,57.21131887096283],[12.629509884782482,57.21114499208172],[12.629623675878412,57.210977154774916],[12.629714001584626,57.210889589807884],[12.629809725857351,57.21073926710828],[12.629936180508496,57.21061667234191],[12.630059540076392,57.21052993751018],[12.630097990000447,57.210468019484594],[12.630413129872654,57.21026933120346],[12.630706334626588,57.21013298889714],[12.630883125671554,57.210002689410956]]]},"properties":{"OBJECTID":44787,"Uuid":"3757032D-2F98-4778-84B9-74583FD152CE","Beteckn":"SK 341-2007","LanKod":"13","Lan":"HALLANDS LÄN","KommunKod":"82","Kommun":"FALKENBERG","ArendeAr":2007,"Biotyp":"Äldre naturskogsartade skogar","Naturtyp":null,"AreaTot":4.4,"AreaProd":4.4,"Standort":"saknas","Datbeslut":1190764800000,"Url":"http://www.skogsstyrelsen.se/skogens-parlor/Biotopskydd/?objektid=2992213"}},{"type":"Feature","id":39091,"geometry":{"type":"Polygon","coordinates":[[[13.159109073493564,56.887793274794575],[13.159387044734064,56.88780815330696],[13.159753182572475,56.88796863741363],[13.160186660994219,56.88833717441822],[13.160496038961906,56.88860426013635],[13.160526268807875,56.888640836015774],[13.160695763926114,56.888797154656636],[13.160889884783215,56.88883720361237],[13.161286384781922,56.88880068236924],[13.161585814880192,56.8887441404054],[13.161677799809757,56.888835924218995],[13.161701066938887,56.88897117507922],[13.16155790801025,56.88913884068013],[13.161419195111272,56.88924370891261],[13.161329008709696,56.889358582234344],[13.161286710771314,56.889492445853925],[13.161020693680257,56.889540718129396],[13.160918553922482,56.88959245371949],[13.160794323360918,56.88972458087016],[13.16059321444709,56.88978320666804],[13.161094083699679,56.890359803515864],[13.161045455581668,56.89058336608953],[13.161107111407183,56.890872160432146],[13.161078559823634,56.8912758275696],[13.161159773459179,56.89152010797109],[13.161428256818322,56.89166954381096],[13.161589609544787,56.89170889363841],[13.161947649974877,56.89175241310291],[13.161952623218673,56.89191422541404],[13.162173747530597,56.89226927904996],[13.162877070887566,56.89276929738676],[13.16355712074045,56.893134052142884],[13.163826899659474,56.89326553963771],[13.163837582586874,56.89334662007723],[13.163781436839743,56.893444249042844],[13.16361182323683,56.89352152036337],[13.16343154365114,56.89351770224519],[13.16323865369809,56.89345972255604],[13.163031913143588,56.893365507043924],[13.162573073553526,56.89312221629978],[13.162179172608928,56.89288927793464],[13.16188233908197,56.89267636644218],[13.161170051788869,56.89253550499092],[13.161246397408178,56.892384396172105],[13.161224405697348,56.89223120203746],[13.16113113803849,56.89215736114871],[13.161087677183843,56.892075582297565],[13.160904316795667,56.89188303738636],[13.16062948734738,56.891823317166256],[13.160242491871424,56.89172527474632],[13.159875677585777,56.891573759053486],[13.159684079555682,56.89149783071561],[13.159209411196002,56.891478788086374],[13.15864074554637,56.891628445075206],[13.158370257557806,56.89173949963155],[13.158157068421641,56.89196856050727],[13.158068764402776,56.89205652074567],[13.157901061133451,56.892106873961495],[13.1576558431154,56.89209268208997],[13.157807299282268,56.89180841229504],[13.158004727979934,56.89157003527218],[13.158084244020044,56.891374074393354],[13.158379263134925,56.89138033755852],[13.158512918641518,56.89134722826131],[13.1588187237303,56.89120098547445],[13.15919896209491,56.890930553691796],[13.159300803160908,56.89018704722227],[13.159535974929728,56.890111178903375],[13.159634632680646,56.88941252587407],[13.15970484684654,56.88888396288602],[13.159690470413524,56.88862312619855],[13.159691854863183,56.88837160603421],[13.15958168852403,56.88807280507868],[13.159388194597456,56.8880237867443],[13.159127258202027,56.88800029056586],[13.159035282018193,56.88790849593575],[13.159040992761799,56.88782776433482],[13.159109073493564,56.887793274794575]]]},"properties":{"OBJECTID":39091,"Uuid":"7B5F1FB6-1C56-404B-8CFF-6532EBDA4DEA","Beteckn":"SK 529-2003","LanKod":"13","Lan":"HALLANDS LÄN","KommunKod":"15","Kommun":"HYLTE","ArendeAr":2003,"Biotyp":"Äldre naturskogsartade skogar","Naturtyp":null,"AreaTot":5.4,"AreaProd":5.4,"Standort":"saknas","Datbeslut":1053907200000,"Url":"http://www.skogsstyrelsen.se/skogens-parlor/Biotopskydd/?objektid=2984191"}},{"type":"Feature","id":46095,"geometry":{"type":"Polygon","coordinates":[[[12.451333524938367,57.34298411781901],[12.45153105054517,57.34318706756825],[12.4517969712709,57.343733310695754],[12.451627088918814,57.34377370628396],[12.451383520398435,57.34389301276113],[12.451106991875342,57.344191151375846],[12.450876727284053,57.344346745214956],[12.450680636297799,57.34467398535323],[12.450719943439077,57.344971567931935],[12.45112975257527,57.345216132907346],[12.451480619785674,57.345378253554976],[12.450914022216928,57.34575851258122],[12.45075885786679,57.345637552506005],[12.450352737707163,57.34571657357633],[12.449703028996531,57.34591488737783],[12.44971040318455,57.34583421941586],[12.44978061113806,57.34561144238459],[12.449477865960755,57.345468571618056],[12.449281966195926,57.34524768724835],[12.448826517871163,57.344956969374685],[12.448623680075942,57.34444834141209],[12.449056614331901,57.34389379875444],[12.44921217475107,57.34364634991007],[12.449917937687,57.34392578558177],[12.450232752070859,57.3437544731311],[12.450707628477533,57.34365032637677],[12.450995000324772,57.34341538720543],[12.451141550031137,57.34326653542304],[12.450865416643659,57.34319626244698],[12.451333524938367,57.34298411781901]]]},"properties":{"OBJECTID":46095,"Uuid":"C1808B02-AB47-404E-9D85-895D85886D06","Beteckn":"SK 536-2005","LanKod":"14","Lan":"VÄSTRA GÖTALANDS LÄN","KommunKod":"63","Kommun":"MARK","ArendeAr":2005,"Biotyp":"Äldre naturskogsartade skogar","Naturtyp":null,"AreaTot":3.1,"AreaProd":3.1,"Standort":"saknas","Datbeslut":1124668800000,"Url":"http://www.skogsstyrelsen.se/skogens-parlor/Biotopskydd/?objektid=2988729"}},{"type":"Feature","id":44031,"geometry":{"type":"Polygon","coordinates":[[[13.148318545146937,56.383685706342135],[13.148684850606887,56.38377442503374],[13.14903872163288,56.383808967915364],[13.1507775336341,56.38442123837914],[13.150075240893889,56.38473861332637],[13.149287144914892,56.38489243086121],[13.149256597407078,56.385098414686546],[13.148855277378852,56.38551207840225],[13.14856786545537,56.385685605490785],[13.148151074941884,56.385856363781706],[13.147827546240304,56.386083015280285],[13.14612504965008,56.386342971063556],[13.146182323418255,56.386218416081135],[13.146201716458291,56.385940313620935],[13.146176882994308,56.3858319731154],[13.146277045805281,56.385789195779886],[13.146459927907925,56.38572124464617],[13.146741112724627,56.38563743734579],[13.14687297571215,56.385604326274716],[13.14697063273589,56.385597437753184],[13.146868070983079,56.3854425013972],[13.146839471480767,56.38538798598302],[13.146559654941816,56.385220254295014],[13.146339509150085,56.3851256901413],[13.146440299957233,56.385073944862654],[13.14664373880436,56.38494354120374],[13.147024430341201,56.384825932002876],[13.147521443712739,56.38466588365061],[13.147930811266109,56.38436919190549],[13.148093318248936,56.38389650123822],[13.148318545146937,56.383685706342135]]]},"properties":{"OBJECTID":44031,"Uuid":"D31084BB-B66D-400D-BB26-98FA228F71B7","Beteckn":"SK 92-2010","LanKod":"13","Lan":"HALLANDS LÄN","KommunKod":"81","Kommun":"LAHOLM","ArendeAr":2010,"Biotyp":"Mindre vattendrag och småvatten med omgivande mark","Naturtyp":null,"AreaTot":3.7,"AreaProd":3.5,"Standort":"saknas","Datbeslut":1282780800000,"Url":"http://www.skogsstyrelsen.se/skogens-parlor/Biotopskydd/?objektid=2995337"}},{"type":"Feature","id":53818,"geometry":{"type":"Polygon","coordinates":[[[12.740684702631116,57.04196541634192],[12.741361394006548,57.04275470469249],[12.741830508096463,57.043062696884625],[12.742521608854988,57.04327728767331],[12.742844168022698,57.04356371729883],[12.743295925569717,57.043682598319776],[12.743654141533122,57.04373628605311],[12.74454173444702,57.04376698868639],[12.744802947809793,57.04399800395809],[12.744327022995027,57.04437271303389],[12.743399123582645,57.04443087568642],[12.74310556008071,57.04399241042199],[12.742799851384783,57.0441017351054],[12.742551068001397,57.04432027111699],[12.742557379500541,57.04464388162722],[12.741746832475354,57.04467795289043],[12.738847684567977,57.04205517684639],[12.739163196610955,57.04202696931167],[12.739779416759841,57.042149893392875],[12.740684702631116,57.04196541634192]]]},"properties":{"OBJECTID":53818,"Uuid":"8381CF4A-C882-491D-BD06-24BCEFE0C64B","Beteckn":"SK 354-2007","LanKod":"13","Lan":"HALLANDS LÄN","KommunKod":"82","Kommun":"FALKENBERG","ArendeAr":2007,"Biotyp":"Äldre naturskogsartade skogar","Naturtyp":null,"AreaTot":3.9,"AreaProd":3.9,"Standort":"saknas","Datbeslut":1191456000000,"Url":"http://www.skogsstyrelsen.se/skogens-parlor/Biotopskydd/?objektid=2992239"}},{"type":"Feature","id":40820,"geometry":{"type":"Polygon","coordinates":[[[12.866902892061264,56.9260272003379],[12.866792253854651,56.92626801792876],[12.86639568450739,56.92658942155576],[12.867168802370392,56.927118797154364],[12.866476070748433,56.92775476483939],[12.866845164924126,56.928024285852615],[12.867252860009428,56.928713217029895],[12.867406557153293,56.92896317316576],[12.867906735902489,56.92914257711904],[12.866648735959131,56.930194592104904],[12.866101429954506,56.93011877926898],[12.86557946846498,56.930047871895304],[12.864488345887416,56.929898351785866],[12.862342960280237,56.92960557436778],[12.86298393129299,56.92864944902026],[12.862993403870329,56.92864790361679],[12.8641276239145,56.928878824087306],[12.864414882839638,56.92880815935383],[12.86466213150622,56.92874193251639],[12.864551265138934,56.92841261134744],[12.864277760531062,56.92779899403338],[12.864848635504018,56.92664968248096],[12.86552770553346,56.92661440981815],[12.866902892061264,56.9260272003379]]]},"properties":{"OBJECTID":40820,"Uuid":"0CA5195A-459C-41F0-8D52-871788BFB686","Beteckn":"SK 239-2020","LanKod":"13","Lan":"HALLANDS LÄN","KommunKod":"82","Kommun":"FALKENBERG","ArendeAr":2020,"Biotyp":"Äldre naturskogsartade skogar","Naturtyp":"Ädellövskog bok","AreaTot":7.4,"AreaProd":7.4,"Standort":"saknas","Datbeslut":1668038400000,"Url":"http://www.skogsstyrelsen.se/skogens-parlor/Biotopskydd/?objektid=3653683"}},{"type":"Feature","id":41306,"geometry":{"type":"Polygon","coordinates":[[[13.049487844072699,57.185550932945176],[13.050233641282825,57.1857559763746],[13.050593506152046,57.18603340073811],[13.050163178548106,57.1862575320244],[13.050019481843288,57.18663169644889],[13.050333809224554,57.1868542142285],[13.050430067625292,57.18711686011152],[13.050186587634704,57.187497813092385],[13.050539973094073,57.18764033832163],[13.050808094591176,57.18781692273663],[13.05091753356979,57.18812477154236],[13.050777175424697,57.18845409771344],[13.051232192606099,57.18878750276521],[13.05229878795686,57.18868514668727],[13.052611991853905,57.18870100473199],[13.053211024703176,57.189100459803164],[13.053388901838726,57.18893367404058],[13.053936881129097,57.18868516362447],[13.054217712256886,57.18869132369019],[13.054509728894201,57.18876959324106],[13.054655579386115,57.189033327661335],[13.054896700996478,57.18912845465724],[13.05538044179905,57.18907617090031],[13.055722691626213,57.189146562961035],[13.056337252116252,57.18911511727501],[13.056684375179795,57.18978752851075],[13.056750303041984,57.190013569274285],[13.056576960481234,57.19034217511248],[13.056237212341093,57.19046049855963],[13.055681518961851,57.19036746533532],[13.05543422022704,57.190577656244805],[13.05509647661633,57.19066906963193],[13.054634574340362,57.190649960905944],[13.054129621826435,57.19076465783069],[13.053791202618704,57.19086504262423],[13.05336334734733,57.19038849170189],[13.052559722894143,57.18962520021831],[13.052196281743724,57.1896172243885],[13.051422703099085,57.18933970864814],[13.05113890431734,57.188929200040306],[13.050685701438013,57.18879347382892],[13.050576279545432,57.18848561613068],[13.05046016400963,57.188267454043704],[13.05014580750724,57.18804493628868],[13.050035235453423,57.187530423745834],[13.050072474548026,57.187252743554126],[13.049669914792103,57.18665995091743],[13.049690643132209,57.18638190638975],[13.049578550604307,57.186109929571735],[13.04914525746415,57.185929714724736],[13.049487844072699,57.185550932945176]]]},"properties":{"OBJECTID":41306,"Uuid":"7FDD14E3-1E68-4761-955E-4D7C416DDA8A","Beteckn":"SK 549-2001","LanKod":"14","Lan":"VÄSTRA GÖTALANDS LÄN","KommunKod":"65","Kommun":"SVENLJUNGA","ArendeAr":2001,"Biotyp":"Äldre naturskogsartade skogar","Naturtyp":null,"AreaTot":6,"AreaProd":6,"Standort":"saknas","Datbeslut":1004054400000,"Url":"http://www.skogsstyrelsen.se/skogens-parlor/Biotopskydd/?objektid=2980061"}},{"type":"Feature","id":40038,"geometry":{"type":"Polygon","coordinates":[[[12.706759050153641,56.449689126646774],[12.705807692176457,56.45021347848509],[12.705632999677105,56.44976880240838],[12.706335128055914,56.44971447091123],[12.706759050153641,56.449689126646774]]]},"properties":{"OBJECTID":40038,"Uuid":"B8472635-5288-403F-8624-515798059D84","Beteckn":"SK 133-1996","LanKod":"12","Lan":"SKÅNE LÄN","KommunKod":"78","Kommun":"BÅSTAD","ArendeAr":1996,"Biotyp":"Ravinskogar","Naturtyp":null,"AreaTot":0.2,"AreaProd":0.2,"Standort":"saknas","Datbeslut":840153600000,"Url":"http://www.skogsstyrelsen.se/skogens-parlor/Biotopskydd/?objektid=2975641"}},{"type":"Feature","id":40665,"geometry":{"type":"Polygon","coordinates":[[[12.98873893894053,56.39299063296839],[12.988861029953128,56.393092246912914],[12.98943661214712,56.393195176532444],[12.989786444276074,56.393283992177004],[12.990240205709288,56.393500958656496],[12.991008449951805,56.39406649276553],[12.99124640678808,56.39413479045673],[12.99149522957133,56.39427521864826],[12.991566162667766,56.394411596616465],[12.991469791296883,56.39440042891189],[12.99101534541534,56.39419243355088],[12.99064733324952,56.39413016955501],[12.990497807960917,56.39418067675244],[12.990189194640795,56.394191634583656],[12.989861093868685,56.39424707345223],[12.989595692756765,56.394330892049034],[12.989493349011312,56.39440045062132],[12.989626992335074,56.39456521053488],[12.989846780099748,56.39466005900068],[12.99004643076868,56.394808355885395],[12.990570219454208,56.3949550313654],[12.990779147889125,56.39497774718958],[12.990936905335133,56.39503523804485],[12.991067889034754,56.395235881262494],[12.991331585040284,56.39539461355664],[12.991451690010534,56.39552313414444],[12.991370167025735,56.39553026080847],[12.99082583581454,56.39566165785262],[12.990669015191923,56.39581084471254],[12.99040360532614,56.39589465597464],[12.990251800879635,56.39575643633492],[12.989939334433613,56.395380956360015],[12.989549573132601,56.39517442667866],[12.989215224831423,56.39509494701209],[12.988860737471674,56.395068924026276],[12.988753227377977,56.394769978271356],[12.988789289715655,56.39450124652646],[12.988744481469157,56.39423068172809],[12.988601579528712,56.394191491900365],[12.98837515421584,56.39418634467305],[12.987790277177865,56.394208989700374],[12.98747304706666,56.394336544727565],[12.987258560733835,56.39416993984712],[12.988668947651645,56.393060922357826],[12.98873893894053,56.39299063296839]]]},"properties":{"OBJECTID":40665,"Uuid":"E84E1D64-7AC5-4DC5-9831-784D3F243BC6","Beteckn":"SK 143-1999","LanKod":"13","Lan":"HALLANDS LÄN","KommunKod":"81","Kommun":"LAHOLM","ArendeAr":1999,"Biotyp":"Alkärr","Naturtyp":null,"AreaTot":3.2,"AreaProd":3.2,"Standort":"saknas","Datbeslut":928108800000,"Url":"http://www.skogsstyrelsen.se/skogens-parlor/Biotopskydd/?objektid=2977613"}},{"type":"Feature","id":41661,"geometry":{"type":"Polygon","coordinates":[[[12.468394460064095,57.24850369367113],[12.469420361493318,57.24889529673748],[12.46976491411191,57.249090555983756],[12.469898033450841,57.249298675021855],[12.471165359405248,57.249854910938055],[12.471398967834572,57.24997945258672],[12.472060063787584,57.2504721135475],[12.472618381751838,57.250928463201284],[12.47307430651031,57.25134280414537],[12.473453131882414,57.25180695171439],[12.473648585451551,57.25202773335203],[12.473684750827431,57.2523451716975],[12.472759043959021,57.25279448946464],[12.47206629076831,57.25276342935424],[12.471906066643454,57.25264322405564],[12.471848822217922,57.252556464075],[12.471813224258073,57.25246159336471],[12.471545335783594,57.25222223090653],[12.471401510921876,57.2519397127583],[12.471284122880766,57.25188599021192],[12.470935606793958,57.25182475616781],[12.470503557150767,57.25183032698794],[12.470269931586895,57.25178281794433],[12.469180880979158,57.25123587260705],[12.469194353203408,57.2511163145908],[12.469059054476297,57.251016567263854],[12.468727949675712,57.2507787823486],[12.468458908095288,57.25063354395831],[12.468141226658407,57.2504302675248],[12.467743862890893,57.25039086609219],[12.466456930738547,57.24973718760786],[12.466940640246014,57.24943879652045],[12.468394460064095,57.24850369367113]]]},"properties":{"OBJECTID":41661,"Uuid":"A6997130-E3AE-432B-832A-682940910DD0","Beteckn":"SK 302-2015","LanKod":"13","Lan":"HALLANDS LÄN","KommunKod":"83","Kommun":"VARBERG","ArendeAr":2015,"Biotyp":"Ras- eller bergbranter","Naturtyp":"Ädellövskog ek","AreaTot":8.5,"AreaProd":7.9,"Standort":"saknas","Datbeslut":1445212800000,"Url":"http://www.skogsstyrelsen.se/skogens-parlor/Biotopskydd/?objektid=3214386"}},{"type":"Feature","id":52928,"geometry":{"type":"Polygon","coordinates":[[[12.436759841718212,57.33023943843914],[12.437059448703979,57.33028274086523],[12.437261334598281,57.330346374371366],[12.437452224087426,57.33034771191529],[12.43766335684347,57.33069679094207],[12.437901066462189,57.3307962645364],[12.438115285250095,57.33097753291578],[12.438488888889102,57.3312864689913],[12.438416361421922,57.33153794201028],[12.438447749145977,57.331679934027484],[12.438492859494948,57.33182220552933],[12.438430677498962,57.33192509552881],[12.43850407192768,57.332253942006865],[12.438695625457239,57.33246615630391],[12.438683210794624,57.332644452327706],[12.43901054411405,57.33248744255695],[12.439303380116165,57.3322330141221],[12.439520070166465,57.33228207215952],[12.4398850367488,57.332572207339574],[12.439861490157975,57.33271308063799],[12.439982305502237,57.33295360798069],[12.439949138776894,57.333034775198875],[12.4399841528433,57.33312476231295],[12.440212801996404,57.333397248448776],[12.440596193763287,57.33362079607234],[12.44078674897126,57.333847868654026],[12.44097368909214,57.334126936567785],[12.441584938156993,57.33443695930827],[12.441880223939213,57.3347405617287],[12.442233059681847,57.33500811967987],[12.44220743675772,57.33517871514889],[12.442274896354233,57.33539584075153],[12.44228035458138,57.335514981144996],[12.44189702880787,57.33568574273811],[12.441315910772083,57.335733441094355],[12.441021423379244,57.335615852337696],[12.44052965419535,57.335367768823495],[12.440570793536825,57.33497430350151],[12.440165095091933,57.33467590070046],[12.439886945125636,57.33452144548882],[12.43957511196813,57.33445557828932],[12.439221042046112,57.334403732388466],[12.438874151392005,57.33385357242273],[12.438521929376321,57.33397286990311],[12.437968815108214,57.334013681831436],[12.437842817962208,57.33384744826318],[12.437476052035835,57.33378045662751],[12.437148672413382,57.333543149639546],[12.436611851591223,57.33315278824945],[12.436435342488634,57.333119435321095],[12.435942375735753,57.33308706280752],[12.435596594743153,57.33291633678248],[12.434971186868337,57.333007739573084],[12.434727016313566,57.332563818756476],[12.434580313028581,57.33230043471637],[12.434512652750296,57.33188986898819],[12.434770783379141,57.331738908432136],[12.435016497101081,57.33176623422742],[12.435303394228264,57.33179440838573],[12.435801020576882,57.331759918245176],[12.436066671117844,57.33169837395325],[12.43607184942144,57.33162407810219],[12.43576553610529,57.331537392394424],[12.435356500380244,57.331377795454124],[12.435182598197843,57.33141276627547],[12.434858062181888,57.3315274146788],[12.434660507334645,57.331420702246525],[12.43457266900662,57.331080756318755],[12.434452697053953,57.33090996877337],[12.43438768664951,57.330783097360126],[12.434306570820823,57.33070275435616],[12.43438125782286,57.33050765649818],[12.434552215458153,57.330325675091416],[12.434856475656328,57.3302748154903],[12.43507662830378,57.330219390982045],[12.435291632951706,57.330238037894],[12.435513764387881,57.330355387642406],[12.435463761175074,57.33048084774054],[12.43555819110107,57.33064147964224],[12.43556549589676,57.3307743361822],[12.435581070153386,57.33091871162869],[12.435688173548336,57.331009352278556],[12.435961662370547,57.33103409724837],[12.436189214524939,57.33092713873994],[12.436263826565288,57.33064595413543],[12.436242285034398,57.33036280933822],[12.43645091716395,57.330329857138366],[12.436759841718212,57.33023943843914]]]},"properties":{"OBJECTID":52928,"Uuid":"48C68BB0-420A-42BB-BB01-1626B7F9299E","Beteckn":"SK 219-2018","LanKod":"14","Lan":"VÄSTRA GÖTALANDS LÄN","KommunKod":"63","Kommun":"MARK","ArendeAr":2018,"Biotyp":"Äldre naturskogsartade skogar","Naturtyp":"Ädellövskog ek","AreaTot":10.8,"AreaProd":10.8,"Standort":"saknas","Datbeslut":1545177600000,"Url":"http://www.skogsstyrelsen.se/skogens-parlor/Biotopskydd/?objektid=3437267"}},{"type":"Feature","id":52238,"geometry":{"type":"Polygon","coordinates":[[[13.370511987465271,56.55745403146551],[13.37091667660161,56.557618685572145],[13.37138012674985,56.55789693980193],[13.371659261417664,56.55809971644638],[13.371840755183728,56.558314161770646],[13.37181311440947,56.558464819901246],[13.371788315513639,56.55854893231082],[13.37172666740756,56.55876508994302],[13.37197727234981,56.558907926867484],[13.372297145305808,56.55952340265671],[13.37246986712517,56.55992419120058],[13.372098262205377,56.560264199781834],[13.371443555684527,56.56022616081524],[13.371172141918844,56.560116404602425],[13.370900423265132,56.56001377831551],[13.370224138446522,56.559820718882406],[13.369864414293797,56.55971943444256],[13.36950438535491,56.55962527947807],[13.369983376894353,56.55924276527028],[13.370329563448925,56.558756144851195],[13.369624302285807,56.55834225941703],[13.36913686982019,56.5585210038657],[13.368352254531525,56.55832594655218],[13.368812798120127,56.55774205295953],[13.36950913825558,56.55779165055888],[13.370511987465271,56.55745403146551]]]},"properties":{"OBJECTID":52238,"Uuid":"602FC442-C6A2-4237-9998-4D687756FF7C","Beteckn":"SK 586-2006","LanKod":"13","Lan":"HALLANDS LÄN","KommunKod":"81","Kommun":"LAHOLM","ArendeAr":2006,"Biotyp":"Äldre naturskogsartade skogar","Naturtyp":null,"AreaTot":4.1,"AreaProd":4.1,"Standort":"saknas","Datbeslut":1162857600000,"Url":"http://www.skogsstyrelsen.se/skogens-parlor/Biotopskydd/?objektid=2991047"}},{"type":"Feature","id":46722,"geometry":{"type":"Polygon","coordinates":[[[12.452701962088614,57.208452766929625],[12.452712652536468,57.20866698793739],[12.451926315621076,57.20881669994596],[12.451404385864153,57.20900630363446],[12.451471986936653,57.20922513131623],[12.450188042713133,57.20939579573232],[12.448640712874454,57.20941958643754],[12.448554790120287,57.20919003173525],[12.449136835534835,57.20886704714576],[12.449662200192568,57.20881213684071],[12.45003370654704,57.20877481341713],[12.450323810646386,57.208718580583515],[12.45067229083965,57.20864626899937],[12.451147542464563,57.208579981827256],[12.451744213957639,57.20850581415197],[12.452338254329765,57.20846954176775],[12.452510938762705,57.20845579194534],[12.452701962088614,57.208452766929625]]]},"properties":{"OBJECTID":46722,"Uuid":"66826DA8-D2E7-45CF-948A-054A361304FA","Beteckn":"SK 451-2014","LanKod":"13","Lan":"HALLANDS LÄN","KommunKod":"83","Kommun":"VARBERG","ArendeAr":2014,"Biotyp":"Ras- eller bergbranter","Naturtyp":"Ädellövskog ek","AreaTot":1.4,"AreaProd":1.3,"Standort":"saknas","Datbeslut":1426032000000,"Url":"http://www.skogsstyrelsen.se/skogens-parlor/Biotopskydd/?objektid=3138936"}},{"type":"Feature","id":40728,"geometry":{"type":"Polygon","coordinates":[[[13.097837827166076,57.419710157004076],[13.097937568640582,57.419712300878395],[13.098194280425771,57.41984359220588],[13.098266133304975,57.419997852494696],[13.098275470096473,57.42009687293327],[13.098391166025626,57.42010834106984],[13.098707028184055,57.420115139010406],[13.099002300791227,57.42017538248519],[13.099247021446285,57.420243524064965],[13.099509706901264,57.42029409204167],[13.099619438400925,57.42038628875947],[13.099727210384607,57.420505383735986],[13.099951345102436,57.420626988365875],[13.1002399954154,57.420776924652415],[13.100448827356933,57.42088022885858],[13.100426245035452,57.42096060021729],[13.100273305128024,57.421002230531634],[13.100071156855547,57.421033819142764],[13.099792511214002,57.42097392787882],[13.099515860489758,57.42088712918172],[13.099271799622375,57.42081002215471],[13.099009110825445,57.42075945366516],[13.098693907755488,57.42074369050537],[13.098425268725766,57.42077385070028],[13.098221790073548,57.420823377201955],[13.098079531557016,57.42094608466439],[13.09789869716513,57.421139837663986],[13.097791669388206,57.42123634646691],[13.097593548298546,57.42143870619354],[13.097400730113858,57.42156931094292],[13.097223880951509,57.42170924038771],[13.097127497353384,57.42188683695619],[13.097049727700359,57.422037885516886],[13.096985266842363,57.4222341317476],[13.097029887514463,57.42253155203545],[13.09702325118359,57.42262123850734],[13.096791879533225,57.42282287915931],[13.096697487017513,57.42297356858102],[13.096549891254377,57.42316802853032],[13.096297852269794,57.42319854296726],[13.096067091648766,57.42316662749132],[13.096131559621835,57.422970372820565],[13.09603847819206,57.42310312963124],[13.096189387525133,57.422863822474355],[13.096361604710179,57.422786674239475],[13.096418117670538,57.42269805587901],[13.096425404628324,57.422599394295396],[13.096320299661006,57.422444414908455],[13.096315625900498,57.42228261496371],[13.096313581099663,57.42208493285832],[13.096342811030615,57.42191487587607],[13.09638865953086,57.42174517781029],[13.096447816168109,57.42162067750173],[13.096633284842643,57.421364146707994],[13.096780872702508,57.42116968656047],[13.09708404672913,57.420897727038096],[13.09730276058717,57.42064191309471],[13.09748623940521,57.420412287971224],[13.097603874921365,57.42017226108225],[13.097474853507372,57.42011558530825],[13.09714634776202,57.42005462062865],[13.09716827113108,57.41998322479916],[13.097226756649427,57.4198676989695],[13.097400952947442,57.41976364239758],[13.097484076560075,57.41976542784127],[13.097684224700943,57.41976075013546],[13.097837827166076,57.419710157004076]]]},"properties":{"OBJECTID":40728,"Uuid":"B1395E50-F213-454F-9DF8-53F4C2447076","Beteckn":"SK 551-2004","LanKod":"14","Lan":"VÄSTRA GÖTALANDS LÄN","KommunKod":"65","Kommun":"SVENLJUNGA","ArendeAr":2004,"Biotyp":"Ravinskogar","Naturtyp":null,"AreaTot":2.6,"AreaProd":2.5,"Standort":"saknas","Datbeslut":1088467200000,"Url":"http://www.skogsstyrelsen.se/skogens-parlor/Biotopskydd/?objektid=2986637"}},{"type":"Feature","id":42792,"geometry":{"type":"Polygon","coordinates":[[[12.369191603343186,57.47090122821121],[12.369286370122243,57.47095772911329],[12.369657204626224,57.47109364720201],[12.370077934351755,57.47123092876566],[12.370066990086977,57.47134744795264],[12.370175873654182,57.471431292970586],[12.37048605202046,57.47150265790864],[12.37027546971558,57.47161372703216],[12.370043204306533,57.471778129402885],[12.369795978290432,57.47192414672611],[12.369622031908616,57.472000274720784],[12.369344057559863,57.472118491401794],[12.369078505532345,57.47228198167683],[12.368990263403319,57.472333494451156],[12.368877804063471,57.47246521213985],[12.368712069954125,57.47263142332982],[12.368602142576906,57.472736260194],[12.368462298183074,57.47280432745447],[12.36814430692841,57.472993348959534],[12.367968662430375,57.47308739494865],[12.367877053501687,57.47317475694301],[12.367618011594503,57.4734462488784],[12.36714963368403,57.47346042529044],[12.366838599849391,57.47339802121871],[12.366664640336932,57.47347414500464],[12.366522270049257,57.473569099871405],[12.366289113421743,57.47374245484688],[12.366191824502843,57.47371284150021],[12.366078749157113,57.47367381253775],[12.365969023255245,57.473598924191336],[12.365840991354357,57.47354150998163],[12.365678833644392,57.473492153565616],[12.36548341288216,57.47344188603044],[12.365285455621212,57.47341850763406],[12.365154042157004,57.47339695130423],[12.365022646153703,57.473375386213554],[12.364940299206523,57.473364156713075],[12.364759820664158,57.47333226390192],[12.364744863514918,57.47331388769829],[12.365886144068043,57.47270704848737],[12.369191603343186,57.47090122821121]]]},"properties":{"OBJECTID":42792,"Uuid":"A3A0A141-338F-4AC7-8C6B-1C41223DD74E","Beteckn":"SK 231-1995","LanKod":"14","Lan":"VÄSTRA GÖTALANDS LÄN","KommunKod":"63","Kommun":"MARK","ArendeAr":1995,"Biotyp":"Äldre naturskogsartade skogar","Naturtyp":null,"AreaTot":4,"AreaProd":4,"Standort":"saknas","Datbeslut":808531200000,"Url":"http://www.skogsstyrelsen.se/skogens-parlor/Biotopskydd/?objektid=2975157"}},{"type":"Feature","id":44956,"geometry":{"type":"Polygon","coordinates":[[[12.68820370471244,57.05204737483826],[12.68826951839585,57.05206272547129],[12.69064391999294,57.05210081325873],[12.690506501426245,57.052497894768244],[12.690670507525798,57.05254311957974],[12.690638883896776,57.052620052991784],[12.690433024647112,57.052573777635615],[12.690039214999272,57.05246796883008],[12.689912795094946,57.0526751275073],[12.689684408131408,57.05279744244201],[12.688277846571468,57.05296356796401],[12.687722968577546,57.053077757785665],[12.687192852226822,57.05309655357558],[12.686729771390556,57.05301643206724],[12.686318742254885,57.05311591128087],[12.685838418274596,57.05324108577038],[12.68569155911311,57.053191714249884],[12.68541896260732,57.052741453458836],[12.686121464804993,57.0526675289871],[12.686897464908185,57.052517720164246],[12.6873541816998,57.05237366565299],[12.687412068661924,57.052283666542905],[12.68820370471244,57.05204737483826]]]},"properties":{"OBJECTID":44956,"Uuid":"9AC30C52-98EB-48F2-BDC5-62CA858479C2","Beteckn":"SK 263-2012","LanKod":"13","Lan":"HALLANDS LÄN","KommunKod":"82","Kommun":"FALKENBERG","ArendeAr":2012,"Biotyp":"Äldre naturskogsartade skogar","Naturtyp":"Ädellövskog ek","AreaTot":2.3,"AreaProd":2.3,"Standort":"saknas","Datbeslut":1362960000000,"Url":"http://www.skogsstyrelsen.se/skogens-parlor/Biotopskydd/?objektid=2829606"}},{"type":"Feature","id":40379,"geometry":{"type":"Polygon","coordinates":[[[12.690612766860323,57.001062410703206],[12.691396752490842,57.00108596386935],[12.691359018766537,57.001320227426376],[12.691394804880659,57.00148285055341],[12.691485140304486,57.001583943404384],[12.69162409495357,57.00162752124008],[12.691769618885088,57.001641618737835],[12.69196772109888,57.0016509795585],[12.692260710913828,57.001647828713736],[12.692459166301308,57.001651488872945],[12.69265223124254,57.001657898016546],[12.692732261891342,57.00171643777587],[12.692730946214938,57.00182198631094],[12.692694140345129,57.001909752222815],[12.692631758906503,57.00198849139035],[12.692464146288167,57.00208453884342],[12.692273895872294,57.00211028992677],[12.69187698031154,57.00210296866899],[12.691531761196593,57.00210515504762],[12.691340069434423,57.00213741127623],[12.691256680482182,57.00206904037535],[12.691150369997267,57.00201287241579],[12.69104422027087,57.00195384963663],[12.690892666109292,57.001868305554346],[12.690761825827797,57.00178600126892],[12.690584413556197,57.0016115348754],[12.690558109608295,57.001445563812176],[12.690556319858436,57.00130572850437],[12.690572417258561,57.001214723246335],[12.690612766860323,57.001062410703206]]]},"properties":{"OBJECTID":40379,"Uuid":"ECDFF7AC-65C1-4647-B024-69DD1E667F4D","Beteckn":"SK 280-1995","LanKod":"13","Lan":"HALLANDS LÄN","KommunKod":"82","Kommun":"FALKENBERG","ArendeAr":1995,"Biotyp":"Mindre vattendrag och småvatten med omgivande mark","Naturtyp":null,"AreaTot":0.9,"AreaProd":0.9,"Standort":"saknas","Datbeslut":813542400000,"Url":"http://www.skogsstyrelsen.se/skogens-parlor/Biotopskydd/?objektid=2975255"}},{"type":"Feature","id":38347,"geometry":{"type":"Polygon","coordinates":[[[12.77268888553148,56.983821944443235],[12.77294510878823,56.983909027268176],[12.773311202384784,56.984061670145714],[12.77187748904214,56.98509609858521],[12.77119748319091,56.985160457859],[12.770301409422961,56.98504884831503],[12.77044230514091,56.984935463643886],[12.769504624669544,56.984930672447796],[12.769393671750723,56.98467639536023],[12.769429092242627,56.9844436443958],[12.770539804193168,56.98394049785947],[12.771116138924855,56.983936525125145],[12.77268888553148,56.983821944443235]]]},"properties":{"OBJECTID":38347,"Uuid":"6DC0C4AF-48A0-4631-8A0F-82B3E4A77EAD","Beteckn":"SK 168-2011","LanKod":"13","Lan":"HALLANDS LÄN","KommunKod":"82","Kommun":"FALKENBERG","ArendeAr":2011,"Biotyp":"Äldre naturskogsartade skogar","Naturtyp":null,"AreaTot":2.3,"AreaProd":2.2,"Standort":"saknas","Datbeslut":1308268800000,"Url":"http://www.skogsstyrelsen.se/skogens-parlor/Biotopskydd/?objektid=2996239"}},{"type":"Feature","id":53358,"geometry":{"type":"Polygon","coordinates":[[[12.973917679258395,56.82146753754287],[12.974383894698532,56.82158593956593],[12.975751185496076,56.821922447711486],[12.975935398191195,56.822303970728996],[12.975966873659017,56.822538287792874],[12.976007929456479,56.822862656086116],[12.976175797208409,56.823243814684055],[12.975972740633575,56.82332905138932],[12.975856885659073,56.823344389404504],[12.975760087741824,56.823324227262255],[12.975001558427296,56.82338787043375],[12.974207557626814,56.82196827080486],[12.974105258931871,56.821804224105094],[12.973917679258395,56.82146753754287]]]},"properties":{"OBJECTID":53358,"Uuid":"C83E3F33-0FA4-4A8D-ACD5-A7844C68530A","Beteckn":"SK 770-2001","LanKod":"13","Lan":"HALLANDS LÄN","KommunKod":"80","Kommun":"HALMSTAD","ArendeAr":2001,"Biotyp":"Äldre naturskogsartade skogar","Naturtyp":null,"AreaTot":1.6,"AreaProd":1.5,"Standort":"saknas","Datbeslut":1007942400000,"Url":"http://www.skogsstyrelsen.se/skogens-parlor/Biotopskydd/?objektid=2980503"}},{"type":"Feature","id":40717,"geometry":{"type":"MultiPolygon","coordinates":[[[[13.324885168899872,56.78012377783206],[13.325119301673745,56.78017138159559],[13.325546143497416,56.780325334911055],[13.32554273250608,56.78032621460778],[13.325542526079442,56.78033084827126],[13.3253972115718,56.78044840231869],[13.32535073796398,56.780469082578335],[13.32534897064409,56.78047090982886],[13.325348846613066,56.78047369361859],[13.325255000247523,56.780534495271205],[13.325258386410077,56.78053454073873],[13.325271281450677,56.78058566974231],[13.325276311310043,56.78058666276963],[13.325396371560839,56.78065682394218],[13.325554018875906,56.78072502762507],[13.325634311626946,56.78075389718148],[13.325738915778869,56.78080471175481],[13.32591615350475,56.78074069812458],[13.325930342931342,56.78073779761974],[13.325973545486603,56.78071522226239],[13.32589616424804,56.780494932428425],[13.32593690507574,56.78033799324112],[13.326196381079098,56.78044801481127],[13.326604709844212,56.78062641668424],[13.327445519381705,56.78078649180584],[13.327457870919853,56.78082525843468],[13.32801021796958,56.780948458025804],[13.328009760174902,56.78095874908101],[13.328114527423256,56.781132564041286],[13.328113498041002,56.78115570544601],[13.328151209067556,56.78125656811588],[13.328146170624311,56.78126422796625],[13.328141034695703,56.78127444732954],[13.327636174028516,56.78176947400114],[13.327635945072874,56.78177461952706],[13.327367859330575,56.78189969469158],[13.327130984083507,56.78195569532314],[13.327121381402028,56.7819607151267],[13.327112007747042,56.78196058940508],[13.326486721076275,56.782001099516144],[13.32642581681284,56.78200028233201],[13.32587368929716,56.78187192118428],[13.32517129306163,56.78174926725097],[13.325050058508994,56.781734772265345],[13.32481625888927,56.78172134417254],[13.324783098649593,56.78172789838031],[13.324734372086645,56.781609589903006],[13.324699118379487,56.78152944339331],[13.32468782356892,56.781404233738975],[13.324690155752526,56.781238440633736],[13.324702624705182,56.781147820247696],[13.324697930974802,56.78109742133222],[13.324698068265707,56.78109434120494],[13.324644611927868,56.781031857955014],[13.324642073259119,56.78102565092676],[13.324590038613115,56.78099406936017],[13.324581820152341,56.780989331513915],[13.32453472519559,56.780973253090565],[13.324512995405861,56.78089267717802],[13.324461930807173,56.78077618813721],[13.324453506245774,56.78077607496329],[13.324450692605879,56.780776037165296],[13.32431832102433,56.78065382831544],[13.324312929971915,56.78052252498683],[13.32429876146746,56.7803355114245],[13.324276230643086,56.78021014175391],[13.324255228117101,56.780172750115874],[13.324535452078143,56.78013297180314],[13.324885168899872,56.78012377783206]]],[[[13.323609561926716,56.77962046031845],[13.323622108406724,56.779620628953126],[13.324073621898362,56.77963358857078],[13.324624602651054,56.779668566960126],[13.324662242159167,56.77966907255443],[13.324687044534492,56.77967629746385],[13.324997411550681,56.77975630226053],[13.325009667512282,56.77976335860978],[13.32510391629427,56.77990249535601],[13.325127183554681,56.779944176310686],[13.325139423243453,56.77995123242779],[13.325182397454686,56.78005646175266],[13.325133290366864,56.78014616788833],[13.32504403036829,56.78011948680321],[13.325032106707225,56.78011488791907],[13.324895735394232,56.78009198584592],[13.32472188033477,56.78009408953443],[13.324535656947736,56.780101570788936],[13.324352683281013,56.78012684147405],[13.324239379012337,56.78014202295418],[13.324194003072034,56.78006538831458],[13.32419244190621,56.78006259086813],[13.32406263215431,56.77998395011087],[13.324059386125233,56.77998113002283],[13.32405445522048,56.77997828729471],[13.323915098280564,56.779886552241486],[13.323911811026163,56.77988465708568],[13.323903592891625,56.77987991919581],[13.323790773154181,56.77979872999139],[13.323784240321782,56.779794005757346],[13.323762964698787,56.779778902993606],[13.323759677461442,56.77977700783386],[13.323662327623023,56.77968953899828],[13.323640680131108,56.779672867764845],[13.323649853487142,56.77967196673068],[13.323650295150033,56.77967197266687],[13.323612032962847,56.779626342989665],[13.3236156604908,56.77962831461004],[13.32361696659166,56.77962912287525],[13.323609561926716,56.77962046031845]]],[[[13.321105205865647,56.77796933979849],[13.32115702883646,56.77801246621321],[13.321823109508168,56.778370043993434],[13.321826314739699,56.77837377111393],[13.321832774275258,56.778379393003895],[13.321882319524553,56.778423710463585],[13.322024956723077,56.77853999506286],[13.322252117502835,56.77864449559564],[13.322258840404855,56.778644586031525],[13.3223445765086,56.77868079115196],[13.322354406208495,56.778686449360976],[13.322360964395102,56.77869023055318],[13.322605258062875,56.778711963237164],[13.322707034630406,56.77884060043838],[13.322706952485625,56.778842441329594],[13.322777121457266,56.778926391583234],[13.322870319729446,56.779021712429],[13.323011481881942,56.77917117686336],[13.323014588409608,56.77917675360535],[13.32301450627884,56.77917859449673],[13.323209028190249,56.77937904914325],[13.323457317076949,56.77961295982228],[13.323544436951028,56.77969344448839],[13.32365442228623,56.779788990347164],[13.323657775662998,56.77978903541801],[13.323853091085057,56.7799299987195],[13.32386316761214,56.779930134135824],[13.324121294821639,56.78009407199334],[13.32418916790794,56.780229638287956],[13.324200625307355,56.780274063006395],[13.324219447561868,56.780455074007186],[13.3242276832478,56.780647021686754],[13.324237939252303,56.78067213872977],[13.32437029246083,56.78078520932826],[13.324416162229273,56.78088934566087],[13.324434941277131,56.78099682000085],[13.324543956131004,56.78104450503943],[13.324553967257616,56.78104648151366],[13.32460526638035,56.78110447909805],[13.324597696290041,56.78119866057815],[13.32459431283117,56.781350206787266],[13.32461268109491,56.78146691249801],[13.32461580360223,56.78147250738025],[13.324644676813024,56.78158011726091],[13.324644512295809,56.7815838080253],[13.324698403665268,56.78170962577297],[13.32470427196921,56.781724494461066],[13.324705205507112,56.78174210927789],[13.324649051920897,56.781754069285576],[13.32433117540356,56.78204040297077],[13.324320736030248,56.78204802605459],[13.324230949273142,56.78202242457434],[13.324224880116796,56.782022343032864],[13.324110471143385,56.78200527019692],[13.32410243909686,56.78200405707866],[13.323953049784272,56.782000944537565],[13.323949025494803,56.78200089046071],[13.32368610110972,56.78196075082707],[13.323539382511866,56.78189776841891],[13.323498626976834,56.781815148519904],[13.323543995912791,56.78174920391162],[13.323611432670159,56.7817323642591],[13.323599161244534,56.781690049093605],[13.323595384120658,56.781684454372005],[13.323593454567309,56.781682209058665],[13.32340118486634,56.781598648807325],[13.323395280355724,56.78159524486193],[13.32330003528136,56.781510778237205],[13.323300134230854,56.78150856018808],[13.323296093636737,56.78150850587055],[13.323226013536306,56.78142793566998],[13.323149550477066,56.78128315122882],[13.32316532091067,56.78115053293919],[13.32313607579915,56.78107227278708],[13.323126878761297,56.78100692453949],[13.322900553684983,56.78091670572646],[13.322622041591663,56.78076757761092],[13.322449222605009,56.78070091826735],[13.322293506177601,56.78061341809755],[13.322189788714658,56.78058318895951],[13.3221877766476,56.78058316189311],[13.322044594471667,56.780576796956176],[13.322032489355836,56.780576634102964],[13.321902995344404,56.780580435871684],[13.321896992100246,56.78057924990439],[13.321764266649822,56.78051978716218],[13.321756185680496,56.78051967842871],[13.321654993902218,56.78043290210286],[13.321646912952014,56.78043279336242],[13.32159491432264,56.780421005719184],[13.321588845432986,56.780420924050965],[13.321483711334768,56.780377358969936],[13.321365124570805,56.78032203063189],[13.321323511317152,56.7802495967775],[13.321325330806317,56.78018173697247],[13.321283174341392,56.78009398475922],[13.321255040429987,56.779963830723624],[13.321251527672901,56.77996112378029],[13.321177280937242,56.779913535394385],[13.321036606828551,56.77994158996279],[13.320853295063422,56.780071116949564],[13.320719148027065,56.78008861140119],[13.320527377625726,56.780066728740806],[13.32052374614305,56.780066679841106],[13.320376758688703,56.78001878536215],[13.320374397494438,56.78001741474769],[13.32037082540657,56.780016036811745],[13.320038383110791,56.779669487197594],[13.320013184649014,56.77958435303868],[13.31992189620955,56.7795112495616],[13.319778967520406,56.77948137074034],[13.319659185536159,56.779503056041335],[13.31954546003171,56.77947091072521],[13.319472010561892,56.77943264984745],[13.319372008074723,56.779418659976784],[13.319325165803216,56.77946327900307],[13.319316615140723,56.77951907063599],[13.31933568409359,56.779580553777265],[13.31924097703684,56.77958393196226],[13.319110837280965,56.77953892266159],[13.31901793296345,56.779447826027024],[13.319021790754434,56.779388646581474],[13.319104840635005,56.77932055170992],[13.319106110537215,56.779319238992386],[13.319177662145504,56.77929158493016],[13.3191995737598,56.779235317429965],[13.319127463522895,56.77916712621132],[13.319023839648878,56.779125798734526],[13.319021448440598,56.77912510159035],[13.319004574755482,56.77912287942157],[13.31899422510627,56.779083473939856],[13.319041783355221,56.778111872774716],[13.321105205865647,56.77796933979849]]]]},"properties":{"OBJECTID":40717,"Uuid":"CD8434CA-13ED-4B2F-BF5D-9E08DF108676","Beteckn":"SK 402-2018","LanKod":"07","Lan":"KRONOBERGS LÄN","KommunKod":"81","Kommun":"LJUNGBY","ArendeAr":2018,"Biotyp":"Äldre naturskogsartade skogar","Naturtyp":"Ädellövskog bok","AreaTot":10.4,"AreaProd":10.4,"Standort":"saknas","Datbeslut":1573776000000,"Url":"http://www.skogsstyrelsen.se/skogens-parlor/Biotopskydd/?objektid=3471496"}},{"type":"Feature","id":51844,"geometry":{"type":"Polygon","coordinates":[[[12.268590233178463,57.23977648768386],[12.269508222854887,57.23994148230311],[12.269917227309344,57.24007048278562],[12.27037280029882,57.24008668718801],[12.270861015026185,57.23984008979682],[12.271919231307706,57.24034848372688],[12.273203870545942,57.2409460509063],[12.273134841651864,57.2409959236301],[12.273448231834218,57.24122848226612],[12.274006265025687,57.24150593155446],[12.27448379419307,57.241344027692065],[12.274901634450181,57.24172155976451],[12.275144748874924,57.24195532994713],[12.275184479214955,57.24207462738826],[12.275127605666565,57.24226546193543],[12.274051224127774,57.24230248616625],[12.273712228845193,57.242604480447824],[12.273193232520665,57.242540482679594],[12.272059234243956,57.242538482888015],[12.27118622994716,57.24264048451864],[12.270879233451822,57.24272548390282],[12.270481237852643,57.242726485885655],[12.268777225035327,57.24288148593095],[12.267157229540333,57.24332348787558],[12.26665881529778,57.24337285535357],[12.26611093084873,57.24343298022758],[12.265451915169733,57.24323457836488],[12.264078230514114,57.24256548292027],[12.263128226426876,57.24196648738458],[12.263548233148171,57.241829488057256],[12.26382723144539,57.241580487734446],[12.26408622523323,57.24169748467438],[12.26437885491926,57.24165904005392],[12.264713230358778,57.241616489153415],[12.264714396993613,57.24161595734843],[12.265069271662545,57.24141642904246],[12.265417237083962,57.241251485542925],[12.266159230553304,57.240697482726794],[12.265941232565993,57.240251482865965],[12.267282917444842,57.239915316258994],[12.267234945379832,57.24008638950273],[12.267234934086803,57.240086542042356],[12.268515996179252,57.24000913769633],[12.268590233178463,57.23977648768386]]]},"properties":{"OBJECTID":51844,"Uuid":"9705FC9C-72D4-4522-9194-C93930AC1BAA","Beteckn":"SK 184-2016","LanKod":"13","Lan":"HALLANDS LÄN","KommunKod":"83","Kommun":"VARBERG","ArendeAr":2016,"Biotyp":"Äldre naturskogsartade skogar","Naturtyp":"Ädellövskog ek","AreaTot":17,"AreaProd":15.6,"Standort":"saknas","Datbeslut":1478563200000,"Url":"http://www.skogsstyrelsen.se/skogens-parlor/Biotopskydd/?objektid=3272597"}},{"type":"Feature","id":52508,"geometry":{"type":"Polygon","coordinates":[[[13.335661436933599,56.86878162956936],[13.336100191006688,56.86884420813905],[13.336489802540848,56.86890581614369],[13.3367096879231,56.86905390056316],[13.336897980590914,56.86918339582409],[13.336521603912697,56.869418503971836],[13.336246937517926,56.87134449791434],[13.335856110022267,56.871300834576715],[13.335595752145537,56.87126872952216],[13.335426196154074,56.871103676070604],[13.335289411684032,56.87093926582915],[13.335478479889135,56.87006263766979],[13.334942207204788,56.8689919829641],[13.335097928987379,56.868869290346666],[13.335348991445162,56.86879341430891],[13.335661436933599,56.86878162956936]]]},"properties":{"OBJECTID":52508,"Uuid":"DE1E681C-515E-4471-AF28-30B0DD18ECD9","Beteckn":"SK 660-2008","LanKod":"07","Lan":"KRONOBERGS LÄN","KommunKod":"81","Kommun":"LJUNGBY","ArendeAr":2008,"Biotyp":"Äldre naturskogsartade skogar","Naturtyp":null,"AreaTot":1.9,"AreaProd":1.9,"Standort":"saknas","Datbeslut":1229472000000,"Url":"http://www.skogsstyrelsen.se/skogens-parlor/Biotopskydd/?objektid=2994215"}},{"type":"Feature","id":52485,"geometry":{"type":"Polygon","coordinates":[[[12.341698888458666,57.255175983145826],[12.34215039947434,57.25526686285426],[12.342766322908405,57.255414000712534],[12.342853353489062,57.25563127235044],[12.342874192156096,57.255707330891575],[12.343061778195107,57.25587469408144],[12.343962790509567,57.25586521612457],[12.344267409321041,57.255948703881494],[12.346917071788662,57.25717459722926],[12.34706161402557,57.25743445697143],[12.347878466999855,57.257801440415165],[12.347524864282176,57.257875100514255],[12.347173716822052,57.25777923365247],[12.347066866637876,57.257654275881016],[12.346200123531792,57.25749063592785],[12.345746652124756,57.25757308236097],[12.345547727190453,57.25739961526445],[12.345780365935719,57.256873797141026],[12.345611397162202,57.25680745146992],[12.345246060089401,57.25676264054165],[12.344475395287063,57.25642390971693],[12.343813288613545,57.25633287216261],[12.343536842472526,57.256369822495444],[12.343544689213,57.25699203233074],[12.34285382823392,57.25729985948276],[12.342422119837407,57.25729928191084],[12.342644021759854,57.25780047053837],[12.34141298812847,57.258151071376766],[12.341009281128837,57.25805407463923],[12.340522525984325,57.25808656632662],[12.339488512772908,57.257859789343925],[12.33948345150051,57.257858684568184],[12.33947792168366,57.257857408099426],[12.339744166510808,57.25760638360049],[12.339743588530954,57.25760611971955],[12.33974376576215,57.257605961704705],[12.339500779992587,57.257318115855064],[12.339045740335058,57.25713013595805],[12.338650478316607,57.25691631572642],[12.338893136027245,57.25672742462031],[12.339063244118098,57.25659549341847],[12.33941577876388,57.25635461078075],[12.33926792961697,57.256214514924466],[12.339585783687884,57.25604147804846],[12.339754477808569,57.25595276212578],[12.340153385013549,57.255623078183646],[12.340178353446573,57.255532297617805],[12.340892135686051,57.255265906919334],[12.341698888458666,57.255175983145826]]]},"properties":{"OBJECTID":52485,"Uuid":"A8B3C485-BE56-42F4-9A70-5C5302C5B8B8","Beteckn":"SK 378-2018","LanKod":"13","Lan":"HALLANDS LÄN","KommunKod":"83","Kommun":"VARBERG","ArendeAr":2018,"Biotyp":"Äldre naturskogsartade skogar","Naturtyp":"Ädellövskog ek","AreaTot":7.8,"AreaProd":7,"Standort":"saknas","Datbeslut":1568937600000,"Url":"http://www.skogsstyrelsen.se/skogens-parlor/Biotopskydd/?objektid=3465070"}},{"type":"Feature","id":43734,"geometry":{"type":"Polygon","coordinates":[[[12.77806914900175,57.17685743667353],[12.778632326820441,57.177050723178844],[12.779585147672565,57.17692996744195],[12.77997809808773,57.177182041091264],[12.779852254049365,57.17730479191825],[12.779526106352101,57.17785396982861],[12.780344670067102,57.178161235153674],[12.780673072961692,57.17839377916301],[12.78132323151779,57.178535250639236],[12.782036904478556,57.178911845985716],[12.780684507452861,57.17966988683665],[12.779489791296221,57.179308629855626],[12.779075912970995,57.179109956830416],[12.778496558303068,57.17911394384319],[12.778262824843274,57.17893758852541],[12.77812120070813,57.17864665665351],[12.777850434236557,57.178316666785115],[12.778490702421346,57.177972733083244],[12.778236066013175,57.177849788836355],[12.777310008390211,57.17784539313711],[12.777023824831325,57.177703708819564],[12.776204932656858,57.17719875006029],[12.7767314411708,57.177031774673736],[12.777585942965416,57.176899676855626],[12.77806914900175,57.17685743667353]]]},"properties":{"OBJECTID":43734,"Uuid":"5C93CE61-C87D-4E05-924C-B270A64BE079","Beteckn":"SK 215-2011","LanKod":"13","Lan":"HALLANDS LÄN","KommunKod":"82","Kommun":"FALKENBERG","ArendeAr":2011,"Biotyp":"Äldre naturskogsartade skogar","Naturtyp":null,"AreaTot":5,"AreaProd":5,"Standort":"saknas","Datbeslut":1314057600000,"Url":"http://www.skogsstyrelsen.se/skogens-parlor/Biotopskydd/?objektid=2996333"}},{"type":"Feature","id":42999,"geometry":{"type":"MultiPolygon","coordinates":[[[[12.851964659617888,57.527300600217096],[12.85211599669033,57.52745414895178],[12.852167783556261,57.52754747221909],[12.852134656595574,57.52762393123553],[12.851980462236707,57.52771373945007],[12.851911363120802,57.52781732402278],[12.851901042408548,57.52799276801394],[12.851910702052406,57.528217855014944],[12.851924788771647,57.52826688553362],[12.85177589598855,57.52828469389143],[12.850609287366122,57.52841834434591],[12.849979116688878,57.528492692050506],[12.849909762951038,57.52850260737904],[12.849715783606966,57.5279463042854],[12.84992323310692,57.527925192073376],[12.850335759492381,57.527922974168284],[12.85050404898785,57.52788579292305],[12.850473693651253,57.5278174899573],[12.850540803775685,57.527747765200296],[12.850925960252704,57.52752940251477],[12.85141040785863,57.527472948062474],[12.851564964335502,57.52737699170193],[12.851721079053851,57.52735192057408],[12.851964659617888,57.527300600217096]]],[[[12.852979262001357,57.525149563910055],[12.85340808189674,57.52516199913424],[12.854205187487619,57.525297542307804],[12.854575534263985,57.52557239511864],[12.854651308692839,57.525790267441806],[12.854802264931577,57.52596175928292],[12.85534077418045,57.52625247023861],[12.856086238860124,57.52644706506255],[12.856546691327912,57.526558848218244],[12.857680053534187,57.52672969606789],[12.857111156514186,57.52764267433227],[12.854232557889713,57.527983599279814],[12.852035140733836,57.52824462016137],[12.851999799739206,57.52816390476448],[12.852013127507924,57.528034732863325],[12.851997837666312,57.52790506485228],[12.852021526893868,57.52779454330339],[12.852116873042899,57.52773146234602],[12.852236922998754,57.52763799982599],[12.852273325490017,57.52750612965178],[12.852199187038432,57.527403189005575],[12.852118074482684,57.52732170355354],[12.852036221706676,57.52725252443134],[12.852121113569243,57.52708118911317],[12.852405629958929,57.52678819246873],[12.852209409263292,57.5265537752526],[12.852390715358638,57.52639253601677],[12.852686544758708,57.52620300055],[12.852381582257157,57.52591192211161],[12.852161529199606,57.525582410941794],[12.852257619078241,57.52540945108996],[12.852979262001357,57.525149563910055]]]]},"properties":{"OBJECTID":42999,"Uuid":"C39CC1C8-6A00-4616-B464-69B3ECA07233","Beteckn":"SK 157-2022","LanKod":"14","Lan":"VÄSTRA GÖTALANDS LÄN","KommunKod":"63","Kommun":"MARK","ArendeAr":2022,"Biotyp":"Äldre betespräglad skog","Naturtyp":"Ädellövskog ek","AreaTot":8.1,"AreaProd":8.1,"Standort":"saknas","Datbeslut":1671494400000,"Url":"http://www.skogsstyrelsen.se/skogens-parlor/Biotopskydd/?objektid=3805316"}},{"type":"Feature","id":53103,"geometry":{"type":"Polygon","coordinates":[[[12.522607099710442,57.0740473499868],[12.523900336887866,57.07416214341966],[12.524735522196863,57.074606360445166],[12.526880802651414,57.0747883738],[12.526789612311276,57.07507353089407],[12.526453276303457,57.07514559581729],[12.526367303811199,57.07574538486124],[12.52412857078476,57.075686720395645],[12.522804305369023,57.07517574368426],[12.522009382641576,57.07446299327319],[12.522607099710442,57.0740473499868]]]},"properties":{"OBJECTID":53103,"Uuid":"DA018E0F-7605-4094-A27E-04E63B3D2C09","Beteckn":"SK 897-2005","LanKod":"13","Lan":"HALLANDS LÄN","KommunKod":"83","Kommun":"VARBERG","ArendeAr":2005,"Biotyp":"Äldre naturskogsartade skogar","Naturtyp":null,"AreaTot":3.3,"AreaProd":3.3,"Standort":"saknas","Datbeslut":1133136000000,"Url":"http://www.skogsstyrelsen.se/skogens-parlor/Biotopskydd/?objektid=2989451"}},{"type":"Feature","id":53696,"geometry":{"type":"Polygon","coordinates":[[[12.658148833625464,56.9409420530077],[12.658183837693667,56.941152051901625],[12.658271838377507,56.94134805393745],[12.658296843764893,56.941471054809696],[12.65853784615669,56.941634057210486],[12.658204840786818,56.9421920524164],[12.658798835741724,56.942511051043056],[12.659498850692607,56.94306704952305],[12.658354837013496,56.943384051276134],[12.657891136243835,56.94328104076328],[12.657459845664821,56.94331405509038],[12.656460839977203,56.94277805174804],[12.655992620725756,56.94245437286536],[12.656102501913448,56.942263122181515],[12.655638692518531,56.94218808536348],[12.655200839413906,56.94187905486094],[12.65628084902557,56.94119704997819],[12.656770837543116,56.940950054670225],[12.657030841399902,56.9409680488201],[12.658148833625464,56.9409420530077]]]},"properties":{"OBJECTID":53696,"Uuid":"0A5E3324-8EBB-4E00-A9DF-1AEB75B7957E","Beteckn":"SK 183-2016","LanKod":"13","Lan":"HALLANDS LÄN","KommunKod":"82","Kommun":"FALKENBERG","ArendeAr":2016,"Biotyp":"Äldre naturskogsartade skogar","Naturtyp":"Ädellövskog ek","AreaTot":3.9,"AreaProd":3.9,"Standort":"saknas","Datbeslut":1507593600000,"Url":"http://www.skogsstyrelsen.se/skogens-parlor/Biotopskydd/?objektid=3272581"}},{"type":"Feature","id":38940,"geometry":{"type":"Polygon","coordinates":[[[12.46784684212513,57.04229826261602],[12.469338568597387,57.0423919648875],[12.469269085261537,57.044268187753815],[12.469356842138012,57.044576049992266],[12.471621644883884,57.04469034532142],[12.471726323971955,57.04480995533455],[12.473087823488147,57.04470244997517],[12.474275563697503,57.04487785769779],[12.475756580279834,57.04490830315641],[12.477002154733407,57.04443822872508],[12.478304256207958,57.044257205599166],[12.47871300739135,57.044295032382024],[12.479288250352548,57.044499036183566],[12.478586250230634,57.04497459987466],[12.478500393338972,57.04519696087858],[12.478265718718461,57.04542435869431],[12.477954028963211,57.045407080000004],[12.476310537593234,57.045165669621504],[12.476086682094277,57.045456244387836],[12.476524330519258,57.04553977538968],[12.476189343913132,57.04578247439281],[12.474752862997342,57.0454387118663],[12.473745205204496,57.045277089212675],[12.473272262484329,57.045219563357655],[12.471509667133516,57.04501984765771],[12.470099263401739,57.04493731526114],[12.469671195272388,57.045114614096],[12.46917895600277,57.045272217895366],[12.467582807324556,57.045238628905835],[12.467432032313814,57.04508183821431],[12.467158643973344,57.044454514407256],[12.466446280424046,57.044309698502026],[12.466433173439007,57.04390497287645],[12.466906556264526,57.043773833594805],[12.46716383787403,57.043295457233924],[12.467530589853496,57.04288289600555],[12.467631795115375,57.042490215910426],[12.46784684212513,57.04229826261602]]]},"properties":{"OBJECTID":38940,"Uuid":"B62D37A8-C842-4630-839B-597D831CEE43","Beteckn":"SK 315-2008","LanKod":"13","Lan":"HALLANDS LÄN","KommunKod":"83","Kommun":"VARBERG","ArendeAr":2008,"Biotyp":"Äldre naturskogsartade skogar","Naturtyp":null,"AreaTot":8.1,"AreaProd":8.1,"Standort":"saknas","Datbeslut":1218585600000,"Url":"http://www.skogsstyrelsen.se/skogens-parlor/Biotopskydd/?objektid=2993525"}},{"type":"Feature","id":53080,"geometry":{"type":"Polygon","coordinates":[[[12.622963650723436,57.19621626419335],[12.623171403204285,57.19630240645794],[12.622999301654833,57.196378901269775],[12.62268840353159,57.196721442131825],[12.622959911881734,57.19683615595751],[12.622865275040533,57.197166213171585],[12.622436145085743,57.197344012989355],[12.622453258507221,57.19772182879352],[12.622620277432409,57.19789678560858],[12.623018530366934,57.19807761352333],[12.622824785262827,57.19840515558653],[12.62218197531862,57.198757233320386],[12.621800528533853,57.198765525482656],[12.621566782822693,57.19917291576139],[12.6212805787016,57.1992285453298],[12.620979877848322,57.199068162970974],[12.620559683447413,57.19894966467795],[12.620288167339792,57.19883494563208],[12.62003392395034,57.198711683939194],[12.619715169577072,57.19856880308153],[12.61984780381494,57.19837449826267],[12.620351827815437,57.198288458417345],[12.620411413047378,57.19817316932147],[12.620771413492786,57.19802955305521],[12.620797973596126,57.19791342204963],[12.620294458063322,57.19780179935662],[12.619955320135485,57.19770332974563],[12.61981749256216,57.19757403459525],[12.620019271437886,57.19734554462294],[12.620618505155536,57.197306852405625],[12.621089783813613,57.19740866974139],[12.621520767656547,57.197401642206664],[12.621545477996358,57.197114743385036],[12.62178366545744,57.19703991618216],[12.621682732881524,57.19686663287627],[12.621716233393222,57.19666980953417],[12.621906119134533,57.1963871010135],[12.622093976096275,57.19631998246072],[12.622426622356702,57.196301473256646],[12.622963650723436,57.19621626419335]]]},"properties":{"OBJECTID":53080,"Uuid":"A8090C20-FF46-4C7C-A9B3-EB4A8F57990B","Beteckn":"SK 308-2007","LanKod":"13","Lan":"HALLANDS LÄN","KommunKod":"83","Kommun":"VARBERG","ArendeAr":2007,"Biotyp":"Äldre naturskogsartade skogar","Naturtyp":null,"AreaTot":3.5,"AreaProd":3.5,"Standort":"saknas","Datbeslut":1188518400000,"Url":"http://www.skogsstyrelsen.se/skogens-parlor/Biotopskydd/?objektid=2992147"}},{"type":"Feature","id":47006,"geometry":{"type":"Polygon","coordinates":[[[12.770850979749325,57.05061643502259],[12.770900342132437,57.05061762825842],[12.772428354930751,57.051085951282985],[12.772670412916385,57.05094805957413],[12.772880648461818,57.051402402122015],[12.773364394320286,57.05214189589867],[12.773546488114338,57.05233499364881],[12.773543549398815,57.052370859169955],[12.774001728554184,57.05261556577239],[12.774832887267968,57.05273453229759],[12.775093617204538,57.05297445905664],[12.776445520102358,57.053582221864346],[12.774358611943393,57.05430439142318],[12.774180515327082,57.05426414011328],[12.77290394000261,57.053945690594844],[12.773199773896394,57.05375519645643],[12.773306556874804,57.05365894814868],[12.773000125802227,57.05337298642775],[12.772748927248832,57.053016494212784],[12.77309011348448,57.052674347418765],[12.773313192148915,57.052365280583665],[12.77247255201903,57.05195855927225],[12.770341595448995,57.05099941572269],[12.770749330772958,57.0506499052549],[12.770850979749325,57.05061643502259]]]},"properties":{"OBJECTID":47006,"Uuid":"3F5C60E1-AD80-42BD-A2E8-9A5955E5FA8A","Beteckn":"SK 211-2000","LanKod":"13","Lan":"HALLANDS LÄN","KommunKod":"82","Kommun":"FALKENBERG","ArendeAr":2000,"Biotyp":"Äldre naturskogsartade skogar","Naturtyp":null,"AreaTot":4.1,"AreaProd":4.1,"Standort":"saknas","Datbeslut":961372800000,"Url":"http://www.skogsstyrelsen.se/skogens-parlor/Biotopskydd/?objektid=2978443"}},{"type":"Feature","id":42824,"geometry":{"type":"Polygon","coordinates":[[[13.042202544707841,56.8448760410729],[13.042578349882653,56.84489334624153],[13.042693414375941,56.84511151990085],[13.043005555416212,56.845325073217914],[13.043355062825174,56.8454765532937],[13.043434749463072,56.84572988132299],[13.043471949946438,56.84589242468669],[13.043526843388827,56.84603738151998],[13.04367863057521,56.84620246638661],[13.043994742550185,56.84636219137049],[13.044240278583304,56.84636762873891],[13.044689986331626,56.84649437317444],[13.044730499722949,56.84661206587953],[13.045082019179597,56.84673664196039],[13.04512186969415,56.84686330096503],[13.045219927748024,56.847090074734794],[13.04522638865767,56.84722498101562],[13.045247218993664,56.847387159575746],[13.045641757095224,56.847818149677785],[13.045889116032694,56.84802127304954],[13.046241819220816,56.848352510793255],[13.04643876558305,56.848572492168145],[13.046209594494215,56.848567423200734],[13.045916413098539,56.848318357742144],[13.045565705946226,56.84796021983123],[13.045351740048723,56.847748848488955],[13.045207728932041,56.84770073903514],[13.045023850705006,56.847525970148446],[13.044906123282775,56.847343682466175],[13.044688858161146,56.84717715134563],[13.04458154710848,56.847075952684456],[13.04430658776913,56.84702494632583],[13.044078249517856,56.84678630021188],[13.043948122379724,56.84654983050645],[13.04354816904662,56.84641520080958],[13.043272567588536,56.846373158877604],[13.043170549740903,56.846200200310605],[13.043021424636628,56.84599924023154],[13.042774742968506,56.845787144645804],[13.042519467026905,56.84569164853324],[13.042382086388379,56.8455538354071],[13.04231412920257,56.845363663187136],[13.041965122278143,56.84542780272076],[13.041607670003838,56.84538395200993],[13.041742934943597,56.844883829507346],[13.042086648707022,56.84489144025367],[13.042202544707841,56.8448760410729]]]},"properties":{"OBJECTID":42824,"Uuid":"9A383FDB-8F65-450E-AC0D-8E7B18B8EBCA","Beteckn":"SK 115-2007","LanKod":"13","Lan":"HALLANDS LÄN","KommunKod":"15","Kommun":"HYLTE","ArendeAr":2007,"Biotyp":"Mindre vattendrag och småvatten med omgivande mark","Naturtyp":null,"AreaTot":1.6,"AreaProd":1.4,"Standort":"saknas","Datbeslut":1175731200000,"Url":"http://www.skogsstyrelsen.se/skogens-parlor/Biotopskydd/?objektid=2991761"}},{"type":"Feature","id":51955,"geometry":{"type":"Polygon","coordinates":[[[12.827648094103248,57.00202565408886],[12.828792715792662,57.00212477787638],[12.829799454578025,57.002094831674384],[12.830214497573515,57.00246409745325],[12.83014160276172,57.002552218208976],[12.831126022880644,57.0034202058182],[12.82900083599892,57.00405247614855],[12.829465915842466,57.00441394966375],[12.828807769191103,57.00461392111904],[12.828008269889448,57.00431636415998],[12.82677412018329,57.0047182362766],[12.826495447872455,57.00470261291303],[12.826379674077923,57.00470884221392],[12.825595426082945,57.00380964467864],[12.825654772182425,57.003685274683725],[12.825319991099946,57.00272490684916],[12.826128975428933,57.00228596474281],[12.826524099885216,57.002286394512474],[12.826718435679794,57.00232696344361],[12.827057150244958,57.00220924185478],[12.827648094103248,57.00202565408886]],[[12.826177870213915,57.003527023699405],[12.82596279116442,57.00353987549306],[12.825897044464215,57.00353830186743],[12.826141272604032,57.0039843831323],[12.826818733567704,57.003748942450294],[12.82672658203041,57.00366588292191],[12.82641863109239,57.00360464051447],[12.826177870213915,57.003527023699405]]]},"properties":{"OBJECTID":51955,"Uuid":"7CA72C33-C142-4915-B774-19BA23672414","Beteckn":"SK 291-2003","LanKod":"13","Lan":"HALLANDS LÄN","KommunKod":"82","Kommun":"FALKENBERG","ArendeAr":2003,"Biotyp":"Äldre naturskogsartade skogar","Naturtyp":null,"AreaTot":7,"AreaProd":6.9,"Standort":"saknas","Datbeslut":1047945600000,"Url":"http://www.skogsstyrelsen.se/skogens-parlor/Biotopskydd/?objektid=2983715"}},{"type":"Feature","id":46545,"geometry":{"type":"Polygon","coordinates":[[[12.657710919273091,57.05555773992028],[12.65765926699194,57.05558340069636],[12.657431681890221,57.05573940829491],[12.657436755004007,57.05587431829134],[12.657428131240927,57.05617061177743],[12.65720712326679,57.05644359317133],[12.656831944865784,57.05678458386568],[12.656489167501757,57.05693769750665],[12.656269930538786,57.0569950709997],[12.656072467415067,57.056990108083234],[12.655905142591388,57.05682415910103],[12.6556466882323,57.05656606396949],[12.655653524469008,57.05648536756093],[12.656119584045575,57.05643420581996],[12.65620413731006,57.056409377126634],[12.65631122817268,57.0563132311371],[12.656003683635882,57.05585622785997],[12.657710919273091,57.05555773992028]]]},"properties":{"OBJECTID":46545,"Uuid":"91A1E99C-611B-4C65-943C-CE29218F8BB9","Beteckn":"SK 231-2008","LanKod":"13","Lan":"HALLANDS LÄN","KommunKod":"82","Kommun":"FALKENBERG","ArendeAr":2008,"Biotyp":"Mark med mycket gamla träd","Naturtyp":null,"AreaTot":1,"AreaProd":1,"Standort":"saknas","Datbeslut":1213833600000,"Url":"http://www.skogsstyrelsen.se/skogens-parlor/Biotopskydd/?objektid=2993357"}},{"type":"Feature","id":53590,"geometry":{"type":"Polygon","coordinates":[[[12.067108766874227,57.518435688637545],[12.069693459096381,57.51930032196318],[12.06996364660523,57.519427286229984],[12.070397706553885,57.519608333732855],[12.070384951992207,57.520000261288516],[12.071842067019942,57.52047659976443],[12.072131590576376,57.520362634196026],[12.072104883101956,57.52046258664465],[12.072201534779829,57.52065590895313],[12.072571597632088,57.52093604438851],[12.072763299601284,57.52134276538771],[12.072558206574898,57.52156932181693],[12.072185187406754,57.52179197096736],[12.07207808486155,57.521729141275266],[12.072069087203802,57.52160824548807],[12.071822364345172,57.52142149637603],[12.071535124761729,57.52127402600308],[12.071136059782148,57.521355274888215],[12.06985489553594,57.52078244395067],[12.068127843046852,57.52064173650391],[12.067473923918964,57.520405283135176],[12.066813781403704,57.520711755817125],[12.066362682332615,57.52051018507222],[12.067042288593074,57.52019411010344],[12.066809437092676,57.52006800783524],[12.066400482830515,57.51980707363817],[12.066095427595505,57.51964911870201],[12.065766070344324,57.519561007477066],[12.065643538767764,57.519457584019776],[12.065855202046068,57.51938205025004],[12.066259095209492,57.51924059589129],[12.066399354821455,57.519123171212655],[12.066578555887814,57.51898654657877],[12.06668635544112,57.5188080230176],[12.067108766874227,57.518435688637545]]]},"properties":{"OBJECTID":53590,"Uuid":"29F86DE0-A067-40FC-A5FD-8EDA74170439","Beteckn":"SK 214-2012","LanKod":"13","Lan":"HALLANDS LÄN","KommunKod":"84","Kommun":"KUNGSBACKA","ArendeAr":2012,"Biotyp":"Mark med mycket gamla träd","Naturtyp":"Ädellövskog ek","AreaTot":6.1,"AreaProd":6.1,"Standort":"saknas","Datbeslut":1340064000000,"Url":"http://www.skogsstyrelsen.se/skogens-parlor/Biotopskydd/?objektid=2827550"}},{"type":"Feature","id":44630,"geometry":{"type":"Polygon","coordinates":[[[12.675069235831721,57.02220136183659],[12.676718700245363,57.02294536325121],[12.676211608607108,57.023190724771695],[12.674330690363632,57.024133004819504],[12.673443417138456,57.02410848139309],[12.672825787775446,57.024447939075294],[12.672156679218249,57.02435560686913],[12.6721374435234,57.024161231133306],[12.672348489229007,57.02396543169505],[12.672606443082396,57.023856100340545],[12.672743369214007,57.023590445078376],[12.672142377396794,57.023496530436425],[12.671562891313554,57.02322610516465],[12.672729597637582,57.02247173240616],[12.673199047205085,57.02232638748175],[12.675069235831721,57.02220136183659]]]},"properties":{"OBJECTID":44630,"Uuid":"6485B8DB-9925-489F-BFE9-EB7BDAFF522E","Beteckn":"SK 146-2017","LanKod":"13","Lan":"HALLANDS LÄN","KommunKod":"82","Kommun":"FALKENBERG","ArendeAr":2017,"Biotyp":"Äldre naturskogsartade skogar","Naturtyp":"Ädellövskog ek","AreaTot":4.4,"AreaProd":4.4,"Standort":"saknas","Datbeslut":1512950400000,"Url":"http://www.skogsstyrelsen.se/skogens-parlor/Biotopskydd/?objektid=3346037"}},{"type":"Feature","id":52502,"geometry":{"type":"Polygon","coordinates":[[[13.361151442932208,56.52166565338597],[13.361799633687408,56.52194792194622],[13.362880885170464,56.52231956831757],[13.363505294310636,56.522466604386835],[13.363654338290173,56.52267616214158],[13.36382365091057,56.52282323110213],[13.363790082604186,56.52309208785154],[13.363688649316703,56.5231529773481],[13.363584322414876,56.52325872976027],[13.362872396393824,56.52320878973802],[13.36259232837497,56.52301462191448],[13.361412503568731,56.52265900642668],[13.360789756936484,56.521981947008584],[13.361151442932208,56.52166565338597]]]},"properties":{"OBJECTID":52502,"Uuid":"E2D81162-1C2B-4696-87C5-22756C7671AE","Beteckn":"SK 390-2006","LanKod":"13","Lan":"HALLANDS LÄN","KommunKod":"81","Kommun":"LAHOLM","ArendeAr":2006,"Biotyp":"Ras- eller bergbranter","Naturtyp":null,"AreaTot":1.5,"AreaProd":1.5,"Standort":"saknas","Datbeslut":1152230400000,"Url":"http://www.skogsstyrelsen.se/skogens-parlor/Biotopskydd/?objektid=2990655"}},{"type":"Feature","id":46897,"geometry":{"type":"Polygon","coordinates":[[[12.670770673156222,56.96522838835148],[12.670889087603026,56.96611715290697],[12.671287007304397,56.966809706964455],[12.672624929004755,56.968181157962185],[12.673104381596481,56.96854893056534],[12.673220031205178,56.96963816596538],[12.672659301411125,56.9696435662297],[12.672212726702043,56.96921308489951],[12.670751328449672,56.9684787408177],[12.6710814068408,56.96798883106874],[12.669284972594918,56.967206019146616],[12.668667619930499,56.96657180626763],[12.669479008350834,56.966265023103205],[12.669563487777971,56.965221731099746],[12.670770673156222,56.96522838835148]]]},"properties":{"OBJECTID":46897,"Uuid":"9062FE32-F8C5-481A-9077-A82EB4263B52","Beteckn":"SK 238-2015","LanKod":"13","Lan":"HALLANDS LÄN","KommunKod":"82","Kommun":"FALKENBERG","ArendeAr":2015,"Biotyp":"Ras- eller bergbranter","Naturtyp":"Ädellövskog ek","AreaTot":5,"AreaProd":5,"Standort":"saknas","Datbeslut":1440460800000,"Url":"http://www.skogsstyrelsen.se/skogens-parlor/Biotopskydd/?objektid=3197669"}},{"type":"Feature","id":52731,"geometry":{"type":"Polygon","coordinates":[[[12.556182218636748,57.2438116662306],[12.55968904219237,57.24441058802743],[12.562339925501256,57.244862325677],[12.564988925343005,57.24534356260659],[12.565139670031627,57.245874378863945],[12.564945110957408,57.24620796905053],[12.564463606345772,57.245895716042],[12.563271595811505,57.24596926330555],[12.562078254682849,57.244902853220566],[12.561070271207633,57.244937031692665],[12.560313232339016,57.24517298034989],[12.559641330020478,57.245593103835084],[12.558643036319799,57.24556491417028],[12.558364304176456,57.24539234667083],[12.557876562140917,57.245335954262714],[12.556794764505877,57.244652078141186],[12.556247794355352,57.24444688749621],[12.556182218636748,57.2438116662306]]]},"properties":{"OBJECTID":52731,"Uuid":"8293F75C-E020-4F9B-A297-EEF8B8E471CD","Beteckn":"SK 175-2024","LanKod":"13","Lan":"HALLANDS LÄN","KommunKod":"83","Kommun":"VARBERG","ArendeAr":2024,"Biotyp":"Äldre naturskogsartade skogar","Naturtyp":"Ädellövskog ek","AreaTot":4.6,"AreaProd":4.6,"Standort":"saknas","Datbeslut":1765929600000,"Url":"http://www.skogsstyrelsen.se/skogens-parlor/Biotopskydd/?objektid=4049110"}},{"type":"Feature","id":48509,"geometry":{"type":"Polygon","coordinates":[[[12.829243247849654,56.83565495390391],[12.829658654892489,56.83579065567204],[12.829932511784795,56.835851105798184],[12.829997948752242,56.83585266591285],[12.830098958718729,56.83581913286779],[12.830247635356113,56.83580470658647],[12.83031094183821,56.835833170460766],[12.830379219245875,56.83600551966363],[12.830825930409443,56.836159931954064],[12.831019413744311,56.83620048889671],[12.831404236156688,56.836308496576656],[12.83164467406442,56.83637712385144],[12.831960514586774,56.83632176441559],[12.832060093550998,56.8363061685586],[12.832205927341935,56.83632760881784],[12.8322685207163,56.83636504559314],[12.832402246869572,56.836538943671655],[12.83266402364714,56.836751837239994],[12.832902321725504,56.83684736581601],[12.832964218216983,56.836893767441225],[12.833077310505274,56.83691443148061],[12.833316325417444,56.83700099437217],[12.833534713044445,56.83714097277562],[12.83387261289302,56.83722090271433],[12.833543965426266,56.837437690323185],[12.83350982346805,56.83745485461588],[12.833242344516584,56.83752035844365],[12.833166235770491,56.837446661466],[12.833085853326072,56.83742678109712],[12.832790634728243,56.837428727490796],[12.832710253046,56.83740883790446],[12.832447756039643,56.83720491829707],[12.831871561697726,56.83702945444131],[12.831491705562597,56.836858666382824],[12.8313793136891,56.83682902675821],[12.830957482416757,56.83677404212897],[12.830813095203485,56.83673466193198],[12.830537799119229,56.836692152441145],[12.830308740226279,56.83668668792678],[12.830049100804565,56.836653543671],[12.82993386390448,56.836659780533715],[12.829838544804167,56.83662156685802],[12.829775953463965,56.836584128880396],[12.829813657746488,56.83652214091415],[12.829898314397933,56.83648821582471],[12.830013550775217,56.83648197899076],[12.830073318994504,56.83634863684184],[12.830062656555318,56.83627649806905],[12.83004913111825,56.83624023679024],[12.82992181814417,56.836192273909866],[12.82982365388412,56.83618992902764],[12.829740413134624,56.83620591504464],[12.829577526905389,56.83619304483237],[12.829355596686588,56.83609790227666],[12.82916070018417,56.83607528179113],[12.829051159613076,56.836009771321116],[12.829022712185466,56.835955178881505],[12.829140078319513,56.83592203894586],[12.829192722953595,56.83587837351579],[12.829135827435834,56.835769197668334],[12.82914152187799,56.83569745113407],[12.829176379360861,56.83567133213255],[12.829243247849654,56.83565495390391]]]},"properties":{"OBJECTID":48509,"Uuid":"DF1D7A75-99F4-484D-B506-7F86117786DE","Beteckn":"SK 179-1995","LanKod":"13","Lan":"HALLANDS LÄN","KommunKod":"80","Kommun":"HALMSTAD","ArendeAr":1995,"Biotyp":"Mindre vattendrag och småvatten med omgivande mark","Naturtyp":null,"AreaTot":1.8,"AreaProd":1.8,"Standort":"saknas","Datbeslut":803606400000,"Url":"http://www.skogsstyrelsen.se/skogens-parlor/Biotopskydd/?objektid=2975053"}},{"type":"Feature","id":52519,"geometry":{"type":"Polygon","coordinates":[[[13.015100291501952,56.78104962685694],[13.015669504459407,56.781098313151105],[13.015832890983674,56.78110197307758],[13.015977950393225,56.7811321732966],[13.016270733410957,56.781156689745345],[13.016613187559475,56.78117334199216],[13.016782586485212,56.78109626762021],[13.017089040765686,56.78115703322828],[13.017466841442053,56.78113853494652],[13.017803989284626,56.78122693327502],[13.018684019198485,56.781498176269224],[13.01897014690335,56.7816123861882],[13.019593729044551,56.781590389911486],[13.019797487877593,56.78171174565978],[13.020394736365194,56.78182391874893],[13.020908598670577,56.78173657169528],[13.020922942663717,56.78176384701714],[13.021045019639436,56.781883374273974],[13.021195770080219,56.782057442760866],[13.021534924233444,56.78211893179392],[13.021727022205102,56.78217712581796],[13.021997763675067,56.782057387168535],[13.022209910618155,56.7822867391612],[13.022270617977034,56.78235098087896],[13.022250661135924,56.78262007192483],[13.022307111236895,56.78296273839761],[13.022493230989328,56.78310166491993],[13.02282812671798,56.783441566053156],[13.021932427449762,56.78360125001469],[13.0214232067688,56.783625809460055],[13.021239477113085,56.783675615069725],[13.021004050479073,56.78376020240991],[13.020389765847991,56.783656631282994],[13.0204147482733,56.78354039026259],[13.020208317704514,56.783454919059125],[13.019489323471365,56.78343884873718],[13.019288216739488,56.7832816178797],[13.01905641761283,56.7830967436417],[13.018681559712777,56.78285477302502],[13.01855548733726,56.782789059706545],[13.018217670811085,56.78270962991174],[13.017956526391542,56.78247917774447],[13.0177017576219,56.78238363358391],[13.017738734010525,56.78210594434564],[13.017728376830206,56.78202485223799],[13.01794945736179,56.781913004366096],[13.018043799287073,56.781744408605256],[13.017618966405871,56.78173490670062],[13.017385861877269,56.78156797132614],[13.017191781217164,56.78153667888661],[13.016983048977579,56.78170270938097],[13.016816996681094,56.78173493444257],[13.016726635325965,56.78184971284258],[13.016713321096695,56.782029103384794],[13.016390509973078,56.781967968928946],[13.016396506092633,56.78188724461705],[13.016403842070195,56.78178857869008],[13.01632046064675,56.7815890582214],[13.01628075538518,56.78146238964577],[13.01483753576042,56.78150194930766],[13.014862549631959,56.781385718707874],[13.015131312763453,56.781292903223544],[13.015073283990898,56.78119277466174],[13.015100291501952,56.78104962685694]]]},"properties":{"OBJECTID":52519,"Uuid":"C647B913-DE9F-4E80-989B-16756286D404","Beteckn":"SK 230-2010","LanKod":"13","Lan":"HALLANDS LÄN","KommunKod":"80","Kommun":"HALMSTAD","ArendeAr":2010,"Biotyp":"Äldre naturskogsartade skogar","Naturtyp":null,"AreaTot":5.9,"AreaProd":5.9,"Standort":"saknas","Datbeslut":1289174400000,"Url":"http://www.skogsstyrelsen.se/skogens-parlor/Biotopskydd/?objektid=2995613"}},{"type":"Feature","id":42389,"geometry":{"type":"Polygon","coordinates":[[[12.454729693318123,57.43345318769976],[12.455841009330591,57.43368942790685],[12.456047678530584,57.43416218929424],[12.4557618433319,57.43419052082362],[12.455421831901932,57.43408263504411],[12.455166561420318,57.43395902624923],[12.45497204572037,57.433899936916205],[12.454706117380042,57.4338928566434],[12.454706330353474,57.43407257480437],[12.454564340961854,57.434167641704164],[12.454568650152767,57.43430253663759],[12.454596978269185,57.43435720831387],[12.454417643328894,57.43449620179525],[12.45420096180174,57.43467913063242],[12.453945286437445,57.43492392555211],[12.453728599985462,57.43510685352532],[12.453617400113504,57.4352296992347],[12.453574309749117,57.43533637977883],[12.453725740559896,57.43550215189737],[12.453457555242174,57.43570167920715],[12.45342943370383,57.43582673433082],[12.453412201180921,57.43601496963773],[12.453283541703756,57.43614633191068],[12.45324291838609,57.43622612041963],[12.453508247277941,57.43642188294393],[12.453879054571116,57.43655756254289],[12.453978996139831,57.43673993428614],[12.453790627681242,57.43697753402603],[12.453771542212573,57.43700398224198],[12.453377735796453,57.4371192912963],[12.453112607417856,57.43710324650175],[12.452425979868872,57.436959165510444],[12.452023570690859,57.4368046715684],[12.451592855607599,57.43659551337095],[12.45146891519644,57.436493371714846],[12.45138560372229,57.43631143310753],[12.451575004703844,57.436244594066366],[12.45190560234835,57.4360916614131],[12.452163129393407,57.43600866660259],[12.452467244823609,57.43596284736123],[12.452670805256021,57.435923342700455],[12.453082228568006,57.435979227288804],[12.453264250699492,57.43599306200274],[12.453346336590176,57.43582451533404],[12.45342758165547,57.43566493821361],[12.453489757761051,57.43553180955113],[12.453419795062507,57.435386178437035],[12.453391467957982,57.4353315065121],[12.453236129601603,57.435390274891425],[12.453106444585261,57.43535087094592],[12.452662602898668,57.43528513753729],[12.452515478821985,57.435254268080506],[12.45220807706065,57.43533593135009],[12.452076762551496,57.43531446656813],[12.451708427467011,57.43515189858132],[12.451486411049297,57.43502916164984],[12.451326774344253,57.434953023762986],[12.451132243133754,57.43489392818084],[12.452051345619362,57.433408820487124],[12.452934900859566,57.43358511319033],[12.453008769091843,57.43350620364552],[12.45299296024399,57.43349679856056],[12.453659635222074,57.4336762945326],[12.45433368799942,57.43377511056756],[12.454729693318123,57.43345318769976]]]},"properties":{"OBJECTID":42389,"Uuid":"8A2BF591-E73C-4776-810E-7E7AD82FBE5D","Beteckn":"SK 798-2002","LanKod":"14","Lan":"VÄSTRA GÖTALANDS LÄN","KommunKod":"63","Kommun":"MARK","ArendeAr":2002,"Biotyp":"Äldre naturskogsartade skogar","Naturtyp":null,"AreaTot":4.9,"AreaProd":4.9,"Standort":"saknas","Datbeslut":1034640000000,"Url":"http://www.skogsstyrelsen.se/skogens-parlor/Biotopskydd/?objektid=2982289"}},{"type":"Feature","id":38032,"geometry":{"type":"Polygon","coordinates":[[[12.706759050153641,56.449689126646774],[12.708021342009763,56.44972965238742],[12.707343684069658,56.450081136208766],[12.706835975527552,56.45033802303132],[12.705807692176457,56.45021347848509],[12.706759050153641,56.449689126646774]]]},"properties":{"OBJECTID":38032,"Uuid":"61A8D2E4-5475-4D05-99DB-244CBF207D3F","Beteckn":"SK 143-1996","LanKod":"12","Lan":"SKÅNE LÄN","KommunKod":"78","Kommun":"BÅSTAD","ArendeAr":1996,"Biotyp":"Ravinskogar","Naturtyp":null,"AreaTot":0.5,"AreaProd":0.5,"Standort":"saknas","Datbeslut":841017600000,"Url":"http://www.skogsstyrelsen.se/skogens-parlor/Biotopskydd/?objektid=2975661"}},{"type":"Feature","id":41201,"geometry":{"type":"Polygon","coordinates":[[[12.821726613209519,56.76183416429649],[12.822634558110769,56.762143432168855],[12.823308971568629,56.762303332552015],[12.823526894420272,56.76244332650857],[12.823572986239144,56.76268702509141],[12.823510489384754,56.76285624460768],[12.823453665912732,56.76295372571834],[12.823384046536123,56.763212622099765],[12.823046743757997,56.76354597885162],[12.823311530150399,56.76371404722144],[12.823498227977995,56.76383532539945],[12.822796741328304,56.76401620381624],[12.822803149018707,56.763935491871244],[12.822866455719062,56.76334399703415],[12.82295032501694,56.76290572920411],[12.82284526560426,56.762786415052645],[12.822452000563754,56.76258830651771],[12.82225890320471,56.762547747727794],[12.82183512836832,56.762321956233635],[12.8212772078069,56.761931218543445],[12.821409971239571,56.76190744214837],[12.821726613209519,56.76183416429649]]]},"properties":{"OBJECTID":41201,"Uuid":"A92F6CB8-9D40-4B56-9C57-87763D3D8E1C","Beteckn":"SK 116-1995","LanKod":"13","Lan":"HALLANDS LÄN","KommunKod":"80","Kommun":"HALMSTAD","ArendeAr":1995,"Biotyp":"Alkärr","Naturtyp":null,"AreaTot":1.1,"AreaProd":1.1,"Standort":"saknas","Datbeslut":800668800000,"Url":"http://www.skogsstyrelsen.se/skogens-parlor/Biotopskydd/?objektid=2974927"}},{"type":"Feature","id":52711,"geometry":{"type":"Polygon","coordinates":[[[12.876236382376467,56.36233869599478],[12.876664377862992,56.362456648651154],[12.877076224030457,56.362574206320325],[12.877346097776423,56.362643489220474],[12.877535869568854,56.362701891594135],[12.877546448559631,56.36361863585812],[12.8770757845437,56.363634469815764],[12.876878450202975,56.36367472905014],[12.876600317774177,56.363713073340215],[12.876354490756716,56.36375218630088],[12.876138228958009,56.3638279413848],[12.875869363795886,56.3639563557728],[12.875750744895921,56.36402543506209],[12.875681295227492,56.36408668484535],[12.875531723317918,56.36413706203132],[12.875414490165952,56.36418820015672],[12.875332997841674,56.364195259600706],[12.875090617730272,56.36418952216029],[12.874991601257197,56.36421413766663],[12.874741640565189,56.36430706143213],[12.874546364938205,56.36432040988728],[12.874487929335126,56.36423815799504],[12.874221189387894,56.36391735520768],[12.873716901138511,56.363528040825045],[12.873954836170713,56.36338092012814],[12.874072762242548,56.36332081745608],[12.874291089831049,56.363218158967356],[12.874604994637195,56.36313573305785],[12.874869036318248,56.36307010136156],[12.875169527153183,56.36295141593241],[12.875174348458845,56.36288863593952],[12.875216297103767,56.36276382758414],[12.875336992559582,56.36266785098822],[12.87558761795929,56.36256595969958],[12.876236382376467,56.36233869599478]]]},"properties":{"OBJECTID":52711,"Uuid":"352A8FE8-66F9-46F9-99D9-E59A7777FCB0","Beteckn":"SK 276-2010","LanKod":"12","Lan":"SKÅNE LÄN","KommunKod":"78","Kommun":"BÅSTAD","ArendeAr":2010,"Biotyp":"Äldre naturskogsartade skogar","Naturtyp":null,"AreaTot":3,"AreaProd":3,"Standort":"saknas","Datbeslut":1290384000000,"Url":"http://www.skogsstyrelsen.se/skogens-parlor/Biotopskydd/?objektid=2995705"}},{"type":"Feature","id":39243,"geometry":{"type":"MultiPolygon","coordinates":[[[[12.51664463432704,57.221743120238756],[12.516859272734205,57.221921284499274],[12.517248676480635,57.22232474019751],[12.517358453977614,57.222449884458875],[12.517510864299672,57.22281260710701],[12.51770410240903,57.223097368711265],[12.517897796348398,57.22336133487845],[12.518010696639468,57.22361219162996],[12.518074283739175,57.223795383468804],[12.518142152548025,57.22404431639367],[12.51828997247951,57.22425313156654],[12.517042947080629,57.22399473319445],[12.51646919212449,57.223719536754565],[12.515664649356358,57.22322430686393],[12.51562680973206,57.222479354652066],[12.516632566665294,57.22254295488222],[12.51664463432704,57.221743120238756]]],[[[12.51439890597882,57.22160007713905],[12.514340399092909,57.22176668188701],[12.514334700447888,57.22179130036818],[12.514335668691617,57.22180128575166],[12.514338523013294,57.22181130847708],[12.514349813231092,57.22182521870173],[12.514382490356525,57.221846031739126],[12.514446012380281,57.22187820348652],[12.514580577304233,57.22194157243635],[12.514717167039244,57.222002923372045],[12.514790634619384,57.222032065603024],[12.514839491681576,57.222045335465126],[12.514867380928576,57.22204941029231],[12.51489504469474,57.222051665343635],[12.51493929296442,57.22205365554107],[12.515088278725065,57.22205166178741],[12.515234537445583,57.222040950740784],[12.515370458486993,57.22202137179448],[12.515305808945007,57.22207023792063],[12.515159095375777,57.22213524646022],[12.514965692220144,57.22221829255037],[12.514004195213364,57.222250966678935],[12.51336728876843,57.2222014452761],[12.51343054219073,57.222048082438675],[12.51439890597882,57.22160007713905]]],[[[12.516819230340666,57.22075623471762],[12.516875355407649,57.220782866933995],[12.516755950377261,57.2209703753637],[12.516420785403751,57.22124831708526],[12.517363261102854,57.22228837245325],[12.520022972819863,57.22252948742236],[12.52037060816064,57.222563852977764],[12.52023997352236,57.222753964559516],[12.520181852949404,57.22284582840541],[12.52013477212477,57.2229385842843],[12.520122769679269,57.22303988735819],[12.520113546285002,57.22313656327877],[12.520038181549094,57.22331475369579],[12.520080351797224,57.22339362672644],[12.520083933284022,57.22340468814082],[12.520080547988915,57.22343167108579],[12.520063639660425,57.22350387733295],[12.520057919622738,57.223556506988665],[12.520055417812278,57.2236090743991],[12.520069359520061,57.22364843271694],[12.520083230486538,57.22368859843373],[12.520011580246555,57.22376603201063],[12.519984213429682,57.22386519830053],[12.519874068099774,57.2240076536718],[12.519856105354084,57.2240338633702],[12.519865974829019,57.22408057322451],[12.519897365948427,57.224100874078026],[12.51990914388001,57.22416974675487],[12.519885309568416,57.22427353903459],[12.519652539974867,57.224329214213135],[12.519413723526574,57.22438783394498],[12.518386252430869,57.22428067355941],[12.518357071286253,57.22424770887589],[12.518208619512883,57.224039168869254],[12.518144328162053,57.22379123232885],[12.518078989083389,57.22360550760583],[12.517962581045674,57.22335260451092],[12.51777201580359,57.22308497084345],[12.517583014771244,57.222802728510274],[12.517433302380685,57.22243830690734],[12.517312262099004,57.222307943412844],[12.516918488852573,57.22190096859281],[12.516647083329246,57.221697076099744],[12.516378610730182,57.2214239718139],[12.516412793269053,57.22112077305326],[12.516422036333331,57.22110550783125],[12.51662205456993,57.22092415953978],[12.516733432604129,57.220827491388576],[12.516819230340666,57.22075623471762]]],[[[12.516474649089462,57.220607483341624],[12.516474573210154,57.220611076505435],[12.516721779429115,57.22071890871414],[12.516143605290841,57.2212324359559],[12.515419435452705,57.22197004766422],[12.515361897648184,57.22198583985012],[12.515307611266962,57.22199762540017],[12.515222130435028,57.2220126038885],[12.515095725354373,57.22202124553015],[12.514965755906172,57.22202327420145],[12.514905462144032,57.22202067883429],[12.51486466954825,57.22201657326803],[12.514833822794232,57.22200967200417],[12.514797880156236,57.22199947060695],[12.514743957188303,57.22197728452728],[12.514486074018333,57.22185549648123],[12.51442611523324,57.22182404233904],[12.514405383249905,57.22180839049888],[12.514398961335399,57.221794513756606],[12.514397546506736,57.221776638225556],[12.514401443549222,57.22176303767346],[12.51446891493773,57.221565372724],[12.514500655342335,57.22154470270855],[12.515029923354051,57.2211971420399],[12.516474649089462,57.220607483341624]]]]},"properties":{"OBJECTID":39243,"Uuid":"CDA0F27F-3532-4822-A988-01C97C31D579","Beteckn":"SK 85-2020","LanKod":"13","Lan":"HALLANDS LÄN","KommunKod":"83","Kommun":"VARBERG","ArendeAr":2020,"Biotyp":"Äldre naturskogsartade skogar","Naturtyp":"Ädellövskog bok","AreaTot":6.3,"AreaProd":6.3,"Standort":"saknas","Datbeslut":1606435200000,"Url":"http://www.skogsstyrelsen.se/skogens-parlor/Biotopskydd/?objektid=3604327"}},{"type":"Feature","id":52488,"geometry":{"type":"Polygon","coordinates":[[[13.0718401297603,57.049593034874015],[13.071888193545226,57.04961205135791],[13.07192109759573,57.049612773590944],[13.071952692939474,57.04963142868135],[13.072113982906565,57.049679872480304],[13.0726307435951,57.04982591546097],[13.072952002717043,57.04994073375171],[13.073015194566354,57.04997805239133],[13.073123801771503,57.05007026124747],[13.073434540443898,57.050104002072246],[13.073575407926668,57.05020589894366],[13.07357474571267,57.050214865260095],[13.073961837080835,57.050331124827466],[13.074092181746598,57.050351935966994],[13.074367370327138,57.05042082708761],[13.074510873541767,57.05048684840796],[13.074573405907183,57.05053313259686],[13.074717588808474,57.05059017863639],[13.074798560370162,57.05060991551399],[13.074979604748128,57.05061386657233],[13.075059252771375,57.05065153593358],[13.075019097708033,57.05074948949879],[13.074947990882372,57.05081980417348],[13.074526642586394,57.050945368584614],[13.074145465306039,57.05097298753947],[13.07394597928883,57.05099559132405],[13.073946641896294,57.050986616027906],[13.07378337332987,57.050965082728716],[13.073491066526579,57.050904804694085],[13.07339165514551,57.05091161396974],[13.07320797580782,57.05094354406946],[13.073040102916272,57.05098480143501],[13.07291172828204,57.05093707204943],[13.072853139736068,57.05083697071594],[13.072478556278755,57.05077488507667],[13.071701740662569,57.05057824800725],[13.0718401297603,57.049593034874015]]]},"properties":{"OBJECTID":52488,"Uuid":"C8AE09A7-75CE-4CEA-A563-10BC851010AD","Beteckn":"SK 297-1997","LanKod":"13","Lan":"HALLANDS LÄN","KommunKod":"15","Kommun":"HYLTE","ArendeAr":1997,"Biotyp":"Äldre naturskogsartade skogar","Naturtyp":null,"AreaTot":1.6,"AreaProd":1.6,"Standort":"saknas","Datbeslut":880934400000,"Url":"http://www.skogsstyrelsen.se/skogens-parlor/Biotopskydd/?objektid=2976565"}},{"type":"Feature","id":39386,"geometry":{"type":"Polygon","coordinates":[[[12.914216486645559,57.26924832992415],[12.914588073452906,57.26937368154549],[12.914981905563897,57.26984991919361],[12.91506856890906,57.270013636419286],[12.914720609699527,57.270221243281775],[12.914372312562913,57.27064447031308],[12.914073670138333,57.27106883513339],[12.913874346957693,57.27149548600381],[12.913946242973713,57.2718475299866],[12.91437778372769,57.272477374396644],[12.911036857134166,57.27341563528764],[12.910983640466101,57.27050352302863],[12.914216486645559,57.26924832992415]]]},"properties":{"OBJECTID":39386,"Uuid":"B0597491-93E0-4867-8833-198D1B1537C0","Beteckn":"SK 2-2002","LanKod":"14","Lan":"VÄSTRA GÖTALANDS LÄN","KommunKod":"65","Kommun":"SVENLJUNGA","ArendeAr":2002,"Biotyp":"Äldre naturskogsartade skogar","Naturtyp":null,"AreaTot":7,"AreaProd":7,"Standort":"saknas","Datbeslut":1009929600000,"Url":"http://www.skogsstyrelsen.se/skogens-parlor/Biotopskydd/?objektid=2980697"}},{"type":"Feature","id":40617,"geometry":{"type":"Polygon","coordinates":[[[12.668205502666657,57.09744994560846],[12.66847266252159,57.09760939289345],[12.668681655915847,57.0982615598081],[12.668269389548822,57.09864658563332],[12.667883465506376,57.09891545701023],[12.667274679564475,57.098891221196936],[12.66702400059886,57.09873218609929],[12.667418371837728,57.09758297831945],[12.66766113821855,57.097445296349015],[12.668205502666657,57.09744994560846]]]},"properties":{"OBJECTID":40617,"Uuid":"C0DD0F9B-6076-45DF-9AF2-10F969FF583B","Beteckn":"SK 1028-2004","LanKod":"13","Lan":"HALLANDS LÄN","KommunKod":"82","Kommun":"FALKENBERG","ArendeAr":2004,"Biotyp":"Äldre naturskogsartade skogar","Naturtyp":null,"AreaTot":1.2,"AreaProd":1.1,"Standort":"saknas","Datbeslut":1103673600000,"Url":"http://www.skogsstyrelsen.se/skogens-parlor/Biotopskydd/?objektid=2987591"}},{"type":"Feature","id":42744,"geometry":{"type":"Polygon","coordinates":[[[12.451148035450203,57.43490333316174],[12.452192284285067,57.4353265264989],[12.452633470051154,57.43523943573003],[12.453219513706804,57.43538983113985],[12.45338901561671,57.435358398746224],[12.453473141798119,57.435531365832475],[12.453367874122591,57.43577117494394],[12.453264250699492,57.43599306200274],[12.45260514710369,57.435912606071675],[12.452347605075227,57.435995601464164],[12.452007786832482,57.43606742444774],[12.451767698449972,57.43614190192219],[12.451412281938651,57.43638402736959],[12.451435665823167,57.436492483398965],[12.451893881426901,57.43676527532622],[12.45239274668361,57.43695827778005],[12.453029506812628,57.437101036246695],[12.453394369118241,57.43711973536976],[12.453788158847537,57.43700442592674],[12.453864501131061,57.43689862405925],[12.453965654349014,57.4367036374074],[12.45381584705,57.436519934292804],[12.453658667894956,57.436416907380725],[12.45431533185948,57.43652424116685],[12.454251511104115,57.43667530116256],[12.455353514423235,57.437378559873615],[12.454541128761916,57.438426231903236],[12.454178511646303,57.43820092605904],[12.453937382075758,57.43810465052097],[12.453677973837202,57.43802586141386],[12.453352098502272,57.43794529682009],[12.453061105150724,57.43784768805434],[12.45298210226367,57.437800654630166],[12.452591996484156,57.43751171135252],[12.452064812815088,57.4372640377648],[12.451868621169071,57.43722287412249],[12.45170157973018,57.43722741253422],[12.45085613517657,57.436998215430265],[12.450353175809443,57.43685002099854],[12.44954098137625,57.43662170346372],[12.451146404823238,57.43492126438447],[12.451148035450203,57.43490333316174]]]},"properties":{"OBJECTID":42744,"Uuid":"EBF238C4-808E-45E1-A70D-CD076FA0FD28","Beteckn":"SK 797-2002","LanKod":"14","Lan":"VÄSTRA GÖTALANDS LÄN","KommunKod":"63","Kommun":"MARK","ArendeAr":2002,"Biotyp":"Alkärr","Naturtyp":null,"AreaTot":4.8,"AreaProd":4.8,"Standort":"saknas","Datbeslut":1034640000000,"Url":"http://www.skogsstyrelsen.se/skogens-parlor/Biotopskydd/?objektid=2982287"}},{"type":"Feature","id":51145,"geometry":{"type":"Polygon","coordinates":[[[12.554785972246632,57.34666208689647],[12.555519222381053,57.34668318466389],[12.556024620077983,57.346702134353414],[12.556617332105196,57.34680494955362],[12.557159749700205,57.346902220215085],[12.557567840289497,57.34698775045226],[12.557631673744181,57.34704377083756],[12.557443108107307,57.3470857607218],[12.557343117732247,57.34706555892271],[12.557073096807912,57.34711735241199],[12.556860258351174,57.34710359473568],[12.55662010288262,57.34709893057405],[12.55627320071231,57.34709219242826],[12.555888484681066,57.34711841768494],[12.55547772880301,57.34713451134258],[12.555104787379637,57.34711763955145],[12.554660373602795,57.34710418511992],[12.554294395870581,57.34711632859057],[12.55391863598842,57.34700790785505],[12.553653722664556,57.34697387430503],[12.553325898883767,57.34694824112883],[12.553143704417572,57.34697710255793],[12.553408251505065,57.346781320599774],[12.554134804617467,57.34670396689874],[12.55433672847152,57.34668759230264],[12.554785972246632,57.34666208689647]]]},"properties":{"OBJECTID":51145,"Uuid":"5CE92FE8-2E7E-43DC-8F97-80B07A172FFF","Beteckn":"SK 385-2014","LanKod":"14","Lan":"VÄSTRA GÖTALANDS LÄN","KommunKod":"63","Kommun":"MARK","ArendeAr":2014,"Biotyp":"Örtrika sumpskogar","Naturtyp":"Lövsumpskog","AreaTot":0.9,"AreaProd":0.9,"Standort":"saknas","Datbeslut":1460505600000,"Url":"http://www.skogsstyrelsen.se/skogens-parlor/Biotopskydd/?objektid=3127885"}},{"type":"Feature","id":40425,"geometry":{"type":"Polygon","coordinates":[[[12.718891675865375,56.45153729747037],[12.718843268769339,56.4517337812099],[12.718751563850839,56.45206396913731],[12.718529956216255,56.451995547246675],[12.718175879890675,56.45195977435713],[12.718230834070226,56.45168259065147],[12.718891675865375,56.45153729747037]]]},"properties":{"OBJECTID":40425,"Uuid":"BBF267A6-779E-4AA5-B06E-DF6EEA9FA55D","Beteckn":"SK 161-1996","LanKod":"12","Lan":"SKÅNE LÄN","KommunKod":"78","Kommun":"BÅSTAD","ArendeAr":1996,"Biotyp":"Ravinskogar","Naturtyp":null,"AreaTot":0.2,"AreaProd":0.2,"Standort":"saknas","Datbeslut":843177600000,"Url":"http://www.skogsstyrelsen.se/skogens-parlor/Biotopskydd/?objektid=2975697"}},{"type":"Feature","id":40480,"geometry":{"type":"Polygon","coordinates":[[[12.796577218757212,56.805813413101326],[12.796837336890908,56.80583766062268],[12.797095287030633,56.80588881062537],[12.79714289912535,56.8059079297856],[12.797328272702083,56.80604717669377],[12.797373716957221,56.80609319879372],[12.797415580317514,56.80618406282661],[12.797411982938023,56.80622890448621],[12.797355746658774,56.80631739839431],[12.797303830214046,56.80635208593761],[12.797230529141578,56.806449148081114],[12.797226208917685,56.80650295441318],[12.79733201089295,56.80661333368345],[12.797378901462865,56.806641417441504],[12.79773063920359,56.806748742616726],[12.797707809750932,56.806829055668906],[12.797655892908379,56.80686374335319],[12.797373675813235,56.80691084607553],[12.797307568477851,56.806918233922545],[12.79722582538283,56.80691626036976],[12.797161870021572,56.8068967448311],[12.797019785507166,56.80683042319699],[12.796895472905756,56.8067465592208],[12.796803861450703,56.80666347934037],[12.79668531686566,56.806507870516526],[12.79660861855909,56.80644312558241],[12.796527599301605,56.80643218690343],[12.79647783440527,56.806439970800945],[12.796429515573715,56.80642981635043],[12.796414603029545,56.80641149021114],[12.796434543339275,56.8063670450893],[12.796469396130105,56.80634092609824],[12.796490781856773,56.8062785516141],[12.796468877150925,56.80614324244731],[12.796476779996548,56.806044603209465],[12.796502487244684,56.805928413439204],[12.796577218757212,56.805813413101326]]]},"properties":{"OBJECTID":40480,"Uuid":"D0E5D511-94A3-47AE-B170-DA0A23D09CB1","Beteckn":"SK 181-1995","LanKod":"13","Lan":"HALLANDS LÄN","KommunKod":"80","Kommun":"HALMSTAD","ArendeAr":1995,"Biotyp":"Äldre naturskogsartade skogar","Naturtyp":null,"AreaTot":0.5,"AreaProd":0.5,"Standort":"saknas","Datbeslut":803606400000,"Url":"http://www.skogsstyrelsen.se/skogens-parlor/Biotopskydd/?objektid=2975057"}},{"type":"Feature","id":43136,"geometry":{"type":"Polygon","coordinates":[[[12.46122026079847,57.20618360292303],[12.461774806942117,57.20627925003198],[12.46202569824179,57.20633845124107],[12.462621859481954,57.20646479928135],[12.462875106149058,57.20652205129917],[12.463176319235052,57.20659439059663],[12.463375079478478,57.20663652085761],[12.463345461782534,57.20668080250562],[12.46321058203252,57.206837377021074],[12.462906655895605,57.20720842016714],[12.463072160143039,57.2072988928105],[12.463311642825643,57.20746992649458],[12.463732183282016,57.20768826745667],[12.463923743694792,57.207834219876446],[12.46406163504132,57.20790941279437],[12.464691329869751,57.20806522188978],[12.464967771237184,57.2081669644602],[12.465054995250297,57.20820779180036],[12.465141936502416,57.208239222137266],[12.465295785297869,57.20834331400816],[12.464661664218175,57.20859283222632],[12.464122352362597,57.20880677878944],[12.463042420671181,57.209240902546014],[12.462687384735379,57.20906329988333],[12.462610315795438,57.20895657805648],[12.462557986944503,57.208833730686074],[12.462432955712018,57.20868290234343],[12.462364025399406,57.208605525117484],[12.46234603622631,57.20840730736402],[12.462385568510626,57.20833829691143],[12.462375403897827,57.20826973757641],[12.462314732239381,57.208174598550684],[12.462274175330089,57.208112362560875],[12.46217623929998,57.20813304720426],[12.462085680761408,57.20818086839939],[12.461981580402378,57.20808993761702],[12.461907701973397,57.20799445044391],[12.461887343206643,57.20789324244999],[12.461878999655946,57.20780493087803],[12.461822967750527,57.20769555140976],[12.461766384721628,57.20762748222411],[12.461919013576782,57.20758854625053],[12.462036592816677,57.207570218147126],[12.462089420807686,57.20757166378807],[12.462110365401285,57.20759560582585],[12.462391197978862,57.207495499910074],[12.462354794753542,57.20738844970077],[12.46235918724778,57.20730589560438],[12.462356240531397,57.20724967731642],[12.462353021536835,57.2071942892983],[12.462357916584981,57.20710634427478],[12.462406879145492,57.20700705013516],[12.46248307044349,57.20693543771218],[12.462506884660383,57.206892971095186],[12.462495217391014,57.20684051273904],[12.46243290238303,57.20672736684087],[12.46241396463808,57.20668191500115],[12.462309282647915,57.206668250446995],[12.462178153742608,57.20668980966941],[12.46207343868607,57.2067120825951],[12.461991534000985,57.206738591156956],[12.461849517828796,57.206734685872135],[12.461693118938493,57.2067429632848],[12.461588246499856,57.2067670389815],[12.461444723925728,57.206815208442094],[12.461215610975032,57.206893379032785],[12.461011145055672,57.20692010388642],[12.46086732557215,57.20693593205803],[12.460636654348052,57.20692418374581],[12.46047661666631,57.20697191014625],[12.46023159462791,57.207078398136446],[12.460159174846856,57.207038657757224],[12.460079035570939,57.20708137712749],[12.459939922900872,57.207153044857],[12.459759683651479,57.207239750853695],[12.459602414279725,57.207292942270946],[12.45920799229081,57.207404303814144],[12.458594308420082,57.20763005775326],[12.457999901328328,57.207861717099945],[12.457900494237682,57.207862588590544],[12.457745904683378,57.20788709208645],[12.457551986711147,57.20794284584835],[12.457246890749653,57.208012882861674],[12.457201896744545,57.207973624471606],[12.45714973812976,57.20794703615652],[12.456962634272605,57.20768445120126],[12.457626663905856,57.2073971944448],[12.458112648078064,57.20716549803569],[12.458740839615158,57.206822114884105],[12.459423597850664,57.20697197960296],[12.459990287758917,57.20693342821652],[12.460588395402418,57.206451281573855],[12.46122026079847,57.20618360292303]]]},"properties":{"OBJECTID":43136,"Uuid":"A59E2397-7454-471A-8F1D-729FCA779579","Beteckn":"SK 450-2014","LanKod":"13","Lan":"HALLANDS LÄN","KommunKod":"83","Kommun":"VARBERG","ArendeAr":2014,"Biotyp":"Äldre betespräglad skog","Naturtyp":"Ädellövskog ek","AreaTot":4.5,"AreaProd":4.5,"Standort":"saknas","Datbeslut":1426032000000,"Url":"http://www.skogsstyrelsen.se/skogens-parlor/Biotopskydd/?objektid=3138925"}},{"type":"Feature","id":44808,"geometry":{"type":"Polygon","coordinates":[[[13.053878459475214,56.924931685908525],[13.054258918469442,56.925119749044704],[13.054494381169626,56.92526867692333],[13.054708832482707,56.92548004236962],[13.054788755129724,56.925733352734774],[13.054843802424973,56.92587831288016],[13.054835867174791,56.92598594575991],[13.054511106537138,56.925933878241],[13.05429060150898,56.92602784182088],[13.0543895598274,56.92624564078433],[13.054514845478442,56.926329261794876],[13.05467018189749,56.92667407907634],[13.054726978932534,56.92724133085335],[13.054934835438925,56.927542387063156],[13.054680844858657,56.92764460034336],[13.054340876679241,56.92779882286872],[13.05423837710036,56.928075073767324],[13.05377311216526,56.928145682382464],[13.053186395371926,56.928303454907216],[13.05283727705294,56.92835865240268],[13.052457338379748,56.92838621398081],[13.052314986771806,56.92831121188342],[13.052301350694052,56.92805036945615],[13.052296322819084,56.927672919051396],[13.052448045875936,56.92739776005315],[13.05248614286466,56.92732671970407],[13.052775457770275,56.92741395833232],[13.052890293840154,56.92741648405704],[13.052991356418548,56.927382780487555],[13.053062928970814,56.92730350035507],[13.05305379107029,56.927204470503646],[13.052871486699457,56.9270028043985],[13.052771206144305,56.92680294599338],[13.052561923897201,56.92674442351382],[13.052470117437236,56.92665256111508],[13.052449883657118,56.926481418857435],[13.052171673222084,56.92646630088178],[13.051828398200408,56.92666536657278],[13.051701139135103,56.926608660164824],[13.05158049596251,56.926462253725],[13.051417908961316,56.926216090055185],[13.051216577419037,56.926049941741596],[13.051460643362232,56.9260822763444],[13.051612907379345,56.92602273848193],[13.051716610214012,56.92595315230952],[13.051690413777708,56.92586273427556],[13.051561179677085,56.92583293602046],[13.0511825793678,56.92584255196758],[13.051273857980464,56.92571878638541],[13.051475977032807,56.92565137273995],[13.051533794818772,56.92553585538551],[13.051662502874645,56.92535002473436],[13.051930905680788,56.92527508020187],[13.05203779150202,56.925385248297246],[13.05202522812986,56.925555672868256],[13.052395883189687,56.92565368703204],[13.052773684045254,56.92587762906632],[13.052752534582169,56.92616465303679],[13.053275459288024,56.92620313416711],[13.05363633710445,56.92621108146382],[13.053782873723275,56.92578307444694],[13.053693170845262,56.92543970026502],[13.053576476434275,56.92523947904597],[13.053527397257628,56.92501379390492],[13.053878459475214,56.924931685908525]]]},"properties":{"OBJECTID":44808,"Uuid":"67B0D7C0-DFC5-4727-A4CD-DA0FEC151303","Beteckn":"SK 474-2004","LanKod":"13","Lan":"HALLANDS LÄN","KommunKod":"15","Kommun":"HYLTE","ArendeAr":2004,"Biotyp":"Äldre naturskogsartade skogar","Naturtyp":null,"AreaTot":4.4,"AreaProd":4.4,"Standort":"saknas","Datbeslut":1086048000000,"Url":"http://www.skogsstyrelsen.se/skogens-parlor/Biotopskydd/?objektid=2986483"}},{"type":"Feature","id":48297,"geometry":{"type":"Polygon","coordinates":[[[12.803501978197213,56.88344550713482],[12.803907816697894,56.883513346271634],[12.804982117971097,56.88347473678186],[12.80537695225191,56.883831098932504],[12.805717325718364,56.884270938334076],[12.80585302352556,56.88442706004503],[12.80579163468451,56.8846943936819],[12.805796577717379,56.88484809249436],[12.805610171890255,56.88505622957131],[12.80575412958942,56.88530838937001],[12.805905603335162,56.88559926821329],[12.805894122185247,56.88585784524287],[12.805918906480999,56.88606121840319],[12.805959914165118,56.886133748333165],[12.805975748941032,56.88621955815853],[12.805712202001189,56.88633352076905],[12.805442429311952,56.88634365348016],[12.805215428596497,56.88587523442358],[12.805160745126056,56.885748725779976],[12.805011444619764,56.885471543370734],[12.804893623486937,56.885280993870815],[12.80487126741593,56.88494675051436],[12.804679596602053,56.884723980939775],[12.804659732693622,56.884394022840745],[12.804327917838735,56.88407375901998],[12.80410289589226,56.883886014914694],[12.80400091294484,56.88380366853655],[12.803915672934306,56.8837647058439],[12.803813933596825,56.88371626895649],[12.803579183689804,56.883668090013835],[12.803492037660828,56.88365378790269],[12.803226099494108,56.883610927858705],[12.803501978197213,56.88344550713482]]]},"properties":{"OBJECTID":48297,"Uuid":"DA5E84A7-AD1F-4F4F-8B67-E84817877939","Beteckn":"SK 199-1995","LanKod":"13","Lan":"HALLANDS LÄN","KommunKod":"82","Kommun":"FALKENBERG","ArendeAr":1995,"Biotyp":"Äldre naturskogsartade skogar","Naturtyp":null,"AreaTot":1.9,"AreaProd":1.9,"Standort":"saknas","Datbeslut":804470400000,"Url":"http://www.skogsstyrelsen.se/skogens-parlor/Biotopskydd/?objektid=2975093"}},{"type":"Feature","id":44018,"geometry":{"type":"Polygon","coordinates":[[[13.144877348839723,57.02362285190255],[13.145090510071281,57.023636370617524],[13.145270160649893,57.02365815323196],[13.145481405368622,57.0236985810252],[13.145837485420898,57.02378700603328],[13.146258061728366,57.02389476912609],[13.146662215317885,57.024002179832834],[13.147010605024848,57.02419824011983],[13.14749761729578,57.02429842823443],[13.14794856200574,57.02444276507246],[13.148060485884843,57.02449005748024],[13.147509381512322,57.02459513734633],[13.147379067655946,57.02457440260304],[13.14708813278961,57.02449635398219],[13.14682945572473,57.024427965230785],[13.146625033339019,57.024522448231835],[13.146442189832598,57.02454551122954],[13.146287319001182,57.02440746718729],[13.146164705578174,57.02427908366624],[13.146102126880674,57.024232834772505],[13.145729600253057,57.02414405913945],[13.145594810634638,57.02418611786822],[13.145315845894855,57.024171202866086],[13.14510352777318,57.0239151369659],[13.144877348839723,57.02362285190255]]]},"properties":{"OBJECTID":44018,"Uuid":"2B165161-13E8-4108-B022-599DD5A63752","Beteckn":"SK 83-2011","LanKod":"13","Lan":"HALLANDS LÄN","KommunKod":"15","Kommun":"HYLTE","ArendeAr":2011,"Biotyp":"Äldre naturskogsartade skogar","Naturtyp":null,"AreaTot":0.7,"AreaProd":0.7,"Standort":"saknas","Datbeslut":1300147200000,"Url":"http://www.skogsstyrelsen.se/skogens-parlor/Biotopskydd/?objektid=2996069"}},{"type":"Feature","id":47335,"geometry":{"type":"Polygon","coordinates":[[[12.748739377367665,56.90223422962756],[12.748240584590608,56.90354656886799],[12.748138566872532,56.903885495433435],[12.747733406479384,56.90384850084029],[12.747815828463123,56.90364385599032],[12.745821040218615,56.9041208165061],[12.745517440244557,56.903758343230855],[12.74540322349054,56.90362079361157],[12.745200210786702,56.90349890425581],[12.744928199643997,56.903411373393034],[12.744796786528376,56.903405173060875],[12.74439421867933,56.90338660059364],[12.743696844426616,56.903523119853986],[12.74358459844256,56.90323133387302],[12.744248376160035,56.90292468850542],[12.744748510536647,56.90252983140625],[12.745105827829898,56.90244532943989],[12.74617034994476,56.90248039962769],[12.747429325443571,56.9025471843511],[12.747650196814128,56.90225608813245],[12.748739377367665,56.90223422962756]]]},"properties":{"OBJECTID":47335,"Uuid":"A28E2096-6D93-4A92-9B74-DC1C0A879ADD","Beteckn":"SK 461-2001","LanKod":"13","Lan":"HALLANDS LÄN","KommunKod":"82","Kommun":"FALKENBERG","ArendeAr":2001,"Biotyp":"Äldre naturskogsartade skogar","Naturtyp":null,"AreaTot":4,"AreaProd":4,"Standort":"saknas","Datbeslut":1002672000000,"Url":"http://www.skogsstyrelsen.se/skogens-parlor/Biotopskydd/?objektid=2979885"}},{"type":"Feature","id":46222,"geometry":{"type":"Polygon","coordinates":[[[13.074132136737251,56.88655590174186],[13.074538520442228,56.886609709649775],[13.074752865207675,56.886596434727146],[13.07483610075421,56.8865802852844],[13.07513630355984,56.886739582245774],[13.074851206323618,56.88704779220888],[13.074600822192284,56.88710519770868],[13.074317016838423,56.887170866538796],[13.074093515048762,56.88730971844466],[13.074050266314229,56.88745251728897],[13.073594712389436,56.887622232619],[13.073322033806743,56.88753541280499],[13.073158175963535,56.88753182515017],[13.072924816377753,56.88735601452825],[13.07265280046507,56.88726021774209],[13.07234472953068,56.88720855885324],[13.072136953658944,56.88713213695116],[13.071996694697315,56.88703023997016],[13.072299502599174,56.88692906161097],[13.072585952428591,56.88705211987822],[13.072698689470254,56.887081544226895],[13.072829125034508,56.887093386930985],[13.073192250041137,56.88706539094788],[13.073424937987062,56.887025569916595],[13.073710044685475,56.886941960766144],[13.07382999382461,56.886872715531325],[13.074006953739122,56.88669690721005],[13.074132136737251,56.88655590174186]]]},"properties":{"OBJECTID":46222,"Uuid":"54F9FD5F-9609-4B2E-9235-5E92AF3BD9CF","Beteckn":"SK 1036-2005","LanKod":"13","Lan":"HALLANDS LÄN","KommunKod":"15","Kommun":"HYLTE","ArendeAr":2005,"Biotyp":"Mindre vattendrag och småvatten med omgivande mark","Naturtyp":null,"AreaTot":0.9,"AreaProd":0.9,"Standort":"saknas","Datbeslut":1134604800000,"Url":"http://www.skogsstyrelsen.se/skogens-parlor/Biotopskydd/?objektid=2989729"}},{"type":"Feature","id":38396,"geometry":{"type":"Polygon","coordinates":[[[12.822274368086395,56.37154261278569],[12.822464168379291,56.371598718808094],[12.822680852449276,56.37164487201821],[12.822750688041534,56.37172140915633],[12.822971050948519,56.371841067478535],[12.823236582995658,56.37196977769378],[12.823151624389066,56.37215071070711],[12.822951417384381,56.37243342705969],[12.822550188229167,56.37289007599839],[12.82117694753044,56.372659405100585],[12.820906427361185,56.37261611321568],[12.820973217942448,56.37233209689312],[12.821002651220322,56.37196943532755],[12.821228873232608,56.37186269369863],[12.821313152677881,56.37171990839806],[12.82138366054414,56.37156899943968],[12.821661212866768,56.37153974579954],[12.822274368086395,56.37154261278569]]]},"properties":{"OBJECTID":38396,"Uuid":"6E796BEC-65EA-4A0B-89D2-157D9E22F6AD","Beteckn":"SK 157-1999","LanKod":"12","Lan":"SKÅNE LÄN","KommunKod":"78","Kommun":"BÅSTAD","ArendeAr":1999,"Biotyp":"Rik- och kalkkärr","Naturtyp":null,"AreaTot":1.5,"AreaProd":1.5,"Standort":"saknas","Datbeslut":929059200000,"Url":"http://www.skogsstyrelsen.se/skogens-parlor/Biotopskydd/?objektid=2977641"}},{"type":"Feature","id":53716,"geometry":{"type":"Polygon","coordinates":[[[12.315236533743397,57.53132338106518],[12.31551036961396,57.53142980733415],[12.315600908047498,57.53153116482403],[12.315767533042116,57.53153577042947],[12.315923016793747,57.53165689660155],[12.31606782718947,57.53171482430574],[12.316027653131908,57.53178559526371],[12.31601735534073,57.531893147096376],[12.316104475108784,57.53203035209629],[12.316182640083232,57.53208643052698],[12.316973406324506,57.53237789782255],[12.317947473076666,57.53267443398239],[12.319701902173353,57.53599390748556],[12.319757427189577,57.536112257964746],[12.319080257447279,57.53568017004283],[12.318844009648256,57.53552985907184],[12.318879904980989,57.53550389483238],[12.318990167436949,57.535399114116466],[12.319011980111345,57.535345800075376],[12.318803996305615,57.53489972896824],[12.318666024391113,57.53477009980039],[12.318570314944154,57.534722529237264],[12.317989646250494,57.534679506164714],[12.31778500894448,57.534548036482896],[12.31777692453217,57.53445795975946],[12.31785814887631,57.534307439524795],[12.317887661536526,57.53417346124412],[12.31778045115409,57.53407165231421],[12.317638189690248,57.533986838233346],[12.317456596741728,57.53396384436685],[12.317139141475113,57.53396404132116],[12.316872520877979,57.53395666415422],[12.3164294653602,57.53387251533753],[12.316222258879234,57.53376794003696],[12.31602107119755,57.53360062007969],[12.315948044278938,57.533490765460385],[12.315925869152203,57.53337332923583],[12.315980625202743,57.533150190091],[12.316171273909768,57.532903852724],[12.316315728514706,57.53279103042926],[12.316316587791418,57.53278207079584],[12.315341784594445,57.532144030949205],[12.315281998092951,57.53207048609002],[12.315155547542176,57.53199510020362],[12.315042837778313,57.531776306028014],[12.31502924665572,57.53156925511287],[12.315236533743397,57.53132338106518]]]},"properties":{"OBJECTID":53716,"Uuid":"9F96180B-E4E4-432B-B326-5CE9A5B976B0","Beteckn":"SK 16-1996","LanKod":"13","Lan":"HALLANDS LÄN","KommunKod":"84","Kommun":"KUNGSBACKA","ArendeAr":1996,"Biotyp":"Äldre naturskogsartade skogar","Naturtyp":null,"AreaTot":3.6,"AreaProd":3.6,"Standort":"saknas","Datbeslut":821145600000,"Url":"http://www.skogsstyrelsen.se/skogens-parlor/Biotopskydd/?objektid=2975407"}},{"type":"Feature","id":45366,"geometry":{"type":"Polygon","coordinates":[[[12.716764336649854,56.451358519063206],[12.716957208800391,56.45138130041162],[12.71848084292028,56.451401264854375],[12.718943169652063,56.45150263744094],[12.718891675865375,56.45153729747037],[12.718230834070226,56.45168259065147],[12.717407323649358,56.451832805537215],[12.717293973145358,56.45182998329805],[12.716631654418523,56.451993206027865],[12.71661983110457,56.45193899419268],[12.716711554149107,56.45160880798198],[12.716764336649854,56.451358519063206]]]},"properties":{"OBJECTID":45366,"Uuid":"F44F454E-6B8C-478D-93D2-F4CE912515BB","Beteckn":"SK 137-1996","LanKod":"12","Lan":"SKÅNE LÄN","KommunKod":"78","Kommun":"BÅSTAD","ArendeAr":1996,"Biotyp":"Ravinskogar","Naturtyp":null,"AreaTot":0.5,"AreaProd":0.5,"Standort":"saknas","Datbeslut":840153600000,"Url":"http://www.skogsstyrelsen.se/skogens-parlor/Biotopskydd/?objektid=2975649"}},{"type":"Feature","id":47026,"geometry":{"type":"Polygon","coordinates":[[[12.709803051980082,56.45056489208796],[12.713569739248504,56.45113512938253],[12.714643754134434,56.45129668721687],[12.714487962183638,56.45161629148196],[12.714161167890413,56.45164408980401],[12.71375706798996,56.45162502425344],[12.713435392131741,56.45159005044237],[12.71330730603715,56.451568879998106],[12.713118087195305,56.45150126090115],[12.712991452466206,56.45146216071198],[12.7128479121851,56.45143162799018],[12.71262338349625,56.45139907185318],[12.712381216161178,56.45138403842288],[12.712155970644037,56.45136044630034],[12.711620869780052,56.45135608751537],[12.711411812783476,56.451332900447994],[12.71125207079988,56.45130195018737],[12.711078327028694,56.451243699312954],[12.710727185869944,56.45117203781836],[12.710506316107576,56.451094636905665],[12.710060204757859,56.45099364868321],[12.709866620380074,56.45097983047607],[12.709556032945786,56.45100801463989],[12.709280024222162,56.45101010886446],[12.7092005217178,56.45099015462169],[12.709091549902793,56.45093351916988],[12.709803051980082,56.45056489208796]]]},"properties":{"OBJECTID":47026,"Uuid":"A66F3356-EA2E-468B-AE3B-8BC81A268CF2","Beteckn":"SK 185-1996","LanKod":"12","Lan":"SKÅNE LÄN","KommunKod":"78","Kommun":"BÅSTAD","ArendeAr":1996,"Biotyp":"Ravinskogar","Naturtyp":null,"AreaTot":1.6,"AreaProd":1.6,"Standort":"saknas","Datbeslut":844992000000,"Url":"http://www.skogsstyrelsen.se/skogens-parlor/Biotopskydd/?objektid=2975745"}},{"type":"Feature","id":47358,"geometry":{"type":"Polygon","coordinates":[[[12.83171067011309,56.817159885547774],[12.832081081474156,56.81724059405657],[12.832268784376124,56.81735289539432],[12.832514780737338,56.817556422852974],[12.832629968069632,56.81775684190947],[12.832866013803457,56.81808593246238],[12.832819093305007,56.8182645115624],[12.83270249436505,56.8184953400249],[12.832708172043676,56.81863025152279],[12.832737327280542,56.818675869297564],[12.832942816651814,56.81877061363055],[12.833112736477258,56.81890046054874],[12.832202642219695,56.81901353410118],[12.831987921138529,56.81882871094082],[12.831573419211823,56.8184773945881],[12.831295425714565,56.81826411614971],[12.83105653249828,56.81797090036284],[12.830937810545139,56.81781532303793],[12.83135658376085,56.81769951655483],[12.831278386975455,56.81744607283327],[12.831432659747547,56.8173599063668],[12.83171067011309,56.817159885547774]]]},"properties":{"OBJECTID":47358,"Uuid":"06A59D35-19FA-4378-ABAD-497CAB2DDF4B","Beteckn":"SK 602-2005","LanKod":"13","Lan":"HALLANDS LÄN","KommunKod":"80","Kommun":"HALMSTAD","ArendeAr":2005,"Biotyp":"Äldre naturskogsartade skogar","Naturtyp":null,"AreaTot":1.5,"AreaProd":1.5,"Standort":"saknas","Datbeslut":1127088000000,"Url":"http://www.skogsstyrelsen.se/skogens-parlor/Biotopskydd/?objektid=2988861"}},{"type":"Feature","id":40102,"geometry":{"type":"Polygon","coordinates":[[[13.084071666402265,57.4270582851752],[13.084553195358726,57.42707767339976],[13.084696167886948,57.427170604167834],[13.084863115331753,57.42716522612282],[13.085210289554327,57.427199676949314],[13.085536833855993,57.42728757946816],[13.085844118585607,57.42718641411998],[13.086098834013125,57.42734463651576],[13.086473942822291,57.42745155869665],[13.087003355413847,57.42749892512298],[13.087172958628727,57.42745767138014],[13.087169636399791,57.42750250988292],[13.087283357041184,57.42776549243277],[13.086936175402355,57.427731047275905],[13.086519820225769,57.42773103232605],[13.086220516370336,57.42772457270996],[13.085872684819716,57.42769909073111],[13.085659178255668,57.427658550327166],[13.085394471795833,57.427634860077056],[13.084954867034964,57.42749959513263],[13.084628974409434,57.42740271603726],[13.084278472626883,57.427413110984645],[13.084062980401871,57.427399474630036],[13.083767692280873,57.42733918727531],[13.083643332107567,57.427219709368536],[13.08389672909987,57.42717128858362],[13.084071666402265,57.4270582851752]]]},"properties":{"OBJECTID":40102,"Uuid":"2AE04867-6CE0-45D3-A967-FD2B88544A21","Beteckn":"SK 595-2004","LanKod":"14","Lan":"VÄSTRA GÖTALANDS LÄN","KommunKod":"65","Kommun":"SVENLJUNGA","ArendeAr":2004,"Biotyp":"Mindre vattendrag och småvatten med omgivande mark","Naturtyp":null,"AreaTot":0.8,"AreaProd":0.8,"Standort":"saknas","Datbeslut":1090368000000,"Url":"http://www.skogsstyrelsen.se/skogens-parlor/Biotopskydd/?objektid=2986725"}},{"type":"Feature","id":42927,"geometry":{"type":"Polygon","coordinates":[[[12.892203201671874,56.89712434788644],[12.894235171618238,56.897366633529195],[12.89490361162406,56.89777201029856],[12.895067891458764,56.898185783711675],[12.895112196090887,56.89856315478856],[12.895054007949916,56.89883733716832],[12.894992957155798,56.89899048270497],[12.89503100795943,56.89944835352777],[12.894523679940106,56.8994970100641],[12.894168726461016,56.89916615380824],[12.894025279474329,56.899115768121796],[12.893887302157806,56.89915287311222],[12.893738864138275,56.89932414353009],[12.893790201733484,56.899768885538315],[12.894244764219787,56.90039776470533],[12.893554819380181,56.90058328857324],[12.893242844802034,56.90041390641231],[12.892237943523568,56.899988054126624],[12.891941190689531,56.89991942578545],[12.891612440440756,56.900134747261475],[12.891327276691616,56.90048426493013],[12.889456694193672,56.89990296385506],[12.889445402958167,56.899102965961816],[12.89050683227634,56.898563242922066],[12.891062591293386,56.898838308500665],[12.891442031888129,56.89916974893035],[12.892189823725372,56.89918720208438],[12.89243300363484,56.898588032760024],[12.89290430583411,56.89868640060843],[12.893166675722094,56.89878660812409],[12.89345438688319,56.89871939130719],[12.893544657964014,56.898506442518766],[12.893482354874182,56.89820256996279],[12.893195470502912,56.89810179690319],[12.892577638045783,56.89767743229272],[12.892289993586893,56.89742878716598],[12.892203201671874,56.89712434788644]]]},"properties":{"OBJECTID":42927,"Uuid":"9338A1E1-1486-4C30-9E38-E0B45E64E11F","Beteckn":"SK 73-2012","LanKod":"13","Lan":"HALLANDS LÄN","KommunKod":"80","Kommun":"HALMSTAD","ArendeAr":2012,"Biotyp":"Äldre naturskogsartade skogar","Naturtyp":"Ädellövskog bok","AreaTot":6.5,"AreaProd":6.5,"Standort":"saknas","Datbeslut":1348704000000,"Url":"http://www.skogsstyrelsen.se/skogens-parlor/Biotopskydd/?objektid=2816975"}},{"type":"Feature","id":49156,"geometry":{"type":"Polygon","coordinates":[[[13.306983891377454,56.5107590185809],[13.307239968489494,56.51081807629308],[13.307457688159673,56.51096619855257],[13.307727062688388,56.51107044594439],[13.307970458365899,56.51107534309991],[13.308103232393933,56.51103309459247],[13.309381906599462,56.51234350509669],[13.309396955198409,56.51236178019753],[13.30999088850242,56.51296665785252],[13.308105506339984,56.51297365620945],[13.307404515696154,56.51226779367197],[13.307136918218662,56.51213663964651],[13.30658195355714,56.51192782192705],[13.306492860564619,56.51180024999193],[13.30644659257591,56.511269272390145],[13.306476404606324,56.511063240652284],[13.306514765251173,56.51097417589997],[13.306655211884893,56.51081529091438],[13.306983891377454,56.5107590185809]]]},"properties":{"OBJECTID":49156,"Uuid":"23D313A3-FEA3-4F60-ACA0-D48CDE0B40F8","Beteckn":"SK 143-2001","LanKod":"13","Lan":"HALLANDS LÄN","KommunKod":"81","Kommun":"LAHOLM","ArendeAr":2001,"Biotyp":"Äldre naturskogsartade skogar","Naturtyp":null,"AreaTot":2.8,"AreaProd":2.8,"Standort":"saknas","Datbeslut":984528000000,"Url":"http://www.skogsstyrelsen.se/skogens-parlor/Biotopskydd/?objektid=2979249"}},{"type":"Feature","id":39375,"geometry":{"type":"Polygon","coordinates":[[[13.24246835446232,56.34058474197464],[13.24271112897577,56.340758516527885],[13.24320819364137,56.34111228403406],[13.243251270498998,56.34114346542835],[13.243562980080812,56.34137386636172],[13.244411157065935,56.34143190487043],[13.24461197331494,56.34154090253873],[13.243270483944904,56.342241170847295],[13.242756698668684,56.34250725952148],[13.242121134705197,56.34204515735821],[13.242590890301056,56.34172739693718],[13.242640050227301,56.34164423616765],[13.242584709360688,56.34133296442906],[13.242354423803038,56.34115880969679],[13.24213737427561,56.341014927681805],[13.241598052182626,56.34080973392482],[13.242144192007812,56.340630654036126],[13.24246835446232,56.34058474197464]]]},"properties":{"OBJECTID":39375,"Uuid":"05C47244-2657-4642-A068-E5D3E483894A","Beteckn":"SK 313-2021","LanKod":"12","Lan":"SKÅNE LÄN","KommunKod":"57","Kommun":"ÖRKELLJUNGA","ArendeAr":2021,"Biotyp":"Äldre naturskogsartade skogar","Naturtyp":"Ädellövskog bok","AreaTot":1.6,"AreaProd":1.6,"Standort":"saknas","Datbeslut":1702339200000,"Url":"http://www.skogsstyrelsen.se/skogens-parlor/Biotopskydd/?objektid=3777205"}},{"type":"Feature","id":41971,"geometry":{"type":"Polygon","coordinates":[[[12.76986077536098,57.048004758944884],[12.77077438060898,57.048727737370776],[12.771105218640468,57.04931977810791],[12.771489086873668,57.04986819008308],[12.770756006473432,57.049760561849965],[12.770355635683764,57.04961607960633],[12.77013188298162,57.049529781765706],[12.770072660550229,57.04944748295662],[12.76970815063727,57.04926792604443],[12.769505229554513,57.04912823366349],[12.769319510191629,57.04897996901027],[12.769201806928365,57.0488063975386],[12.769153918578205,57.04878726645936],[12.769031818861356,57.04866749772618],[12.769818297084697,57.048524851324665],[12.76986077536098,57.048004758944884]],[[12.770389766048403,57.04859262064832],[12.770205115129341,57.048633068458315],[12.770175479050934,57.048794076558345],[12.770217517233364,57.048884947693786],[12.770500888890567,57.04884689562409],[12.770439125189903,57.048593823022685],[12.770389766048403,57.04859262064832]]]},"properties":{"OBJECTID":41971,"Uuid":"81DBE857-882C-40E4-83F7-A4D981A25371","Beteckn":"SK 212-2000","LanKod":"13","Lan":"HALLANDS LÄN","KommunKod":"82","Kommun":"FALKENBERG","ArendeAr":2000,"Biotyp":"Äldre naturskogsartade skogar","Naturtyp":null,"AreaTot":1.2,"AreaProd":1.2,"Standort":"saknas","Datbeslut":961372800000,"Url":"http://www.skogsstyrelsen.se/skogens-parlor/Biotopskydd/?objektid=2978445"}},{"type":"Feature","id":45266,"geometry":{"type":"Polygon","coordinates":[[[13.15762708722217,56.88925317572147],[13.15782248418788,56.88927528621574],[13.158030449707434,56.889351566717245],[13.158156486014025,56.8894261088376],[13.158598329180656,56.889444465200604],[13.158627297910092,56.889498976021066],[13.158660488151433,56.88995786139285],[13.15867993153851,56.8901469336804],[13.158669767478413,56.89029046228433],[13.15869683797777,56.89037189266139],[13.1585612879495,56.8904319037977],[13.15845660500898,56.89051952402694],[13.158383427820413,56.89062577732381],[13.158133782659197,56.89067438372397],[13.157850715226191,56.89073126667301],[13.157391179853558,56.8907305100614],[13.15723542761401,56.890843991162306],[13.157041797487025,56.89102854586781],[13.156875871209214,56.89128556388378],[13.156786943164702,56.891382499549145],[13.156538552370597,56.89141315926901],[13.156389150600429,56.8914369407571],[13.156306560645465,56.89144417732311],[13.156256262214256,56.89122749500489],[13.156095540145062,56.891179162007056],[13.155941814233278,56.89103216321848],[13.155951350180064,56.89089760202608],[13.156112185343074,56.89071235827129],[13.156410506316629,56.890440186620985],[13.15642321794623,56.890260780596606],[13.156370364552421,56.89007998469103],[13.156357272538258,56.889801204368595],[13.156150585965394,56.8897069778952],[13.156128600069755,56.889553782699934],[13.156190477295537,56.88937541681402],[13.156361348031147,56.88928022103317],[13.15654290043406,56.88926610626082],[13.156818326666354,56.889316867978465],[13.157060349474984,56.88937590618412],[13.157224225665665,56.88937938388692],[13.15742469911603,56.88932973064654],[13.15762708722217,56.88925317572147]]]},"properties":{"OBJECTID":45266,"Uuid":"B1F072C3-31FD-424A-A5E4-1127D8E0577A","Beteckn":"SK 528-2003","LanKod":"13","Lan":"HALLANDS LÄN","KommunKod":"15","Kommun":"HYLTE","ArendeAr":2003,"Biotyp":"Äldre naturskogsartade skogar","Naturtyp":null,"AreaTot":2.6,"AreaProd":2.6,"Standort":"saknas","Datbeslut":1053907200000,"Url":"http://www.skogsstyrelsen.se/skogens-parlor/Biotopskydd/?objektid=2984189"}},{"type":"Feature","id":43497,"geometry":{"type":"Polygon","coordinates":[[[12.926467185428281,57.21472616695263],[12.926635726173588,57.21490073714238],[12.926570764311672,57.21509689852942],[12.92679029879498,57.21525467181923],[12.926783999216678,57.21533538436983],[12.926586796132632,57.2155285084825],[12.926460599826774,57.21566038193472],[12.926320670075627,57.21575599615555],[12.926129763448046,57.21586840699693],[12.926047109730789,57.2158665116163],[12.925696736945158,57.21568776869752],[12.925455096236078,57.215601369360364],[12.925318903636796,57.21543652437658],[12.925422978838037,57.21537601867666],[12.925746141696926,57.215266647528374],[12.925992935767502,57.21507465837209],[12.926128909402848,57.214817229191],[12.926467185428281,57.21472616695263]]]},"properties":{"OBJECTID":43497,"Uuid":"0A30DE81-523C-4E5A-9B69-E0E1A1534F36","Beteckn":"SK 846-2005","LanKod":"14","Lan":"VÄSTRA GÖTALANDS LÄN","KommunKod":"65","Kommun":"SVENLJUNGA","ArendeAr":2005,"Biotyp":"Äldre naturskogsartade skogar","Naturtyp":null,"AreaTot":0.6,"AreaProd":0.6,"Standort":"saknas","Datbeslut":1132185600000,"Url":"http://www.skogsstyrelsen.se/skogens-parlor/Biotopskydd/?objektid=2989349"}},{"type":"Feature","id":45466,"geometry":{"type":"Polygon","coordinates":[[[12.728177190853149,56.46010680894368],[12.728284211209054,56.46023153984979],[12.72841368641694,56.460393699237954],[12.728548132289244,56.46055880733261],[12.728458246272327,56.46081253717123],[12.728264630895124,56.460904578865566],[12.728157751214805,56.460968254448225],[12.728177371932864,56.461071335290896],[12.728104648762347,56.461167018807814],[12.727889525490973,56.46131716269787],[12.727380398938143,56.4613848766458],[12.727022792501806,56.46141827445513],[12.726887745007183,56.46143577896625],[12.726723681852615,56.461421360133606],[12.726698414007801,56.46132673122465],[12.726728235438248,56.46125879639795],[12.726980460897314,56.46117781518865],[12.727383568507852,56.460814258781234],[12.72775339585683,56.460490039059266],[12.728156148224633,56.46013218051143],[12.728177190853149,56.46010680894368]]]},"properties":{"OBJECTID":45466,"Uuid":"5CD28E37-D11D-4FD6-BF6D-E74765CDD055","Beteckn":"SK 42-1997","LanKod":"12","Lan":"SKÅNE LÄN","KommunKod":"78","Kommun":"BÅSTAD","ArendeAr":1997,"Biotyp":"Hassellundar och hasselrika skogar","Naturtyp":null,"AreaTot":0.7,"AreaProd":0.7,"Standort":"saknas","Datbeslut":855014400000,"Url":"http://www.skogsstyrelsen.se/skogens-parlor/Biotopskydd/?objektid=2976055"}},{"type":"Feature","id":53879,"geometry":{"type":"Polygon","coordinates":[[[12.735437234994183,57.087534614822346],[12.735875545618677,57.08802156531202],[12.73810989122368,57.0885435470179],[12.738835598964497,57.089747338483285],[12.739278990137636,57.08997383930786],[12.739465714789471,57.09031085762329],[12.738440225169668,57.09053731681723],[12.738414526379204,57.090249167995154],[12.738133275908957,57.089658261222255],[12.737746701626497,57.08934329722442],[12.737238599089814,57.088701896180126],[12.736899387631787,57.08861271900992],[12.736257059463464,57.088596972855434],[12.735726132540123,57.088431216541125],[12.735643937230034,57.088626871097425],[12.735629107334608,57.08880620194154],[12.736189557886338,57.08941295215174],[12.735392893146258,57.08926763534246],[12.7350378025125,57.088971410867764],[12.734557794230199,57.08878892108767],[12.73398548971152,57.088325629716195],[12.733477137973122,57.08828620515376],[12.734065183788063,57.0877615311086],[12.734475454032179,57.087789564631976],[12.735437234994183,57.087534614822346]]]},"properties":{"OBJECTID":53879,"Uuid":"DECA5178-A636-432D-B426-B4064DFBE033","Beteckn":"SK 815-2006","LanKod":"13","Lan":"HALLANDS LÄN","KommunKod":"82","Kommun":"FALKENBERG","ArendeAr":2006,"Biotyp":"Äldre naturskogsartade skogar","Naturtyp":null,"AreaTot":3.2,"AreaProd":3,"Standort":"saknas","Datbeslut":1166572800000,"Url":"http://www.skogsstyrelsen.se/skogens-parlor/Biotopskydd/?objektid=2991505"}},{"type":"Feature","id":41751,"geometry":{"type":"MultiPolygon","coordinates":[[[[12.900102606156592,57.006379160298245],[12.900201622265651,57.00647782490837],[12.900187995798218,57.0076473400278],[12.900038101065007,57.00780173718701],[12.899631620579033,57.00805469001525],[12.899044807137372,57.00807607500546],[12.898647614137701,57.007886812055894],[12.898699053156998,57.00771649371246],[12.899011284791904,57.00746496291388],[12.899263163239409,57.007263772873706],[12.899398593415544,57.00718045518684],[12.899614463548751,57.007061402524386],[12.899889555508732,57.006911955489755],[12.900016050685648,57.00670865979164],[12.900102606156592,57.006379160298245]]],[[[12.900066015187626,57.005822200162086],[12.900042800950686,57.00595590771024],[12.900021980192045,57.006046855413466],[12.900017160472675,57.00613236555691],[12.900016769793682,57.006232210699565],[12.899984376130272,57.00634293992309],[12.899906516933749,57.006703964163464],[12.899767663033817,57.00689042836796],[12.899290327166677,57.00715296502025],[12.898958329374633,57.00738418889709],[12.898839383411682,57.00708262772887],[12.898479971410064,57.00715077158435],[12.898216433405665,57.0070949911164],[12.89815383653868,57.006999785135946],[12.89815143298252,57.00667165021525],[12.89849476851684,57.006517646318],[12.898664416810309,57.00656899219343],[12.898916861253008,57.006450554871314],[12.8990038195205,57.00639209661054],[12.899208506562909,57.00619297194572],[12.899278995511864,57.005963054946406],[12.899685400866796,57.005895697634074],[12.900066015187626,57.005822200162086]]]]},"properties":{"OBJECTID":41751,"Uuid":"02CF022A-C002-49A2-B566-C0C675846259","Beteckn":"SK 460-2017","LanKod":"13","Lan":"HALLANDS LÄN","KommunKod":"15","Kommun":"HYLTE","ArendeAr":2017,"Biotyp":"Äldre naturskogsartade skogar","Naturtyp":"Ädellövskog bok","AreaTot":1.9,"AreaProd":1.9,"Standort":"saknas","Datbeslut":1544659200000,"Url":"http://www.skogsstyrelsen.se/skogens-parlor/Biotopskydd/?objektid=3399807"}},{"type":"Feature","id":46849,"geometry":{"type":"Polygon","coordinates":[[[12.36678075476354,57.285317708607266],[12.367085205130289,57.28543387324559],[12.367342500687746,57.28552180060006],[12.367807455053923,57.285696281477996],[12.368674495181299,57.286007569026246],[12.369122914787736,57.28618159080537],[12.36978382348152,57.28656810785192],[12.370223044749952,57.286840718245564],[12.370677159060007,57.287131711492286],[12.371154520593791,57.28735145501024],[12.371662485323684,57.28759898644097],[12.3721497171365,57.28789087341535],[12.372641969317232,57.288128986275844],[12.37301184971978,57.28825591328801],[12.373444573726662,57.28842050504858],[12.373999733190924,57.288696279538584],[12.374265271371245,57.28887427033952],[12.374544026036517,57.28908856551673],[12.374747530254044,57.28921992884749],[12.375272110354015,57.28946789993746],[12.375819076237857,57.28965358002068],[12.376040812405256,57.289767464699565],[12.376852525823931,57.29014008786059],[12.37759301800665,57.29056468301688],[12.378084520920142,57.29081173595871],[12.378729894292855,57.29118878460557],[12.379393503193532,57.291548370848645],[12.379934681850814,57.291796766565994],[12.380237553548346,57.29193083910212],[12.380041147989555,57.292257959881375],[12.3797860169592,57.29250261381331],[12.379558412295932,57.29245147767095],[12.37920754500757,57.292298123175655],[12.378751503765308,57.29220480896211],[12.378601804228738,57.29202999039999],[12.378221996770883,57.291830914765214],[12.37805407694446,57.29167357253052],[12.377718098590416,57.29153859713307],[12.377227296927847,57.291462292238315],[12.377058545902562,57.29131390924467],[12.376722591088452,57.29117893158469],[12.376116887544685,57.290910778130765],[12.375843102664202,57.29064270455593],[12.37552287029377,57.29051713768294],[12.375193596894244,57.29031045327571],[12.374740942577501,57.29018126478974],[12.374476909042523,57.290165072500734],[12.37404580317908,57.28998255344754],[12.373892799409857,57.289843580822414],[12.373606516470232,57.28970995597002],[12.373163062128722,57.28948216880203],[12.372621109446287,57.289242695704516],[12.372551712645501,57.28909702144923],[12.37219270850693,57.288853570452346],[12.371865984819108,57.28861997815655],[12.371713816616621,57.288472042139205],[12.371491263340266,57.28836711047095],[12.371320050115438,57.288245610796906],[12.371153015018185,57.288079290202106],[12.370787336928966,57.28790753745311],[12.370500241685818,57.28778286619215],[12.370060004793393,57.28769893596735],[12.370128894083633,57.2874941347229],[12.370119863203863,57.28741300871834],[12.369915546117628,57.28729060753346],[12.369449739376345,57.28712509504834],[12.369012013708405,57.2870142705147],[12.368943458197993,57.286859624596396],[12.36893043630497,57.28664360069789],[12.368639177369095,57.286563745908815],[12.36842166351967,57.286405027895924],[12.367916255366596,57.28613059331693],[12.367466180189526,57.28597448853509],[12.367245316213978,57.28585162829697],[12.366797766296914,57.28566863084972],[12.366612536588397,57.28551977972932],[12.36678075476354,57.285317708607266]]]},"properties":{"OBJECTID":46849,"Uuid":"9312E1DB-D497-4802-8498-EA0A1C7BB6F3","Beteckn":"SK 591-2007","LanKod":"13","Lan":"HALLANDS LÄN","KommunKod":"83","Kommun":"VARBERG","ArendeAr":2007,"Biotyp":"Ras- eller bergbranter","Naturtyp":null,"AreaTot":7.7,"AreaProd":7.7,"Standort":"saknas","Datbeslut":1196899200000,"Url":"http://www.skogsstyrelsen.se/skogens-parlor/Biotopskydd/?objektid=2992713"}},{"type":"Feature","id":49505,"geometry":{"type":"Polygon","coordinates":[[[13.321134612391747,57.314427024545914],[13.32195873898161,57.31451517340527],[13.322621916898354,57.314528278128556],[13.324629498809227,57.31479249044441],[13.324734569300531,57.31545031625512],[13.32425314282954,57.315449797053276],[13.323726216048895,57.31538548967243],[13.323236692246866,57.31525904679956],[13.32220729322406,57.31501414479634],[13.321173683742535,57.31483202561181],[13.320648579467873,57.31474080257255],[13.320845502379218,57.31452910307588],[13.321134612391747,57.314427024545914]]]},"properties":{"OBJECTID":49505,"Uuid":"B6A36828-7DC3-4458-A954-CFD7C2C0CB5E","Beteckn":"SK 269-1998","LanKod":"06","Lan":"JÖNKÖPINGS LÄN","KommunKod":"62","Kommun":"GISLAVED","ArendeAr":1998,"Biotyp":"Ras- eller bergbranter","Naturtyp":null,"AreaTot":1.5,"AreaProd":1.5,"Standort":"saknas","Datbeslut":913334400000,"Url":"http://www.skogsstyrelsen.se/skogens-parlor/Biotopskydd/?objektid=2977269"}},{"type":"Feature","id":52708,"geometry":{"type":"Polygon","coordinates":[[[12.980499201484227,56.3494055732947],[12.980753010980546,56.349474260482914],[12.980993997836636,56.34949773338512],[12.981057939673082,56.34950817525854],[12.981444537911766,56.34975060547824],[12.98173356526019,56.34999978471635],[12.981863031345775,56.35021838024608],[12.982100261345243,56.350511315290376],[12.982410758910392,56.3506891026172],[12.982446611783907,56.35086063811459],[12.982289947196263,56.3510098075059],[12.982023512442735,56.351111555169524],[12.981806632396985,56.35098081778831],[12.981601926233084,56.350904269700884],[12.98105864648096,56.35081101671238],[12.980762552937447,56.350876143369156],[12.980577545161228,56.35097075851499],[12.980360238527664,56.35106463125941],[12.98018519134344,56.3510246992909],[12.979813416225971,56.350800578930304],[12.979672006315402,56.350743437146065],[12.979685297348077,56.35056403896918],[12.979669584969884,56.350339055217894],[12.979765408390392,56.34991894901476],[12.97988334646814,56.3494184767771],[12.980499201484227,56.3494055732947]]]},"properties":{"OBJECTID":52708,"Uuid":"83A869D4-C9D1-44D6-8987-641EB82FB155","Beteckn":"SK 433-2003","LanKod":"12","Lan":"SKÅNE LÄN","KommunKod":"92","Kommun":"ÄNGELHOLM","ArendeAr":2003,"Biotyp":"Alkärr","Naturtyp":null,"AreaTot":2.2,"AreaProd":2.2,"Standort":"saknas","Datbeslut":1051488000000,"Url":"http://www.skogsstyrelsen.se/skogens-parlor/Biotopskydd/?objektid=2983999"}},{"type":"Feature","id":39781,"geometry":{"type":"Polygon","coordinates":[[[12.542137222337571,57.052318425243485],[12.542778039257811,57.05234412333617],[12.54345152164372,57.05293677023309],[12.543964664343278,57.05291420550356],[12.54404062461623,57.05298807497974],[12.544001349806116,57.05324763374639],[12.544198695094375,57.05344147599633],[12.543817087005907,57.05365617122067],[12.543047079137951,57.053411452156006],[12.541795514691493,57.05264199066522],[12.542137222337571,57.052318425243485]]]},"properties":{"OBJECTID":39781,"Uuid":"87B9DAC3-C4E0-46ED-AE93-5CDD136F0F09","Beteckn":"SK 908-2004","LanKod":"13","Lan":"HALLANDS LÄN","KommunKod":"83","Kommun":"VARBERG","ArendeAr":2004,"Biotyp":"Alkärr","Naturtyp":null,"AreaTot":1,"AreaProd":1,"Standort":"saknas","Datbeslut":1101686400000,"Url":"http://www.skogsstyrelsen.se/skogens-parlor/Biotopskydd/?objektid=2987351"}},{"type":"Feature","id":42770,"geometry":{"type":"Polygon","coordinates":[[[12.77855704993492,57.26747109260607],[12.779319471138159,57.26767815245687],[12.779676228694164,57.267776589338034],[12.77961991779305,57.26826041070877],[12.780377962937205,57.2685212570257],[12.781225377205114,57.268703396694235],[12.781515582632537,57.26860256791891],[12.781638064609206,57.268524656966036],[12.782016163658989,57.268363052542696],[12.782408606914352,57.26822874770543],[12.782594713828859,57.26798165801219],[12.782576319595048,57.267801516665145],[12.783202308047779,57.26785252211881],[12.78322806889094,57.26794298828144],[12.78313686096711,57.26824627954262],[12.782722724565977,57.268442952342596],[12.782491374363968,57.2686350498816],[12.7824082462884,57.268839692329465],[12.778478133046296,57.26964347761783],[12.777766416925344,57.26962631933684],[12.77811897726893,57.26775702456087],[12.778139941132393,57.26770362358573],[12.778334521152466,57.26755557964143],[12.77855704993492,57.26747109260607]]]},"properties":{"OBJECTID":42770,"Uuid":"2B305C8F-5B8F-49F2-B6A3-81EE1BBF3541","Beteckn":"SK 478-2001","LanKod":"13","Lan":"HALLANDS LÄN","KommunKod":"82","Kommun":"FALKENBERG","ArendeAr":2001,"Biotyp":"Äldre naturskogsartade skogar","Naturtyp":null,"AreaTot":3.7,"AreaProd":3.4,"Standort":"saknas","Datbeslut":1003104000000,"Url":"http://www.skogsstyrelsen.se/skogens-parlor/Biotopskydd/?objektid=2979919"}},{"type":"Feature","id":44593,"geometry":{"type":"Polygon","coordinates":[[[12.717414851519425,57.52497671082868],[12.717938304929453,57.52510632764186],[12.718136779036175,57.5251291645899],[12.718464804364723,57.52520008128457],[12.718625394369223,57.52527589531406],[12.718974629072397,57.52529342342797],[12.719215533234411,57.52540714373999],[12.719373101563557,57.52551880920644],[12.719505662002819,57.52553104450862],[12.719701115610038,57.52558973140045],[12.719944288665566,57.52567654302999],[12.72009050352302,57.52572504828754],[12.719628372691577,57.52585748588933],[12.719645033754404,57.52585789482437],[12.719723827199163,57.525913736447976],[12.719395032441325,57.52604943641586],[12.71962455422988,57.52629764643359],[12.720356383316172,57.5263335232762],[12.720106351895334,57.52672272507708],[12.72000784118448,57.52709766333435],[12.719966155953712,57.527393143046595],[12.719870667743166,57.527929879147855],[12.719760049505746,57.527855293414184],[12.719422924075458,57.527694304589545],[12.719241096535482,57.527671887534886],[12.718791073965997,57.5276608681299],[12.718353926538102,57.52769508952366],[12.717867562666036,57.52752145958378],[12.7174872778642,57.5272785525492],[12.71732363739665,57.52723860699833],[12.717135011749756,57.52709921320812],[12.716821367731654,57.52705559157291],[12.717814674945446,57.526370138677876],[12.717160249053004,57.52541971195515],[12.716915562827872,57.52535082101787],[12.717414851519425,57.52497671082868]]]},"properties":{"OBJECTID":44593,"Uuid":"0DFFC66D-ABB6-4775-8DFD-B57D4E46BBE2","Beteckn":"SK 158-2010","LanKod":"14","Lan":"VÄSTRA GÖTALANDS LÄN","KommunKod":"63","Kommun":"MARK","ArendeAr":2010,"Biotyp":"Mark med mycket gamla träd","Naturtyp":null,"AreaTot":4.1,"AreaProd":4.1,"Standort":"saknas","Datbeslut":1286409600000,"Url":"http://www.skogsstyrelsen.se/skogens-parlor/Biotopskydd/?objektid=2995469"}},{"type":"Feature","id":42529,"geometry":{"type":"Polygon","coordinates":[[[12.716118228729298,56.451522136164165],[12.716711554149107,56.45160880798198],[12.71661983110457,56.45193899419268],[12.716009579258548,56.45186088963137],[12.716118228729298,56.451522136164165]]]},"properties":{"OBJECTID":42529,"Uuid":"D6F62CA4-E8C7-4DCF-9859-1D2D75E04ED4","Beteckn":"SK 204-1996","LanKod":"12","Lan":"SKÅNE LÄN","KommunKod":"78","Kommun":"BÅSTAD","ArendeAr":1996,"Biotyp":"Ravinskogar","Naturtyp":null,"AreaTot":0.1,"AreaProd":0.1,"Standort":"saknas","Datbeslut":846806400000,"Url":"http://www.skogsstyrelsen.se/skogens-parlor/Biotopskydd/?objektid=2975783"}},{"type":"Feature","id":52516,"geometry":{"type":"Polygon","coordinates":[[[12.806034891883623,56.79814346020038],[12.80628993740035,56.79823045925523],[12.806461130216997,56.79834240325174],[12.806550582890173,56.798452370443854],[12.806698121920132,56.79886025209779],[12.806757043219303,56.79894253430244],[12.806573682638726,56.798983046978556],[12.80631360508139,56.79895882004363],[12.806216980561562,56.798938527802605],[12.806077759026048,56.7988363389396],[12.80604736055214,56.79860199570983],[12.80591388791968,56.79842807034916],[12.805887646499553,56.79834656925544],[12.806034891883623,56.79814346020038]]]},"properties":{"OBJECTID":52516,"Uuid":"16994EEB-2473-4B68-9C70-EF1CE1CB6DA4","Beteckn":"SK 112-1995","LanKod":"13","Lan":"HALLANDS LÄN","KommunKod":"80","Kommun":"HALMSTAD","ArendeAr":1995,"Biotyp":"Hassellundar och hasselrika skogar","Naturtyp":null,"AreaTot":0.3,"AreaProd":0.3,"Standort":"saknas","Datbeslut":800150400000,"Url":"http://www.skogsstyrelsen.se/skogens-parlor/Biotopskydd/?objektid=2974919"}},{"type":"Feature","id":42243,"geometry":{"type":"Polygon","coordinates":[[[12.891867775055639,57.00023798073739],[12.89220871802436,57.000389440657464],[12.892780722279593,57.000509377288395],[12.893366903540493,57.00080094807619],[12.893819037103194,57.001265045637425],[12.894067366965613,57.001450400008615],[12.89443067480379,57.00163625085953],[12.895437966141099,57.00189855757047],[12.896381803252654,57.002590602582245],[12.897278482138681,57.00277542678466],[12.898590680014765,57.003519283277605],[12.899048098656193,57.00393780099091],[12.899344190521152,57.004018379462536],[12.899582424371916,57.004197837833125],[12.899999208078386,57.00468842891095],[12.90036797650453,57.00505694766889],[12.900492148457188,57.00526587822261],[12.900099234990451,57.00527925233567],[12.89952478333342,57.00526676293771],[12.899243141404453,57.005578717641015],[12.898742996468874,57.005500427992445],[12.898085883818073,57.00542376823788],[12.89774437492809,57.005406619480596],[12.897475235560089,57.005079709251206],[12.897125970214583,57.00524644257286],[12.896722677023078,57.00544366377444],[12.896515026638223,57.00523189735104],[12.896400760962129,57.00503312152609],[12.896334446485023,57.004770560710995],[12.896306600337759,57.00466349233597],[12.896330082751156,57.0044327955552],[12.896894166491437,57.00435097978427],[12.896953175128964,57.00446323543779],[12.89695955152839,57.004767193278695],[12.896947698292305,57.004838315505566],[12.896942588244348,57.00488245843807],[12.897032431682575,57.00495814724931],[12.897400515556406,57.004828806393036],[12.897725863498458,57.004668796397],[12.897957231856566,57.0046455814712],[12.898262133115471,57.004616466311],[12.898577534362142,57.00454044939992],[12.898401970155726,57.00436204160251],[12.898060030312685,57.00412092077984],[12.897636125935279,57.00384990057323],[12.897434718191999,57.00366677084289],[12.897374770142886,57.00361726643619],[12.897159561665056,57.00344674525615],[12.896893610015754,57.003295346629464],[12.896699573634933,57.00344472065872],[12.896560547206684,57.0035921705375],[12.896431587730646,57.00369983798324],[12.896212201417,57.00378887584738],[12.895191751186783,57.003480706037124],[12.894534498060457,57.00336123373026],[12.894038361959806,57.00325873922915],[12.893676749292014,57.00318132248254],[12.893400131118279,57.002941287983155],[12.892918788584533,57.0026236356681],[12.892443766052276,57.00247155525421],[12.892248323527983,57.00236840244424],[12.892003121091298,57.002081825396594],[12.892229036988914,57.00187735445078],[12.892376646143564,57.00171722185923],[12.892564906766268,57.00134663969218],[12.89228591185379,57.00082554455195],[12.892000584606974,57.0007865016455],[12.891517444678263,57.000778361556286],[12.891428034259743,57.00077308981975],[12.89140451009023,57.00062252901764],[12.891867775055639,57.00023798073739]]]},"properties":{"OBJECTID":42243,"Uuid":"26E3E7E1-A8FB-4E5A-AF2F-05DAB310539B","Beteckn":"SK 461-2017","LanKod":"13","Lan":"HALLANDS LÄN","KommunKod":"15","Kommun":"HYLTE","ArendeAr":2017,"Biotyp":"Äldre naturskogsartade skogar","Naturtyp":"Ädellövskog bok","AreaTot":8.9,"AreaProd":8.9,"Standort":"saknas","Datbeslut":1544659200000,"Url":"http://www.skogsstyrelsen.se/skogens-parlor/Biotopskydd/?objektid=3399812"}},{"type":"Feature","id":46322,"geometry":{"type":"Polygon","coordinates":[[[13.249517035772623,57.06641847050247],[13.24998639139372,57.06678738813669],[13.250374836315743,57.06689412975799],[13.250317842174386,57.06724332150545],[13.250572066041903,57.067383256677395],[13.250638369954677,57.067618181550976],[13.250485034029277,57.067929467636276],[13.250720156104045,57.06834750310496],[13.2506089949405,57.06852490718239],[13.250451950541029,57.06889001609699],[13.25025413084567,57.0691285303262],[13.250169318707922,57.06916273809047],[13.249648494966728,57.069062269161144],[13.24912210599337,57.06904254126581],[13.248965428850733,57.06892255683256],[13.249038725891598,57.06881625420503],[13.249212056165765,57.06869402624135],[13.249126194600013,57.06850361800623],[13.248984153681631,57.068410883280045],[13.248654786891722,57.068404158907676],[13.248049561990372,57.06785278974791],[13.248170597766375,57.06753186305311],[13.24801354020536,57.06717830414238],[13.248410213648272,57.06692588845709],[13.248858749031852,57.066638597498276],[13.249517035772623,57.06641847050247]]]},"properties":{"OBJECTID":46322,"Uuid":"BB6A4240-31A1-4E7C-8DDC-3CE9975F50C0","Beteckn":"SK 336-2008","LanKod":"13","Lan":"HALLANDS LÄN","KommunKod":"15","Kommun":"HYLTE","ArendeAr":2008,"Biotyp":"Äldre naturskogsartade skogar","Naturtyp":null,"AreaTot":3.3,"AreaProd":3.3,"Standort":"saknas","Datbeslut":1220227200000,"Url":"http://www.skogsstyrelsen.se/skogens-parlor/Biotopskydd/?objektid=2993567"}},{"type":"Feature","id":43239,"geometry":{"type":"Polygon","coordinates":[[[12.556173645849121,57.30364121300095],[12.556634263835164,57.30368906871419],[12.556996230089808,57.30391407867266],[12.55782900779517,57.3044477797664],[12.558586981418573,57.304512304843264],[12.558623136736468,57.30504337798309],[12.558236670981735,57.304907590858065],[12.55792897908824,57.30519615404431],[12.557676605065032,57.30504586865711],[12.55797956841877,57.304811096959796],[12.5576664249109,57.30478502795749],[12.557013421215,57.30447162658435],[12.556634708375906,57.30481225795864],[12.556178840790427,57.30471062097868],[12.555924959702153,57.30438956004045],[12.55566943907718,57.304275128131955],[12.554834719659485,57.3048914971631],[12.555203819542088,57.30503582681659],[12.554839335009621,57.30521509033796],[12.554234247756309,57.30548696864083],[12.553801134030591,57.30569140413868],[12.553611003384201,57.30577633790456],[12.55339012129657,57.3058335248499],[12.553221301538715,57.305865088816844],[12.553037511410675,57.305878307383445],[12.553161527229031,57.305414269985235],[12.553275171534692,57.30525548038463],[12.553569438487562,57.305119328890925],[12.55384476042347,57.30500964167016],[12.554006520362071,57.304870066114525],[12.554019980632035,57.30471765706809],[12.55409811815247,57.304584901661954],[12.55429774371325,57.3043923863459],[12.554248130487327,57.30420240897812],[12.55423400140543,57.303986396198106],[12.554376019636692,57.30388223819011],[12.55464894573881,57.30379945310042],[12.555230253900058,57.30379652460907],[12.555715356996728,57.30375515705322],[12.556173645849121,57.30364121300095]]]},"properties":{"OBJECTID":43239,"Uuid":"5DEA8174-0DE5-4D3C-8FD1-59EE8FE4309A","Beteckn":"SK 942-2005","LanKod":"13","Lan":"HALLANDS LÄN","KommunKod":"83","Kommun":"VARBERG","ArendeAr":2005,"Biotyp":"Ravinskogar","Naturtyp":null,"AreaTot":3,"AreaProd":2.7,"Standort":"saknas","Datbeslut":1133395200000,"Url":"http://www.skogsstyrelsen.se/skogens-parlor/Biotopskydd/?objektid=2989541"}},{"type":"Feature","id":41175,"geometry":{"type":"Polygon","coordinates":[[[12.714643754134434,56.45129668721687],[12.715076593480651,56.45136139422445],[12.714936276033932,56.45169036990368],[12.714487962183638,56.45161629148196],[12.714643754134434,56.45129668721687]]]},"properties":{"OBJECTID":41175,"Uuid":"EDC4C945-3ED4-4B1D-818A-12BEA3557460","Beteckn":"SK 142-1996","LanKod":"12","Lan":"SKÅNE LÄN","KommunKod":"78","Kommun":"BÅSTAD","ArendeAr":1996,"Biotyp":"Ravinskogar","Naturtyp":null,"AreaTot":0.1,"AreaProd":0.1,"Standort":"saknas","Datbeslut":841017600000,"Url":"http://www.skogsstyrelsen.se/skogens-parlor/Biotopskydd/?objektid=2975659"}},{"type":"Feature","id":39979,"geometry":{"type":"Polygon","coordinates":[[[12.918161630001366,56.79293842335494],[12.918313330598018,56.793094681497486],[12.918961332043484,56.793397203311024],[12.918990573665843,56.79344280169302],[12.91900417079483,56.79347905405197],[12.91896457738875,56.79356798546261],[12.919136765967753,56.793670802208],[12.919314485293661,56.79370187563177],[12.919064985202612,56.79396563564771],[12.918732593971828,56.79402981342107],[12.918372330628536,56.79403046031196],[12.918047324220526,56.79421160653996],[12.917971810680331,56.794128994395145],[12.917756802905597,56.7939443251961],[12.917562265265065,56.79370621519041],[12.917620265224489,56.793590749830926],[12.917579526898137,56.793481993146095],[12.91750332225248,56.79340834632174],[12.9173672673692,56.79326144241474],[12.917367498247936,56.79304581433815],[12.917631064182133,56.79302496374471],[12.918011783817864,56.79297089634833],[12.918161630001366,56.79293842335494]]]},"properties":{"OBJECTID":39979,"Uuid":"FB2284B2-009B-4405-86BC-49F5AA37E090","Beteckn":"SK 505-2005","LanKod":"13","Lan":"HALLANDS LÄN","KommunKod":"80","Kommun":"HALMSTAD","ArendeAr":2005,"Biotyp":"Äldre naturskogsartade skogar","Naturtyp":null,"AreaTot":1,"AreaProd":1,"Standort":"saknas","Datbeslut":1123545600000,"Url":"http://www.skogsstyrelsen.se/skogens-parlor/Biotopskydd/?objektid=2988667"}},{"type":"Feature","id":42008,"geometry":{"type":"Polygon","coordinates":[[[12.447858925427667,57.521255716698406],[12.448053073615869,57.52134037010329],[12.44828278929869,57.52145265722833],[12.448659066889388,57.52161499739209],[12.448751918735727,57.52171778470228],[12.448893770444691,57.52183501563164],[12.448930098230298,57.52203084732385],[12.449002028267145,57.52225430452151],[12.44905601240955,57.52237648930598],[12.449144627383985,57.52253973269779],[12.449554453660589,57.5229382037317],[12.449995340907446,57.523249844501024],[12.450099269762042,57.52337303828422],[12.450560932087205,57.523745647882535],[12.451119320081215,57.52452384745959],[12.45160694225328,57.524912344258055],[12.451900880143196,57.525081197513565],[12.451816184564656,57.5250987359412],[12.451679096305659,57.525124283418926],[12.451394070631219,57.52515945037292],[12.451217586865244,57.52519680956636],[12.450865562671698,57.525101998033236],[12.450538095483294,57.52496675723048],[12.450015042083225,57.52467554680789],[12.449644330895369,57.524381563638094],[12.449420656501493,57.52416070969075],[12.44912657868822,57.5240144486358],[12.448974809103138,57.52385351389473],[12.447887400564898,57.52246340576505],[12.447508904270114,57.521970467649716],[12.447049154508512,57.521551900864466],[12.447858925427667,57.521255716698406]]]},"properties":{"OBJECTID":42008,"Uuid":"26602473-7726-4DF9-9811-696F3A8CF987","Beteckn":"SK 98-2014","LanKod":"14","Lan":"VÄSTRA GÖTALANDS LÄN","KommunKod":"63","Kommun":"MARK","ArendeAr":2014,"Biotyp":"Ras- eller bergbranter","Naturtyp":"Ädellövskog ek","AreaTot":3.5,"AreaProd":3.5,"Standort":"saknas","Datbeslut":1412553600000,"Url":"http://www.skogsstyrelsen.se/skogens-parlor/Biotopskydd/?objektid=3091207"}},{"type":"Feature","id":46236,"geometry":{"type":"Polygon","coordinates":[[[13.377331878935921,56.90155270999534],[13.3778173790058,56.90166096722117],[13.378158799976905,56.901712516694076],[13.378335663473349,56.90176985465398],[13.378687667418195,56.90191144472561],[13.379152596909094,56.901830644283706],[13.379331219553395,56.90186106636635],[13.379799736605818,56.901977972808595],[13.380160465156035,56.90198497648572],[13.380708549878568,56.90188781711251],[13.380737167505691,56.901699725950245],[13.38084136479886,56.90161191718935],[13.381325705509658,56.901738106844704],[13.381681215311533,56.901825850315475],[13.38212275917926,56.90185238619704],[13.382364766839597,56.902171497342685],[13.381609441881128,56.90242633680212],[13.38087924515009,56.90254690989398],[13.380613979644087,56.902586672855875],[13.380282547128271,56.902634140423665],[13.379950528367333,56.902690575610336],[13.379240194241303,56.90275762100228],[13.378675030981162,56.90261189241357],[13.378433151845739,56.902544312926835],[13.378015643588743,56.90265297803646],[13.377801891863566,56.90265780478806],[13.377712841219795,56.90251233935248],[13.377410610740785,56.90236273124311],[13.377008262166651,56.902238130421146],[13.377331878935921,56.90155270999534]]]},"properties":{"OBJECTID":46236,"Uuid":"597E475E-484D-4FF9-A69D-2EE90422CBE3","Beteckn":"SK 765-2006","LanKod":"13","Lan":"HALLANDS LÄN","KommunKod":"15","Kommun":"HYLTE","ArendeAr":2006,"Biotyp":"Äldre naturskogsartade skogar","Naturtyp":null,"AreaTot":2.6,"AreaProd":2.6,"Standort":"saknas","Datbeslut":1165795200000,"Url":"http://www.skogsstyrelsen.se/skogens-parlor/Biotopskydd/?objektid=2991405"}},{"type":"Feature","id":43972,"geometry":{"type":"Polygon","coordinates":[[[12.42736283331695,57.307404458163745],[12.427539623741898,57.307590688053274],[12.427590857244496,57.30776293528349],[12.427599176459905,57.30794571762518],[12.427746949137447,57.30824548595409],[12.42778269836461,57.30833752345739],[12.427644754705003,57.30880264445093],[12.427880751659519,57.309047151442066],[12.428078612369603,57.3092338114947],[12.42829992341075,57.309386711157],[12.428727062398512,57.309612299816365],[12.42913155459376,57.309860250339554],[12.42949711410266,57.31006175047347],[12.429917107805432,57.310389907992544],[12.430458701552137,57.31078902884285],[12.430910524865661,57.31066130374407],[12.43099515178027,57.310959777302514],[12.4316269648187,57.311577587857045],[12.43234265183404,57.31190036386014],[12.4330794132224,57.31222356590388],[12.433779236002653,57.31277427403024],[12.434205244547304,57.31271448939498],[12.434663051145096,57.312803724062036],[12.435292951378052,57.31314755860138],[12.436092527454472,57.3131752800158],[12.436187151547495,57.31363373831008],[12.436520612978661,57.313994347463805],[12.43709688376647,57.31420012044349],[12.437702950683981,57.31428095262737],[12.438158053156844,57.31471251533485],[12.437683554076045,57.31486263101749],[12.43708065176582,57.31473621052311],[12.436623608820826,57.31463558740052],[12.436152649496416,57.31443195986467],[12.435966257040164,57.31438250595167],[12.434988999921037,57.314179960958526],[12.434538324097387,57.3139881542144],[12.434350347418643,57.31396149196848],[12.43330872648535,57.313472289515154],[12.432723348670553,57.31309511434049],[12.432177721990408,57.312752987866],[12.431516866644074,57.312248719566405],[12.43109683780066,57.31192056718076],[12.430872318654984,57.311813260215686],[12.430592570853017,57.31159069172551],[12.430234150177851,57.31128662181306],[12.429888840051941,57.311096951252374],[12.42964883837926,57.31090943276355],[12.429288044617184,57.31063955117442],[12.429052028338823,57.31039504671632],[12.428670979401822,57.3101133357559],[12.428179061660204,57.30990924832919],[12.428023317455892,57.309723450138506],[12.427798024399031,57.30962753480201],[12.42727355457257,57.30928581858446],[12.427119410384458,57.30907722540142],[12.42708171690503,57.30871122973752],[12.42712348350139,57.308415339830105],[12.427073047792971,57.30823169547784],[12.426845026161995,57.307873217461214],[12.427041726759658,57.30777452409492],[12.42736283331695,57.307404458163745]]]},"properties":{"OBJECTID":43972,"Uuid":"E5F4D752-C2B0-4308-A433-E8DB038149DB","Beteckn":"SK 251-2018","LanKod":"14","Lan":"VÄSTRA GÖTALANDS LÄN","KommunKod":"63","Kommun":"MARK","ArendeAr":2018,"Biotyp":"Ras- eller bergbranter","Naturtyp":"Triviallövskog med ädellövinslag","AreaTot":6.6,"AreaProd":6.6,"Standort":"saknas","Datbeslut":1543795200000,"Url":"http://www.skogsstyrelsen.se/skogens-parlor/Biotopskydd/?objektid=3442812"}},{"type":"Feature","id":48300,"geometry":{"type":"Polygon","coordinates":[[[12.83226600169546,56.86655433477888],[12.832719491333554,56.866628031125224],[12.832878964636482,56.86668574099666],[12.833113889490415,56.8668261127016],[12.833464861830358,56.8669512708311],[12.83371902134067,56.867056164822564],[12.83432060399445,56.867124399643544],[12.834438776037572,56.86728893873466],[12.834453028396679,56.8675228826427],[12.83446726748978,56.8675501782334],[12.83482465470026,56.867801278274364],[12.835053189191587,56.868022357781896],[12.834885172286336,56.868072265885544],[12.834618906146627,56.86811984101557],[12.834171097576268,56.86818105325424],[12.833617207615463,56.86813192338533],[12.833212106190238,56.86806837096007],[12.833087512454446,56.86798453273654],[12.832698812279357,56.86771471391673],[12.832369183237288,56.86752716411046],[12.832521547787122,56.86746790257081],[12.832732991191145,56.86728425392875],[12.832823408599907,56.867178590107365],[12.832994986631865,56.867083842215486],[12.832790666914605,56.86697115799064],[12.832469603874559,56.86688264193067],[12.832295176885452,56.86680660954458],[12.832238943805798,56.86668846136821],[12.83226600169546,56.86655433477888]]]},"properties":{"OBJECTID":48300,"Uuid":"A1AE53A5-02A3-4290-9BAC-28DFE2D91EE9","Beteckn":"SK 716-2004","LanKod":"13","Lan":"HALLANDS LÄN","KommunKod":"80","Kommun":"HALMSTAD","ArendeAr":2004,"Biotyp":"Äldre naturskogsartade skogar","Naturtyp":null,"AreaTot":1.5,"AreaProd":1.5,"Standort":"saknas","Datbeslut":1097539200000,"Url":"http://www.skogsstyrelsen.se/skogens-parlor/Biotopskydd/?objektid=2986967"}},{"type":"Feature","id":41118,"geometry":{"type":"Polygon","coordinates":[[[12.987861129188262,56.3925933129882],[12.988324152607207,56.39268469769377],[12.988563024053,56.39295967834641],[12.987233507010094,56.394070537695086],[12.986918012367969,56.393955537504674],[12.986871481594905,56.39392752590561],[12.986795255642079,56.39386289734265],[12.986682470411273,56.3936357021157],[12.986686445608205,56.39358188351724],[12.986742929797952,56.39347534894279],[12.98675420299489,56.393322869061954],[12.986728483340936,56.39323243349532],[12.98667241767312,56.39311434789721],[12.986629211713568,56.39304148455922],[12.986631867080282,56.393005608572174],[12.986715123137467,56.39275592218623],[12.98714622610931,56.392621977290354],[12.98760104469071,56.39260536636422],[12.987861129188262,56.3925933129882]]]},"properties":{"OBJECTID":41118,"Uuid":"AC676965-DFA1-49F1-8097-DA44E8868FA4","Beteckn":"SK 717-2004","LanKod":"13","Lan":"HALLANDS LÄN","KommunKod":"81","Kommun":"LAHOLM","ArendeAr":2004,"Biotyp":"Alkärr","Naturtyp":null,"AreaTot":1.3,"AreaProd":1.3,"Standort":"saknas","Datbeslut":1097539200000,"Url":"http://www.skogsstyrelsen.se/skogens-parlor/Biotopskydd/?objektid=2986969"}},{"type":"Feature","id":45446,"geometry":{"type":"Polygon","coordinates":[[[12.797087522050939,56.95210142195653],[12.797638624646385,56.95214120758534],[12.798209960716395,56.952512175674826],[12.796875682216092,56.9529448139358],[12.796817656486295,56.9529437914817],[12.796619582463066,56.9526211724566],[12.79654528719881,56.952429381652685],[12.796620475247353,56.952295364802275],[12.797087522050939,56.95210142195653]]]},"properties":{"OBJECTID":45446,"Uuid":"B78C7681-C6C7-4330-8A86-9B2485F13ED2","Beteckn":"SK 579-2013","LanKod":"13","Lan":"HALLANDS LÄN","KommunKod":"82","Kommun":"FALKENBERG","ArendeAr":2013,"Biotyp":"Äldre naturskogsartade skogar","Naturtyp":"Ädellövskog ek","AreaTot":0.6,"AreaProd":0.6,"Standort":"saknas","Datbeslut":1391126400000,"Url":"http://www.skogsstyrelsen.se/skogens-parlor/Biotopskydd/?objektid=3069811"}},{"type":"Feature","id":48051,"geometry":{"type":"Polygon","coordinates":[[[12.86493045714287,56.8771757012168],[12.865295899336635,56.87732806342584],[12.865671393260442,56.87756153479754],[12.865825316093002,56.87769094215738],[12.865472192097,56.877799427139614],[12.865408954191574,56.877977638486016],[12.865329342212817,56.87815545311211],[12.864970578099342,56.8783356848018],[12.864700041647264,56.87843712349708],[12.86447072107747,56.87843171981145],[12.864148774672092,56.87835225815414],[12.863667415513543,56.87842177358262],[12.863389819920585,56.878612896606576],[12.863363572178773,56.87873806536824],[12.863380810038313,56.87893613709036],[12.863207835061782,56.87904886583946],[12.862912304535614,56.879050881361586],[12.862430075550435,56.878922708209565],[12.862204990299993,56.87886349173018],[12.861866654567196,56.87878363580755],[12.862950065166652,56.87815329584151],[12.863921782727717,56.877691019029214],[12.86493045714287,56.8771757012168]]]},"properties":{"OBJECTID":48051,"Uuid":"F50499D6-0620-40CA-B244-31C3ADD4AE2E","Beteckn":"SK 528-2006","LanKod":"13","Lan":"HALLANDS LÄN","KommunKod":"82","Kommun":"FALKENBERG","ArendeAr":2006,"Biotyp":"Äldre naturskogsartade skogar","Naturtyp":null,"AreaTot":1.9,"AreaProd":1.9,"Standort":"saknas","Datbeslut":1160352000000,"Url":"http://www.skogsstyrelsen.se/skogens-parlor/Biotopskydd/?objektid=2990931"}},{"type":"Feature","id":41559,"geometry":{"type":"Polygon","coordinates":[[[13.354406938638359,57.40705476316771],[13.354439583925206,57.40706438073172],[13.355347622882057,57.40742339891134],[13.35510291726091,57.407598293595015],[13.355447179887681,57.407676856374515],[13.355398952612848,57.40790047868985],[13.355657114090862,57.40802228195277],[13.356143787582251,57.40821140455185],[13.356550962227312,57.40834508722936],[13.356059322972238,57.40847924284398],[13.355793968852813,57.40846509709431],[13.355637771946164,57.40856086298838],[13.355649606766269,57.40863295597894],[13.355889954525603,57.40877237827624],[13.355749185628454,57.408886413402314],[13.355786463580012,57.40907577109888],[13.355778673618927,57.409192395403224],[13.355415804430535,57.40939193802959],[13.355371168741916,57.40956174540335],[13.355232786449555,57.40963989129842],[13.354912758883655,57.40969653714276],[13.35470668777705,57.40979133614251],[13.35453266106798,57.40990472893109],[13.354457179399994,57.41003799762169],[13.354412538440219,57.410207804611105],[13.354238509233344,57.41032118799148],[13.354043060889511,57.41050601415998],[13.3541670459651,57.41064317351535],[13.354277409332573,57.410735151669186],[13.35389209049412,57.41077255982601],[13.353531168790925,57.410693667484544],[13.353325272500095,57.41053695578273],[13.353202479281814,57.41038185122705],[13.353197258922155,57.41021107835851],[13.353331012733772,57.4099531850744],[13.353191621122932,57.409797764680405],[13.353102080003548,57.40964331929336],[13.352978102238295,57.40950615890824],[13.352789417334485,57.40934079462192],[13.352696883289088,57.40923119612255],[13.352406679211597,57.40909080114346],[13.352310547492175,57.409035035078126],[13.352697071383009,57.40897968770844],[13.35290014719696,57.40892974814448],[13.353106803679546,57.408825984271374],[13.353317675785897,57.40865941992064],[13.353474481706774,57.40855468036002],[13.353217528332182,57.40841493745518],[13.352844818606695,57.4082639502757],[13.352618105474045,57.40816970350189],[13.35256061386196,57.40803384334953],[13.352685375991907,57.40791051911147],[13.352920472529572,57.407879164864916],[13.353051657385885,57.40790866901539],[13.353223101225504,57.40808268424447],[13.353281783583867,57.40820059971124],[13.353424783595061,57.408302196453505],[13.353670524859528,57.408360878397225],[13.353858168028024,57.40829266788575],[13.35399773595116,57.408196579068665],[13.35385234224898,57.408130871557276],[13.35374618698847,57.407976092668505],[13.353775400059902,57.40778802547997],[13.35383786049876,57.40760060839485],[13.353818414369139,57.40739362192544],[13.353744303695384,57.40725744630855],[13.353849433148794,57.407178642906324],[13.354001430387562,57.40714567061728],[13.354321436998397,57.40708902695451],[13.354406938638359,57.40705476316771]]]},"properties":{"OBJECTID":41559,"Uuid":"43798FAD-47BF-4C80-892B-4630F0503BFC","Beteckn":"SK 664-2003","LanKod":"14","Lan":"VÄSTRA GÖTALANDS LÄN","KommunKod":"52","Kommun":"TRANEMO","ArendeAr":2003,"Biotyp":"Äldre naturskogsartade skogar","Naturtyp":null,"AreaTot":4.7,"AreaProd":4.5,"Standort":"saknas","Datbeslut":1059004800000,"Url":"http://www.skogsstyrelsen.se/skogens-parlor/Biotopskydd/?objektid=2984461"}},{"type":"Feature","id":48996,"geometry":{"type":"Polygon","coordinates":[[[12.767797232404593,56.82873723398095],[12.7682112103701,56.82897524918437],[12.768518577577936,56.8291422776253],[12.769236047884515,56.829635054416045],[12.76959241845777,56.829867433949715],[12.770070165152045,56.83016063599792],[12.769616918276615,56.83026943202864],[12.769145118496292,56.830228764375796],[12.768863778924379,56.82994061606689],[12.768507128734159,56.82983643037138],[12.768262409886649,56.829580612750874],[12.767836212880812,56.82929550581527],[12.767543700767416,56.829122648602834],[12.767178598459298,56.82892300623341],[12.767245034701677,56.82879905830089],[12.767797232404593,56.82873723398095]]]},"properties":{"OBJECTID":48996,"Uuid":"B0E7E5A7-53C2-4F9B-B9BF-32C3ACA43B3C","Beteckn":"SK 170-1996","LanKod":"13","Lan":"HALLANDS LÄN","KommunKod":"80","Kommun":"HALMSTAD","ArendeAr":1996,"Biotyp":"Ravinskogar","Naturtyp":null,"AreaTot":0.9,"AreaProd":0.9,"Standort":"saknas","Datbeslut":844646400000,"Url":"http://www.skogsstyrelsen.se/skogens-parlor/Biotopskydd/?objektid=2975715"}},{"type":"Feature","id":40197,"geometry":{"type":"Polygon","coordinates":[[[12.800012307099985,56.8083222460237],[12.800126016741448,56.80833397452056],[12.800189254181518,56.80836245326676],[12.800246025612314,56.80847164180367],[12.800228238553903,56.80848918417692],[12.800620596845494,56.80849864517002],[12.801022291449417,56.80839151798446],[12.80121704291883,56.808414181578236],[12.801312261409937,56.80845241651183],[12.801462811478139,56.80861777778072],[12.801432642485722,56.80899442387846],[12.801374262175717,56.80910982299531],[12.801181510768746,56.80926690524962],[12.800981733720906,56.80930702201925],[12.800669671696745,56.80931746289404],[12.800509768158033,56.80926868728408],[12.800396055563906,56.80925695911633],[12.800098186248706,56.80929470689647],[12.799886365363724,56.80928061915048],[12.799728630261878,56.80920493050177],[12.799698094108198,56.809177243969295],[12.799723071732421,56.80907001822721],[12.799669895473286,56.80891599671926],[12.799786665531967,56.808685200116514],[12.799668808557504,56.808520620069764],[12.799658210665886,56.80844848788064],[12.79976061682639,56.808397049506155],[12.800012307099985,56.8083222460237]]]},"properties":{"OBJECTID":40197,"Uuid":"896DEAAB-E91D-4510-AD3B-706C4F6D8770","Beteckn":"SK 180-1995","LanKod":"13","Lan":"HALLANDS LÄN","KommunKod":"80","Kommun":"HALMSTAD","ArendeAr":1995,"Biotyp":"Äldre naturskogsartade skogar","Naturtyp":null,"AreaTot":1,"AreaProd":1,"Standort":"saknas","Datbeslut":803606400000,"Url":"http://www.skogsstyrelsen.se/skogens-parlor/Biotopskydd/?objektid=2975055"}},{"type":"Feature","id":38869,"geometry":{"type":"Polygon","coordinates":[[[12.30310836114384,57.42964911976665],[12.30346137499853,57.429964475483125],[12.303828987499832,57.430127470583024],[12.304327472679065,57.43014133946008],[12.305092679569272,57.43015364282946],[12.305635879368634,57.43022266408383],[12.308184413918466,57.43162347606253],[12.309514208702689,57.43270282211667],[12.308041291278244,57.4334706683124],[12.306924122559575,57.433304828908554],[12.306034813214957,57.43336996690395],[12.304631403155911,57.43306135471308],[12.30403799287917,57.432820186548255],[12.303560892432673,57.432582260299924],[12.303183504602005,57.432347105141424],[12.302789510295796,57.432111476352],[12.302527932769088,57.43205926796167],[12.30261444853651,57.43202572969207],[12.30285275634202,57.43179871518151],[12.30286303853317,57.43169117160207],[12.302813718145133,57.431510068873685],[12.302928002637104,57.43136048206418],[12.303123641893093,57.43123113243032],[12.303355098046312,57.43107582183225],[12.30336451918875,57.43097723785415],[12.302990057164738,57.43088593733944],[12.302772853022036,57.43071814433533],[12.302559949641068,57.43050553471689],[12.302525523679016,57.43034282375386],[12.30255585666435,57.430199887178325],[12.302263308068108,57.42994911079572],[12.30226384206554,57.42976939906953],[12.30310836114384,57.42964911976665]]]},"properties":{"OBJECTID":38869,"Uuid":"3E9C44F5-D41B-4E93-A7D0-B421DD82945B","Beteckn":"SK 139-2010","LanKod":"13","Lan":"HALLANDS LÄN","KommunKod":"84","Kommun":"KUNGSBACKA","ArendeAr":2010,"Biotyp":"Äldre naturskogsartade skogar","Naturtyp":null,"AreaTot":10.4,"AreaProd":10.4,"Standort":"saknas","Datbeslut":1285286400000,"Url":"http://www.skogsstyrelsen.se/skogens-parlor/Biotopskydd/?objektid=2995431"}},{"type":"Feature","id":52815,"geometry":{"type":"Polygon","coordinates":[[[12.61273560607041,57.12106327079889],[12.613188629173079,57.121173660865715],[12.613726159066594,57.1216456127463],[12.613602537517426,57.1219299920096],[12.613204658873023,57.12252188012028],[12.614567059518546,57.12185572626234],[12.615051520734303,57.12198487838438],[12.615304662855513,57.12173074813635],[12.616496092518505,57.121707172410545],[12.616557670674476,57.12195134731382],[12.616987003229795,57.121953291126],[12.61700665253244,57.12249291770668],[12.617569700776366,57.12266898056321],[12.61740621238784,57.12303322345728],[12.617595333127465,57.12352324808875],[12.617648438015259,57.12386604084317],[12.617809437385944,57.12391506637917],[12.617715732949396,57.12423615257307],[12.615343541173498,57.124157799402404],[12.615157530490514,57.12363190223782],[12.615279596394638,57.12336545600474],[12.615026110559826,57.12285581655445],[12.614556566174311,57.122745020202466],[12.614651972367927,57.12413119813611],[12.61205057792497,57.12402896512346],[12.61273560607041,57.12106327079889]]]},"properties":{"OBJECTID":52815,"Uuid":"FDCEE7D3-909B-420B-90A7-960E80008B2C","Beteckn":"SK 1059-2004","LanKod":"13","Lan":"HALLANDS LÄN","KommunKod":"82","Kommun":"FALKENBERG","ArendeAr":2004,"Biotyp":"Äldre naturskogsartade skogar","Naturtyp":null,"AreaTot":7.6,"AreaProd":7.6,"Standort":"saknas","Datbeslut":1104364800000,"Url":"http://www.skogsstyrelsen.se/skogens-parlor/Biotopskydd/?objektid=2987653"}},{"type":"Feature","id":48856,"geometry":{"type":"Polygon","coordinates":[[[13.395097905724995,56.468502031415674],[13.395841912313053,56.46852005823092],[13.396624892833975,56.46887511374161],[13.39694473463869,56.46921997929257],[13.396593877059978,56.46961086974415],[13.396073087541811,56.46988598551627],[13.395562432621093,56.46974056789315],[13.394894545317293,56.469719309515206],[13.39461343809757,56.4700774451422],[13.393974159607009,56.47009862253344],[13.3934365167172,56.47059224662413],[13.391241935573042,56.470908767803486],[13.390930381702958,56.4707280545398],[13.391258171612856,56.47034530028582],[13.391486588071574,56.47033563520645],[13.391322064338736,56.46991284084718],[13.391709791889113,56.46990945391061],[13.3917786465008,56.47007861091667],[13.392346015213223,56.470140646123205],[13.392138928092292,56.469645794011065],[13.392848302246595,56.469764352652064],[13.393199038236414,56.46937767621148],[13.392894444636827,56.468852117342635],[13.393828059821791,56.468519259583275],[13.394996306380122,56.468748901055804],[13.395097905724995,56.468502031415674]]]},"properties":{"OBJECTID":48856,"Uuid":"434F2E16-C5C9-4908-81E8-AB003452510C","Beteckn":"SK 6-2012","LanKod":"13","Lan":"HALLANDS LÄN","KommunKod":"81","Kommun":"LAHOLM","ArendeAr":2012,"Biotyp":"Äldre naturskogsartade skogar","Naturtyp":"Ädellövskog bok","AreaTot":4.6,"AreaProd":4.6,"Standort":"saknas","Datbeslut":1347840000000,"Url":"http://www.skogsstyrelsen.se/skogens-parlor/Biotopskydd/?objektid=2813364"}},{"type":"Feature","id":46248,"geometry":{"type":"Polygon","coordinates":[[[12.708454272302601,56.44999206435824],[12.708820132137284,56.45008207727567],[12.70963209309873,56.45027308040803],[12.710082568213824,56.450320273287375],[12.710293071430366,56.450325524186475],[12.710106930069514,56.45041972455159],[12.709803051980082,56.45056489208796],[12.709091549902793,56.45093351916988],[12.7087256812722,56.45084350699247],[12.707983474338493,56.45039364650521],[12.70743950188005,56.45029918987373],[12.707293030615435,56.450304517846085],[12.70711126067401,56.45034489902091],[12.706835975527552,56.45033802303132],[12.707343684069658,56.450081136208766],[12.707729504197559,56.450324409450076],[12.707825927175373,56.45033579801497],[12.708454272302601,56.44999206435824]]]},"properties":{"OBJECTID":46248,"Uuid":"EB7AD2CA-2CF9-495D-8C6A-5B99220D6FF9","Beteckn":"SK 135-1996","LanKod":"12","Lan":"SKÅNE LÄN","KommunKod":"78","Kommun":"BÅSTAD","ArendeAr":1996,"Biotyp":"Ravinskogar","Naturtyp":null,"AreaTot":0.9,"AreaProd":0.9,"Standort":"saknas","Datbeslut":840153600000,"Url":"http://www.skogsstyrelsen.se/skogens-parlor/Biotopskydd/?objektid=2975645"}},{"type":"Feature","id":52500,"geometry":{"type":"MultiPolygon","coordinates":[[[[12.804810925785725,56.797919740143556],[12.805472170924494,56.798013107170945],[12.805368376110001,56.79808248936227],[12.805283785169971,56.79811639849273],[12.805167238558948,56.79814054318157],[12.8049213602567,56.79814361224467],[12.80473583939427,56.798211025471204],[12.804652312336984,56.79821047201393],[12.804701651263693,56.798059029560804],[12.804810925785725,56.797919740143556]]],[[[12.802007416991602,56.79741155838968],[12.804177574902564,56.79782021068264],[12.804623764758595,56.79789195814479],[12.80452960104009,56.798038900212845],[12.804488200790912,56.798205256013006],[12.804149607223108,56.79816995509942],[12.803986173997952,56.79816602644841],[12.803905170793684,56.79815508368843],[12.803062627146401,56.7978382849618],[12.80277058846454,56.797804294477785],[12.802605009591947,56.797827267503756],[12.802140367034085,56.79769926509495],[12.801851228202183,56.79767536137346],[12.802007416991602,56.79741155838968]]],[[[12.799146375600381,56.79700550685702],[12.800274359974695,56.79717718562924],[12.801097228270995,56.797311636637836],[12.801664793828701,56.797375029357624],[12.801505115096445,56.79765700388544],[12.801135685828939,56.797567232629845],[12.800962363967889,56.797482184893795],[12.800722230926011,56.797413500419246],[12.800088429471021,56.79735329362385],[12.799878841537566,56.79731230322234],[12.79971900666451,56.797263518216674],[12.799329637042982,56.79721819612784],[12.79921522299712,56.797215431563565],[12.798774953662484,56.7971729030606],[12.798951607460532,56.79704199678959],[12.799146375600381,56.79700550685702]]]]},"properties":{"OBJECTID":52500,"Uuid":"CEF94B25-882A-4F7D-B527-87C469674026","Beteckn":"SK 111-1995","LanKod":"13","Lan":"HALLANDS LÄN","KommunKod":"80","Kommun":"HALMSTAD","ArendeAr":1995,"Biotyp":"Hassellundar och hasselrika skogar","Naturtyp":null,"AreaTot":1.2,"AreaProd":1.1,"Standort":"saknas","Datbeslut":800150400000,"Url":"http://www.skogsstyrelsen.se/skogens-parlor/Biotopskydd/?objektid=2974917"}},{"type":"Feature","id":38591,"geometry":{"type":"Polygon","coordinates":[[[12.69184517872367,56.999940160879014],[12.694048085734885,57.000075326752984],[12.694063931878276,57.000169976493076],[12.694604100331714,57.000189636005665],[12.694620269724318,57.00034562410396],[12.694784454477482,57.00054751920944],[12.694954872679622,57.00093057879686],[12.694831626202472,57.00095302092685],[12.694583420428255,57.000955583058676],[12.694395295443387,57.00093273283065],[12.693913773376146,57.00076752160968],[12.693749624206312,57.00075427846885],[12.693630629805886,57.00077985318526],[12.693478726895687,57.00074568132905],[12.692127109071706,57.00070505822751],[12.691998417734817,57.00075689966442],[12.691989839862206,57.00086853289032],[12.691989516776719,57.000868697673134],[12.691989573121814,57.00087204167245],[12.6919717940941,57.001103240644504],[12.690479300163735,57.00105840151567],[12.69047119892953,57.00071407073963],[12.690459277423155,57.00065986005923],[12.69050044843753,57.000364372517765],[12.690626724808226,57.000232742229805],[12.690907541859378,57.000221767451755],[12.691334728475255,57.00023240940568],[12.69163274034437,57.00021287166082],[12.691784364990184,57.00017172520854],[12.69182247026744,57.000109774630324],[12.69184517872367,56.999940160879014]]]},"properties":{"OBJECTID":38591,"Uuid":"80B3541B-AD1F-4966-B76D-72FAB7C858A7","Beteckn":"SK 245-1995","LanKod":"13","Lan":"HALLANDS LÄN","KommunKod":"82","Kommun":"FALKENBERG","ArendeAr":1995,"Biotyp":"Äldre naturskogsartade skogar","Naturtyp":null,"AreaTot":2.3,"AreaProd":2.3,"Standort":"saknas","Datbeslut":809568000000,"Url":"http://www.skogsstyrelsen.se/skogens-parlor/Biotopskydd/?objektid=2975185"}},{"type":"Feature","id":43097,"geometry":{"type":"Polygon","coordinates":[[[12.954798019998448,57.00745954325319],[12.955058977603509,57.00749244540957],[12.955347987375287,57.00758887669721],[12.95543424537597,57.007752560583214],[12.95544244901474,57.00786056019839],[12.95541915127106,57.00794987587263],[12.955285548553883,57.00818941122316],[12.955280736125884,57.008252188293895],[12.955351942332527,57.008397564823575],[12.955515601938997,57.008625899007534],[12.955525169292649,57.008715958258584],[12.955459339884134,57.00914570713759],[12.955311353389963,57.009357960265824],[12.955131905818332,57.00933590657284],[12.954875058743056,57.00924919299391],[12.954603850360169,57.009135196891634],[12.954449085548866,57.00900588667941],[12.954344999773648,57.00885976551914],[12.954297804073947,57.00861610774625],[12.95429440132488,57.008445330802694],[12.954355397167223,57.00829399147052],[12.954294449267614,57.00822970818768],[12.954151323553424,57.00816355134604],[12.954057494899589,57.00809852374899],[12.954017120967382,57.00798080559718],[12.954107596304368,57.00765943364004],[12.954195277818272,57.0075895556486],[12.95441584460162,57.00750474075802],[12.954665840988284,57.0074655152187],[12.954798019998448,57.00745954325319]]]},"properties":{"OBJECTID":43097,"Uuid":"2718DBCC-86A7-442B-8D66-751A37552840","Beteckn":"SK 162-1995","LanKod":"13","Lan":"HALLANDS LÄN","KommunKod":"15","Kommun":"HYLTE","ArendeAr":1995,"Biotyp":"Äldre naturskogsartade skogar","Naturtyp":null,"AreaTot":1.4,"AreaProd":1.4,"Standort":"saknas","Datbeslut":802915200000,"Url":"http://www.skogsstyrelsen.se/skogens-parlor/Biotopskydd/?objektid=2975019"}},{"type":"Feature","id":45670,"geometry":{"type":"Polygon","coordinates":[[[12.963793735499744,57.214040806550095],[12.96400789913065,57.21427025648493],[12.9641931401778,57.21444515320766],[12.964417631820679,57.21475569345788],[12.964394906455361,57.21483604197469],[12.964527809301156,57.21504568126174],[12.964667606414517,57.215165639830964],[12.964926540288374,57.215458990962986],[12.965044308586045,57.215650323439654],[12.965164109779524,57.2160303666657],[12.964709483701398,57.21634350270748],[12.964537968182459,57.21642047788811],[12.96428242522522,57.21651352245406],[12.963871909044508,57.21646828231822],[12.963313982383971,57.2166173608949],[12.963055704718489,57.216530657166864],[12.962961340353022,57.21646563458502],[12.962644468992652,57.2167100034929],[12.962245010621364,57.21652127688644],[12.96185315034431,57.216233885422575],[12.961557719622842,57.21598462031998],[12.961265743686694,57.2156905098856],[12.96132090006549,57.215404263903906],[12.961231378977834,57.215276464818444],[12.961217612300956,57.21524020930969],[12.961437347790678,57.21518230709324],[12.961522099702782,57.21494165787075],[12.961852022140043,57.21495811992381],[12.961994614560483,57.2148265860693],[12.96205593860028,57.21467524978328],[12.962543558145674,57.21479410771916],[12.963014014109097,57.21449032064453],[12.963299878779472,57.2142182847237],[12.963428017582247,57.214059477399495],[12.963793735499744,57.214040806550095]]]},"properties":{"OBJECTID":45670,"Uuid":"00DF8642-F9B6-486D-BBB5-AAC72777B6CC","Beteckn":"SK 17-1997","LanKod":"14","Lan":"VÄSTRA GÖTALANDS LÄN","KommunKod":"65","Kommun":"SVENLJUNGA","ArendeAr":1997,"Biotyp":"Äldre naturskogsartade skogar","Naturtyp":null,"AreaTot":4.4,"AreaProd":4.4,"Standort":"saknas","Datbeslut":853718400000,"Url":"http://www.skogsstyrelsen.se/skogens-parlor/Biotopskydd/?objektid=2976005"}},{"type":"Feature","id":49251,"geometry":{"type":"Polygon","coordinates":[[[12.978430532862028,56.34565653908214],[12.978637194664408,56.34570618287709],[12.978613724208735,56.345804481751244],[12.978532514918271,56.346027255499436],[12.978525876075961,56.34611695021756],[12.97854091196731,56.34635090089599],[12.97828733576718,56.346497855040994],[12.978199258537906,56.34659468622258],[12.978138189660296,56.34676400361028],[12.978083744137551,56.34684362602145],[12.97808242240158,56.34686156865354],[12.977698739761255,56.34679888889775],[12.977446275115964,56.346712261949094],[12.977211296981707,56.34660806359537],[12.977070575347728,56.34654195225761],[12.976911699795037,56.34650237830771],[12.976882718876224,56.34645679237068],[12.977028760593843,56.346451142951686],[12.977222590471236,56.34645557468914],[12.977322165510444,56.34642190995249],[12.977487666847022,56.34637177949522],[12.977620220771088,56.34632988194594],[12.977785721324512,56.34627975108411],[12.97771161090804,56.3461882082066],[12.977606512449956,56.34607798856825],[12.977666261096214,56.3459266050842],[12.97776981557363,56.34583912132646],[12.977903689105757,56.34577928082361],[12.97810415595652,56.34569400749717],[12.978430532862028,56.34565653908214]]]},"properties":{"OBJECTID":49251,"Uuid":"568DD7B1-08A3-4E2D-8823-D16E80C138C4","Beteckn":"SK 432-2003","LanKod":"12","Lan":"SKÅNE LÄN","KommunKod":"92","Kommun":"ÄNGELHOLM","ArendeAr":2003,"Biotyp":"Ras- eller bergbranter","Naturtyp":null,"AreaTot":0.7,"AreaProd":0.7,"Standort":"saknas","Datbeslut":1051488000000,"Url":"http://www.skogsstyrelsen.se/skogens-parlor/Biotopskydd/?objektid=2983997"}},{"type":"Feature","id":41199,"geometry":{"type":"Polygon","coordinates":[[[12.720068159555188,56.45183615359504],[12.720372207868081,56.45188864352542],[12.720720462662825,56.45199615465252],[12.72076104217508,56.45209600027277],[12.720802336871015,56.45218688993834],[12.720785416798,56.45219544935028],[12.720696455538867,56.45229207957638],[12.720608209388656,56.452379744816625],[12.719949896175029,56.452093796107775],[12.720068159555188,56.45183615359504]]]},"properties":{"OBJECTID":41199,"Uuid":"C7BB7DAE-0362-4CFC-A5E6-307365E60E5E","Beteckn":"SK 141-1996","LanKod":"12","Lan":"SKÅNE LÄN","KommunKod":"78","Kommun":"BÅSTAD","ArendeAr":1996,"Biotyp":"Ravinskogar","Naturtyp":null,"AreaTot":0.2,"AreaProd":0.2,"Standort":"saknas","Datbeslut":840153600000,"Url":"http://www.skogsstyrelsen.se/skogens-parlor/Biotopskydd/?objektid=2975657"}},{"type":"Feature","id":38236,"geometry":{"type":"Polygon","coordinates":[[[13.047547744927677,56.791178467459545],[13.047643837197564,56.79120754921397],[13.047592687834646,56.79145797572118],[13.047439528711363,56.79176005570628],[13.04696593657051,56.79218980419011],[13.046881439647757,56.79244848748252],[13.046853763698936,56.79282520931117],[13.04677914266561,56.79294933990729],[13.0467306363289,56.793163890913455],[13.046429169171953,56.79325604656386],[13.046183996170605,56.7932506160376],[13.045971518235724,56.793245912868976],[13.045556428337987,56.79310196171832],[13.045126975910518,56.79293073656853],[13.044473324951364,56.79269164737143],[13.044168057887957,56.79261301524027],[13.043727554665464,56.792369661912225],[13.043296299838874,56.79200073054085],[13.043692528035974,56.79195560917787],[13.04434961143934,56.791925242908036],[13.044616920968808,56.79207491506557],[13.044829909321324,56.792295253801136],[13.04504752658114,56.79245280846108],[13.04522387791566,56.792726244918846],[13.045378746301138,56.792846467702546],[13.045697073923066,56.79297031171726],[13.045939625578248,56.793011618705435],[13.0461907318694,56.792936314700036],[13.046151577417588,56.792800688593346],[13.045831276772489,56.79270375448852],[13.045775121879426,56.79257673096874],[13.0456889254096,56.79241310452203],[13.04565769854358,56.792169834788815],[13.046120624175433,56.79210821028377],[13.046597252048814,56.792082823039294],[13.046722214068597,56.79194184159447],[13.046935497509452,56.79171296829529],[13.04706637336218,56.79149125115574],[13.047259999403945,56.791306873134694],[13.047431354213634,56.79120284835073],[13.047547744927677,56.791178467459545]]]},"properties":{"OBJECTID":38236,"Uuid":"382B7F12-8FC7-4CF9-8516-305F188BE4EA","Beteckn":"SK 579-2005","LanKod":"13","Lan":"HALLANDS LÄN","KommunKod":"80","Kommun":"HALMSTAD","ArendeAr":2005,"Biotyp":"Mindre vattendrag och småvatten med omgivande mark","Naturtyp":null,"AreaTot":1.8,"AreaProd":1.6,"Standort":"saknas","Datbeslut":1126483200000,"Url":"http://www.skogsstyrelsen.se/skogens-parlor/Biotopskydd/?objektid=2988815"}},{"type":"Feature","id":44187,"geometry":{"type":"Polygon","coordinates":[[[13.25998460935125,56.81484161264654],[13.260129387380807,56.814880507454454],[13.26039529427656,56.81506560316375],[13.260437662042397,56.81516528493082],[13.260415747421455,56.815488256671266],[13.260060150719372,56.81541810991074],[13.259656080074254,56.81533799518449],[13.259648238786127,56.81521206305065],[13.259764658547232,56.81494492385614],[13.259885855688902,56.81484858306335],[13.25998460935125,56.81484161264654]]]},"properties":{"OBJECTID":44187,"Uuid":"C7269482-7612-4E8A-A6FC-92D666E1BD0C","Beteckn":"SK 104-1997","LanKod":"13","Lan":"HALLANDS LÄN","KommunKod":"80","Kommun":"HALMSTAD","ArendeAr":1997,"Biotyp":"Äldre naturskogsartade skogar","Naturtyp":null,"AreaTot":0.2,"AreaProd":0.2,"Standort":"saknas","Datbeslut":863568000000,"Url":"http://www.skogsstyrelsen.se/skogens-parlor/Biotopskydd/?objektid=2976179"}},{"type":"Feature","id":49689,"geometry":{"type":"Polygon","coordinates":[[[12.324153603648965,57.4837065912312],[12.324439267466685,57.48377322619505],[12.325353426279596,57.48389609982974],[12.325688346407368,57.48399406285897],[12.325972466191097,57.484017757958604],[12.326165768079926,57.484001673324954],[12.326423733792181,57.48406266559564],[12.3266703108776,57.48415117642261],[12.326864242487407,57.48419062525571],[12.326929627168505,57.48425763413643],[12.32698595756401,57.48425630319501],[12.327052311081767,57.484181995275016],[12.3271381880635,57.48416109711694],[12.327653555854027,57.48429065007583],[12.327683994900866,57.484387194698066],[12.32782086190714,57.484438050027975],[12.328082515589976,57.48444864647923],[12.328265351626886,57.48444747075774],[12.3285347748683,57.48454403798084],[12.329012837169653,57.48460717228166],[12.329953037872537,57.48456651676824],[12.330230092308295,57.48462285475275],[12.330234737503522,57.48475167261642],[12.330743805334576,57.48490378019616],[12.331210205760446,57.48506256738718],[12.331444495734962,57.48519118668355],[12.332444309006187,57.4853612589128],[12.332877713579531,57.485458760898055],[12.333300199104242,57.48551312694742],[12.333736251924147,57.48563844246709],[12.33498288165632,57.48589447009825],[12.335315277412391,57.48589897080766],[12.33571639877868,57.48579640633637],[12.335856770912928,57.4857993727509],[12.336080174010046,57.48588484968144],[12.336208704916157,57.485985998884686],[12.336799469749906,57.486175144037894],[12.337399309919247,57.48630390640442],[12.337731159135675,57.48631596509053],[12.33792192179364,57.48628923115666],[12.338444222098085,57.487041101164124],[12.337783550732013,57.48700754264251],[12.335179223819383,57.48642520731238],[12.332545605218352,57.48582506828301],[12.330133535943016,57.48541601654136],[12.330101883803096,57.48546419905579],[12.328639783533808,57.48548008429005],[12.3262479680966,57.48550509525439],[12.325518782548718,57.48547952699979],[12.32534025420629,57.48516531324545],[12.323429618482171,57.48482694540093],[12.322804224047646,57.48453605079306],[12.322878209178072,57.483717375652375],[12.324153603648965,57.4837065912312]]]},"properties":{"OBJECTID":49689,"Uuid":"0FDB7747-37FA-4984-8EA2-3E4F8F2AD312","Beteckn":"SK 313-2016","LanKod":"13","Lan":"HALLANDS LÄN","KommunKod":"84","Kommun":"KUNGSBACKA","ArendeAr":2016,"Biotyp":"Äldre betespräglad skog","Naturtyp":"Ädellövskog ek","AreaTot":8.7,"AreaProd":8.7,"Standort":"saknas","Datbeslut":1478131200000,"Url":"http://www.skogsstyrelsen.se/skogens-parlor/Biotopskydd/?objektid=3293478"}},{"type":"Feature","id":44542,"geometry":{"type":"Polygon","coordinates":[[[13.091192777933916,57.42714911891754],[13.091739480976878,57.4271878502234],[13.091861201008035,57.427343192826434],[13.091849917050265,57.427495667519274],[13.09167566796032,57.42759971596945],[13.091374380683263,57.427620166502116],[13.091041833735039,57.427612999123504],[13.090654736741216,57.42766753960598],[13.09032419075516,57.427633463721406],[13.089925124902075,57.42762485389836],[13.089258696983656,57.42762845133226],[13.088876269574927,57.427620198324895],[13.088449268093585,57.427539118575105],[13.088040906846908,57.42765607051327],[13.087670443223027,57.42771096209339],[13.087349860036019,57.42776692427108],[13.087335892978263,57.42773069148232],[13.08722283972956,57.427458743121996],[13.087608603779948,57.427422153892024],[13.088062187704582,57.42736906296117],[13.088349507150644,57.42731237868445],[13.088502486760635,57.42727076313167],[13.088906854929883,57.42720761408575],[13.089305915935771,57.42721622710472],[13.089604548794716,57.427231654219256],[13.08995237873024,57.427257125886605],[13.090287590769016,57.42722841465982],[13.090503084063437,57.42724204935521],[13.090815671373713,57.42729370581177],[13.091192777933916,57.42714911891754]]]},"properties":{"OBJECTID":44542,"Uuid":"4B939A0C-39E9-4FB3-9DE2-39647F687BED","Beteckn":"SK 579-2004","LanKod":"14","Lan":"VÄSTRA GÖTALANDS LÄN","KommunKod":"65","Kommun":"SVENLJUNGA","ArendeAr":2004,"Biotyp":"Mindre vattendrag och småvatten med omgivande mark","Naturtyp":null,"AreaTot":1.1,"AreaProd":1.1,"Standort":"saknas","Datbeslut":1089590400000,"Url":"http://www.skogsstyrelsen.se/skogens-parlor/Biotopskydd/?objektid=2986693"}},{"type":"Feature","id":39278,"geometry":{"type":"Polygon","coordinates":[[[12.972253650738766,56.84327105945603],[12.972718847392054,56.84362302969787],[12.972716136454268,56.843658911590566],[12.972876495526672,56.84392309743031],[12.972861579233353,56.844120420784044],[12.972964613121434,56.84427549343797],[12.972682501140271,56.84475424957236],[12.972551660124356,56.84496690729214],[12.972471185759167,56.84494711610935],[12.972253670604438,56.84500506505802],[12.972194391560507,56.84513848734433],[12.972138505493728,56.84522706181911],[12.972079907938078,56.84535150915239],[12.971931926024379,56.845357138551094],[12.97186926836391,56.84553539972025],[12.971616297997913,56.845628481815055],[12.97156719761727,56.84562736947937],[12.971490782629656,56.8455537547551],[12.971484603676993,56.845418846778465],[12.971426596607808,56.845318699014236],[12.971433384636764,56.845229012487266],[12.971616799748057,56.84518825816342],[12.971528782523697,56.845051490210025],[12.971618000112102,56.84473905986238],[12.97161180438511,56.84460415160699],[12.971675160331769,56.84441691591874],[12.971780810367868,56.844320487723344],[12.971969659968213,56.84420797835855],[12.97197161350304,56.84396544271641],[12.972127553434207,56.843420927930794],[12.972253650738766,56.84327105945603]]]},"properties":{"OBJECTID":39278,"Uuid":"91D2EE04-FD6E-4270-AC48-5E44A1C479CC","Beteckn":"SK 68-1996","LanKod":"13","Lan":"HALLANDS LÄN","KommunKod":"80","Kommun":"HALMSTAD","ArendeAr":1996,"Biotyp":"Äldre naturskogsartade skogar","Naturtyp":null,"AreaTot":1.2,"AreaProd":1.2,"Standort":"saknas","Datbeslut":828316800000,"Url":"http://www.skogsstyrelsen.se/skogens-parlor/Biotopskydd/?objektid=2975511"}},{"type":"Feature","id":46643,"geometry":{"type":"Polygon","coordinates":[[[12.551981014367241,57.348214548634076],[12.552087463919904,57.348286794878575],[12.552419068226166,57.34831998139794],[12.552846966399393,57.348485370085015],[12.552869874821313,57.34854179204296],[12.552928718539224,57.34868844458513],[12.552950909960062,57.34875164630271],[12.552992762817915,57.348994985582486],[12.55300796834928,57.34908372557342],[12.55296951313539,57.34918569224545],[12.553005613644585,57.34927769633335],[12.552647250400351,57.349256778583126],[12.552479008085815,57.34927689722339],[12.552324656494125,57.34927389427152],[12.552191277743843,57.34923453579284],[12.552049944782187,57.349221765955306],[12.55184691538796,57.34911421987237],[12.55162888483722,57.349046478875124],[12.551490394664182,57.34908388993404],[12.551393738345144,57.349235730297146],[12.551654049390175,57.349411223846936],[12.55195479957876,57.34944381101304],[12.55214352532243,57.349487580607025],[12.552341698025321,57.34957498300174],[12.55259572384528,57.349566562192756],[12.552690731839558,57.34962521349845],[12.55269123394296,57.34963964645204],[12.55266099686732,57.34965759721271],[12.55263956358253,57.349702121298584],[12.552650991209013,57.34972873668536],[12.552717312609026,57.349802780792025],[12.552693381690348,57.34984511753567],[12.552641395443185,57.3499125826829],[12.552594672033397,57.349980150191016],[12.55253664693897,57.35005891056037],[12.552477862744777,57.35014906887643],[12.55243678121901,57.35021103972019],[12.552389867620064,57.3502814521498],[12.552296608160844,57.3504137419315],[12.552228042632155,57.35039986289169],[12.55191032798957,57.350343554742416],[12.551657646798601,57.35033195171419],[12.551241971411166,57.35035393914691],[12.550782650271483,57.35038176142315],[12.550328666657062,57.35032947322179],[12.550127363932987,57.350288798968606],[12.549871604965888,57.350230349124935],[12.54978850793502,57.3501786045436],[12.549581937225959,57.35012445501331],[12.549392766874844,57.35008734982883],[12.54899567625459,57.350016116253045],[12.548800552926775,57.34997556022542],[12.548787159293836,57.349898438421334],[12.548641039561163,57.34977194720989],[12.54840437155243,57.34970550892546],[12.547855742336209,57.34972823712258],[12.547713074085811,57.34973547611221],[12.54763237241894,57.349740588912546],[12.54730126377812,57.34960714699158],[12.54718469475745,57.349501278835355],[12.547170397053373,57.349437510986725],[12.547186534736031,57.34938101344349],[12.547227641123245,57.34922809309834],[12.547348514936322,57.34917698042702],[12.54737289027404,57.3489969992453],[12.548091281996726,57.34897758200435],[12.54820239994723,57.34897974760725],[12.548319487859388,57.34898537240262],[12.548867784561512,57.34910633767918],[12.549149334445351,57.349148577381506],[12.549488062512411,57.34907497196711],[12.549844923995462,57.34891483813166],[12.550042317860516,57.34882845873789],[12.550199987200706,57.348781393901845],[12.55042492370572,57.348745676487994],[12.5505435511515,57.34872793755308],[12.550963366817012,57.348736110759226],[12.55131688492347,57.348626024996086],[12.551545200874955,57.34844667862856],[12.551831287531117,57.348235026650315],[12.551981014367241,57.348214548634076]]]},"properties":{"OBJECTID":46643,"Uuid":"FEB0B595-D859-42FA-876D-57831E485A82","Beteckn":"SK 509-2018","LanKod":"14","Lan":"VÄSTRA GÖTALANDS LÄN","KommunKod":"63","Kommun":"MARK","ArendeAr":2018,"Biotyp":"Äldre betespräglad skog","Naturtyp":"Ädellövskog ek","AreaTot":4.7,"AreaProd":4.7,"Standort":"saknas","Datbeslut":1573689600000,"Url":"http://www.skogsstyrelsen.se/skogens-parlor/Biotopskydd/?objektid=3492072"}},{"type":"Feature","id":45175,"geometry":{"type":"Polygon","coordinates":[[[13.07073898765695,56.85618704950116],[13.070771738593384,56.85618776222067],[13.070917132807816,56.856217900405476],[13.071061210060074,56.85626598057262],[13.071222971912691,56.856296479086105],[13.071353958784147,56.85629934711164],[13.071452852900583,56.8562925358783],[13.071603487885815,56.85647552079016],[13.071725949554963,56.856594990511056],[13.071755424822811,56.85664056311324],[13.071832060640263,56.85671410876473],[13.072020667709271,56.85682605418006],[13.072103195772867,56.85681888188102],[13.072153631333412,56.85680201262521],[13.072202749709485,56.856803094491546],[13.072285919850898,56.85678694624651],[13.07231867134968,56.85678765856385],[13.0723854736286,56.85677115871021],[13.072436550661726,56.85674532249148],[13.072519720577047,56.85672917408907],[13.072866841214946,56.85669185887713],[13.073016812639695,56.85665920999116],[13.073100640472962,56.8566340856213],[13.073204125234126,56.8565644796202],[13.073261090671119,56.85645791621411],[13.073296456872024,56.85642276161774],[13.073347532805158,56.85639692501771],[13.073431359369415,56.85637180939814],[13.073709701263793,56.85637790102119],[13.073876712412437,56.8563366360926],[13.073961854307933,56.85629357792452],[13.073979520852681,56.856275995783164],[13.074029296728858,56.85626810134243],[13.074128190322895,56.856261287986406],[13.074143916197544,56.85627061512578],[13.074193034413488,56.856271687226446],[13.0742244698228,56.856290341234384],[13.074272930004783,56.85630038888992],[13.074451736271545,56.85632226816552],[13.074762812322197,56.856329077912626],[13.074925892918193,56.856341629449076],[13.075038539969947,56.856371051228535],[13.075084386771044,56.85641697425397],[13.07508047415929,56.856470792394866],[13.075024154896312,56.85656838979951],[13.07493901403546,56.85661143971544],[13.074787728531588,56.85666204210134],[13.074506112457518,56.85670079514181],[13.07427558748007,56.85671371979474],[13.07417800798217,56.85670260004642],[13.07401361074483,56.8567079807359],[13.073965807794009,56.85668896637232],[13.073900305350218,56.85668753361518],[13.073702531727564,56.85670116910288],[13.071969598129666,56.857076488913115],[13.071930954163864,56.85715650325917],[13.07191065303197,56.85720996043883],[13.071816996821013,56.85736962848816],[13.07177966912447,56.85743170062274],[13.07174561700226,56.85744892159106],[13.071708931420922,56.85750201788217],[13.071657194132632,56.85753682935677],[13.071617907128616,56.85762581043377],[13.071500007727522,56.857668145450155],[13.071416835294837,56.85768429315441],[13.071384741821081,56.85767460503105],[13.071319254173352,56.8576731711626],[13.07101011070697,56.85763944353334],[13.069985140767153,56.85730252597923],[13.069523412659047,56.857112716853294],[13.06917696911604,56.85691645782757],[13.069277826187179,56.856882730403946],[13.06932892187785,56.85685689572544],[13.069412092872843,56.856840758382305],[13.069446145957173,56.856823529073615],[13.069646556967491,56.85677402506251],[13.069932773920772,56.85667248978848],[13.070135802421932,56.856587100459336],[13.07021963198178,56.856561978035096],[13.070372223352145,56.85649345678506],[13.070458670689387,56.8564324586419],[13.070515001122581,56.85633487235026],[13.070637475291733,56.85622974471256],[13.070655818208637,56.85620319672165],[13.070672844179649,56.85619458189427],[13.07073898765695,56.85618704950116]]]},"properties":{"OBJECTID":45175,"Uuid":"1E2C3743-700B-4D6A-BFCF-F53AACC1D7E9","Beteckn":"SK 170-1997","LanKod":"13","Lan":"HALLANDS LÄN","KommunKod":"15","Kommun":"HYLTE","ArendeAr":1997,"Biotyp":"Örtrika sumpskogar","Naturtyp":null,"AreaTot":2.3,"AreaProd":2.3,"Standort":"saknas","Datbeslut":877910400000,"Url":"http://www.skogsstyrelsen.se/skogens-parlor/Biotopskydd/?objektid=2976311"}},{"type":"Feature","id":51767,"geometry":{"type":"Polygon","coordinates":[[[12.384882870032945,57.354622480749924],[12.385956197708808,57.35482169409691],[12.386419261206541,57.35491691495478],[12.386542127104716,57.35497082741622],[12.386729673735616,57.354987556546874],[12.38697642506199,57.355062590786694],[12.38714088227119,57.355097020189035],[12.387460977762995,57.355115458535344],[12.388048656029786,57.35524036542643],[12.38845932036805,57.35525602631189],[12.38860461334416,57.35525622036136],[12.39002083859826,57.35559214221136],[12.392258258546864,57.35616504344414],[12.392474288227339,57.35621868817554],[12.392868288517665,57.35616846590015],[12.39321191762584,57.35629998252578],[12.39363150299374,57.356363540410335],[12.393858920369919,57.35652394888321],[12.394074826083568,57.356579637244224],[12.394869256829898,57.3569228519139],[12.395522673979691,57.35711666554108],[12.395869730429233,57.357140232617176],[12.396323110465051,57.35726844026415],[12.397208490608053,57.35745167765807],[12.397906183001943,57.35766278657643],[12.398454736145501,57.35787256917175],[12.398905621072581,57.358109573321634],[12.399263532276175,57.358301346346536],[12.399729448785257,57.35857422803546],[12.399982615792215,57.35858560706583],[12.400259366503791,57.358585178903446],[12.400325670891393,57.35866784388599],[12.400266451313765,57.35880658127448],[12.40064262867099,57.35911551157189],[12.400852217627651,57.359314460416066],[12.400963800566869,57.35945198140062],[12.401072467268722,57.35957713905697],[12.40120985852569,57.359788049171016],[12.401502793003095,57.360004984479566],[12.401704432825287,57.36015562512655],[12.40106386602467,57.36023458204469],[12.401104627625244,57.360569356815645],[12.401138002982554,57.36079437555775],[12.400747008670479,57.36078699978539],[12.400526848792211,57.36058104743915],[12.400537474187946,57.360387600643044],[12.400560852717216,57.36014904278794],[12.400325864261887,57.359928045237275],[12.39950185496731,57.35974904692442],[12.399335857235387,57.359535045183534],[12.398948593642142,57.35948408268647],[12.398282857087302,57.359415048895386],[12.39806286209539,57.359498049363005],[12.397703853931299,57.359347050607646],[12.396967852009597,57.35926104516079],[12.396828846380037,57.35917704490159],[12.396788853425106,57.359077047554514],[12.396338857116662,57.35894604512657],[12.395299855440019,57.358825046066194],[12.395088852147591,57.35876004328557],[12.395068848263577,57.35868004153591],[12.394536863401363,57.35846604884934],[12.393698218831602,57.35849892433829],[12.39347835985659,57.35852273221598],[12.393218215535265,57.358561917336154],[12.392747210841103,57.35847391801222],[12.392752219407077,57.35822192235558],[12.392581222373806,57.35817791981506],[12.392350856356796,57.35797604552791],[12.392219222947267,57.35778391903193],[12.391798027915302,57.35773605025966],[12.391549208905277,57.357705926296056],[12.391362209910756,57.357756922964754],[12.39091521922178,57.35775691963367],[12.390699223994915,57.35779191950425],[12.39059121752348,57.358136923082746],[12.389873981956466,57.35812016715916],[12.390222429903845,57.35890065274057],[12.390498281528979,57.35947704049262],[12.39004199968468,57.359541996407465],[12.389664001486809,57.35965900019439],[12.389500002294595,57.3597950019101],[12.389306999936927,57.360210001122404],[12.388831778409124,57.36020410271063],[12.388381777877088,57.36038710884425],[12.388043780034197,57.36036510244817],[12.388127791813329,57.359968107887525],[12.387688787838945,57.35938310577774],[12.38758692682078,57.35913643094277],[12.387322946525895,57.35853407697488],[12.38624969364333,57.358174156973504],[12.386851785697507,57.35770110272035],[12.385958787522785,57.356984109262655],[12.38598102230935,57.35694432797815],[12.386377430795708,57.356385167818026],[12.3867167986302,57.35592321906978],[12.38689178229097,57.35566910988815],[12.386228801889322,57.35548775927545],[12.385858019472492,57.35569565080359],[12.385409132244341,57.35562354929998],[12.384940798391224,57.35556047818737],[12.38440077560896,57.3552361038939],[12.3844777771938,57.355011109316656],[12.384550312339433,57.35493437742924],[12.384735387664378,57.35476337596375],[12.384882870032945,57.354622480749924]]]},"properties":{"OBJECTID":51767,"Uuid":"04F2EE0C-DF0A-45EF-8328-C5754FA53131","Beteckn":"SK 361-2015","LanKod":"13","Lan":"HALLANDS LÄN","KommunKod":"84","Kommun":"KUNGSBACKA","ArendeAr":2015,"Biotyp":"Äldre naturskogsartade skogar","Naturtyp":"Barrblandskog","AreaTot":24.5,"AreaProd":19.1,"Standort":"saknas","Datbeslut":1456963200000,"Url":"http://www.skogsstyrelsen.se/skogens-parlor/Biotopskydd/?objektid=3227329"}},{"type":"Feature","id":40850,"geometry":{"type":"Polygon","coordinates":[[[12.526649387592835,57.118583703699365],[12.527124580919148,57.118777694578114],[12.527566615564382,57.118917513428336],[12.527993734414075,57.11924449110808],[12.528161341397386,57.11922582393043],[12.528742835129414,57.11966790792488],[12.528701311419207,57.11972032672979],[12.529145963438435,57.11985434102656],[12.52950758725413,57.12002179254079],[12.524416859013746,57.1214172164307],[12.523547912524387,57.120895517237344],[12.522518334208153,57.120595970951975],[12.521515688328794,57.120945577326815],[12.520803807025576,57.120905868903236],[12.520603092337254,57.120736030065004],[12.522537475187358,57.11972821897941],[12.523347009753866,57.12003829988294],[12.523909645501522,57.12008216338099],[12.52447072908345,57.12012083528288],[12.52474551714156,57.12000557883229],[12.52508274578004,57.11976589288706],[12.525617232578325,57.11959597318809],[12.525790906446094,57.11923875407152],[12.526649387592835,57.118583703699365]]]},"properties":{"OBJECTID":40850,"Uuid":"8EF57D42-1B6B-466A-B00B-C20ECD799F6E","Beteckn":"SK 49-2021","LanKod":"13","Lan":"HALLANDS LÄN","KommunKod":"83","Kommun":"VARBERG","ArendeAr":2021,"Biotyp":"Äldre naturskogsartade skogar","Naturtyp":"Ädellövskog bok","AreaTot":6.7,"AreaProd":6.7,"Standort":"saknas","Datbeslut":1670976000000,"Url":"http://www.skogsstyrelsen.se/skogens-parlor/Biotopskydd/?objektid=3678102"}},{"type":"Feature","id":52494,"geometry":{"type":"MultiPolygon","coordinates":[[[[13.323183996786785,56.951093718215795],[13.32341903526233,56.95114926176435],[13.323906012352277,56.951194524447786],[13.32434869550079,56.95126576070677],[13.324465704508434,56.95128477758582],[13.32431095332169,56.95155609414408],[13.323946890089598,56.9514974663662],[13.323454630925998,56.951428762775016],[13.322554821296983,56.95144861142065],[13.321603263854156,56.9514542095282],[13.32159005292871,56.95120414706442],[13.322006353535802,56.95114081785218],[13.32247480586984,56.95114747110238],[13.323055391086713,56.95114183416023],[13.323183996786785,56.951093718215795]]],[[[13.323123313855517,56.94851794924198],[13.323409003504134,56.94859156735458],[13.323646047638853,56.94869292567351],[13.324154229218266,56.94903950929538],[13.32445054298903,56.94895562347273],[13.32470498393578,56.94914063065925],[13.324705015591345,56.9491406580387],[13.325009239722318,56.949483786676815],[13.325535475516373,56.949709495932765],[13.325567566863713,56.949720213592556],[13.325975591133869,56.949824845025795],[13.326347731222068,56.94996233860541],[13.326849375093865,56.950216501366995],[13.326792181554485,56.95039610325083],[13.32628534984167,56.95051554368604],[13.326133015136747,56.95055577969903],[13.325887178821986,56.950633992843315],[13.325826367247839,56.950766913147255],[13.325731385671824,56.95094571217123],[13.325726367531031,56.95095018246827],[13.325720033124318,56.95096273971361],[13.3255863202625,56.95112483788755],[13.32514380500761,56.951359623240485],[13.325092223628207,56.95138711870211],[13.325065681377652,56.95140369116214],[13.324554018974652,56.95123933706969],[13.324175997485328,56.951146658028144],[13.323492887685047,56.9510930526172],[13.323458377800183,56.95108052295445],[13.32337905602865,56.95105785928274],[13.323318079834268,56.95104445360377],[13.323329753446538,56.951008948190896],[13.32332980314826,56.95100893987217],[13.323584889431023,56.951002853437146],[13.323807557689456,56.95098195577939],[13.324052663625887,56.95096339805453],[13.324409555998924,56.95091678567501],[13.324531351585621,56.95091155291691],[13.324530502344063,56.95104152020385],[13.32483468016754,56.951028613319075],[13.324906063816547,56.950871602232894],[13.324986529778545,56.95061143785882],[13.325045595038148,56.95041633552951],[13.325056720409167,56.95020055427423],[13.324704241647293,56.950203200510934],[13.324296023551353,56.95020290649291],[13.323956004398587,56.94969421284736],[13.32356433005672,56.94955003480637],[13.323481673773308,56.94933838739793],[13.323087111441025,56.949454908269225],[13.322952120129457,56.94936708344148],[13.322137587740704,56.94901858616963],[13.321735785501918,56.94892629922865],[13.320998686345758,56.94894302757126],[13.321033645990632,56.94883870345883],[13.322515213208804,56.94851553480292],[13.323123313855517,56.94851794924198]]]]},"properties":{"OBJECTID":52494,"Uuid":"D6DF9CCA-6828-47C2-B27C-60EEE4C1949C","Beteckn":"SK 425-2000","LanKod":"13","Lan":"HALLANDS LÄN","KommunKod":"15","Kommun":"HYLTE","ArendeAr":2000,"Biotyp":"Äldre naturskogsartade skogar","Naturtyp":null,"AreaTot":3.8,"AreaProd":3.8,"Standort":"saknas","Datbeslut":975974400000,"Url":"http://www.skogsstyrelsen.se/skogens-parlor/Biotopskydd/?objektid=2978871"}},{"type":"Feature","id":51000,"geometry":{"type":"Polygon","coordinates":[[[12.688470068818633,57.05106337486198],[12.688852458354594,57.051194499423396],[12.689565967999393,57.05131173805581],[12.687813396263962,57.05141626956456],[12.687727729137368,57.051499860785604],[12.687732935901488,57.051705727541965],[12.688135103501146,57.05197659851217],[12.687527219617447,57.05215345039073],[12.687198594235422,57.0520812592035],[12.687002887845798,57.051964388741936],[12.686802857882498,57.05196900614917],[12.685752245241876,57.052243601881955],[12.685183828183124,57.05229982848767],[12.684938498065767,57.052354504523194],[12.685173534311057,57.052632359897295],[12.685402217947992,57.052741036113446],[12.685583391828915,57.05302859784477],[12.685514936373913,57.053035015971],[12.68498798668145,57.05307816020058],[12.684419416782282,57.05315541783246],[12.684119129252752,57.05323478616889],[12.683566965405566,57.05321644042262],[12.68284558701374,57.05361447378266],[12.682266358663146,57.053668591212556],[12.6817792359279,57.05367472526059],[12.681383640028525,57.053989447201516],[12.680908218278146,57.05415586958125],[12.680535418419081,57.05449859043558],[12.67996228966743,57.05452999384616],[12.678874380846192,57.054895988832435],[12.6782095201803,57.05492051676143],[12.678057251641926,57.054985289331846],[12.678091430349005,57.05507758457622],[12.678060162621108,57.055149947596576],[12.678180757028858,57.055212392632335],[12.678137286278332,57.05533017144633],[12.677973764162031,57.05567811308925],[12.678289232210965,57.055718002853624],[12.677934978059286,57.05613889154602],[12.677277005442845,57.056081298747145],[12.67666137545216,57.055919616484715],[12.676478638636965,57.055997337499946],[12.67621754823141,57.05600909076076],[12.676030755466815,57.05593584479284],[12.67575320369742,57.05559516743459],[12.67564430923445,57.055194697044435],[12.675175081079994,57.05518753230959],[12.673930518246205,57.05532098226947],[12.67357179024493,57.05559544993964],[12.673230140849135,57.05546803713253],[12.673221100643065,57.05537636928876],[12.672957378169992,57.05517383020168],[12.672879737005646,57.05513166085811],[12.672788130897018,57.05523752609487],[12.672658317760886,57.05528456591012],[12.672578317978669,57.055176535886766],[12.672447390704475,57.0550113760274],[12.67250827686831,57.054823262337266],[12.672571374481654,57.05462404654017],[12.672728712595886,57.05444968632801],[12.67335806307023,57.054547731811994],[12.673426781204165,57.05472775773215],[12.67380775536219,57.05468700057717],[12.673803618699614,57.05463660869296],[12.674528998709933,57.054590753010245],[12.674554197552926,57.05449080657531],[12.674713742737303,57.05438964349526],[12.674938169821404,57.054514130012244],[12.67583145270624,57.05436731237243],[12.675574057790648,57.05453460697027],[12.675867391044362,57.05463794966402],[12.67594411865265,57.05482274174439],[12.676204263343271,57.05502126296589],[12.676245881797445,57.055324033117294],[12.676332044852554,57.05559592569192],[12.676529537894812,57.05564201508264],[12.676928563240406,57.05556503550648],[12.677605275561616,57.05568892913835],[12.677509404505177,57.05526418715849],[12.67742653653448,57.055097300035],[12.677467092417476,57.054701202772534],[12.677569627441455,57.05464851191887],[12.677657419558665,57.05430324616912],[12.678279630483258,57.05428680014065],[12.67855236224048,57.05393700961163],[12.679320821304222,57.053777914267535],[12.679583970812866,57.054040503314035],[12.68004827350987,57.0540063846505],[12.6802408917109,57.053910617186794],[12.68089974172616,57.053757919916166],[12.680790652313178,57.053558602783205],[12.680846327486595,57.05339541613883],[12.681009997313076,57.05334463658764],[12.681217749695195,57.05336811011724],[12.681349720710832,57.053494844911036],[12.681939524852712,57.05356442779428],[12.682215025145831,57.05358045489902],[12.682503258443449,57.053345340135564],[12.68292907855235,57.053369683202995],[12.682842405321601,57.053202936114346],[12.683019524753634,57.05269062710414],[12.683405268737332,57.052572250784245],[12.68314959626395,57.05212109358588],[12.683231935878565,57.05204954851236],[12.683704189591323,57.0520024794734],[12.684017070861577,57.05197096413074],[12.684694514728578,57.05190363865062],[12.685008366118698,57.051732274334455],[12.68621784710651,57.05155337825451],[12.686473340495702,57.05155760472382],[12.686758840199902,57.0515839164214],[12.687809266333565,57.051101309807265],[12.688175223361611,57.05107842963424],[12.688470068818633,57.05106337486198]]]},"properties":{"OBJECTID":51000,"Uuid":"A1EE435D-FC61-45AB-81C5-4DEA18F61FDC","Beteckn":"SK 198-2012","LanKod":"13","Lan":"HALLANDS LÄN","KommunKod":"82","Kommun":"FALKENBERG","ArendeAr":2012,"Biotyp":"Strand- eller vattenmiljöer som hyser bestånd av hotade eller missgynnade arter eller som har en väsentlig betydelse för hotade eller missgynnade arters fortlevnad","Naturtyp":"Triviallövskog med ädellövinslag","AreaTot":8.1,"AreaProd":8.1,"Standort":"saknas","Datbeslut":1362960000000,"Url":"http://www.skogsstyrelsen.se/skogens-parlor/Biotopskydd/?objektid=2825687"}},{"type":"Feature","id":46423,"geometry":{"type":"Polygon","coordinates":[[[13.32183503241812,57.25286276701092],[13.32223916290099,57.253014488937836],[13.322784422233305,57.25328577525096],[13.323245107312056,57.25358234563894],[13.323597685382229,57.25425404841407],[13.323697252954856,57.254498557043334],[13.32371587561828,57.25471451949999],[13.324141068069263,57.25504630912535],[13.324130204802193,57.25520779025529],[13.324385400628634,57.255356557180505],[13.324581881890373,57.25563891608179],[13.324216507059857,57.25564965936935],[13.323865618087273,57.255445096469025],[13.32332454757587,57.25511102305701],[13.322977898072214,57.254843657077494],[13.322429007699881,57.25462619574681],[13.322053736947113,57.2545379327169],[13.321620349975813,57.254574274059934],[13.321507494162102,57.2545271242203],[13.321545441694465,57.254456013916645],[13.321592426048309,57.25425033438026],[13.321835044619784,57.25409344022262],[13.32199609485391,57.25391696580813],[13.322162570733408,57.25365975507849],[13.322060605323792,57.25345112501024],[13.32189422862594,57.25321427616773],[13.32160898414428,57.253019990287775],[13.321615626180039,57.25292130996822],[13.32183503241812,57.25286276701092]]]},"properties":{"OBJECTID":46423,"Uuid":"EDC26810-D284-443D-8AD4-04DE55E0ADC2","Beteckn":"SK 94-1996","LanKod":"06","Lan":"JÖNKÖPINGS LÄN","KommunKod":"62","Kommun":"GISLAVED","ArendeAr":1996,"Biotyp":"Äldre naturskogsartade skogar","Naturtyp":null,"AreaTot":2.1,"AreaProd":2.1,"Standort":"saknas","Datbeslut":831254400000,"Url":"http://www.skogsstyrelsen.se/skogens-parlor/Biotopskydd/?objektid=2975563"}},{"type":"Feature","id":53513,"geometry":{"type":"MultiPolygon","coordinates":[[[[12.791515740131034,56.95580477417845],[12.791732383173956,56.95580860046848],[12.791941575286979,56.9558199421089],[12.792142430369484,56.955854060122974],[12.792308790888969,56.955879930455104],[12.792474474226623,56.95591725506802],[12.792606340212062,56.955934877681415],[12.792730321224917,56.955967637593325],[12.792878612602822,56.95599759144874],[12.792879254355134,56.95599842052574],[12.792887090305909,56.95600497502737],[12.79289688414329,56.95601068343532],[12.792908349683826,56.95601537894501],[12.792912611801091,56.95601673022512],[12.793056266051718,56.9560591917542],[12.79317436366559,56.95609411190923],[12.793300268039575,56.956140258760605],[12.793402584137132,56.956185072614936],[12.793458358892957,56.95621758065066],[12.793461991366707,56.95621956781039],[12.793555048547972,56.9562674352217],[12.793672632071072,56.95632665362982],[12.79380030179086,56.9564041751525],[12.793802973434435,56.956405722995115],[12.793903858122839,56.95646142047539],[12.794025910030323,56.95654189796475],[12.794101421711705,56.956592232158755],[12.794110156448715,56.95659722085594],[12.794115074243932,56.95659944634098],[12.794191879308107,56.95663151627813],[12.794198410967738,56.95663398589983],[12.794202673202872,56.95663533713672],[12.79426898229064,56.95665492867814],[12.79427371306338,56.95665614439773],[12.794255289916304,56.956678725355076],[12.793932716835883,56.95783819164121],[12.792677750414306,56.95886774120885],[12.791567002105277,56.95872199779654],[12.78956321981669,56.95900765316726],[12.789420300788425,56.958940156012915],[12.789446705374448,56.95873039828596],[12.789378407015567,56.958702438774154],[12.789223304940524,56.958722629574844],[12.788992662552,56.95871855157168],[12.788798568709813,56.95868836736054],[12.788620025457014,56.9586316967748],[12.788532345964265,56.95857663295155],[12.788429099954195,56.95854805483126],[12.788279428220278,56.95847660874965],[12.788197811410015,56.95843693754776],[12.78808667799479,56.958423505252675],[12.788009571227905,56.95842596940994],[12.78795231560361,56.95844788948909],[12.787922313575796,56.95848175814924],[12.787803291953011,56.95848347168739],[12.787698688875492,56.95847780188872],[12.7873093925965,56.958318021399975],[12.787222151726198,56.95825532606525],[12.787036629897246,56.95819852967363],[12.786953219631672,56.958189415143195],[12.786868225327263,56.958207015645314],[12.786776247326998,56.95822450146641],[12.786631525355244,56.9581875403979],[12.786482068906167,56.95811226777209],[12.786256881661734,56.958016558422834],[12.785957988150614,56.95786602138623],[12.785829063028814,56.95779875880051],[12.785790756074508,56.9577369289164],[12.785798043364416,56.957496252924855],[12.785746433985716,56.957422720983054],[12.785764267036305,56.95735805706609],[12.78571401696196,56.95726161621922],[12.785703658709997,56.9572002812271],[12.785748760141193,56.95714756667617],[12.785808069931552,56.957091284547],[12.785874136086688,56.95703894119332],[12.78593074925344,56.956909993219654],[12.785991417245825,56.956830802099866],[12.7860390091749,56.9567360847964],[12.786059558447967,56.956625612003315],[12.786093394256758,56.956526831948956],[12.786147968267636,56.95643223823],[12.786232996341983,56.956296145907736],[12.786305816389307,56.956247750067035],[12.786405015098756,56.95622657330199],[12.78662233906285,56.956218954005955],[12.786796563696257,56.95615765134056],[12.787953887828325,56.956611313817156],[12.787517312526505,56.95705274115369],[12.787941317913274,56.95721695434757],[12.788639996800597,56.9568776711725],[12.789244881471447,56.95658641094379],[12.789843391019254,56.95663903820071],[12.78983305221082,56.956459211134636],[12.79007202824317,56.95632201825447],[12.790588757384036,56.956101811561226],[12.790889943871017,56.955977182868544],[12.791189772734246,56.95587546241441],[12.791339686822825,56.955824597424154],[12.791515740131034,56.95580477417845]],[[12.792129469839223,56.95638349010846],[12.79184508314415,56.956439898259845],[12.791090851303272,56.957311111592375],[12.790705883236683,56.957546948228085],[12.790725572025863,56.95787899678732],[12.790941651218105,56.95812237894214],[12.79119089766104,56.958280348120155],[12.792126348853829,56.95852722248513],[12.79255680723453,56.95818775534648],[12.793091401900169,56.95789313297073],[12.79351605928586,56.957556642561585],[12.79326228081929,56.95728495795101],[12.793200712347915,56.956995170083296],[12.793234258127555,56.95671319844206],[12.792129469839223,56.95638349010846]]],[[[12.79411760141765,56.95339921728535],[12.794396218883731,56.95343387695801],[12.794520891826442,56.95347708041798],[12.794822414537785,56.953665781094706],[12.79538347264354,56.95381526745485],[12.795763213282164,56.95404029242466],[12.795493848670787,56.954941087742284],[12.795215834354886,56.95543370041652],[12.794838810963714,56.95538410648209],[12.794551073611103,56.95559736150261],[12.794814308603438,56.95579886600496],[12.794809228349452,56.95621754456368],[12.795481581962546,56.956479945988],[12.795458569099349,56.95653680960002],[12.79511763441688,56.95654153673873],[12.794833764165512,56.95656225840069],[12.794597686334223,56.95658247444171],[12.79442078538946,56.95658293071622],[12.794353391751095,56.95657807554386],[12.794351464691605,56.95657728670626],[12.794347202457548,56.956575935474454],[12.794286584042943,56.95655801695163],[12.794222491448686,56.95653125754647],[12.794152708324013,56.956484735805844],[12.79402812353879,56.956402587243545],[12.794023247686289,56.95639965258096],[12.793921184297739,56.95634330536319],[12.793792260596886,56.95626501597945],[12.793786861673714,56.95626202714676],[12.793667105242095,56.95620172809873],[12.79357653845265,56.95615513583209],[12.793518521884318,56.95612132122745],[12.793513387985312,56.956118579687995],[12.793509962189113,56.95611699157185],[12.793400383822654,56.95606899431869],[12.793394760715012,56.95606673838475],[12.793262707088044,56.95601833538728],[12.793260290368211,56.95601748397296],[12.793256028237984,56.956016132704605],[12.793134487486032,56.95598019931196],[12.79299083344592,56.955937737873846],[12.792989812696105,56.955937477228034],[12.793322719719226,56.95554347360704],[12.792619619724357,56.95491544183481],[12.792164987088077,56.95429536099362],[12.792207498833152,56.95425534999004],[12.792177024188652,56.95420251186566],[12.792211654260274,56.954170907618824],[12.792369177354596,56.9541147121774],[12.79253906592707,56.95406215861715],[12.792637897820262,56.954039236170615],[12.792784774865746,56.95400564141408],[12.792900666051219,56.95392894960892],[12.792906188972738,56.95387865217861],[12.792966974833167,56.95382578066399],[12.79313397208494,56.953797060744755],[12.793338837683198,56.95379738752439],[12.793540272659639,56.95374696196877],[12.79363272589574,56.95373426936357],[12.793755169615865,56.95365769241693],[12.793751784471533,56.953603939818805],[12.793766357380045,56.95357914328568],[12.79382165778715,56.953530011708885],[12.793946577544308,56.9534794215863],[12.79404403851825,56.95343123147682],[12.79411760141765,56.95339921728535]]]]},"properties":{"OBJECTID":53513,"Uuid":"70DFA0C2-4EAC-4A0C-A733-0A08117D1C3F","Beteckn":"SK 219-2017","LanKod":"13","Lan":"HALLANDS LÄN","KommunKod":"82","Kommun":"FALKENBERG","ArendeAr":2017,"Biotyp":"Äldre naturskogsartade skogar","Naturtyp":"Ädellövskog bok","AreaTot":14.4,"AreaProd":14.4,"Standort":"saknas","Datbeslut":1513728000000,"Url":"http://www.skogsstyrelsen.se/skogens-parlor/Biotopskydd/?objektid=3359494"}},{"type":"Feature","id":45710,"geometry":{"type":"Polygon","coordinates":[[[13.366945870319038,56.936690441487116],[13.367093572325121,56.93669332302203],[13.367206121807865,56.936731451925624],[13.367362045807436,56.936860258237175],[13.367686760758794,56.93692049283602],[13.368074793467512,56.937017897586756],[13.36842824925318,56.93714157145429],[13.368571303203463,56.93746776259033],[13.368779971082287,56.93754369537694],[13.369041408448355,56.93756675628486],[13.369219015082074,56.93761513930659],[13.36941127887861,56.93769074924015],[13.369424757518084,56.937735931136054],[13.369407189991497,56.93775355532309],[13.367945878826694,56.93773403973931],[13.368015627869113,56.937672522028755],[13.367638724725234,56.93765618184764],[13.367473434038748,56.93767092463207],[13.36718270405555,56.93759338787834],[13.366862060825673,56.93747034575614],[13.36673662347851,56.937378065996775],[13.366553159774629,56.93716787189359],[13.366465235971743,56.93700445306937],[13.36634155323627,56.93688525861335],[13.366212598359455,56.936846806735005],[13.366645177981539,56.93676542040196],[13.366945870319038,56.936690441487116]]]},"properties":{"OBJECTID":45710,"Uuid":"A6E75E0B-A847-4EF7-876B-39A0C71B3EB2","Beteckn":"SK 533-2007","LanKod":"13","Lan":"HALLANDS LÄN","KommunKod":"15","Kommun":"HYLTE","ArendeAr":2007,"Biotyp":"Mindre vattendrag och småvatten med omgivande mark","Naturtyp":null,"AreaTot":1.1,"AreaProd":1.1,"Standort":"saknas","Datbeslut":1196035200000,"Url":"http://www.skogsstyrelsen.se/skogens-parlor/Biotopskydd/?objektid=2992597"}},{"type":"Feature","id":43483,"geometry":{"type":"Polygon","coordinates":[[[12.411913437498363,57.45517515194663],[12.411824462835185,57.455415372161184],[12.411740489639683,57.45560181082998],[12.411840269635643,57.45578421415749],[12.412023190084332,57.45596886407132],[12.408432777954104,57.456393236554874],[12.407915632631441,57.45585810916396],[12.408096918639448,57.45570125459699],[12.408171763141048,57.455613412232275],[12.41164154544744,57.45523073094941],[12.411913437498363,57.45517515194663]]]},"properties":{"OBJECTID":43483,"Uuid":"C35F3FD1-C4C2-4CC8-B711-A2C3E3E4D26F","Beteckn":"SK 351-2007","LanKod":"14","Lan":"VÄSTRA GÖTALANDS LÄN","KommunKod":"63","Kommun":"MARK","ArendeAr":2007,"Biotyp":"Mark med mycket gamla träd","Naturtyp":null,"AreaTot":2,"AreaProd":2,"Standort":"saknas","Datbeslut":1191369600000,"Url":"http://www.skogsstyrelsen.se/skogens-parlor/Biotopskydd/?objektid=2992233"}},{"type":"Feature","id":42158,"geometry":{"type":"Polygon","coordinates":[[[12.718943169652063,56.45150263744094],[12.719084534607363,56.45156006625391],[12.719463727259365,56.451686321530346],[12.719781049499142,56.45177508599675],[12.720068159555188,56.45183615359504],[12.719949896175029,56.452093796107775],[12.719901315090445,56.45209257984422],[12.719902047025792,56.45208361523006],[12.719821804590838,56.452072632346876],[12.7195361409988,56.45199363464868],[12.718843268769339,56.4517337812099],[12.718891675865375,56.45153729747037],[12.718943169652063,56.45150263744094]]]},"properties":{"OBJECTID":42158,"Uuid":"B9B6598C-A53B-420F-A518-F157BBBA252F","Beteckn":"SK 139-1996","LanKod":"12","Lan":"SKÅNE LÄN","KommunKod":"78","Kommun":"BÅSTAD","ArendeAr":1996,"Biotyp":"Ravinskogar","Naturtyp":null,"AreaTot":0.2,"AreaProd":0.2,"Standort":"saknas","Datbeslut":840153600000,"Url":"http://www.skogsstyrelsen.se/skogens-parlor/Biotopskydd/?objektid=2975653"}},{"type":"Feature","id":45876,"geometry":{"type":"Polygon","coordinates":[[[12.663996850498572,57.03818522599932],[12.66418396812585,57.03820583661779],[12.664276990312697,57.03822469142965],[12.664369654804418,57.03824924591139],[12.664450790995625,57.03829070449346],[12.66456329268111,57.03833274814498],[12.664502430628987,57.03846856666816],[12.664506088077497,57.03857705674563],[12.664700962287036,57.038974434488324],[12.664630717589064,57.03909295881084],[12.664987598636598,57.03974444010967],[12.66538677965767,57.039888838489325],[12.665988798023433,57.04130836917256],[12.665093234149035,57.04117806331038],[12.66485710741078,57.041046347998545],[12.664547087377871,57.04081392631724],[12.663933200190986,57.040861415463816],[12.662860582135595,57.03931595973277],[12.662878020343095,57.039109731016765],[12.66275045979832,57.03886392383032],[12.662819506315643,57.03863204062848],[12.663019591757495,57.03841236291154],[12.663393395617716,57.03829379910494],[12.66359143823783,57.03827404954355],[12.66384797459523,57.03822239286413],[12.663996850498572,57.03818522599932]]]},"properties":{"OBJECTID":45876,"Uuid":"AF4B5793-45A4-4B9F-AD76-D6E0BE174436","Beteckn":"SK 592-2007","LanKod":"13","Lan":"HALLANDS LÄN","KommunKod":"82","Kommun":"FALKENBERG","ArendeAr":2007,"Biotyp":"Äldre naturskogsartade skogar","Naturtyp":null,"AreaTot":3.5,"AreaProd":3.5,"Standort":"saknas","Datbeslut":1196899200000,"Url":"http://www.skogsstyrelsen.se/skogens-parlor/Biotopskydd/?objektid=2992715"}},{"type":"Feature","id":48481,"geometry":{"type":"MultiPolygon","coordinates":[[[[13.358995344676789,56.91413488845126],[13.359649092211216,56.91436271564365],[13.360209282123439,56.91443282746233],[13.360680200599875,56.914635850481616],[13.361915096234979,56.91421415283455],[13.36232043947627,56.914635258923546],[13.361891238397572,56.914611789974764],[13.361454896465569,56.9149601100166],[13.360448276950498,56.914929496216494],[13.359683751610252,56.9149993424199],[13.359818193702926,56.91562015299284],[13.359506781605667,56.915704506312096],[13.359579801856775,56.9159422399711],[13.359743680909684,56.91612982513365],[13.35991875410276,56.916300431360234],[13.360051876757408,56.916476201429326],[13.36001801985271,56.917129036470136],[13.357563022878713,56.91685431969157],[13.357505894621463,56.91661107911914],[13.357806822519546,56.91640963392327],[13.357760079881286,56.91628635519867],[13.357271813433458,56.91600321571216],[13.35487802244673,56.91587028006601],[13.354356213671073,56.915418998417714],[13.354524027058392,56.91541387598629],[13.359362799530096,56.91550529469886],[13.35912654801146,56.91463115091656],[13.359120950354272,56.91461047459498],[13.35901920218499,56.914245170328606],[13.359006273370822,56.91419878122542],[13.358995344676789,56.91413488845126]]],[[[13.362418301494873,56.914043516010885],[13.362693245588325,56.91451172829381],[13.362391247643593,56.91461366107299],[13.361982192722548,56.91419140140554],[13.362418301494873,56.914043516010885]]]]},"properties":{"OBJECTID":48481,"Uuid":"074DCB84-4AD6-42F6-ACD1-8783CF7CF22B","Beteckn":"SK 177-2016","LanKod":"13","Lan":"HALLANDS LÄN","KommunKod":"15","Kommun":"HYLTE","ArendeAr":2016,"Biotyp":"Äldre naturskogsartade skogar","Naturtyp":"Ädellövskog bok","AreaTot":4.6,"AreaProd":4.6,"Standort":"saknas","Datbeslut":1477612800000,"Url":"http://www.skogsstyrelsen.se/skogens-parlor/Biotopskydd/?objektid=3271979"}},{"type":"Feature","id":46686,"geometry":{"type":"Polygon","coordinates":[[[12.569928773761417,57.348464765790396],[12.571858869133688,57.349197316124666],[12.572727577930015,57.349336464736304],[12.572707051723583,57.349569552142064],[12.572245861672616,57.34971044682622],[12.572067405373287,57.349849625425044],[12.571693064231827,57.349947819548944],[12.571485371896731,57.35004131255882],[12.571117361361283,57.350067790269804],[12.570774607300294,57.34999607538833],[12.569912998455539,57.34996491381612],[12.569279621127961,57.34998455272175],[12.569928773761417,57.348464765790396]]]},"properties":{"OBJECTID":46686,"Uuid":"B1EDEE49-83A9-4660-8A73-F5343161AB01","Beteckn":"SK 510-2012","LanKod":"14","Lan":"VÄSTRA GÖTALANDS LÄN","KommunKod":"63","Kommun":"MARK","ArendeAr":2012,"Biotyp":"Äldre naturskogsartade skogar","Naturtyp":"Ädellövskog ek","AreaTot":2.1,"AreaProd":2.1,"Standort":"saknas","Datbeslut":1329955200000,"Url":"http://www.skogsstyrelsen.se/skogens-parlor/Biotopskydd/?objektid=2852659"}},{"type":"Feature","id":53662,"geometry":{"type":"Polygon","coordinates":[[[12.299169635777373,57.5323153403113],[12.299286271930178,57.532318583009236],[12.29943364882087,57.53234964217271],[12.299477609502691,57.53241377039233],[12.299427055740352,57.5325920858154],[12.299831558348675,57.53272914005086],[12.300049039088204,57.53272620033619],[12.300354142010725,57.532680766611406],[12.300887355931621,57.532695589972086],[12.301184705453037,57.53273081696825],[12.301741759255277,57.53284514682422],[12.301915585472655,57.5329488259913],[12.302318688383792,57.53327454094288],[12.302422417518194,57.533412218961764],[12.303331148809145,57.53351834210321],[12.303891448987821,57.53394726535487],[12.304382523606378,57.534401227385814],[12.304667294887063,57.53474162505955],[12.304827373922377,57.53498869833719],[12.30485758270945,57.53519622278116],[12.30480875924253,57.53535661210027],[12.304668570816965,57.535424614184606],[12.302419413451094,57.53466121355136],[12.302406189846753,57.53462490218521],[12.302856654426037,57.534457696577746],[12.302911193816216,57.53406381463346],[12.301737559549542,57.533932360242694],[12.30181920873911,57.53447379917241],[12.299717553208199,57.533741407548966],[12.29947533588196,57.53313259688167],[12.29887145324297,57.5328102759293],[12.299041804871464,57.53242860734491],[12.299169635777373,57.5323153403113]]]},"properties":{"OBJECTID":53662,"Uuid":"ED560EE5-87E8-4B2C-92BF-CE68340C973D","Beteckn":"SK 7-1999","LanKod":"13","Lan":"HALLANDS LÄN","KommunKod":"84","Kommun":"KUNGSBACKA","ArendeAr":1999,"Biotyp":"Äldre naturskogsartade skogar","Naturtyp":null,"AreaTot":4.3,"AreaProd":4.3,"Standort":"saknas","Datbeslut":917222400000,"Url":"http://www.skogsstyrelsen.se/skogens-parlor/Biotopskydd/?objektid=2977341"}},{"type":"Feature","id":39539,"geometry":{"type":"Polygon","coordinates":[[[12.715509434335873,56.45142609973343],[12.716118228729298,56.451522136164165],[12.716009579258548,56.45186088963137],[12.715385325198083,56.451755473162436],[12.715509434335873,56.45142609973343]]]},"properties":{"OBJECTID":39539,"Uuid":"CEDCC37C-C47A-4562-A668-69D9B4622A80","Beteckn":"SK 147-1996","LanKod":"12","Lan":"SKÅNE LÄN","KommunKod":"78","Kommun":"BÅSTAD","ArendeAr":1996,"Biotyp":"Ravinskogar","Naturtyp":null,"AreaTot":0.1,"AreaProd":0.1,"Standort":"saknas","Datbeslut":841363200000,"Url":"http://www.skogsstyrelsen.se/skogens-parlor/Biotopskydd/?objektid=2975669"}},{"type":"Feature","id":40572,"geometry":{"type":"Polygon","coordinates":[[[12.78106636777879,56.37973833373811],[12.78219073467259,56.37985564235615],[12.78203898240127,56.38054382892744],[12.780798603593716,56.38045962620524],[12.781064236225605,56.37976523858873],[12.78106636777879,56.37973833373811]]]},"properties":{"OBJECTID":40572,"Uuid":"E0EA1BB4-E548-41F3-92F4-41A2097B5146","Beteckn":"SK 306-2011","LanKod":"12","Lan":"SKÅNE LÄN","KommunKod":"78","Kommun":"BÅSTAD","ArendeAr":2011,"Biotyp":"Källor med omgivande våtmarker","Naturtyp":null,"AreaTot":0.6,"AreaProd":0.6,"Standort":"saknas","Datbeslut":1320796800000,"Url":"http://www.skogsstyrelsen.se/skogens-parlor/Biotopskydd/?objektid=2996515"}},{"type":"Feature","id":41070,"geometry":{"type":"Polygon","coordinates":[[[13.260760465444,56.81354583240895],[13.260956144956669,56.81355881195578],[13.261017924413906,56.813613971777954],[13.26095667681694,56.813792395240405],[13.260933011877388,56.81389971969892],[13.26096930668571,56.81408911690285],[13.261178233109806,56.814389840895934],[13.261332677877208,56.81452774450368],[13.261325977126733,56.8146264277923],[13.261109075901643,56.814684883713355],[13.260877642661981,56.81471609962503],[13.260615922832839,56.8147107626061],[13.260357861280587,56.81465159050192],[13.260263974611078,56.814586790666844],[13.260204015913596,56.814504708606584],[13.260194964358453,56.81439672147769],[13.26024107368894,56.81420002662804],[13.260394457999695,56.81387075589327],[13.260422990015797,56.81369166995567],[13.260461170089545,56.813611594028046],[13.260512688220393,56.81357671197008],[13.260760465444,56.81354583240895]]]},"properties":{"OBJECTID":41070,"Uuid":"945A7DBA-B06B-4C25-A627-BD54CB1F9314","Beteckn":"SK 103-1997","LanKod":"13","Lan":"HALLANDS LÄN","KommunKod":"80","Kommun":"HALMSTAD","ArendeAr":1997,"Biotyp":"Äldre naturskogsartade skogar","Naturtyp":null,"AreaTot":0.6,"AreaProd":0.6,"Standort":"saknas","Datbeslut":863568000000,"Url":"http://www.skogsstyrelsen.se/skogens-parlor/Biotopskydd/?objektid=2976177"}},{"type":"Feature","id":45398,"geometry":{"type":"Polygon","coordinates":[[[13.059752753146341,56.92838507355455],[13.060219909533958,56.92851213894237],[13.060110929002288,56.92865349061862],[13.059906820294497,56.9287478263758],[13.060164675762403,56.92881638132737],[13.060325431759166,56.92886483767852],[13.060504558642563,56.928886747647624],[13.060698113351702,56.92893591908488],[13.060858870566014,56.92898437475711],[13.060803063888551,56.92907298831705],[13.060743959879488,56.92920645209641],[13.060776688679491,56.92943177234627],[13.060768785949058,56.92953940590665],[13.060640178342108,56.929500641283845],[13.060297654169254,56.9294661681052],[13.059972855939602,56.92941410557648],[13.059716322720178,56.92932760843251],[13.059487394497404,56.929088989513424],[13.059210487234386,56.92905595426703],[13.05902608842848,56.92910580105286],[13.058809521626062,56.92914595567387],[13.05855949273607,56.92919436921455],[13.058516779895328,56.92932818543277],[13.058212262725267,56.92944726897209],[13.057994382692577,56.92950536417126],[13.057837503750655,56.92962769292172],[13.057685898390897,56.9296782629386],[13.057454148584343,56.929924724106826],[13.057394474137858,56.929842548243236],[13.057340721680507,56.92967965618356],[13.057401165701984,56.92952825236253],[13.057590859886561,56.92940664973444],[13.057830429528615,56.9292771595783],[13.05796430739296,56.92924416852079],[13.058221583771834,56.92909709819008],[13.058392901103081,56.92900204013668],[13.058371296580443,56.928848831239485],[13.058549858281724,56.92865510596884],[13.058942345271225,56.92845710073169],[13.05900004820411,56.92856618430308],[13.059246110215167,56.92857159542197],[13.059489614098702,56.92838827616139],[13.059752753146341,56.92838507355455]]]},"properties":{"OBJECTID":45398,"Uuid":"E6D50BC8-6605-4DD2-90E9-609727BBF7E5","Beteckn":"SK 472-2004","LanKod":"13","Lan":"HALLANDS LÄN","KommunKod":"15","Kommun":"HYLTE","ArendeAr":2004,"Biotyp":"Mindre vattendrag och småvatten med omgivande mark","Naturtyp":null,"AreaTot":1.3,"AreaProd":1.3,"Standort":"saknas","Datbeslut":1086048000000,"Url":"http://www.skogsstyrelsen.se/skogens-parlor/Biotopskydd/?objektid=2986479"}},{"type":"Feature","id":43240,"geometry":{"type":"Polygon","coordinates":[[[12.92617575519205,57.21719014103827],[12.926291461113589,57.21719279783765],[12.92645396650595,57.21723246635021],[12.926466312735496,57.2172866557676],[12.926571540226387,57.21742383351502],[12.926616234468453,57.21748774935438],[12.926773160137367,57.21759915623691],[12.926763367100962,57.21772471215649],[12.926601306468065,57.21789169340949],[12.926236235988991,57.21790129049853],[12.92588698887681,57.217920223371486],[12.925770119126861,57.217719890565995],[12.925665856152872,57.21735812377974],[12.925699607460912,57.21734992039261],[12.926001364779724,57.21730294133779],[12.92617575519205,57.21719014103827]]]},"properties":{"OBJECTID":43240,"Uuid":"2C9B8E5E-2851-4EDE-9508-895E5E52D1ED","Beteckn":"SK 845-2005","LanKod":"14","Lan":"VÄSTRA GÖTALANDS LÄN","KommunKod":"65","Kommun":"SVENLJUNGA","ArendeAr":2005,"Biotyp":"Äldre naturskogsartade skogar","Naturtyp":null,"AreaTot":0.4,"AreaProd":0.4,"Standort":"saknas","Datbeslut":1132185600000,"Url":"http://www.skogsstyrelsen.se/skogens-parlor/Biotopskydd/?objektid=2989347"}},{"type":"Feature","id":52225,"geometry":{"type":"Polygon","coordinates":[[[12.824347873126882,56.96514553114084],[12.825103838294526,56.96543828501407],[12.825464911507243,56.965695637313935],[12.825759001320176,56.96638549607794],[12.825703721166208,56.967154873537716],[12.82539871043485,56.96754855579751],[12.82506352500365,56.967742893808854],[12.824500088148557,56.96790998651127],[12.823868172007574,56.96835548962682],[12.823420581704438,56.96846188784351],[12.823192463121064,56.96586709819759],[12.823811255443966,56.96556986670676],[12.824347873126882,56.96514553114084]]]},"properties":{"OBJECTID":52225,"Uuid":"350A909B-E6BD-4D64-B108-C612DED2A96B","Beteckn":"SK 290-2016","LanKod":"13","Lan":"HALLANDS LÄN","KommunKod":"82","Kommun":"FALKENBERG","ArendeAr":2016,"Biotyp":"Äldre naturskogsartade skogar","Naturtyp":"Ädellövskog bok","AreaTot":4,"AreaProd":4,"Standort":"saknas","Datbeslut":1479427200000,"Url":"http://www.skogsstyrelsen.se/skogens-parlor/Biotopskydd/?objektid=3286158"}},{"type":"Feature","id":38614,"geometry":{"type":"Polygon","coordinates":[[[12.51994168046455,57.22429045108274],[12.520174431998226,57.22446726857283],[12.520330129005105,57.22457917199052],[12.520333090269867,57.22473201245387],[12.520517063555825,57.22489856469005],[12.520648268423065,57.22509968868269],[12.520799182994564,57.22526538094229],[12.52084454333329,57.22550018998734],[12.520922181613624,57.22574483865618],[12.520987267686497,57.22594422532684],[12.52111367653836,57.22619912896113],[12.52117479502156,57.226443343419135],[12.521249235742813,57.22672384828542],[12.521352738719163,57.22705003974674],[12.521397320182468,57.22729381973597],[12.52142377772783,57.2275550983767],[12.521386509653022,57.22778774572732],[12.521392441913221,57.228093408584556],[12.521398593098024,57.2282103832847],[12.52150073507831,57.228365819466354],[12.52166558809358,57.22874752777365],[12.52174003670721,57.22902803232348],[12.521827259080856,57.229165101578495],[12.52182862663609,57.229335856698604],[12.52178120431338,57.229496356679675],[12.521684207851527,57.22965556364467],[12.521654109725233,57.229807526722716],[12.521656292601346,57.229969329268684],[12.521738714275449,57.23016018766186],[12.521893639408525,57.230281051138974],[12.522045380285794,57.230437780138146],[12.522049949961492,57.230572678828175],[12.520923969488187,57.23019277598267],[12.520851331807092,57.229705649950404],[12.520579908062459,57.22959071648924],[12.520324209737026,57.22948517846904],[12.519747504343806,57.229263410741744],[12.520106817923704,57.228949334228446],[12.518899287803897,57.22836958320121],[12.519674709005466,57.226359142748336],[12.519008464173371,57.22602719611781],[12.5189754022182,57.226026327125226],[12.519044051568256,57.225255362040116],[12.518671809997187,57.22459863954985],[12.518531271293174,57.224316404053646],[12.51945041395088,57.224412364481836],[12.51994168046455,57.22429045108274]]]},"properties":{"OBJECTID":38614,"Uuid":"70A8D2A0-F230-493C-99B6-FB2542B59AFF","Beteckn":"SK 144-2002","LanKod":"13","Lan":"HALLANDS LÄN","KommunKod":"83","Kommun":"VARBERG","ArendeAr":2002,"Biotyp":"Äldre naturskogsartade skogar","Naturtyp":null,"AreaTot":7.2,"AreaProd":7.2,"Standort":"saknas","Datbeslut":1014076800000,"Url":"http://www.skogsstyrelsen.se/skogens-parlor/Biotopskydd/?objektid=2980981"}},{"type":"Feature","id":47356,"geometry":{"type":"Polygon","coordinates":[[[12.897836533657419,57.11012565870332],[12.897892936171408,57.11045939403285],[12.897426492942127,57.110511461199046],[12.897708725497845,57.11091332286026],[12.897248833486547,57.111513588717436],[12.89610306036742,57.11159479737372],[12.895884260441871,57.11143698216645],[12.895315809673875,57.111315960822935],[12.895338329488911,57.11102898160822],[12.89596537757488,57.1110345663114],[12.896519265179878,57.110499376125595],[12.896407102372608,57.11024520818288],[12.897836533657419,57.11012565870332]]]},"properties":{"OBJECTID":47356,"Uuid":"CFE7A8B9-3AF3-4928-9492-A66D6A8782A7","Beteckn":"SK 788-2002","LanKod":"13","Lan":"HALLANDS LÄN","KommunKod":"82","Kommun":"FALKENBERG","ArendeAr":2002,"Biotyp":"Alkärr","Naturtyp":null,"AreaTot":1.4,"AreaProd":1.4,"Standort":"saknas","Datbeslut":1034294400000,"Url":"http://www.skogsstyrelsen.se/skogens-parlor/Biotopskydd/?objektid=2982269"}},{"type":"Feature","id":51598,"geometry":{"type":"Polygon","coordinates":[[[13.021494853912525,56.36459309440162],[13.021849741511932,56.364610064369025],[13.022040391981136,56.36465927079059],[13.022227780547656,56.36475333028942],[13.022410590388185,56.3649101768421],[13.02251980656788,56.36496653933043],[13.022765939301392,56.36514278201364],[13.023023024415386,56.36539115360023],[13.023015826539746,56.365489827104206],[13.022898767503571,56.365541105776295],[13.022639535592551,56.36554426709762],[13.022415234611808,56.36551227300064],[13.022192910851107,56.365453368589435],[13.022085011876802,56.365379062878525],[13.02110768106072,56.365240292896594],[13.020673296118751,56.365203566064814],[13.020397251295924,56.36521533280465],[13.0203171004077,56.36520454484055],[13.020179500102177,56.365093628346926],[13.02000828654217,56.36499993197663],[13.019723277760283,56.36491265775217],[13.019760832233832,56.36484162655283],[13.019877233931929,56.364799317815766],[13.02002399993476,56.364784651225165],[13.02057543994075,56.36477009495256],[13.021217495254591,56.36462280592785],[13.021348088707397,56.36460777172264],[13.021494853912525,56.36459309440162]]]},"properties":{"OBJECTID":51598,"Uuid":"7BF6ACF8-59BD-4BBE-AE05-562161BAC6A4","Beteckn":"SK 30-1998","LanKod":"13","Lan":"HALLANDS LÄN","KommunKod":"81","Kommun":"LAHOLM","ArendeAr":1998,"Biotyp":"Alkärr","Naturtyp":null,"AreaTot":1.1,"AreaProd":1.1,"Standort":"saknas","Datbeslut":888883200000,"Url":"http://www.skogsstyrelsen.se/skogens-parlor/Biotopskydd/?objektid=2976791"}},{"type":"Feature","id":41262,"geometry":{"type":"Polygon","coordinates":[[[12.8022036985047,56.94999453097265],[12.802341599546144,56.95057899357191],[12.80231767362707,56.951428805742886],[12.801733878921283,56.95167818217411],[12.801492776622725,56.9517823618512],[12.800755999351166,56.95188067192459],[12.800049336645575,56.9519110414058],[12.799717498633068,56.95160561884093],[12.799682305401701,56.95131683768163],[12.79940671358085,56.95129771723584],[12.799216056214556,56.951077523341],[12.799104611066879,56.950310922077605],[12.799540043046509,56.95027579388593],[12.800594941545866,56.950183078880855],[12.8022036985047,56.94999453097265]]]},"properties":{"OBJECTID":41262,"Uuid":"16B4AA04-11AD-4AEF-AEFF-7C886813F1C0","Beteckn":"SK 216-2017","LanKod":"13","Lan":"HALLANDS LÄN","KommunKod":"82","Kommun":"FALKENBERG","ArendeAr":2017,"Biotyp":"Äldre naturskogsartade skogar","Naturtyp":"Ädellövskog bok","AreaTot":3.2,"AreaProd":3.2,"Standort":"saknas","Datbeslut":1513728000000,"Url":"http://www.skogsstyrelsen.se/skogens-parlor/Biotopskydd/?objektid=3359450"}},{"type":"Feature","id":45541,"geometry":{"type":"Polygon","coordinates":[[[12.718230834070226,56.45168259065147],[12.718175879890675,56.45195977435713],[12.717755569340643,56.45194032491455],[12.717402226832954,56.451895585230076],[12.717407323649358,56.451832805537215],[12.718230834070226,56.45168259065147]]]},"properties":{"OBJECTID":45541,"Uuid":"B043B378-A1FB-4771-AAF0-C0179E73AA0C","Beteckn":"SK 138-1996","LanKod":"12","Lan":"SKÅNE LÄN","KommunKod":"78","Kommun":"BÅSTAD","ArendeAr":1996,"Biotyp":"Ravinskogar","Naturtyp":null,"AreaTot":0.1,"AreaProd":0.1,"Standort":"saknas","Datbeslut":840153600000,"Url":"http://www.skogsstyrelsen.se/skogens-parlor/Biotopskydd/?objektid=2975651"}},{"type":"Feature","id":50118,"geometry":{"type":"Polygon","coordinates":[[[12.445799784409468,57.46449441697794],[12.4459936199829,57.46456249127417],[12.446151737965907,57.4646565676186],[12.44626900132018,57.46465070296497],[12.446368808967852,57.46465337225895],[12.446673847224144,57.465326446382065],[12.447022198844929,57.46607255913162],[12.447312280619455,57.46672726533426],[12.447503192605591,57.46719062428035],[12.447403377309584,57.46718796480177],[12.447182180502347,57.46723598447615],[12.446928531878527,57.467274144179655],[12.44657917812357,57.46726482957448],[12.446397829058451,57.46724202313404],[12.445980303193677,57.46724885848618],[12.445554371968692,57.467165611372465],[12.445175046253066,57.46711955037305],[12.4447741524552,57.467126817694485],[12.444571218607361,57.46715734672513],[12.44432004578308,57.46716861860731],[12.444072161424934,57.46714402831085],[12.443887526466316,57.46715707097796],[12.443870879029852,57.46715663451337],[12.443868311773,57.46609624620172],[12.443891582474519,57.46511743179248],[12.443895696995295,57.46507260926005],[12.443985469267586,57.46500312130125],[12.444116884795232,57.46502459526561],[12.44427072819527,57.46498377953222],[12.444570138565792,57.464991764683504],[12.444837942205062,57.46498093748061],[12.445000997827805,57.46502123182057],[12.445237177829007,57.464991591819796],[12.445402531594825,57.46482527674931],[12.44552045739301,57.46463073492567],[12.44559440540084,57.46455183970457],[12.445799784409468,57.46449441697794]]]},"properties":{"OBJECTID":50118,"Uuid":"4A87AFD3-E815-4131-92B8-CA07C4D23E8C","Beteckn":"SK 293-2002","LanKod":"14","Lan":"VÄSTRA GÖTALANDS LÄN","KommunKod":"63","Kommun":"MARK","ArendeAr":2002,"Biotyp":"Äldre naturskogsartade skogar","Naturtyp":null,"AreaTot":4.9,"AreaProd":4.9,"Standort":"saknas","Datbeslut":1018396800000,"Url":"http://www.skogsstyrelsen.se/skogens-parlor/Biotopskydd/?objektid=2981279"}},{"type":"Feature","id":39888,"geometry":{"type":"MultiPolygon","coordinates":[[[[12.35296713360858,57.50338050436511],[12.353606561499294,57.50346196350399],[12.354004270876827,57.50356616212002],[12.35401581217066,57.50359376013748],[12.353793397615041,57.503996555502496],[12.353421315169783,57.50435285727404],[12.35296727759895,57.50439534369488],[12.35205984359757,57.5044716528503],[12.351491347535555,57.50453773853679],[12.352007583540479,57.50411437194187],[12.351914191869263,57.50407541219131],[12.351896800255426,57.504030652107936],[12.351909558510146,57.50394951739191],[12.352101061453725,57.503851942465495],[12.352198507711595,57.50365914524456],[12.352002717843405,57.503576525427434],[12.352080298282715,57.50345420818172],[12.352240017006194,57.503431661680665],[12.35275780134494,57.5035424293521],[12.35296713360858,57.50338050436511]]],[[[12.347816632550229,57.5028811021052],[12.348053122593454,57.50296241866673],[12.348321787423354,57.50300136438733],[12.349157232796392,57.503091074796956],[12.349623224227587,57.50311011667906],[12.349773261718363,57.50312621989133],[12.350100991119733,57.503109058093045],[12.350664457553018,57.50314109025722],[12.350661710813684,57.50320223283006],[12.351154576727088,57.503277327242046],[12.351193319100824,57.503330390386395],[12.351161040945843,57.50344241615737],[12.351811150556536,57.5035559041743],[12.351432205242054,57.50372037624388],[12.351001627939944,57.503928930444616],[12.350572723069016,57.50377747922608],[12.350330288316302,57.50389818329183],[12.350167834440489,57.50386769260403],[12.349836787370373,57.50388239444348],[12.349700559082358,57.50381465567238],[12.349528712158204,57.50380227291455],[12.349351095002294,57.50369889383191],[12.349041156472406,57.50364472182283],[12.348433738441472,57.50369694454108],[12.34824567494546,57.503641630457146],[12.34774101963182,57.50348308559616],[12.347589211988318,57.503245947504354],[12.347566935690919,57.502998538734396],[12.347622992440462,57.50289141742159],[12.347816632550229,57.5028811021052]]],[[[12.34962722159328,57.502589117418715],[12.349792596919785,57.50259259296721],[12.349489766080751,57.502691661949676],[12.349103486451508,57.50284122551513],[12.348855363658306,57.502905963007976],[12.348695966775885,57.502913719661244],[12.348543195215495,57.502970288093245],[12.348233829914635,57.50293477373178],[12.348108619336253,57.50290808302358],[12.347991015311743,57.502871819411624],[12.348582609764017,57.50284031345494],[12.348781608992814,57.50287048716976],[12.3494819252272,57.502646931466394],[12.34962722159328,57.502589117418715]]],[[[12.351068244866191,57.50243467066373],[12.351332680010525,57.50248819661405],[12.351743995189558,57.50257972935544],[12.352274977336528,57.50269940369163],[12.352575693146619,57.502711917982055],[12.353343524679655,57.50289202641392],[12.35370361900925,57.50288849352748],[12.353952012904307,57.5029213311258],[12.354371016896671,57.502987754542175],[12.354806874829753,57.503105044938565],[12.355003458168351,57.50314469307967],[12.354822852302314,57.50330983903371],[12.354498884337769,57.503261452328914],[12.3541870797966,57.503341606742815],[12.35397330298631,57.50345593613061],[12.3539615953677,57.503452077781745],[12.353468731376578,57.50336371197531],[12.35302647950506,57.503332169749136],[12.35280318665677,57.50329549865272],[12.352391594325455,57.503236909371275],[12.352049989918633,57.50320363933037],[12.351613237417999,57.50311307428888],[12.350667249499198,57.50307840289984],[12.350666903870184,57.503086393912916],[12.350385301073329,57.50307433958433],[12.350060133701271,57.50305640847306],[12.34978468370164,57.5030635701089],[12.349555181093638,57.50305319295785],[12.349160850682132,57.50304120204723],[12.348682853458097,57.50298285824946],[12.348761640053429,57.50294898071615],[12.348889746423579,57.50294612003797],[12.349144278585761,57.50287818308963],[12.349708152435054,57.50266905762664],[12.349911574772793,57.502594500155546],[12.349923782605824,57.50259697644317],[12.350214052121723,57.50260618539718],[12.350471777589998,57.50259107457985],[12.350962146440002,57.50248217506815],[12.351068244866191,57.50243467066373]]]]},"properties":{"OBJECTID":39888,"Uuid":"F4A480D3-1D74-4E5C-B775-41CC9D78AA39","Beteckn":"SK 142-2022","LanKod":"14","Lan":"VÄSTRA GÖTALANDS LÄN","KommunKod":"63","Kommun":"MARK","ArendeAr":2022,"Biotyp":"Äldre naturskogsartade skogar","Naturtyp":"Ädellövskog bok","AreaTot":4.7,"AreaProd":4.7,"Standort":"saknas","Datbeslut":1687392000000,"Url":"http://www.skogsstyrelsen.se/skogens-parlor/Biotopskydd/?objektid=3800469"}},{"type":"Feature","id":42856,"geometry":{"type":"Polygon","coordinates":[[[12.891711916331966,56.89507659265697],[12.896267257102394,56.89634546297241],[12.896469329755703,56.897378391750614],[12.895823281880777,56.89731629144528],[12.895624553702362,56.897345267057176],[12.894891634993204,56.89761043643088],[12.894443047857864,56.89737820674298],[12.89407087576432,56.8972687194511],[12.892462705225256,56.897103519974785],[12.892441100998074,56.896908121447716],[12.892419480567261,56.89671272263603],[12.892370731471978,56.896550303372145],[12.892333724079064,56.89639486667519],[12.892287588025908,56.89619890144533],[12.892074556322607,56.89593854752776],[12.891924608582618,56.895814085052976],[12.891678176686431,56.895667200287164],[12.891442722693492,56.89537945459239],[12.891711916331966,56.89507659265697]]]},"properties":{"OBJECTID":42856,"Uuid":"380C0F56-05CC-426B-85BA-7C0FA61291A5","Beteckn":"SK 75-2012","LanKod":"13","Lan":"HALLANDS LÄN","KommunKod":"80","Kommun":"HALMSTAD","ArendeAr":2012,"Biotyp":"Äldre naturskogsartade skogar","Naturtyp":"Ädellövskog bok","AreaTot":4.4,"AreaProd":4.4,"Standort":"saknas","Datbeslut":1348704000000,"Url":"http://www.skogsstyrelsen.se/skogens-parlor/Biotopskydd/?objektid=2816977"}},{"type":"Feature","id":38110,"geometry":{"type":"Polygon","coordinates":[[[12.897227427803706,57.11157598652023],[12.898292089440886,57.11189718485019],[12.898720266876953,57.11212274525656],[12.898899789909416,57.112360508641764],[12.89862613160235,57.11290220432512],[12.897561736303354,57.11278766024696],[12.89621502391891,57.11269349354919],[12.896313831185592,57.111644611757136],[12.897227427803706,57.11157598652023]]]},"properties":{"OBJECTID":38110,"Uuid":"2C5BE15E-C3D0-4B3C-88F8-7EE929E02730","Beteckn":"SK 787-2002","LanKod":"13","Lan":"HALLANDS LÄN","KommunKod":"82","Kommun":"FALKENBERG","ArendeAr":2002,"Biotyp":"Äldre naturskogsartade skogar","Naturtyp":null,"AreaTot":1.8,"AreaProd":1.8,"Standort":"saknas","Datbeslut":1034294400000,"Url":"http://www.skogsstyrelsen.se/skogens-parlor/Biotopskydd/?objektid=2982267"}},{"type":"Feature","id":47147,"geometry":{"type":"Polygon","coordinates":[[[12.76122787625177,57.05041321650427],[12.761525765306809,57.05043814091452],[12.761892120254611,57.05059315962645],[12.762161516228561,57.05069813463445],[12.762989908471853,57.050953362171306],[12.763833504623175,57.05126991688624],[12.764299883259039,57.05153056806444],[12.76467050312854,57.05181416625352],[12.764801059016907,57.05193693879421],[12.764678382571338,57.0519639991075],[12.764523728463386,57.052385602891626],[12.764000737140355,57.05273229001422],[12.763254699005351,57.05298370936604],[12.76309082391644,57.053167884003756],[12.762579922254348,57.05304517109375],[12.761519474539504,57.052371861579566],[12.761301546287187,57.05227131905267],[12.761099395031838,57.05212264948014],[12.760534654778157,57.051569810699704],[12.76042690395616,57.05125342001363],[12.760317842744207,57.05082930595376],[12.760603713643853,57.05072689855715],[12.76122787625177,57.05041321650427]],[[12.763228276927862,57.051884952084805],[12.762377987218311,57.05192423558413],[12.76241425858801,57.05221730398057],[12.762442265615745,57.05238792236431],[12.763815494572013,57.05209049429346],[12.76353066915515,57.05194598671195],[12.763228276927862,57.051884952084805]]]},"properties":{"OBJECTID":47147,"Uuid":"E41DFE21-6A3A-49A1-83C9-2954043F6E74","Beteckn":"SK 319-2007","LanKod":"13","Lan":"HALLANDS LÄN","KommunKod":"82","Kommun":"FALKENBERG","ArendeAr":2007,"Biotyp":"Äldre naturskogsartade skogar","Naturtyp":null,"AreaTot":4.5,"AreaProd":4.5,"Standort":"saknas","Datbeslut":1189382400000,"Url":"http://www.skogsstyrelsen.se/skogens-parlor/Biotopskydd/?objektid=2992169"}},{"type":"Feature","id":40171,"geometry":{"type":"Polygon","coordinates":[[[13.168825836971243,56.7500687201297],[13.168916891199743,56.75016946618077],[13.168981547590873,56.75041340657908],[13.168924386966113,56.75052898543465],[13.1689482376615,56.750655270034656],[13.169001602339643,56.750827096224015],[13.169134098490925,56.75103653048717],[13.169246507710385,56.751065857232],[13.169274756491939,56.75112934254502],[13.169269094622239,56.75121007657056],[13.169248375295341,56.75127252825822],[13.16929169760309,56.75135430512219],[13.169394665922084,56.751518197344986],[13.169532195508857,56.75165586456543],[13.169721225432214,56.75175868650524],[13.169898328847585,56.75179837044479],[13.170256874440733,56.75251569416801],[13.17011430257873,56.75268336783519],[13.170104246647863,56.75282690113468],[13.17014379353227,56.75296250032714],[13.170018807748432,56.753112586475496],[13.169869316786356,56.753145355251604],[13.169674634537476,56.75312326777553],[13.169420903970742,56.7530100967877],[13.16931540071602,56.75288208317136],[13.169097515703143,56.75249116051565],[13.169089353457368,56.752374199907266],[13.16896316518554,56.7520750554803],[13.168764725531934,56.75187320680038],[13.168734578468932,56.75183663254926],[13.168575064921834,56.751779350820335],[13.16845261193875,56.751659965237806],[13.168386706881092,56.7514339776079],[13.168384211243927,56.751236273998636],[13.168242942731416,56.75091884593013],[13.167967321705865,56.750418885033426],[13.167957280563801,56.750328835738834],[13.16857337740473,56.750171177214085],[13.168626757731937,56.75010942110452],[13.168759899205199,56.75007630589781],[13.168825836971243,56.7500687201297]]]},"properties":{"OBJECTID":40171,"Uuid":"60F6CB7E-6DB1-454E-A92A-ABAD14FDAA79","Beteckn":"SK 349-2010","LanKod":"13","Lan":"HALLANDS LÄN","KommunKod":"80","Kommun":"HALMSTAD","ArendeAr":2010,"Biotyp":"Äldre naturskogsartade skogar","Naturtyp":null,"AreaTot":1.9,"AreaProd":1.9,"Standort":"saknas","Datbeslut":1292198400000,"Url":"http://www.skogsstyrelsen.se/skogens-parlor/Biotopskydd/?objektid=2995851"}},{"type":"Feature","id":42501,"geometry":{"type":"Polygon","coordinates":[[[12.796825921951482,56.91578722919165],[12.797087528526179,56.91580251703242],[12.797440992816712,56.91590088418331],[12.797955324889116,56.91624572151063],[12.798092051723355,56.916383787842165],[12.798663320256287,56.91683780227385],[12.799000202221862,56.917142422528485],[12.799027939496037,56.91720598581013],[12.799007734120584,56.91745707519234],[12.7989648340234,56.917581831031725],[12.798844283231134,56.91765080715382],[12.798728083332131,56.91766597803495],[12.798650433308508,56.917610198218846],[12.798548656310276,56.91744602308039],[12.798163811652786,56.91732893607314],[12.79799985952702,56.91732498676081],[12.797331024382286,56.917470603121785],[12.796642180916495,56.917660668813475],[12.796509573417321,56.9176754405047],[12.796379126760206,56.917663309258096],[12.796327052299334,56.917697994648286],[12.796217334473537,56.917632454802245],[12.796194649478895,56.917506120840166],[12.795906974065923,56.91720268425864],[12.79524387905084,56.91666557608702],[12.795079415284423,56.91646394232214],[12.794972607953067,56.91636252545353],[12.794929198006344,56.91628959948081],[12.795051913261645,56.91619372436993],[12.795222377830978,56.91611696975987],[12.795339300058584,56.91609283760511],[12.795961819628156,56.91591017342269],[12.796513695049759,56.915788697275424],[12.796825921951482,56.91578722919165]]]},"properties":{"OBJECTID":42501,"Uuid":"2EE49B83-FEC8-44E7-BCE8-172DA81E30AD","Beteckn":"SK 267-1995","LanKod":"13","Lan":"HALLANDS LÄN","KommunKod":"82","Kommun":"FALKENBERG","ArendeAr":1995,"Biotyp":"Äldre naturskogsartade skogar","Naturtyp":null,"AreaTot":3.3,"AreaProd":2.5,"Standort":"saknas","Datbeslut":811987200000,"Url":"http://www.skogsstyrelsen.se/skogens-parlor/Biotopskydd/?objektid=2975229"}},{"type":"Feature","id":46343,"geometry":{"type":"Polygon","coordinates":[[[13.32803763941329,56.91952142013483],[13.328382110320087,56.91952824677799],[13.32839317310462,56.91960931497786],[13.3284140857474,56.919789396461695],[13.32845854270331,56.91986215071876],[13.328570387257544,56.91990928193047],[13.328829880207927,56.919959348594396],[13.328689722498854,56.920091317369405],[13.328672127906959,56.92010893559782],[13.328271636475417,56.92045134107142],[13.326824952871378,56.921707264513124],[13.32643956680123,56.921573851240694],[13.3250677980587,56.92120525411522],[13.324880150035161,56.92081523680851],[13.324825259033846,56.920652444943116],[13.324738137888419,56.920480038253764],[13.32457886676351,56.920405006939795],[13.324666849855536,56.92031691871532],[13.324852655259996,56.92023975557628],[13.325133319601495,56.92021838518219],[13.325365954704173,56.92017808590217],[13.32550882837289,56.92025278872136],[13.32567525536803,56.92022015575743],[13.325858080148274,56.92018785002426],[13.326123526838883,56.92014820445029],[13.32637315713,56.920099262553485],[13.326638602664444,56.92005961587848],[13.326771616475137,56.920035303651474],[13.326898958441031,56.919849173658775],[13.32753420066284,56.91968211420584],[13.327920428216723,56.91955502009017],[13.32803763941329,56.91952142013483]]]},"properties":{"OBJECTID":46343,"Uuid":"6C85EA25-61F2-4038-AD18-2AFAB692F36B","Beteckn":"SK 813-2002","LanKod":"13","Lan":"HALLANDS LÄN","KommunKod":"15","Kommun":"HYLTE","ArendeAr":2002,"Biotyp":"Äldre naturskogsartade skogar","Naturtyp":null,"AreaTot":3.2,"AreaProd":3.2,"Standort":"saknas","Datbeslut":1035244800000,"Url":"http://www.skogsstyrelsen.se/skogens-parlor/Biotopskydd/?objektid=2982319"}},{"type":"Feature","id":38256,"geometry":{"type":"Polygon","coordinates":[[[12.542784441656968,57.35497620740832],[12.543685517902144,57.3550004881053],[12.543848029429215,57.355344515868644],[12.543976291650974,57.35546064404252],[12.544086090943567,57.355482836034334],[12.54415663101921,57.35553768215521],[12.544274191791335,57.3558139998284],[12.544511679529172,57.35614613611328],[12.544533266735176,57.356193340728936],[12.544383726434768,57.35621047096796],[12.54418077084847,57.35628671358445],[12.544007875817991,57.35628333881647],[12.54385044097534,57.35623348227821],[12.543794947805884,57.35613882332105],[12.543555081523415,57.35602721102374],[12.54316433917713,57.35595274068726],[12.54298043011159,57.35592910069691],[12.543022245274262,57.356043532678974],[12.543286355162834,57.35616231427264],[12.543546468651368,57.356341163420296],[12.543395434350408,57.35656545438769],[12.543449159090718,57.35668681361214],[12.543587102680474,57.35684322857591],[12.543721032887529,57.35705971116781],[12.54378011261215,57.3571009709177],[12.543866562029905,57.35710265850295],[12.544141833290489,57.35705456247289],[12.544419333912437,57.356973088848484],[12.544581231929214,57.35695619969584],[12.544744598644145,57.35673214803418],[12.544651723874672,57.35645631265036],[12.544571964967096,57.3563545036123],[12.544526577629586,57.35629346273253],[12.544715394513828,57.35624367827038],[12.544854810034176,57.35619292956381],[12.544967749601135,57.35616839871173],[12.545214307805244,57.35617989527537],[12.545475432980854,57.35615825502893],[12.545573788744031,57.356166859633845],[12.545756489703946,57.356023378725865],[12.545909914881191,57.356133309749914],[12.546216445828941,57.356172708685975],[12.546361958476341,57.35621564383725],[12.546764619672746,57.35629701343126],[12.54712710051669,57.3564243906756],[12.547359080004702,57.35646901028771],[12.54778988590372,57.35668459807801],[12.547982908075161,57.35694233388433],[12.548204649629099,57.35714048292929],[12.548546346864294,57.357394428915505],[12.548613764189305,57.35749599481831],[12.548799355019936,57.35768006662319],[12.548856215985356,57.35775469215664],[12.548982278439889,57.35784332756166],[12.54892189814745,57.35787780942597],[12.548809168951156,57.35794551866544],[12.548687568166615,57.358027316404474],[12.548623928510535,57.358071017594284],[12.54856177628849,57.358112608967446],[12.548469361105596,57.3581721496436],[12.548351064380173,57.358244027544984],[12.548162313268504,57.358363032135955],[12.54848598588083,57.35847704996502],[12.548481993905673,57.358503491083844],[12.548317613153902,57.3586038835963],[12.548226566763292,57.35871740518972],[12.54810634725707,57.35875850290308],[12.547817599583901,57.358823050788644],[12.547685452359747,57.35885723874749],[12.547663537381382,57.359000504356025],[12.547562219439914,57.359128859572884],[12.54744593143202,57.359203453771784],[12.547299661695403,57.359264100650265],[12.547125399212458,57.35928075236613],[12.54697630974929,57.35929120870847],[12.546838590193667,57.35940883385904],[12.546748064191508,57.35956079049712],[12.54672069641197,57.359600354282904],[12.546831563277696,57.35969942531409],[12.546845640428058,57.359766540708705],[12.546602055294972,57.35989545541407],[12.54654335160689,57.359941103049096],[12.546806103785746,57.360173465484586],[12.547155153841079,57.360317277043784],[12.547431886296701,57.36043295247108],[12.547481233742815,57.36052748980257],[12.547506332521342,57.360614859614685],[12.547602398294421,57.360750404814],[12.547676294420542,57.36075518796109],[12.547905357259138,57.36056582415451],[12.548031777484868,57.360524847402985],[12.548294547248977,57.36038627492052],[12.548552664731172,57.36032239615859],[12.548385718319716,57.36041526215048],[12.54816070058675,57.360543553105906],[12.547935855114037,57.36066898935338],[12.547880844916435,57.36070215556512],[12.547817929488337,57.36073516769583],[12.547754824091458,57.36077102478582],[12.547691891824833,57.360804036527696],[12.547658638102797,57.360827642757656],[12.547534422926567,57.36086944394416],[12.5474724574924,57.3608882129908],[12.54735641559664,57.36092589577824],[12.5471456463785,57.36099881885628],[12.547059378028418,57.36102566901861],[12.547041345382603,57.36100808155045],[12.547013368033316,57.36096409583743],[12.54702266552657,57.36091748484217],[12.546927192851722,57.36086549741737],[12.546886697068777,57.36073104404544],[12.54676614515853,57.36059167792984],[12.546629733978824,57.360411905091986],[12.546539995246656,57.360366715038644],[12.546323451791073,57.360275602957124],[12.546236165392715,57.36019369707705],[12.546234667244242,57.36012349295006],[12.546084076269752,57.36006374407929],[12.545982875198382,57.360004958281706],[12.545793052008552,57.35988429781633],[12.545621477147272,57.359860902518264],[12.545427961531688,57.35998077178827],[12.545210466706825,57.35999657754054],[12.545114775961181,57.359947927369795],[12.544931737821676,57.35991093569064],[12.54486477257968,57.35980269070547],[12.54474570943845,57.35973353549705],[12.544600449593062,57.359316319174766],[12.544394434279758,57.359114345904395],[12.544320832169966,57.35901264796965],[12.54411861382694,57.358985309554356],[12.543667863283513,57.35888294429975],[12.5433846841402,57.358864053016404],[12.543142124994159,57.358792476027716],[12.542897351812378,57.35875427584128],[12.54269400321042,57.35874362778713],[12.542463578152132,57.35867562938771],[12.542213799982271,57.35852705764333],[12.542041787855371,57.35851032573347],[12.541796850753325,57.358381896418194],[12.541788530796966,57.35832157871523],[12.541847443792228,57.35827260337559],[12.542081696906731,57.35817789756252],[12.54221563233344,57.3581170157625],[12.542449026415303,57.358048056594065],[12.542637057418604,57.358013437853565],[12.54264819190955,57.35775391161506],[12.542497910822526,57.357597254664654],[12.542415924201364,57.35752881226479],[12.542153575878169,57.35738333771505],[12.541938863238187,57.357265518855456],[12.541717751332644,57.357150917536394],[12.54164877453627,57.357072708916576],[12.541491876495241,57.35692260728908],[12.541389649130805,57.356786936579354],[12.541151589592161,57.35664861135201],[12.540768884339277,57.35645399825419],[12.540575300333543,57.356390059197395],[12.540217756363731,57.3561892502714],[12.540113748701016,57.35608027827787],[12.540215676730668,57.356035487634806],[12.540344976952484,57.35595112555208],[12.540544811930799,57.355921611435924],[12.540653286646714,57.35596383826288],[12.540798361630102,57.35601345728962],[12.540915602363285,57.35610931551711],[12.54116617786383,57.3560607433655],[12.541759430600795,57.35606565871326],[12.541943339512898,57.356089300486886],[12.542121143446483,57.35601925600897],[12.542434347886163,57.35595853298622],[12.542676152432051,57.35585632627104],[12.542544911301194,57.3555997795083],[12.542490297532261,57.355491783258195],[12.542303410435093,57.355327725007214],[12.54229909019098,57.355207339258975],[12.542496830389787,57.35502405929375],[12.542784441656968,57.35497620740832]]]},"properties":{"OBJECTID":38256,"Uuid":"0665DBE1-D7F2-466B-95F3-4563B70EED03","Beteckn":"SK 488-2018","LanKod":"14","Lan":"VÄSTRA GÖTALANDS LÄN","KommunKod":"63","Kommun":"MARK","ArendeAr":2018,"Biotyp":"Äldre betespräglad skog","Naturtyp":"Ädellövskog ek","AreaTot":14.5,"AreaProd":14.5,"Standort":"saknas","Datbeslut":1573776000000,"Url":"http://www.skogsstyrelsen.se/skogens-parlor/Biotopskydd/?objektid=3486585"}},{"type":"Feature","id":44107,"geometry":{"type":"Polygon","coordinates":[[[12.806276396551327,56.402868985451356],[12.807357179091039,56.403137749521655],[12.8077755321951,56.4033814933403],[12.807689021635097,56.40345128385464],[12.807779655579862,56.40374101537857],[12.8079427639223,56.40393365745328],[12.80767621146118,56.40402604836555],[12.80734994348122,56.40384742518359],[12.807085505215701,56.40391290948405],[12.806111571694037,56.40372759900844],[12.805698798595714,56.40361876984921],[12.80518474927645,56.40356139407515],[12.805199595707368,56.40337305760765],[12.80582275270179,56.403073651741224],[12.806276396551327,56.402868985451356]]]},"properties":{"OBJECTID":44107,"Uuid":"1C39402C-3C8A-4357-AEFC-E0BB3401D1D4","Beteckn":"SK 95-2005","LanKod":"12","Lan":"SKÅNE LÄN","KommunKod":"78","Kommun":"BÅSTAD","ArendeAr":2005,"Biotyp":"Alkärr","Naturtyp":null,"AreaTot":1.2,"AreaProd":1.2,"Standort":"saknas","Datbeslut":1107388800000,"Url":"http://www.skogsstyrelsen.se/skogens-parlor/Biotopskydd/?objektid=2987847"}},{"type":"Feature","id":39158,"geometry":{"type":"Polygon","coordinates":[[[12.612466539574635,57.46634090938004],[12.612594939667364,57.46639807572912],[12.612616480443199,57.466533401080824],[12.61248670834983,57.46668285322927],[12.612253965057556,57.466865643170834],[12.61206626175313,57.46691479092326],[12.611922191448883,57.46703693246364],[12.612009493441999,57.46718290324453],[12.612046880362621,57.46732761384745],[12.611810026901457,57.467366538490815],[12.61149077701415,57.467394385135464],[12.611021763667065,57.467418431182345],[12.6106723558788,57.46740956207052],[12.61050833266342,57.467378452166976],[12.609789557903094,57.467207468912115],[12.60952726105348,57.4671558929363],[12.60921897934935,57.46705821712444],[12.608973317630586,57.46700705433471],[12.608535248603497,57.46705883409957],[12.608145328507199,57.46694112229005],[12.607616830948674,57.46688277440242],[12.607329274852516,57.46692939094006],[12.606963239734851,57.46692009701351],[12.606856180822907,57.466809557088354],[12.606700781461395,57.46667981248297],[12.606598425854688,57.46651548084022],[12.606403321491712,57.46626792870331],[12.606537986018415,57.46625338524002],[12.60677970775868,57.46634937273012],[12.607317000319748,57.466497788315095],[12.607681458845308,57.46652501458785],[12.608278070575013,57.46656711380989],[12.608936548520242,57.46666469583038],[12.609732822158982,57.466711851403694],[12.610453739203976,57.46666724502795],[12.610868116824458,57.466695722861566],[12.611303053616423,57.46667980217016],[12.611807677806814,57.46662970520298],[12.612046096837442,57.46657284704763],[12.612415055573322,57.466357573923986],[12.612466539574635,57.46634090938004]]]},"properties":{"OBJECTID":39158,"Uuid":"93185D6D-79C7-4123-9C30-160C6E420BDF","Beteckn":"SK 536-2007","LanKod":"14","Lan":"VÄSTRA GÖTALANDS LÄN","KommunKod":"63","Kommun":"MARK","ArendeAr":2007,"Biotyp":"Äldre naturskogsartade skogar","Naturtyp":null,"AreaTot":2.1,"AreaProd":2.1,"Standort":"saknas","Datbeslut":1196035200000,"Url":"http://www.skogsstyrelsen.se/skogens-parlor/Biotopskydd/?objektid=2992603"}},{"type":"Feature","id":46437,"geometry":{"type":"Polygon","coordinates":[[[12.514114639702154,57.27193796439641],[12.515648643922647,57.2727786267576],[12.516256902199492,57.272819184297084],[12.517587969134983,57.274015319059814],[12.517830207098019,57.27464211174608],[12.517797977542914,57.27512082004415],[12.516328732741801,57.2756624366103],[12.515942369399802,57.27545507207108],[12.515680037428039,57.27497054050635],[12.515438672753065,57.2748002799444],[12.514729948874756,57.27339814838124],[12.514593471334921,57.273391162273725],[12.513883745755715,57.27204312253704],[12.514114639702154,57.27193796439641]]]},"properties":{"OBJECTID":46437,"Uuid":"92BAB6DA-F930-44D0-9E13-CFD8763BED3A","Beteckn":"SK 159-2016","LanKod":"13","Lan":"HALLANDS LÄN","KommunKod":"83","Kommun":"VARBERG","ArendeAr":2016,"Biotyp":"Äldre naturskogsartade skogar","Naturtyp":"Ädellövskog ek","AreaTot":4.5,"AreaProd":4.5,"Standort":"saknas","Datbeslut":1473120000000,"Url":"http://www.skogsstyrelsen.se/skogens-parlor/Biotopskydd/?objektid=3270557"}},{"type":"Feature","id":46314,"geometry":{"type":"Polygon","coordinates":[[[13.343791206044656,57.56479847676741],[13.34426138140292,57.56501424481649],[13.344601644697484,57.5651735851204],[13.345018712742107,57.56543322508092],[13.345315311913255,57.565744418232555],[13.345716919227396,57.565985785856114],[13.346300340291391,57.5662576536905],[13.346640016917542,57.566425955907306],[13.347098383388996,57.56656962148405],[13.347472049325194,57.566729606583564],[13.34744326898288,57.56690869057256],[13.347407809260767,57.56718646009128],[13.346940965572207,57.56716838353942],[13.346303816206104,57.56694937951861],[13.34601360969475,57.56679101404023],[13.345860330622676,57.56683293962366],[13.3457492667167,57.56699246493942],[13.345607239660252,57.567115449868226],[13.34524601207036,57.56701858391093],[13.344921217834134,57.56687751561664],[13.34465834866393,57.5668095095782],[13.344483533439304,57.56692288159747],[13.344344183967321,57.566758475638565],[13.344355700592509,57.566588033389436],[13.343917680879512,57.566390853746235],[13.34382356798348,57.566299192982335],[13.343656304408254,57.56605340002799],[13.34346809882679,57.565870078267636],[13.342810639715164,57.56570455171093],[13.342796977023877,57.56565937022668],[13.343136589621048,57.56533364525485],[13.343492883550674,57.56500823703021],[13.343538993572457,57.5648205045946],[13.343791206044656,57.56479847676741]]]},"properties":{"OBJECTID":46314,"Uuid":"EB08F94E-B2A4-4BE6-AD18-7E522066CA7C","Beteckn":"SK 347-2000","LanKod":"14","Lan":"VÄSTRA GÖTALANDS LÄN","KommunKod":"52","Kommun":"TRANEMO","ArendeAr":2000,"Biotyp":"Äldre naturskogsartade skogar","Naturtyp":null,"AreaTot":3.1,"AreaProd":3.1,"Standort":"saknas","Datbeslut":973728000000,"Url":"http://www.skogsstyrelsen.se/skogens-parlor/Biotopskydd/?objektid=2978715"}},{"type":"Feature","id":46955,"geometry":{"type":"Polygon","coordinates":[[[12.328752348029225,57.52571209237642],[12.328941178407383,57.525834115144065],[12.329228245190071,57.525976820189875],[12.329481147473052,57.52612757252114],[12.329794714290838,57.52634290283637],[12.330111692233048,57.52652237503659],[12.330447912901631,57.52667541882193],[12.330832407758985,57.526847771307295],[12.331198523114857,57.52703758166022],[12.331599681001759,57.527210392045994],[12.331835945882428,57.52736067965323],[12.332074762428087,57.52748407816129],[12.332247795729677,57.527596675915724],[12.332453286725913,57.52771915327285],[12.33259470397641,57.52781291059634],[12.332736121950788,57.52790666776626],[12.332542624340686,57.528009169726204],[12.332208127241744,57.52818866387973],[12.331970160992187,57.528056305813415],[12.331667250558741,57.527904177588205],[12.331503612966415,57.52769298526442],[12.331119960925617,57.52751168394189],[12.330767074736448,57.52735817266063],[12.330597470242004,57.527209724872485],[12.330244588517642,57.527056221140086],[12.330131389734502,57.52701715017206],[12.329949379972996,57.526823432712625],[12.329679815615334,57.52667222089425],[12.32947091575203,57.52658558714405],[12.329455116280535,57.52657616697232],[12.329331223726266,57.52647389792228],[12.3290766071608,57.52634107376881],[12.32878782612791,57.5262162878743],[12.328757923887187,57.52617951852858],[12.328639154885035,57.526023480971766],[12.328516122543165,57.5259122513959],[12.328490501866828,57.52583067425541],[12.328752348029225,57.52571209237642]]]},"properties":{"OBJECTID":46955,"Uuid":"F1375EA0-B3CC-4538-8EF1-A04B242C5BF4","Beteckn":"SK 178-2001","LanKod":"14","Lan":"VÄSTRA GÖTALANDS LÄN","KommunKod":"63","Kommun":"MARK","ArendeAr":2001,"Biotyp":"Ras- eller bergbranter","Naturtyp":null,"AreaTot":1.3,"AreaProd":1.3,"Standort":"saknas","Datbeslut":986342400000,"Url":"http://www.skogsstyrelsen.se/skogens-parlor/Biotopskydd/?objektid=2979319"}},{"type":"Feature","id":44625,"geometry":{"type":"Polygon","coordinates":[[[13.363514796628658,57.239388483488376],[13.362395347712985,57.24003143840051],[13.360954025818693,57.24003033278641],[13.360994423426225,57.23942028000667],[13.362169208878827,57.23944314862847],[13.363130682513505,57.23943490740958],[13.363514796628658,57.239388483488376]]]},"properties":{"OBJECTID":44625,"Uuid":"67952B66-3E83-4108-965E-81C690A9B197","Beteckn":"SK 281-1995","LanKod":"06","Lan":"JÖNKÖPINGS LÄN","KommunKod":"62","Kommun":"GISLAVED","ArendeAr":1995,"Biotyp":"Äldre naturskogsartade skogar","Naturtyp":null,"AreaTot":0.8,"AreaProd":0.8,"Standort":"saknas","Datbeslut":813542400000,"Url":"http://www.skogsstyrelsen.se/skogens-parlor/Biotopskydd/?objektid=2975257"}},{"type":"Feature","id":46692,"geometry":{"type":"MultiPolygon","coordinates":[[[[12.539362819365644,57.3758636462575],[12.539354226644416,57.37586576081365],[12.53936205570075,57.37587504407507],[12.53936673389419,57.37586828788798],[12.539370796195053,57.37587693136229],[12.539667259419064,57.376049101513594],[12.539904880881588,57.37648629837677],[12.539604441728319,57.37668007675816],[12.539673110155015,57.376881061264555],[12.540138109149833,57.37742728593602],[12.539980708616296,57.37743128191304],[12.53974532584916,57.377426681085446],[12.539483774755805,57.37742156825038],[12.539258628346461,57.37745960046942],[12.53903016760234,57.37754708263044],[12.538810030817748,57.37770545923126],[12.538615768080222,57.37767337114562],[12.538593957487922,57.37754653270685],[12.538601197565766,57.37743851379491],[12.538611552303792,57.37728402413047],[12.538657822709274,57.37714520819817],[12.538714752907351,57.37703871815834],[12.538715707174834,57.3770366429845],[12.538762213987402,57.37690794135852],[12.538762440054821,57.37690729875734],[12.538793750696046,57.37680799107614],[12.53884658083181,57.376725926762624],[12.538949703861169,57.37664234762574],[12.538950461587428,57.37664171542012],[12.538951098200739,57.37664115273765],[12.539031640448288,57.376567825833305],[12.539033243401933,57.376566248607496],[12.53911471363384,57.37647931639208],[12.539116430924118,57.37647727410723],[12.539118977570448,57.37647278576042],[12.539120055154935,57.37646812490728],[12.539120083114524,57.37646671458672],[12.539116253684536,57.376340641179176],[12.539158460730375,57.376244790563696],[12.539198449519935,57.37619296594666],[12.539253891530269,57.37611906727637],[12.539256438133824,57.376114578926185],[12.539257499074875,57.376109917746575],[12.539263686866573,57.376017568510036],[12.5393056349631,57.375927805576815],[12.539345731292224,57.37587585720991],[12.539348369356091,57.37587124483634],[12.539349446891773,57.375866583980454],[12.539362819365644,57.3758636462575]]],[[[12.53550314035245,57.37312815408144],[12.53576946453244,57.37324439634053],[12.53676346511388,57.3737296843293],[12.53745586944382,57.37412034040893],[12.53811617975942,57.37437726682415],[12.538238931648515,57.37469022062737],[12.538467920917126,57.37494979691922],[12.539045488546149,57.37521618910903],[12.539367499146826,57.37547325102659],[12.539350783928592,57.37550621890231],[12.539293268465167,57.37561381207551],[12.539292472437182,57.37561551291761],[12.539262252050277,57.375689895736365],[12.53926115308462,57.37569462806402],[12.539255685161343,57.37577623463841],[12.539250089123783,57.375859752813696],[12.539212068300998,57.37590902783392],[12.539209827446356,57.37591267743808],[12.539165683608633,57.37600715122462],[12.539165270364414,57.3760081046913],[12.539164192800758,57.3760127655453],[12.539158131047083,57.37610323009685],[12.539106175518288,57.37617251497409],[12.539064748401099,57.37622618960068],[12.539062367155807,57.37623019591403],[12.539017750657695,57.37633146312852],[12.539017510991227,57.37633206053216],[12.539016433398219,57.37633672138444],[12.539016404833461,57.37633814067963],[12.539020137760707,57.37646093216551],[12.538945009559349,57.37654110473796],[12.538865973858993,57.37661305018064],[12.538760053234068,57.37669890202486],[12.538759295503354,57.3766995342293],[12.53875533859377,57.37670371641251],[12.538754454483817,57.37670499316752],[12.53869817116567,57.37679240872454],[12.538696507957715,57.376795629282185],[12.538696117695656,57.376796735965996],[12.53866419745882,57.37689793682507],[12.538618304850617,57.37702491605194],[12.538561262076053,57.377131592564446],[12.538560407112296,57.37713342704602],[12.538560099542586,57.37713429271335],[12.53851276246552,57.377276358808714],[12.538511991748196,57.37728016296274],[12.538501508461408,57.3774365642165],[12.538494215153628,57.3775453728897],[12.538494208968165,57.37754695437795],[12.538499053754187,57.37766281213733],[12.53849939316127,57.377665442808514],[12.538501595831452,57.3776752720928],[12.538489594749763,57.377689757137404],[12.538104429232298,57.37761567944859],[12.537838231031111,57.37755206957809],[12.537946828120022,57.37729956378599],[12.53769559563282,57.37675002714995],[12.537601579983171,57.376394536269366],[12.537066286384087,57.375980895572226],[12.536616371187575,57.375660881612056],[12.536343091401134,57.37524529326802],[12.536114077600999,57.37495081819481],[12.535795422891844,57.37462628930981],[12.535184554237588,57.374168726311225],[12.535020180570303,57.37369161663984],[12.534953294735137,57.37332250996716],[12.53550314035245,57.37312815408144]]]]},"properties":{"OBJECTID":46692,"Uuid":"3AC2ECD6-40A6-4784-AD2C-884DADB193B6","Beteckn":"SK 338-2013","LanKod":"14","Lan":"VÄSTRA GÖTALANDS LÄN","KommunKod":"63","Kommun":"MARK","ArendeAr":2013,"Biotyp":"Äldre naturskogsartade skogar","Naturtyp":"Ädellövskog övrigt","AreaTot":6.3,"AreaProd":6.3,"Standort":"saknas","Datbeslut":1408320000000,"Url":"http://www.skogsstyrelsen.se/skogens-parlor/Biotopskydd/?objektid=3037670"}},{"type":"Feature","id":40455,"geometry":{"type":"Polygon","coordinates":[[[12.751540497709396,56.441814593056364],[12.753820038246166,56.4425176963012],[12.753033534594174,56.44382819813098],[12.750698161547064,56.44321357037503],[12.751540497709396,56.441814593056364]]]},"properties":{"OBJECTID":40455,"Uuid":"B23B6EDA-0741-4B0F-BCD4-B4E49C71814C","Beteckn":"SK 639-2001","LanKod":"12","Lan":"SKÅNE LÄN","KommunKod":"78","Kommun":"BÅSTAD","ArendeAr":2001,"Biotyp":"Äldre naturskogsartade skogar","Naturtyp":null,"AreaTot":2.5,"AreaProd":2.5,"Standort":"saknas","Datbeslut":1005868800000,"Url":"http://www.skogsstyrelsen.se/skogens-parlor/Biotopskydd/?objektid=2980241"}},{"type":"Feature","id":47634,"geometry":{"type":"Polygon","coordinates":[[[12.773718571338764,57.03890670938542],[12.773829697071319,57.03956530682456],[12.774092517210818,57.03977832468116],[12.774349859748312,57.039856442657786],[12.774694562111938,57.039873775611944],[12.774795086150766,57.040055906205374],[12.774497542365019,57.040470991789206],[12.774135650302382,57.04086654698549],[12.773988328881913,57.0412583139343],[12.774043529866411,57.04159209006945],[12.774209488590115,57.041982462232035],[12.774751254984217,57.04221122939515],[12.776068041393009,57.04263845569296],[12.775938645946264,57.04301268755032],[12.775628635957995,57.043175896132354],[12.775662641024885,57.043365398903354],[12.775804860585193,57.04344072247965],[12.776696516761438,57.04362403420568],[12.77672065226222,57.04373244077119],[12.776244666110829,57.04390959764546],[12.775378984045057,57.04401442807198],[12.774934427275895,57.04421031752712],[12.774778339037859,57.04430536728095],[12.774977208681985,57.04469653862876],[12.775816627187341,57.04531885573364],[12.776492991803174,57.04551492342891],[12.776448406719217,57.04565760508516],[12.776646583696941,57.04605773834857],[12.776127430986122,57.04635964754361],[12.775755967541173,57.046063137302944],[12.775075940235716,57.045507571129214],[12.774518772471987,57.0450628008209],[12.774135262114566,57.04471208230111],[12.773655254534448,57.04433206812017],[12.773330629578991,57.04386596885004],[12.773068888516525,57.043437336241524],[12.77291645894224,57.04308322889039],[12.772810096516903,57.04256851273988],[12.772585310611051,57.041484876322386],[12.772892400554435,57.040953225150965],[12.773165858835249,57.04002542064709],[12.772789376270865,57.03938734457423],[12.773338788544264,57.0389154747005],[12.773718571338764,57.03890670938542]]]},"properties":{"OBJECTID":47634,"Uuid":"6C005EDC-25D9-4DD0-A13D-469D2E2F3F5A","Beteckn":"SK 207-2008","LanKod":"13","Lan":"HALLANDS LÄN","KommunKod":"82","Kommun":"FALKENBERG","ArendeAr":2008,"Biotyp":"Äldre naturskogsartade skogar","Naturtyp":null,"AreaTot":8,"AreaProd":8,"Standort":"saknas","Datbeslut":1212969600000,"Url":"http://www.skogsstyrelsen.se/skogens-parlor/Biotopskydd/?objektid=2993309"}},{"type":"Feature","id":42075,"geometry":{"type":"Polygon","coordinates":[[[13.258703149840894,56.815138865314694],[13.259656080074254,56.81533799518449],[13.260060150719372,56.81541810991074],[13.260022564238092,56.81548920857782],[13.260026731666581,56.81566897497816],[13.259989161234625,56.81574007385883],[13.259966104947203,56.81583842120745],[13.259845500758,56.81592579392745],[13.259678273871302,56.81597628715307],[13.259416545895975,56.81597093858873],[13.259305080453734,56.81592374688752],[13.259241478221119,56.81589549909569],[13.259038576801824,56.81574761698893],[13.258870218392712,56.81557349387312],[13.258703149840894,56.815138865314694]]]},"properties":{"OBJECTID":42075,"Uuid":"2DB249D0-2A58-4809-AC23-0A1F17808D35","Beteckn":"SK 111-1997","LanKod":"13","Lan":"HALLANDS LÄN","KommunKod":"80","Kommun":"HALMSTAD","ArendeAr":1997,"Biotyp":"Äldre naturskogsartade skogar","Naturtyp":null,"AreaTot":0.5,"AreaProd":0.5,"Standort":"saknas","Datbeslut":864777600000,"Url":"http://www.skogsstyrelsen.se/skogens-parlor/Biotopskydd/?objektid=2976193"}},{"type":"Feature","id":45166,"geometry":{"type":"Polygon","coordinates":[[[12.715076593480651,56.45136139422445],[12.715509434335873,56.45142609973343],[12.715385325198083,56.451755473162436],[12.714936276033932,56.45169036990368],[12.715076593480651,56.45136139422445]]]},"properties":{"OBJECTID":45166,"Uuid":"5666514E-913B-42A1-92D5-DF1487CE6F89","Beteckn":"SK 136-1996","LanKod":"12","Lan":"SKÅNE LÄN","KommunKod":"78","Kommun":"BÅSTAD","ArendeAr":1996,"Biotyp":"Ravinskogar","Naturtyp":null,"AreaTot":0.1,"AreaProd":0.1,"Standort":"saknas","Datbeslut":840153600000,"Url":"http://www.skogsstyrelsen.se/skogens-parlor/Biotopskydd/?objektid=2975647"}},{"type":"Feature","id":52732,"geometry":{"type":"Polygon","coordinates":[[[12.549800474696832,57.15343312934382],[12.548869211340481,57.15440369681358],[12.548117693547079,57.154864777973344],[12.548015546876291,57.15528669925892],[12.546949996734211,57.155530582188305],[12.54606486152702,57.15544131929515],[12.546063650234416,57.15577658772855],[12.544974785595446,57.155649280336824],[12.54528791964803,57.15335430350727],[12.549800474696832,57.15343312934382]]]},"properties":{"OBJECTID":52732,"Uuid":"6410AB48-820D-4FCA-AA28-104CB6F9BA2C","Beteckn":"SK 5-2025","LanKod":"13","Lan":"HALLANDS LÄN","KommunKod":"83","Kommun":"VARBERG","ArendeAr":2025,"Biotyp":"Äldre naturskogsartade skogar","Naturtyp":"Ädellövskog bok","AreaTot":5.2,"AreaProd":5.2,"Standort":"saknas","Datbeslut":1765929600000,"Url":"http://www.skogsstyrelsen.se/skogens-parlor/Biotopskydd/?objektid=4096258"}},{"type":"Feature","id":40732,"geometry":{"type":"Polygon","coordinates":[[[12.789902246368186,57.058410617504194],[12.790344565575776,57.0586923736348],[12.791479170256409,57.0588513574048],[12.79191049194665,57.05907336280314],[12.792637733593327,57.059098089229636],[12.794673110126379,57.059427756557874],[12.795209650828003,57.05984218065003],[12.795731175727191,57.06014119889525],[12.7958699371504,57.0602587891342],[12.796011296684714,57.06045581726949],[12.796373841796443,57.06085526737788],[12.79656168389467,57.061128560078686],[12.796788519460222,57.061605022501375],[12.796270922654898,57.06173091467298],[12.79529077660929,57.06105457809274],[12.794754410014473,57.061128517299764],[12.793738618357217,57.06043962482455],[12.792168553078238,57.06049533910482],[12.791134642892949,57.06023491446434],[12.790775907135407,57.059895075780084],[12.790562260345439,57.05968881345221],[12.790183102960716,57.05932479042785],[12.789885646554014,57.05905749693321],[12.789199415426967,57.058465707443716],[12.789522300938604,57.05842773422322],[12.789902246368186,57.058410617504194]]]},"properties":{"OBJECTID":40732,"Uuid":"BD249670-A62F-4269-A592-B3E0AF4A4C46","Beteckn":"SK 299-2014","LanKod":"13","Lan":"HALLANDS LÄN","KommunKod":"82","Kommun":"FALKENBERG","ArendeAr":2014,"Biotyp":"Äldre naturskogsartade skogar","Naturtyp":"Ädellövskog bok","AreaTot":5.8,"AreaProd":5.8,"Standort":"saknas","Datbeslut":1407801600000,"Url":"http://www.skogsstyrelsen.se/skogens-parlor/Biotopskydd/?objektid=3111533"}},{"type":"Feature","id":38574,"geometry":{"type":"Polygon","coordinates":[[[13.361017009377154,57.23907937303179],[13.363511235013824,57.23944230911584],[13.362485374387699,57.23942235569995],[13.360996214347725,57.23939336734656],[13.361017009377154,57.23907937303179]]]},"properties":{"OBJECTID":38574,"Uuid":"60884979-1A91-42C0-8005-DFDC2EDFF57F","Beteckn":"SK 293-1995","LanKod":"06","Lan":"JÖNKÖPINGS LÄN","KommunKod":"62","Kommun":"GISLAVED","ArendeAr":1995,"Biotyp":"Äldre naturskogsartade skogar","Naturtyp":null,"AreaTot":0.3,"AreaProd":0.3,"Standort":"saknas","Datbeslut":814752000000,"Url":"http://www.skogsstyrelsen.se/skogens-parlor/Biotopskydd/?objektid=2975281"}},{"type":"Feature","id":49102,"geometry":{"type":"Polygon","coordinates":[[[12.830930187554548,56.812540957465245],[12.831117863815424,56.81265326041287],[12.831863589067474,56.81295856539169],[12.832098178658132,56.813098937612764],[12.832406711862918,56.81354655177688],[12.832374727889812,56.813743461802176],[12.832605772377985,56.814341975517436],[12.832748668560678,56.81481260073857],[12.832344142961734,56.815162357669216],[12.831583446638694,56.81525203288374],[12.83138439382309,56.814869916084945],[12.831650993838402,56.81460672993755],[12.831681569171026,56.814427759278416],[12.83166593333696,56.814211743616035],[12.831341058323783,56.81376373573948],[12.83112706922556,56.81356994599471],[12.830594624735108,56.81305408414897],[12.830224975692131,56.81275774777849],[12.830217877568579,56.812640765964986],[12.830930187554548,56.812540957465245]]]},"properties":{"OBJECTID":49102,"Uuid":"40602B08-C3E2-4609-8C5C-9B28BA6AF771","Beteckn":"SK 603-2005","LanKod":"13","Lan":"HALLANDS LÄN","KommunKod":"80","Kommun":"HALMSTAD","ArendeAr":2005,"Biotyp":"Äldre naturskogsartade skogar","Naturtyp":null,"AreaTot":2,"AreaProd":2,"Standort":"saknas","Datbeslut":1127088000000,"Url":"http://www.skogsstyrelsen.se/skogens-parlor/Biotopskydd/?objektid=2988863"}},{"type":"Feature","id":40446,"geometry":{"type":"Polygon","coordinates":[[[12.482938784150356,57.25423469565662],[12.483427574665955,57.25429537223754],[12.483650851406464,57.25440586163587],[12.48393617783678,57.25435221101714],[12.484198650528807,57.25428961857297],[12.484519300749541,57.25429179863331],[12.48492851033725,57.254372084251244],[12.485295179754297,57.25450239962976],[12.48559704980065,57.254665341635736],[12.485882424920925,57.254840677914906],[12.486094277824025,57.254946683472866],[12.486384562217756,57.25505002543605],[12.486562023524591,57.255316491579165],[12.487065901005122,57.25550043868666],[12.487893072632653,57.2557629319514],[12.488378176507384,57.25599313915914],[12.488836633092578,57.25615497111878],[12.489670227299804,57.256553279840155],[12.489894275657404,57.256710414092545],[12.490197624344718,57.256852174475455],[12.490425133253426,57.25695849420994],[12.49089866803371,57.25712909405793],[12.490934029785574,57.25729941520198],[12.491268653000118,57.25744179755557],[12.491511868775074,57.25777741875716],[12.491836117330912,57.25807224921261],[12.492364129417217,57.25836266307702],[12.492897422015284,57.25880584579587],[12.49361498083866,57.25956202427446],[12.493096822856884,57.25976606226977],[12.492348163564493,57.259267699043896],[12.491481976939067,57.25865673552087],[12.490685546105547,57.258861335318095],[12.490158709730155,57.25855397095744],[12.48936122949837,57.25777851539562],[12.488924909829478,57.2575963958564],[12.48765306410569,57.25696881137624],[12.486527742995621,57.256488319129716],[12.485127489082503,57.25590902133666],[12.484284742295133,57.25587517916639],[12.484327516446438,57.255477430186865],[12.484142870887032,57.25543132380515],[12.48422212962092,57.255186962867484],[12.483851125427666,57.25512016553657],[12.483557093148544,57.25507186706875],[12.483263638931007,57.255015105011495],[12.483040768543857,57.254841015121954],[12.482874001516766,57.25476770279517],[12.482742610359717,57.254743870100306],[12.482938784150356,57.25423469565662]]]},"properties":{"OBJECTID":40446,"Uuid":"E9D150E9-E5D6-4FB3-B2FE-BC799C06834E","Beteckn":"SK 258-2016","LanKod":"13","Lan":"HALLANDS LÄN","KommunKod":"83","Kommun":"VARBERG","ArendeAr":2016,"Biotyp":"Ras- eller bergbranter","Naturtyp":"Ädellövskog ek","AreaTot":8.8,"AreaProd":6.7,"Standort":"saknas","Datbeslut":1497571200000,"Url":"http://www.skogsstyrelsen.se/skogens-parlor/Biotopskydd/?objektid=3282165"}},{"type":"Feature","id":42584,"geometry":{"type":"Polygon","coordinates":[[[12.875024979453505,56.814474663197494],[12.875185232010002,56.81473000437119],[12.875545674826324,56.814729492367434],[12.876076890421896,56.81484979479021],[12.876572600401097,56.81500519294287],[12.876970200903525,56.81515829069972],[12.876649707213092,56.81527655031323],[12.876448115252131,56.815550344575044],[12.87637920740237,56.81559364461245],[12.876133217229405,56.8155968532434],[12.875698238977684,56.815712424775484],[12.875256495178323,56.81549538907902],[12.875022172039975,56.815139470745315],[12.874873140598826,56.81474063963712],[12.874624112843144,56.81457306405809],[12.874627619074587,56.8145282195774],[12.875024979453505,56.814474663197494]]]},"properties":{"OBJECTID":42584,"Uuid":"69342B02-0E37-4B35-A081-0F0FAB411605","Beteckn":"SK 42-2004","LanKod":"13","Lan":"HALLANDS LÄN","KommunKod":"80","Kommun":"HALMSTAD","ArendeAr":2004,"Biotyp":"Äldre naturskogsartade skogar","Naturtyp":null,"AreaTot":0.9,"AreaProd":0.9,"Standort":"saknas","Datbeslut":1074124800000,"Url":"http://www.skogsstyrelsen.se/skogens-parlor/Biotopskydd/?objektid=2985619"}},{"type":"Feature","id":52491,"geometry":{"type":"Polygon","coordinates":[[[13.032622618783058,56.76014232573388],[13.032956731595869,56.76035872251976],[13.033905637115613,56.76063902731308],[13.033892019491052,56.760800002438685],[13.033422797050113,56.76093240527413],[13.032745433819468,56.76082328684767],[13.0319803554906,56.760702796733014],[13.031747575441912,56.760833219325086],[13.031661996476887,56.76088036541432],[13.031602956425546,56.76091652728406],[13.031557418399068,56.76094290993068],[13.031519976277862,56.76096371430943],[13.03138464595911,56.76101863829092],[13.031324722575809,56.76102196939623],[13.03125985720742,56.76102094512168],[13.03118184642254,56.761022570758165],[13.030932343135477,56.761025765281154],[13.030740774340599,56.76096425000504],[13.030505458774966,56.76089490851726],[13.030028138320231,56.760784657871945],[13.030106874142453,56.76042214159028],[13.030553046059087,56.76048197398512],[13.030957328952574,56.76059820398846],[13.031423376036772,56.76047717240653],[13.0316541640939,56.760285380879075],[13.031969001265978,56.76022473574372],[13.032622618783058,56.76014232573388]]]},"properties":{"OBJECTID":52491,"Uuid":"7653F153-7899-4F17-A532-1807FF95D3AE","Beteckn":"SK 66-1996","LanKod":"13","Lan":"HALLANDS LÄN","KommunKod":"80","Kommun":"HALMSTAD","ArendeAr":1996,"Biotyp":"Alkärr","Naturtyp":null,"AreaTot":1.2,"AreaProd":1.2,"Standort":"saknas","Datbeslut":827798400000,"Url":"http://www.skogsstyrelsen.se/skogens-parlor/Biotopskydd/?objektid=2975507"}},{"type":"Feature","id":52285,"geometry":{"type":"Polygon","coordinates":[[[12.836593776982145,56.927180557318856],[12.840892633080475,56.92762740684456],[12.841115609977773,56.92804791135627],[12.841477088071624,56.92842941708952],[12.841158727777799,56.929135820948595],[12.8404819961164,56.929231739760986],[12.840154136912423,56.92922884240205],[12.839856102342667,56.92914642878618],[12.839795180925714,56.92906535401181],[12.839678773754757,56.928809482665976],[12.83945262124179,56.92844410472101],[12.839142083791383,56.92822903493612],[12.838782503692602,56.92807657669488],[12.837574279335913,56.928113621513106],[12.836834156859489,56.92808425267903],[12.836683657461721,56.927720178698216],[12.836168473723989,56.92772782207413],[12.835709245368998,56.92772814702283],[12.836593776982145,56.927180557318856]]]},"properties":{"OBJECTID":52285,"Uuid":"A4FDDEB0-5972-426D-8F1D-B39E1564033D","Beteckn":"SK 205-2012","LanKod":"13","Lan":"HALLANDS LÄN","KommunKod":"82","Kommun":"FALKENBERG","ArendeAr":2012,"Biotyp":"Äldre naturskogsartade skogar","Naturtyp":"Ädellövskog bok","AreaTot":3.5,"AreaProd":3.5,"Standort":"saknas","Datbeslut":1352764800000,"Url":"http://www.skogsstyrelsen.se/skogens-parlor/Biotopskydd/?objektid=2826106"}},{"type":"Feature","id":44554,"geometry":{"type":"Polygon","coordinates":[[[12.621833543162941,57.20126427040757],[12.623155175306444,57.20187287256235],[12.623956732503604,57.202369422916526],[12.624565001875586,57.20299585664888],[12.624385450390719,57.203350709693304],[12.623863302373788,57.20345427020869],[12.623684678412861,57.2034138017585],[12.623521019410125,57.20339167903037],[12.623307042679228,57.20337726619341],[12.623091515731568,57.203380787424756],[12.622826429720469,57.2033830461802],[12.622610128267219,57.20339552033446],[12.622427646047052,57.203399881991736],[12.622261678533404,57.203404655084064],[12.622096470172702,57.203400455947765],[12.62188326921262,57.2033770779681],[12.621654313693393,57.203344306869255],[12.621410378569161,57.203293188827445],[12.621103472834307,57.20320453586283],[12.62089567037447,57.203118389681556],[12.620723223834558,57.20300618781574],[12.620597250575667,57.202931108841305],[12.620156060159104,57.20247962512396],[12.620730865441347,57.202341465162384],[12.620701099995271,57.2019184054695],[12.620770465612074,57.20149785396408],[12.62097874147756,57.201386335675295],[12.621833543162941,57.20126427040757]]]},"properties":{"OBJECTID":44554,"Uuid":"65563893-C7ED-4E75-ACB1-83B94E26FB18","Beteckn":"SK 547-2006","LanKod":"13","Lan":"HALLANDS LÄN","KommunKod":"83","Kommun":"VARBERG","ArendeAr":2006,"Biotyp":"Äldre naturskogsartade skogar","Naturtyp":null,"AreaTot":4.1,"AreaProd":4.1,"Standort":"saknas","Datbeslut":1161216000000,"Url":"http://www.skogsstyrelsen.se/skogens-parlor/Biotopskydd/?objektid=2990969"}},{"type":"Feature","id":46569,"geometry":{"type":"Polygon","coordinates":[[[12.991916807312657,56.39822018370316],[12.992135971313393,56.39832399522817],[12.992784569338816,56.398536387036266],[12.993209387320837,56.398707761021754],[12.993512737694799,56.39876854822927],[12.994111218139363,56.398782131516],[12.994643006481443,56.39882115246471],[12.995052316876587,56.39898317489193],[12.995495951546099,56.3991190249979],[12.996022104111315,56.39945441312628],[12.996641033743522,56.399630179185074],[12.997660757417144,56.39964430469814],[12.998263878891903,56.39959507330182],[12.998438185889581,56.39942831215255],[12.998572201364036,56.399368450659516],[12.998730653872823,56.399416965012044],[12.998775885657619,56.39946291501196],[12.998798328214765,56.39959819127902],[12.99950376576087,56.399919652922065],[12.998209303715042,56.40099548147267],[12.997990107745002,56.40089168049713],[12.997548423930581,56.40072892964472],[12.997250328280982,56.4005963814716],[12.994983568234789,56.399475790042],[12.99437950201646,56.399318327861806],[12.993937185785546,56.399164531079194],[12.99365528395882,56.399032352822104],[12.99309710529042,56.3989118603077],[12.99227945454618,56.398794470187866],[12.991672759388107,56.39867287107087],[12.991916807312657,56.39822018370316]]]},"properties":{"OBJECTID":46569,"Uuid":"599EF8A4-8396-436B-8EC6-527D17D67B02","Beteckn":"SK 142-1999","LanKod":"13","Lan":"HALLANDS LÄN","KommunKod":"81","Kommun":"LAHOLM","ArendeAr":1999,"Biotyp":"Örtrika sumpskogar","Naturtyp":null,"AreaTot":3.4,"AreaProd":3.4,"Standort":"saknas","Datbeslut":928108800000,"Url":"http://www.skogsstyrelsen.se/skogens-parlor/Biotopskydd/?objektid=2977611"}},{"type":"Feature","id":38319,"geometry":{"type":"Polygon","coordinates":[[[12.766858296819088,57.04440079787089],[12.76758647872967,57.04476889098056],[12.768160004551712,57.04521409247835],[12.768537268311425,57.04543888468532],[12.768896601855024,57.045681220780644],[12.768945222131057,57.045691378848865],[12.769927112260154,57.046586741259496],[12.770015578998231,57.04671468074592],[12.77039058211702,57.04777501722551],[12.766598326036359,57.044556214328686],[12.766858296819088,57.04440079787089]]]},"properties":{"OBJECTID":38319,"Uuid":"B6DE8C36-D858-4DBD-96B5-D8E4E44391EF","Beteckn":"SK 213-2000","LanKod":"13","Lan":"HALLANDS LÄN","KommunKod":"82","Kommun":"FALKENBERG","ArendeAr":2000,"Biotyp":"Äldre naturskogsartade skogar","Naturtyp":null,"AreaTot":1.6,"AreaProd":1.6,"Standort":"saknas","Datbeslut":961372800000,"Url":"http://www.skogsstyrelsen.se/skogens-parlor/Biotopskydd/?objektid=2978447"}},{"type":"Feature","id":44013,"geometry":{"type":"Polygon","coordinates":[[[12.651998942382297,57.056995339652],[12.652454073568505,57.05726738321422],[12.653217580887995,57.057403433610965],[12.653548475790855,57.05719611530796],[12.653772761986128,57.05727364735248],[12.653773256043225,57.05746235476885],[12.65369221480222,57.0576400178647],[12.65350131947854,57.05775201623113],[12.654355208016268,57.05798917045621],[12.654654447368893,57.05796076125012],[12.655384297423112,57.058104929642965],[12.655913647244034,57.05827999272137],[12.65646706724172,57.05836580096271],[12.656626565823801,57.05823503998711],[12.656729353167037,57.05799502051916],[12.657097702226867,57.058318775470404],[12.657339216229767,57.058387744633514],[12.656791357991786,57.05862554839241],[12.656559459068284,57.0586376902895],[12.65617135208732,57.05854705055331],[12.655844518039501,57.058511870816446],[12.655335917903875,57.05848109643625],[12.655019723723493,57.05832039291051],[12.654510562597826,57.058684955802896],[12.654274097914339,57.05875088190967],[12.653615864467097,57.058734309073635],[12.652912084190499,57.05867165016654],[12.651286472534856,57.058783437329744],[12.650417994276307,57.05930066484835],[12.650219755505614,57.05930465577588],[12.649961799202503,57.059235247434934],[12.650190185037456,57.05907029043906],[12.65029959295467,57.05894725135502],[12.650582678563069,57.058720774023456],[12.650601708941943,57.05849662158138],[12.651558715380261,57.05829611043642],[12.651951360856003,57.05833295776669],[12.6522364462884,57.0582772485726],[12.65349543045489,57.05821012662773],[12.65268359401788,57.05786620452764],[12.652390727153326,57.05762520581414],[12.651789490151979,57.057520204178246],[12.651570821534673,57.05718222864404],[12.650745013039012,57.05719735630082],[12.651998942382297,57.056995339652]]]},"properties":{"OBJECTID":44013,"Uuid":"D9D15602-5F2B-48F0-B3AD-EADFAA917000","Beteckn":"SK 548-2008","LanKod":"13","Lan":"HALLANDS LÄN","KommunKod":"82","Kommun":"FALKENBERG","ArendeAr":2008,"Biotyp":"Ravinskogar","Naturtyp":null,"AreaTot":3.1,"AreaProd":3.1,"Standort":"saknas","Datbeslut":1227139200000,"Url":"http://www.skogsstyrelsen.se/skogens-parlor/Biotopskydd/?objektid=2993991"}},{"type":"Feature","id":49480,"geometry":{"type":"MultiPolygon","coordinates":[[[[13.055954003394659,56.79863576311605],[13.056488570058798,56.79904291142856],[13.056480663241794,56.79994445504765],[13.056133183265732,56.79966377762348],[13.056297997680609,56.79936900400121],[13.056287432665073,56.79913329337311],[13.05601125403039,56.79908003501831],[13.055835516972502,56.799284608845255],[13.055654567378689,56.79912861590574],[13.054889658350968,56.79925475020571],[13.054917463956343,56.79921496308798],[13.055114140989955,56.79906088497794],[13.055161831635864,56.79864753355292],[13.055954003394659,56.79863576311605]]],[[[13.054075462694662,56.79515681333081],[13.054989462272815,56.79537869529472],[13.055057685829768,56.79558451072783],[13.055096566875363,56.79572260950425],[13.054803240375161,56.79605473576607],[13.05511786698034,56.79619992870388],[13.055539138667433,56.796161602767356],[13.055678916055472,56.79653976753633],[13.055506196637799,56.79691305236157],[13.054538303542333,56.797335671170295],[13.055096303849892,56.79752114189594],[13.055664666512302,56.7972101415736],[13.055962453633045,56.79718671986196],[13.056224783315178,56.797650964140914],[13.05612472240446,56.79790473787732],[13.05648793451913,56.79790197740853],[13.056492503268679,56.79836498152097],[13.056291579811305,56.79834023110619],[13.056064039237532,56.79819091710245],[13.055911048284639,56.79819945074987],[13.055620341293961,56.7982650005972],[13.055511844032978,56.79808915468206],[13.054846967552237,56.797978471091646],[13.053901044938428,56.79822387629834],[13.054070772476384,56.79869611569333],[13.054590092977165,56.79879208809258],[13.055074505810014,56.798807944364626],[13.055046802205537,56.799046895492665],[13.054770743070007,56.799272781683264],[13.054747668550892,56.79955384972416],[13.054731374337184,56.79962907678429],[13.053544146012978,56.79929761689231],[13.053613779262083,56.79918201307328],[13.053567938464534,56.79888247328104],[13.05313419849552,56.79866721512123],[13.052451035136302,56.798627086877076],[13.052055034030449,56.79852270645837],[13.05149406543884,56.798098673120776],[13.051313309676603,56.797541700647756],[13.051384637827985,56.797201900318186],[13.051782191469428,56.79707904589929],[13.052193878733693,56.79688065114542],[13.05258457726036,56.796791348203406],[13.052928381774583,56.796324373343005],[13.053335482013182,56.7958691683868],[13.053209290593857,56.79559082099684],[13.054075462694662,56.79515681333081]]]]},"properties":{"OBJECTID":49480,"Uuid":"9B8C764F-AE58-4BCD-B06A-22F441F195D4","Beteckn":"SK 359-2019","LanKod":"13","Lan":"HALLANDS LÄN","KommunKod":"80","Kommun":"HALMSTAD","ArendeAr":2019,"Biotyp":"Äldre naturskogsartade skogar","Naturtyp":"Ädellövskog bok","AreaTot":8,"AreaProd":8,"Standort":"saknas","Datbeslut":1638230400000,"Url":"http://www.skogsstyrelsen.se/skogens-parlor/Biotopskydd/?objektid=3574123"}},{"type":"Feature","id":44213,"geometry":{"type":"Polygon","coordinates":[[[12.89774724209419,57.35478415272654],[12.89790606298137,57.354877667308884],[12.898091409104838,57.354846016395705],[12.898450043504198,57.35493516708524],[12.898427337241472,57.355222135247544],[12.898634786973934,57.355541377062536],[12.898926614160416,57.35584459544291],[12.898867613974216,57.355960026475955],[12.899041621703839,57.35607186294119],[12.899148538837164,57.356191124334785],[12.899363103058684,57.35642069148088],[12.8995681694374,57.356560190811926],[12.899543767839543,57.35665845326732],[12.899306500529892,57.356715854717834],[12.899195586066766,57.356857043302206],[12.8987919588673,57.357126222221034],[12.898359119071475,57.35713418877991],[12.898080600000853,57.35708282143217],[12.89767856252407,57.35691181473598],[12.897571631538197,57.35679255184721],[12.897490533938726,57.35655707966902],[12.897364630557991,57.35625769069651],[12.897348222744657,57.35583506194054],[12.897333490593695,57.35560112978259],[12.897466676868914,57.35538859261206],[12.897500311336294,57.35517374508945],[12.897566404815818,57.354968641023056],[12.89774724209419,57.35478415272654]]]},"properties":{"OBJECTID":44213,"Uuid":"746CE93C-3140-4CBC-B073-7E96A9AB8B3F","Beteckn":"SK 90-2003","LanKod":"14","Lan":"VÄSTRA GÖTALANDS LÄN","KommunKod":"65","Kommun":"SVENLJUNGA","ArendeAr":2003,"Biotyp":"Äldre naturskogsartade skogar","Naturtyp":null,"AreaTot":2.2,"AreaProd":2.2,"Standort":"saknas","Datbeslut":1043971200000,"Url":"http://www.skogsstyrelsen.se/skogens-parlor/Biotopskydd/?objektid=2983313"}},{"type":"Feature","id":45985,"geometry":{"type":"Polygon","coordinates":[[[13.34454859114993,57.5808111558431],[13.34514410281761,57.58115511295023],[13.349311682776014,57.58110153181367],[13.349057674179202,57.58164452590987],[13.34833625522113,57.581926912770264],[13.347770335392209,57.58238298228847],[13.347465831761522,57.58268245997495],[13.347293720877689,57.58300248204573],[13.345069973384078,57.58299509417414],[13.344812444547776,57.58284635520526],[13.344745912779151,57.582593547328145],[13.345065061912285,57.58257281535682],[13.345062285109089,57.582366168345544],[13.344889142182955,57.58195857584772],[13.344879384357414,57.58160807146401],[13.344880257373566,57.58134759371507],[13.344032150130685,57.581277164991306],[13.344143266193315,57.581117641804],[13.34454859114993,57.5808111558431]]]},"properties":{"OBJECTID":45985,"Uuid":"07735584-B3E6-4664-B450-2B76DBED441B","Beteckn":"SK 449-2001","LanKod":"14","Lan":"VÄSTRA GÖTALANDS LÄN","KommunKod":"52","Kommun":"TRANEMO","ArendeAr":2001,"Biotyp":"Äldre naturskogsartade skogar","Naturtyp":null,"AreaTot":4.4,"AreaProd":4.4,"Standort":"saknas","Datbeslut":1002499200000,"Url":"http://www.skogsstyrelsen.se/skogens-parlor/Biotopskydd/?objektid=2979861"}}]}
