{
  "type": "FeatureCollection",
  "features": [
    {
      "type": "Feature",
      "properties": {
        "trailId": "nordkalottleden",
        "sectionId": "nordkalottleden-full-02-madam-bongos-reisavannhytta",
        "sectionOrder": 2,
        "segment": 1,
        "reversedForRuntime": true
      },
      "geometry": {
        "type": "LineString",
        "coordinates": [
          [
            22.845432,
            69.072708
          ],
          [
            22.844837,
            69.072748
          ],
          [
            22.843711,
            69.072594
          ],
          [
            22.842884,
            69.072605
          ],
          [
            22.840905,
            69.072439
          ],
          [
            22.83829,
            69.072573
          ],
          [
            22.837206,
            69.072818
          ],
          [
            22.834723,
            69.07338
          ],
          [
            22.832478,
            69.074129
          ],
          [
            22.830134,
            69.074455
          ],
          [
            22.824868,
            69.074323
          ],
          [
            22.822688,
            69.074337
          ],
          [
            22.818395,
            69.074097
          ],
          [
            22.818238,
            69.074084
          ],
          [
            22.815718,
            69.073831
          ],
          [
            22.814429,
            69.073793
          ],
          [
            22.814394,
            69.073792
          ],
          [
            22.813376,
            69.073608
          ],
          [
            22.811529,
            69.072346
          ],
          [
            22.810874,
            69.071681
          ],
          [
            22.809528,
            69.071404
          ],
          [
            22.809182,
            69.071361
          ],
          [
            22.808773,
            69.07131
          ],
          [
            22.808671,
            69.071298
          ],
          [
            22.807975,
            69.071217
          ],
          [
            22.806909,
            69.071135
          ],
          [
            22.805638,
            69.070915
          ],
          [
            22.805561,
            69.070915
          ],
          [
            22.805484,
            69.070915
          ],
          [
            22.8054,
            69.070914
          ],
          [
            22.805309,
            69.070913
          ],
          [
            22.805225,
            69.070913
          ],
          [
            22.80514,
            69.070912
          ],
          [
            22.805055,
            69.070908
          ],
          [
            22.80497,
            69.070903
          ],
          [
            22.804886,
            69.070898
          ],
          [
            22.804802,
            69.070893
          ],
          [
            22.804726,
            69.070889
          ],
          [
            22.804643,
            69.070883
          ],
          [
            22.804569,
            69.070877
          ],
          [
            22.804483,
            69.070869
          ],
          [
            22.804408,
            69.070858
          ],
          [
            22.804328,
            69.070847
          ],
          [
            22.804252,
            69.070836
          ],
          [
            22.80418,
            69.070827
          ],
          [
            22.804106,
            69.070817
          ],
          [
            22.804034,
            69.070806
          ],
          [
            22.803958,
            69.070796
          ],
          [
            22.803874,
            69.070784
          ],
          [
            22.8038,
            69.070777
          ],
          [
            22.803725,
            69.070769
          ],
          [
            22.803646,
            69.070761
          ],
          [
            22.803572,
            69.070755
          ],
          [
            22.803487,
            69.07075
          ],
          [
            22.803407,
            69.070747
          ],
          [
            22.803322,
            69.070742
          ],
          [
            22.803248,
            69.070737
          ],
          [
            22.803163,
            69.070729
          ],
          [
            22.803079,
            69.07072
          ],
          [
            22.803002,
            69.070714
          ],
          [
            22.802928,
            69.070709
          ],
          [
            22.802841,
            69.070703
          ],
          [
            22.80275,
            69.070697
          ],
          [
            22.802665,
            69.070696
          ],
          [
            22.802583,
            69.070696
          ],
          [
            22.802506,
            69.070696
          ],
          [
            22.802421,
            69.070696
          ],
          [
            22.802337,
            69.070696
          ],
          [
            22.802252,
            69.070696
          ],
          [
            22.802167,
            69.070695
          ],
          [
            22.802082,
            69.070692
          ],
          [
            22.801997,
            69.070689
          ],
          [
            22.801913,
            69.070686
          ],
          [
            22.801827,
            69.070684
          ],
          [
            22.801748,
            69.070682
          ],
          [
            22.801663,
            69.070675
          ],
          [
            22.801585,
            69.070667
          ],
          [
            22.801504,
            69.070659
          ],
          [
            22.801423,
            69.070651
          ],
          [
            22.801345,
            69.070644
          ],
          [
            22.80126,
            69.070638
          ],
          [
            22.801171,
            69.070634
          ],
          [
            22.801082,
            69.070633
          ],
          [
            22.800997,
            69.070632
          ],
          [
            22.80092,
            69.070628
          ],
          [
            22.80083,
            69.070625
          ],
          [
            22.800782,
            69.070624
          ],
          [
            22.800745,
            69.070622
          ],
          [
            22.800657,
            69.070621
          ],
          [
            22.800566,
            69.070622
          ],
          [
            22.800478,
            69.070621
          ],
          [
            22.800402,
            69.070621
          ],
          [
            22.800317,
            69.070621
          ],
          [
            22.800239,
            69.070621
          ],
          [
            22.800154,
            69.07062
          ],
          [
            22.80007,
            69.07062
          ],
          [
            22.8,
            69.07062
          ],
          [
            22.799985,
            69.07062
          ],
          [
            22.799895,
            69.07062
          ],
          [
            22.799812,
            69.070619
          ],
          [
            22.79973,
            69.070619
          ],
          [
            22.79964,
            69.070619
          ],
          [
            22.799561,
            69.070619
          ],
          [
            22.799479,
            69.070619
          ],
          [
            22.799391,
            69.070622
          ],
          [
            22.799317,
            69.070629
          ],
          [
            22.799231,
            69.070637
          ],
          [
            22.799153,
            69.070645
          ],
          [
            22.799078,
            69.070655
          ],
          [
            22.799003,
            69.070665
          ],
          [
            22.798929,
            69.070676
          ],
          [
            22.798855,
            69.070685
          ],
          [
            22.798781,
            69.070694
          ],
          [
            22.798705,
            69.070703
          ],
          [
            22.798695,
            69.070704
          ],
          [
            22.798621,
            69.070713
          ],
          [
            22.798547,
            69.07072
          ],
          [
            22.798473,
            69.07073
          ],
          [
            22.798398,
            69.07074
          ],
          [
            22.798324,
            69.07075
          ],
          [
            22.79825,
            69.07076
          ],
          [
            22.798171,
            69.07077
          ],
          [
            22.798099,
            69.07078
          ],
          [
            22.798025,
            69.070791
          ],
          [
            22.797951,
            69.070802
          ],
          [
            22.797869,
            69.070813
          ],
          [
            22.797794,
            69.070823
          ],
          [
            22.797723,
            69.070832
          ],
          [
            22.797638,
            69.070841
          ],
          [
            22.797554,
            69.070849
          ],
          [
            22.797469,
            69.070856
          ],
          [
            22.797383,
            69.070864
          ],
          [
            22.797304,
            69.070872
          ],
          [
            22.79722,
            69.070881
          ],
          [
            22.79713,
            69.07089
          ],
          [
            22.797055,
            69.070897
          ],
          [
            22.796971,
            69.070906
          ],
          [
            22.796881,
            69.070915
          ],
          [
            22.796806,
            69.070921
          ],
          [
            22.796724,
            69.070924
          ],
          [
            22.796645,
            69.070927
          ],
          [
            22.79656,
            69.070927
          ],
          [
            22.796475,
            69.070926
          ],
          [
            22.796393,
            69.070927
          ],
          [
            22.796311,
            69.07093
          ],
          [
            22.796229,
            69.070936
          ],
          [
            22.796147,
            69.070938
          ],
          [
            22.796057,
            69.070941
          ],
          [
            22.795972,
            69.070941
          ],
          [
            22.795882,
            69.070947
          ],
          [
            22.795791,
            69.070953
          ],
          [
            22.795707,
            69.070954
          ],
          [
            22.795622,
            69.070956
          ],
          [
            22.795532,
            69.070954
          ],
          [
            22.795453,
            69.070948
          ],
          [
            22.795363,
            69.070944
          ],
          [
            22.795285,
            69.07094
          ],
          [
            22.795211,
            69.070933
          ],
          [
            22.795132,
            69.070924
          ],
          [
            22.795059,
            69.070916
          ],
          [
            22.794973,
            69.070909
          ],
          [
            22.794893,
            69.070901
          ],
          [
            22.794812,
            69.070889
          ],
          [
            22.79473,
            69.07088
          ],
          [
            22.794652,
            69.070872
          ],
          [
            22.794567,
            69.07086
          ],
          [
            22.794493,
            69.070846
          ],
          [
            22.794419,
            69.070831
          ],
          [
            22.794344,
            69.070814
          ],
          [
            22.79427,
            69.070796
          ],
          [
            22.794196,
            69.070779
          ],
          [
            22.794122,
            69.070763
          ],
          [
            22.794048,
            69.070749
          ],
          [
            22.793973,
            69.070735
          ],
          [
            22.793899,
            69.070721
          ],
          [
            22.793825,
            69.070706
          ],
          [
            22.793751,
            69.07069
          ],
          [
            22.793676,
            69.070676
          ],
          [
            22.793602,
            69.070666
          ],
          [
            22.793528,
            69.070655
          ],
          [
            22.793446,
            69.070645
          ],
          [
            22.793356,
            69.070643
          ],
          [
            22.793271,
            69.070643
          ],
          [
            22.793181,
            69.070644
          ],
          [
            22.793096,
            69.070647
          ],
          [
            22.793011,
            69.070648
          ],
          [
            22.792926,
            69.070648
          ],
          [
            22.792836,
            69.070648
          ],
          [
            22.792751,
            69.070648
          ],
          [
            22.792667,
            69.070648
          ],
          [
            22.792582,
            69.070648
          ],
          [
            22.792497,
            69.070648
          ],
          [
            22.792412,
            69.070648
          ],
          [
            22.79233,
            69.070648
          ],
          [
            22.792245,
            69.070648
          ],
          [
            22.79216,
            69.070648
          ],
          [
            22.79207,
            69.070648
          ],
          [
            22.791985,
            69.070648
          ],
          [
            22.791906,
            69.070648
          ],
          [
            22.791821,
            69.070644
          ],
          [
            22.791737,
            69.070639
          ],
          [
            22.791651,
            69.07063
          ],
          [
            22.791567,
            69.07062
          ],
          [
            22.79148,
            69.07061
          ],
          [
            22.791395,
            69.070602
          ],
          [
            22.791317,
            69.070594
          ],
          [
            22.791243,
            69.070587
          ],
          [
            22.791169,
            69.07058
          ],
          [
            22.791084,
            69.070573
          ],
          [
            22.791005,
            69.070565
          ],
          [
            22.790925,
            69.07056
          ],
          [
            22.79084,
            69.070556
          ],
          [
            22.790756,
            69.070552
          ],
          [
            22.790666,
            69.070547
          ],
          [
            22.790581,
            69.070543
          ],
          [
            22.790493,
            69.070539
          ],
          [
            22.790403,
            69.070535
          ],
          [
            22.790313,
            69.070531
          ],
          [
            22.790228,
            69.070527
          ],
          [
            22.790143,
            69.070523
          ],
          [
            22.790053,
            69.070518
          ],
          [
            22.789963,
            69.070514
          ],
          [
            22.789884,
            69.07051
          ],
          [
            22.789794,
            69.070506
          ],
          [
            22.789703,
            69.070501
          ],
          [
            22.789619,
            69.070497
          ],
          [
            22.789534,
            69.070494
          ],
          [
            22.789454,
            69.070491
          ],
          [
            22.789377,
            69.070488
          ],
          [
            22.789301,
            69.070485
          ],
          [
            22.789216,
            69.070483
          ],
          [
            22.789139,
            69.070478
          ],
          [
            22.789065,
            69.070473
          ],
          [
            22.78898,
            69.070466
          ],
          [
            22.788905,
            69.070459
          ],
          [
            22.78883,
            69.070453
          ],
          [
            22.788756,
            69.070447
          ],
          [
            22.788672,
            69.070438
          ],
          [
            22.788596,
            69.070428
          ],
          [
            22.788552,
            69.070422
          ],
          [
            22.788522,
            69.070417
          ],
          [
            22.788447,
            69.070406
          ],
          [
            22.788364,
            69.070393
          ],
          [
            22.788293,
            69.070382
          ],
          [
            22.788219,
            69.070371
          ],
          [
            22.788145,
            69.070359
          ],
          [
            22.788083,
            69.070349
          ],
          [
            22.788072,
            69.070347
          ],
          [
            22.788002,
            69.070337
          ],
          [
            22.787933,
            69.070326
          ],
          [
            22.78786,
            69.070315
          ],
          [
            22.787784,
            69.070303
          ],
          [
            22.78771,
            69.070292
          ],
          [
            22.787636,
            69.07028
          ],
          [
            22.787562,
            69.070267
          ],
          [
            22.787487,
            69.070252
          ],
          [
            22.787408,
            69.070236
          ],
          [
            22.787364,
            69.070227
          ],
          [
            22.787333,
            69.070221
          ],
          [
            22.787259,
            69.070206
          ],
          [
            22.787185,
            69.070191
          ],
          [
            22.787111,
            69.070178
          ],
          [
            22.787036,
            69.070165
          ],
          [
            22.786962,
            69.070153
          ],
          [
            22.786888,
            69.070142
          ],
          [
            22.786814,
            69.070131
          ],
          [
            22.786729,
            69.070119
          ],
          [
            22.786655,
            69.070112
          ],
          [
            22.786581,
            69.070104
          ],
          [
            22.786501,
            69.070102
          ],
          [
            22.786421,
            69.070102
          ],
          [
            22.786342,
            69.070102
          ],
          [
            22.786257,
            69.070102
          ],
          [
            22.786167,
            69.070101
          ],
          [
            22.786084,
            69.070101
          ],
          [
            22.78584,
            69.070105
          ],
          [
            22.785776,
            69.070103
          ],
          [
            22.785686,
            69.070102
          ],
          [
            22.785606,
            69.0701
          ],
          [
            22.785527,
            69.070093
          ],
          [
            22.785442,
            69.070086
          ],
          [
            22.785367,
            69.070082
          ],
          [
            22.785292,
            69.07008
          ],
          [
            22.785213,
            69.070079
          ],
          [
            22.785133,
            69.070079
          ],
          [
            22.785052,
            69.070078
          ],
          [
            22.78497,
            69.070077
          ],
          [
            22.784887,
            69.070077
          ],
          [
            22.784812,
            69.070076
          ],
          [
            22.784722,
            69.07008
          ],
          [
            22.784647,
            69.070091
          ],
          [
            22.78457,
            69.070101
          ],
          [
            22.784495,
            69.070112
          ],
          [
            22.784413,
            69.070123
          ],
          [
            22.784322,
            69.070128
          ],
          [
            22.784232,
            69.070129
          ],
          [
            22.784147,
            69.070128
          ],
          [
            22.784062,
            69.070124
          ],
          [
            22.783977,
            69.070123
          ],
          [
            22.783898,
            69.070119
          ],
          [
            22.783824,
            69.070113
          ],
          [
            22.78375,
            69.070106
          ],
          [
            22.78366,
            69.070098
          ],
          [
            22.783585,
            69.070091
          ],
          [
            22.783511,
            69.070085
          ],
          [
            22.783437,
            69.07008
          ],
          [
            22.783352,
            69.070073
          ],
          [
            22.783267,
            69.070067
          ],
          [
            22.783193,
            69.070062
          ],
          [
            22.783119,
            69.070056
          ],
          [
            22.783045,
            69.070046
          ],
          [
            22.782971,
            69.07004
          ],
          [
            22.782891,
            69.070038
          ],
          [
            22.782806,
            69.070038
          ],
          [
            22.782727,
            69.070038
          ],
          [
            22.782647,
            69.070038
          ],
          [
            22.782562,
            69.07004
          ],
          [
            22.782483,
            69.070042
          ],
          [
            22.782397,
            69.070048
          ],
          [
            22.782312,
            69.070052
          ],
          [
            22.782227,
            69.070057
          ],
          [
            22.782148,
            69.07006
          ],
          [
            22.782063,
            69.070063
          ],
          [
            22.781972,
            69.070067
          ],
          [
            22.781898,
            69.070071
          ],
          [
            22.781818,
            69.070076
          ],
          [
            22.781744,
            69.07008
          ],
          [
            22.781659,
            69.070085
          ],
          [
            22.781576,
            69.07009
          ],
          [
            22.781489,
            69.070094
          ],
          [
            22.781409,
            69.070099
          ],
          [
            22.781327,
            69.070101
          ],
          [
            22.781242,
            69.070103
          ],
          [
            22.781162,
            69.070103
          ],
          [
            22.781077,
            69.070104
          ],
          [
            22.780992,
            69.070105
          ],
          [
            22.780907,
            69.070105
          ],
          [
            22.780822,
            69.070105
          ],
          [
            22.780737,
            69.070104
          ],
          [
            22.780653,
            69.070104
          ],
          [
            22.780567,
            69.070104
          ],
          [
            22.780483,
            69.070103
          ],
          [
            22.780387,
            69.070103
          ],
          [
            22.780305,
            69.070103
          ],
          [
            22.780215,
            69.070103
          ],
          [
            22.780127,
            69.070102
          ],
          [
            22.780037,
            69.070102
          ],
          [
            22.779952,
            69.070102
          ],
          [
            22.779864,
            69.070104
          ],
          [
            22.779779,
            69.070105
          ],
          [
            22.779694,
            69.070107
          ],
          [
            22.779609,
            69.070109
          ],
          [
            22.779524,
            69.070113
          ],
          [
            22.779446,
            69.070121
          ],
          [
            22.779371,
            69.070133
          ],
          [
            22.779297,
            69.070145
          ],
          [
            22.779222,
            69.070157
          ],
          [
            22.779148,
            69.070169
          ],
          [
            22.779073,
            69.070183
          ],
          [
            22.778998,
            69.070198
          ],
          [
            22.778929,
            69.07021
          ],
          [
            22.778854,
            69.070222
          ],
          [
            22.778774,
            69.070236
          ],
          [
            22.778707,
            69.07025
          ],
          [
            22.778634,
            69.070267
          ],
          [
            22.778567,
            69.070281
          ],
          [
            22.778488,
            69.070294
          ],
          [
            22.778415,
            69.070311
          ],
          [
            22.778336,
            69.070323
          ],
          [
            22.778253,
            69.070323
          ],
          [
            22.778174,
            69.070322
          ],
          [
            22.778094,
            69.070311
          ],
          [
            22.778025,
            69.070298
          ],
          [
            22.777953,
            69.070281
          ],
          [
            22.777883,
            69.070261
          ],
          [
            22.777821,
            69.070237
          ],
          [
            22.777763,
            69.070212
          ],
          [
            22.777709,
            69.070184
          ],
          [
            22.777657,
            69.070163
          ],
          [
            22.777595,
            69.070143
          ],
          [
            22.777526,
            69.070123
          ],
          [
            22.777461,
            69.070105
          ],
          [
            22.777384,
            69.070083
          ],
          [
            22.777325,
            69.070063
          ],
          [
            22.777262,
            69.070041
          ],
          [
            22.777199,
            69.070017
          ],
          [
            22.777136,
            69.069993
          ],
          [
            22.777081,
            69.069973
          ],
          [
            22.777023,
            69.069951
          ],
          [
            22.776967,
            69.069924
          ],
          [
            22.776915,
            69.069901
          ],
          [
            22.776859,
            69.069875
          ],
          [
            22.776806,
            69.069851
          ],
          [
            22.776748,
            69.069825
          ],
          [
            22.776691,
            69.069799
          ],
          [
            22.776634,
            69.069774
          ],
          [
            22.776576,
            69.069751
          ],
          [
            22.776516,
            69.069733
          ],
          [
            22.776443,
            69.069713
          ],
          [
            22.776371,
            69.069694
          ],
          [
            22.776301,
            69.069673
          ],
          [
            22.77623,
            69.069652
          ],
          [
            22.776163,
            69.069635
          ],
          [
            22.776089,
            69.069621
          ],
          [
            22.776014,
            69.069606
          ],
          [
            22.77594,
            69.069596
          ],
          [
            22.775853,
            69.069591
          ],
          [
            22.775762,
            69.069591
          ],
          [
            22.775675,
            69.069591
          ],
          [
            22.775599,
            69.069592
          ],
          [
            22.775523,
            69.069595
          ],
          [
            22.775436,
            69.069599
          ],
          [
            22.775355,
            69.069603
          ],
          [
            22.775275,
            69.069609
          ],
          [
            22.775194,
            69.069613
          ],
          [
            22.775113,
            69.069618
          ],
          [
            22.775017,
            69.069624
          ],
          [
            22.774936,
            69.069632
          ],
          [
            22.77486,
            69.069636
          ],
          [
            22.77478,
            69.069639
          ],
          [
            22.774701,
            69.069639
          ],
          [
            22.774626,
            69.069638
          ],
          [
            22.774534,
            69.069639
          ],
          [
            22.774459,
            69.069644
          ],
          [
            22.774371,
            69.069652
          ],
          [
            22.774297,
            69.069659
          ],
          [
            22.774211,
            69.069663
          ],
          [
            22.774121,
            69.069663
          ],
          [
            22.774031,
            69.069661
          ],
          [
            22.773946,
            69.06966
          ],
          [
            22.773861,
            69.069659
          ],
          [
            22.773776,
            69.069653
          ],
          [
            22.773692,
            69.069643
          ],
          [
            22.773617,
            69.069635
          ],
          [
            22.773543,
            69.069625
          ],
          [
            22.773469,
            69.069616
          ],
          [
            22.773385,
            69.069606
          ],
          [
            22.773311,
            69.069594
          ],
          [
            22.773229,
            69.06958
          ],
          [
            22.773161,
            69.069566
          ],
          [
            22.773092,
            69.06955
          ],
          [
            22.773023,
            69.069537
          ],
          [
            22.772952,
            69.069524
          ],
          [
            22.772878,
            69.069511
          ],
          [
            22.772799,
            69.069495
          ],
          [
            22.77273,
            69.069481
          ],
          [
            22.772651,
            69.069466
          ],
          [
            22.772577,
            69.069449
          ],
          [
            22.772509,
            69.069432
          ],
          [
            22.772446,
            69.069416
          ],
          [
            22.772374,
            69.069395
          ],
          [
            22.772307,
            69.069372
          ],
          [
            22.772239,
            69.06935
          ],
          [
            22.77217,
            69.069328
          ],
          [
            22.772099,
            69.069307
          ],
          [
            22.772027,
            69.069288
          ],
          [
            22.771963,
            69.069271
          ],
          [
            22.771888,
            69.069252
          ],
          [
            22.771814,
            69.069237
          ],
          [
            22.771745,
            69.069224
          ],
          [
            22.77167,
            69.06921
          ],
          [
            22.771594,
            69.069194
          ],
          [
            22.77152,
            69.069181
          ],
          [
            22.771442,
            69.069173
          ],
          [
            22.771354,
            69.069166
          ],
          [
            22.771278,
            69.069161
          ],
          [
            22.771191,
            69.069158
          ],
          [
            22.771116,
            69.069156
          ],
          [
            22.771029,
            69.06915
          ],
          [
            22.770944,
            69.06915
          ],
          [
            22.770859,
            69.069152
          ],
          [
            22.770774,
            69.069155
          ],
          [
            22.770689,
            69.069156
          ],
          [
            22.770614,
            69.069156
          ],
          [
            22.770534,
            69.069155
          ],
          [
            22.770454,
            69.069156
          ],
          [
            22.770378,
            69.069161
          ],
          [
            22.7703,
            69.069166
          ],
          [
            22.770222,
            69.069171
          ],
          [
            22.770145,
            69.069177
          ],
          [
            22.77007,
            69.069185
          ],
          [
            22.769991,
            69.069189
          ],
          [
            22.769921,
            69.069201
          ],
          [
            22.769845,
            69.06921
          ],
          [
            22.76977,
            69.069215
          ],
          [
            22.769696,
            69.069222
          ],
          [
            22.769622,
            69.069228
          ],
          [
            22.769552,
            69.069239
          ],
          [
            22.769478,
            69.069251
          ],
          [
            22.769393,
            69.069263
          ],
          [
            22.769307,
            69.069275
          ],
          [
            22.769217,
            69.069281
          ],
          [
            22.769127,
            69.069281
          ],
          [
            22.769039,
            69.069281
          ],
          [
            22.768954,
            69.069281
          ],
          [
            22.768867,
            69.069282
          ],
          [
            22.768782,
            69.069285
          ],
          [
            22.768707,
            69.06929
          ],
          [
            22.768633,
            69.069296
          ],
          [
            22.768556,
            69.069303
          ],
          [
            22.768481,
            69.069312
          ],
          [
            22.768407,
            69.069321
          ],
          [
            22.768337,
            69.069332
          ],
          [
            22.768268,
            69.069345
          ],
          [
            22.768211,
            69.06935
          ],
          [
            22.768194,
            69.069351
          ],
          [
            22.768109,
            69.069351
          ],
          [
            22.768029,
            69.06935
          ],
          [
            22.767955,
            69.069344
          ],
          [
            22.767881,
            69.069334
          ],
          [
            22.767812,
            69.069323
          ],
          [
            22.767738,
            69.06931
          ],
          [
            22.767664,
            69.069297
          ],
          [
            22.767579,
            69.069284
          ],
          [
            22.76749,
            69.069281
          ],
          [
            22.767402,
            69.069278
          ],
          [
            22.767324,
            69.069278
          ],
          [
            22.767323,
            69.069278
          ],
          [
            22.767237,
            69.06928
          ],
          [
            22.767155,
            69.069282
          ],
          [
            22.767073,
            69.069286
          ],
          [
            22.766993,
            69.069291
          ],
          [
            22.766919,
            69.069299
          ],
          [
            22.766833,
            69.069311
          ],
          [
            22.766759,
            69.069323
          ],
          [
            22.766684,
            69.069337
          ],
          [
            22.766604,
            69.069351
          ],
          [
            22.766524,
            69.069369
          ],
          [
            22.76646,
            69.069387
          ],
          [
            22.766402,
            69.069404
          ],
          [
            22.766337,
            69.069422
          ],
          [
            22.766267,
            69.06944
          ],
          [
            22.766194,
            69.069457
          ],
          [
            22.76612,
            69.069473
          ],
          [
            22.766047,
            69.069494
          ],
          [
            22.765991,
            69.069512
          ],
          [
            22.76593,
            69.069533
          ],
          [
            22.765869,
            69.069556
          ],
          [
            22.765806,
            69.069579
          ],
          [
            22.765744,
            69.069596
          ],
          [
            22.765666,
            69.069614
          ],
          [
            22.765594,
            69.069628
          ],
          [
            22.765512,
            69.069641
          ],
          [
            22.765432,
            69.069652
          ],
          [
            22.765361,
            69.069662
          ],
          [
            22.765287,
            69.069673
          ],
          [
            22.765216,
            69.069683
          ],
          [
            22.76514,
            69.069695
          ],
          [
            22.765064,
            69.069708
          ],
          [
            22.765001,
            69.069722
          ],
          [
            22.764937,
            69.06974
          ],
          [
            22.764873,
            69.069757
          ],
          [
            22.764809,
            69.069776
          ],
          [
            22.764739,
            69.069794
          ],
          [
            22.764671,
            69.069811
          ],
          [
            22.764603,
            69.06983
          ],
          [
            22.764535,
            69.069847
          ],
          [
            22.764447,
            69.069854
          ],
          [
            22.764413,
            69.069854
          ],
          [
            22.764047,
            69.069619
          ],
          [
            22.763218,
            69.069601
          ],
          [
            22.76284,
            69.069673
          ],
          [
            22.762246,
            69.069422
          ],
          [
            22.762219,
            69.069386
          ],
          [
            22.761421,
            69.06829
          ],
          [
            22.760447,
            69.068265
          ],
          [
            22.759676,
            69.068218
          ],
          [
            22.75946,
            69.068217
          ],
          [
            22.758196,
            69.06821
          ],
          [
            22.756545,
            69.06828
          ],
          [
            22.755702,
            69.068204
          ],
          [
            22.754353,
            69.067919
          ],
          [
            22.754243,
            69.067899
          ],
          [
            22.752245,
            69.067533
          ],
          [
            22.75,
            69.067128
          ],
          [
            22.749909,
            69.067112
          ],
          [
            22.749893,
            69.067109
          ],
          [
            22.746737,
            69.066499
          ],
          [
            22.743903,
            69.065513
          ],
          [
            22.742988,
            69.065406
          ],
          [
            22.742942,
            69.065403
          ],
          [
            22.741297,
            69.065281
          ],
          [
            22.737944,
            69.065281
          ],
          [
            22.734727,
            69.065786
          ],
          [
            22.734608,
            69.065807
          ],
          [
            22.734548,
            69.065818
          ],
          [
            22.730286,
            69.066568
          ],
          [
            22.728679,
            69.067148
          ],
          [
            22.726345,
            69.067989
          ],
          [
            22.724034,
            69.068823
          ],
          [
            22.723994,
            69.068837
          ],
          [
            22.721054,
            69.069516
          ],
          [
            22.718969,
            69.069732
          ],
          [
            22.71779,
            69.069853
          ],
          [
            22.715458,
            69.070213
          ],
          [
            22.713285,
            69.070387
          ],
          [
            22.712438,
            69.070454
          ],
          [
            22.711734,
            69.07051
          ],
          [
            22.711465,
            69.070525
          ],
          [
            22.706898,
            69.070776
          ],
          [
            22.704179,
            69.071114
          ],
          [
            22.704091,
            69.071125
          ],
          [
            22.702563,
            69.071253
          ],
          [
            22.700751,
            69.071405
          ],
          [
            22.700286,
            69.071537
          ],
          [
            22.7,
            69.071618
          ],
          [
            22.699841,
            69.071663
          ],
          [
            22.699446,
            69.071776
          ],
          [
            22.699214,
            69.071841
          ],
          [
            22.698971,
            69.07191
          ],
          [
            22.698961,
            69.071913
          ],
          [
            22.69891,
            69.071927
          ],
          [
            22.698684,
            69.07199
          ],
          [
            22.698474,
            69.072049
          ],
          [
            22.698035,
            69.072172
          ],
          [
            22.696234,
            69.072886
          ],
          [
            22.693524,
            69.073937
          ],
          [
            22.692422,
            69.074287
          ],
          [
            22.690101,
            69.075025
          ],
          [
            22.688133,
            69.075405
          ],
          [
            22.683431,
            69.076312
          ],
          [
            22.681461,
            69.076529
          ],
          [
            22.681469,
            69.076546
          ],
          [
            22.681485,
            69.076578
          ],
          [
            22.681498,
            69.076605
          ],
          [
            22.681514,
            69.076633
          ],
          [
            22.681532,
            69.07666
          ],
          [
            22.681548,
            69.076691
          ],
          [
            22.681562,
            69.076718
          ],
          [
            22.681581,
            69.076749
          ],
          [
            22.681593,
            69.076778
          ],
          [
            22.681602,
            69.076808
          ],
          [
            22.681622,
            69.076838
          ],
          [
            22.681642,
            69.076868
          ],
          [
            22.681662,
            69.076897
          ],
          [
            22.681681,
            69.076926
          ],
          [
            22.68169,
            69.076957
          ],
          [
            22.681708,
            69.076984
          ],
          [
            22.681734,
            69.077012
          ],
          [
            22.681758,
            69.077042
          ],
          [
            22.681782,
            69.07707
          ],
          [
            22.681812,
            69.0771
          ],
          [
            22.681836,
            69.077126
          ],
          [
            22.681923,
            69.077178
          ],
          [
            22.681934,
            69.077185
          ],
          [
            22.681984,
            69.07721
          ],
          [
            22.68203,
            69.077234
          ],
          [
            22.682076,
            69.077258
          ],
          [
            22.682123,
            69.077282
          ],
          [
            22.682172,
            69.077308
          ],
          [
            22.682219,
            69.07733
          ],
          [
            22.682277,
            69.077355
          ],
          [
            22.682334,
            69.077378
          ],
          [
            22.682379,
            69.077394
          ],
          [
            22.682362,
            69.077394
          ],
          [
            22.682286,
            69.077391
          ],
          [
            22.682201,
            69.077391
          ],
          [
            22.682125,
            69.077392
          ],
          [
            22.682039,
            69.077394
          ],
          [
            22.681965,
            69.077398
          ],
          [
            22.681888,
            69.077403
          ],
          [
            22.681803,
            69.07741
          ],
          [
            22.681723,
            69.077418
          ],
          [
            22.681649,
            69.077427
          ],
          [
            22.681563,
            69.077436
          ],
          [
            22.681483,
            69.077447
          ],
          [
            22.681409,
            69.077459
          ],
          [
            22.681319,
            69.077475
          ],
          [
            22.681244,
            69.07749
          ],
          [
            22.681173,
            69.077505
          ],
          [
            22.681099,
            69.077521
          ],
          [
            22.681024,
            69.077537
          ],
          [
            22.680959,
            69.077551
          ],
          [
            22.680885,
            69.077566
          ],
          [
            22.68081,
            69.077579
          ],
          [
            22.680735,
            69.077592
          ],
          [
            22.680666,
            69.077603
          ],
          [
            22.680591,
            69.077613
          ],
          [
            22.680517,
            69.077622
          ],
          [
            22.680437,
            69.07763
          ],
          [
            22.680357,
            69.077637
          ],
          [
            22.680266,
            69.077637
          ],
          [
            22.680181,
            69.077637
          ],
          [
            22.680091,
            69.07764
          ],
          [
            22.68,
            69.077645
          ],
          [
            22.679926,
            69.077653
          ],
          [
            22.679851,
            69.077663
          ],
          [
            22.679771,
            69.077677
          ],
          [
            22.679694,
            69.077691
          ],
          [
            22.679614,
            69.077707
          ],
          [
            22.679536,
            69.077721
          ],
          [
            22.679454,
            69.077734
          ],
          [
            22.679382,
            69.077744
          ],
          [
            22.679299,
            69.077755
          ],
          [
            22.679224,
            69.077765
          ],
          [
            22.679144,
            69.077775
          ],
          [
            22.679065,
            69.077786
          ],
          [
            22.678979,
            69.077795
          ],
          [
            22.678899,
            69.077804
          ],
          [
            22.678819,
            69.077812
          ],
          [
            22.678734,
            69.07782
          ],
          [
            22.678654,
            69.077826
          ],
          [
            22.678574,
            69.077832
          ],
          [
            22.678489,
            69.077837
          ],
          [
            22.678414,
            69.077842
          ],
          [
            22.67834,
            69.077848
          ],
          [
            22.678281,
            69.077852
          ],
          [
            22.678265,
            69.077853
          ],
          [
            22.678185,
            69.077861
          ],
          [
            22.678108,
            69.077871
          ],
          [
            22.678033,
            69.077882
          ],
          [
            22.677959,
            69.077895
          ],
          [
            22.677884,
            69.07791
          ],
          [
            22.677815,
            69.077924
          ],
          [
            22.677744,
            69.077939
          ],
          [
            22.677676,
            69.077954
          ],
          [
            22.677603,
            69.077969
          ],
          [
            22.67753,
            69.077985
          ],
          [
            22.677452,
            69.078002
          ],
          [
            22.677391,
            69.078021
          ],
          [
            22.677335,
            69.078045
          ],
          [
            22.677302,
            69.07807
          ],
          [
            22.677292,
            69.0781
          ],
          [
            22.677292,
            69.078129
          ],
          [
            22.677288,
            69.07816
          ],
          [
            22.677274,
            69.078175
          ],
          [
            22.677261,
            69.078189
          ],
          [
            22.677202,
            69.078213
          ],
          [
            22.677133,
            69.078226
          ],
          [
            22.677053,
            69.07824
          ],
          [
            22.676973,
            69.078254
          ],
          [
            22.676904,
            69.078267
          ],
          [
            22.676834,
            69.078281
          ],
          [
            22.676766,
            69.078296
          ],
          [
            22.676694,
            69.078313
          ],
          [
            22.676627,
            69.078334
          ],
          [
            22.676569,
            69.078356
          ],
          [
            22.676522,
            69.078382
          ],
          [
            22.676479,
            69.078405
          ],
          [
            22.67643,
            69.078431
          ],
          [
            22.676375,
            69.078458
          ],
          [
            22.676316,
            69.078478
          ],
          [
            22.676246,
            69.078489
          ],
          [
            22.676167,
            69.078488
          ],
          [
            22.676081,
            69.07848
          ],
          [
            22.676012,
            69.078466
          ],
          [
            22.675945,
            69.078447
          ],
          [
            22.675878,
            69.078419
          ],
          [
            22.675829,
            69.078398
          ],
          [
            22.675784,
            69.078375
          ],
          [
            22.675733,
            69.078347
          ],
          [
            22.675693,
            69.078324
          ],
          [
            22.675673,
            69.078312
          ],
          [
            22.675645,
            69.078295
          ],
          [
            22.675599,
            69.078268
          ],
          [
            22.675553,
            69.078241
          ],
          [
            22.675493,
            69.078219
          ],
          [
            22.675424,
            69.078205
          ],
          [
            22.67535,
            69.078191
          ],
          [
            22.675265,
            69.078184
          ],
          [
            22.675175,
            69.078181
          ],
          [
            22.67509,
            69.078179
          ],
          [
            22.675005,
            69.078176
          ],
          [
            22.67493,
            69.078169
          ],
          [
            22.674856,
            69.078163
          ],
          [
            22.674781,
            69.078155
          ],
          [
            22.674707,
            69.078148
          ],
          [
            22.674622,
            69.07814
          ],
          [
            22.674548,
            69.078133
          ],
          [
            22.674463,
            69.078125
          ],
          [
            22.674383,
            69.078118
          ],
          [
            22.674307,
            69.07811
          ],
          [
            22.674228,
            69.078103
          ],
          [
            22.674148,
            69.078096
          ],
          [
            22.674073,
            69.07809
          ],
          [
            22.673999,
            69.078084
          ],
          [
            22.673912,
            69.07808
          ],
          [
            22.673825,
            69.078077
          ],
          [
            22.673748,
            69.078076
          ],
          [
            22.673661,
            69.078076
          ],
          [
            22.673571,
            69.078076
          ],
          [
            22.673494,
            69.078075
          ],
          [
            22.673408,
            69.07808
          ],
          [
            22.673327,
            69.078089
          ],
          [
            22.673325,
            69.07809
          ],
          [
            22.673307,
            69.078094
          ],
          [
            22.673263,
            69.078104
          ],
          [
            22.673202,
            69.078124
          ],
          [
            22.673129,
            69.078141
          ],
          [
            22.673043,
            69.078152
          ],
          [
            22.672958,
            69.078162
          ],
          [
            22.672883,
            69.078169
          ],
          [
            22.672798,
            69.07817
          ],
          [
            22.672713,
            69.078171
          ],
          [
            22.672628,
            69.078174
          ],
          [
            22.672548,
            69.078178
          ],
          [
            22.672473,
            69.07818
          ],
          [
            22.672388,
            69.078184
          ],
          [
            22.672303,
            69.078189
          ],
          [
            22.672228,
            69.078194
          ],
          [
            22.672143,
            69.078201
          ],
          [
            22.672058,
            69.078207
          ],
          [
            22.671962,
            69.078207
          ],
          [
            22.671882,
            69.078207
          ],
          [
            22.671803,
            69.078205
          ],
          [
            22.671723,
            69.078199
          ],
          [
            22.67164,
            69.078192
          ],
          [
            22.671555,
            69.078185
          ],
          [
            22.671465,
            69.07818
          ],
          [
            22.671377,
            69.078175
          ],
          [
            22.671297,
            69.078171
          ],
          [
            22.671212,
            69.078168
          ],
          [
            22.671122,
            69.078166
          ],
          [
            22.671036,
            69.078166
          ],
          [
            22.670952,
            69.078165
          ],
          [
            22.670866,
            69.078167
          ],
          [
            22.670781,
            69.078174
          ],
          [
            22.670696,
            69.078181
          ],
          [
            22.670621,
            69.078184
          ],
          [
            22.670531,
            69.078188
          ],
          [
            22.670451,
            69.07819
          ],
          [
            22.670371,
            69.078192
          ],
          [
            22.670286,
            69.078194
          ],
          [
            22.670208,
            69.078196
          ],
          [
            22.670115,
            69.078198
          ],
          [
            22.670025,
            69.078199
          ],
          [
            22.669937,
            69.078199
          ],
          [
            22.669857,
            69.078199
          ],
          [
            22.669777,
            69.078199
          ],
          [
            22.669698,
            69.078199
          ],
          [
            22.669616,
            69.078199
          ],
          [
            22.669612,
            69.078199
          ],
          [
            22.669522,
            69.078198
          ],
          [
            22.669437,
            69.078198
          ],
          [
            22.669352,
            69.078197
          ],
          [
            22.669266,
            69.078196
          ],
          [
            22.669176,
            69.078194
          ],
          [
            22.669091,
            69.078192
          ],
          [
            22.669006,
            69.07819
          ],
          [
            22.668929,
            69.078188
          ],
          [
            22.668838,
            69.078186
          ],
          [
            22.668756,
            69.078183
          ],
          [
            22.668671,
            69.078181
          ],
          [
            22.668586,
            69.078179
          ],
          [
            22.668495,
            69.078177
          ],
          [
            22.668407,
            69.078177
          ],
          [
            22.668317,
            69.078177
          ],
          [
            22.668237,
            69.078177
          ],
          [
            22.668152,
            69.078177
          ],
          [
            22.668067,
            69.078176
          ],
          [
            22.667982,
            69.078176
          ],
          [
            22.667896,
            69.078176
          ],
          [
            22.667806,
            69.078176
          ],
          [
            22.667721,
            69.078176
          ],
          [
            22.667636,
            69.078177
          ],
          [
            22.667555,
            69.078179
          ],
          [
            22.667465,
            69.078181
          ],
          [
            22.66738,
            69.078184
          ],
          [
            22.66729,
            69.078187
          ],
          [
            22.667215,
            69.07819
          ],
          [
            22.66713,
            69.078195
          ],
          [
            22.667055,
            69.078199
          ],
          [
            22.666981,
            69.078204
          ],
          [
            22.666898,
            69.078206
          ],
          [
            22.66681,
            69.078208
          ],
          [
            22.666722,
            69.078209
          ],
          [
            22.666643,
            69.078218
          ],
          [
            22.666567,
            69.078227
          ],
          [
            22.666488,
            69.078239
          ],
          [
            22.666419,
            69.078252
          ],
          [
            22.666355,
            69.078268
          ],
          [
            22.666293,
            69.07829
          ],
          [
            22.666243,
            69.078314
          ],
          [
            22.666194,
            69.078337
          ],
          [
            22.666148,
            69.078359
          ],
          [
            22.666098,
            69.078382
          ],
          [
            22.666055,
            69.078405
          ],
          [
            22.666003,
            69.078432
          ],
          [
            22.665959,
            69.078458
          ],
          [
            22.665916,
            69.078483
          ],
          [
            22.665874,
            69.078505
          ],
          [
            22.665826,
            69.078533
          ],
          [
            22.665779,
            69.078562
          ],
          [
            22.664132,
            69.07946
          ],
          [
            22.661469,
            69.080786
          ],
          [
            22.661064,
            69.080977
          ],
          [
            22.659762,
            69.081853
          ],
          [
            22.659521,
            69.082069
          ],
          [
            22.659307,
            69.082295
          ],
          [
            22.659174,
            69.082534
          ],
          [
            22.659068,
            69.082642
          ],
          [
            22.658856,
            69.082718
          ],
          [
            22.658284,
            69.082895
          ],
          [
            22.658077,
            69.08294
          ],
          [
            22.657678,
            69.08296
          ],
          [
            22.657413,
            69.083014
          ],
          [
            22.656823,
            69.083141
          ],
          [
            22.656444,
            69.083343
          ],
          [
            22.655905,
            69.083642
          ],
          [
            22.655789,
            69.083659
          ],
          [
            22.654523,
            69.08392
          ],
          [
            22.654433,
            69.083948
          ],
          [
            22.653909,
            69.084167
          ],
          [
            22.652659,
            69.084488
          ],
          [
            22.650811,
            69.084976
          ],
          [
            22.649531,
            69.085307
          ],
          [
            22.648795,
            69.08546
          ],
          [
            22.648002,
            69.085611
          ],
          [
            22.647539,
            69.08567
          ],
          [
            22.647019,
            69.085728
          ],
          [
            22.646241,
            69.085809
          ],
          [
            22.645885,
            69.085891
          ],
          [
            22.64552,
            69.085881
          ],
          [
            22.645175,
            69.085913
          ],
          [
            22.643806,
            69.08612
          ],
          [
            22.643122,
            69.086295
          ],
          [
            22.642969,
            69.086351
          ],
          [
            22.64257,
            69.086372
          ],
          [
            22.642247,
            69.086434
          ],
          [
            22.64195,
            69.086507
          ],
          [
            22.641683,
            69.086571
          ],
          [
            22.641523,
            69.086668
          ],
          [
            22.641322,
            69.086683
          ],
          [
            22.641117,
            69.086718
          ],
          [
            22.640981,
            69.086836
          ],
          [
            22.640835,
            69.087004
          ],
          [
            22.640648,
            69.08709
          ],
          [
            22.64055,
            69.087158
          ],
          [
            22.640393,
            69.087235
          ],
          [
            22.639964,
            69.087405
          ],
          [
            22.639651,
            69.087417
          ],
          [
            22.63948,
            69.087423
          ],
          [
            22.63894,
            69.087581
          ],
          [
            22.638733,
            69.087626
          ],
          [
            22.638493,
            69.087701
          ],
          [
            22.638445,
            69.087801
          ],
          [
            22.638266,
            69.087846
          ],
          [
            22.637114,
            69.087817
          ],
          [
            22.636044,
            69.0878
          ],
          [
            22.635853,
            69.087765
          ],
          [
            22.635697,
            69.0877
          ],
          [
            22.63549,
            69.087604
          ],
          [
            22.635165,
            69.087535
          ],
          [
            22.634687,
            69.087523
          ],
          [
            22.634039,
            69.087517
          ],
          [
            22.633676,
            69.087498
          ],
          [
            22.63335,
            69.087429
          ],
          [
            22.633124,
            69.087292
          ],
          [
            22.632006,
            69.086668
          ],
          [
            22.631744,
            69.086545
          ],
          [
            22.631738,
            69.086542
          ],
          [
            22.631676,
            69.086516
          ],
          [
            22.631624,
            69.086495
          ],
          [
            22.631564,
            69.086469
          ],
          [
            22.631512,
            69.086445
          ],
          [
            22.631455,
            69.086418
          ],
          [
            22.631396,
            69.086392
          ],
          [
            22.631336,
            69.086369
          ],
          [
            22.63128,
            69.08635
          ],
          [
            22.631228,
            69.086331
          ],
          [
            22.631164,
            69.086307
          ],
          [
            22.631088,
            69.086289
          ],
          [
            22.631014,
            69.086276
          ],
          [
            22.630937,
            69.086269
          ],
          [
            22.630931,
            69.086268
          ],
          [
            22.630852,
            69.086262
          ],
          [
            22.630767,
            69.086255
          ],
          [
            22.630693,
            69.086248
          ],
          [
            22.63061,
            69.086241
          ],
          [
            22.630535,
            69.086232
          ],
          [
            22.630453,
            69.086222
          ],
          [
            22.630378,
            69.086213
          ],
          [
            22.630292,
            69.086202
          ],
          [
            22.630217,
            69.086192
          ],
          [
            22.630142,
            69.086179
          ],
          [
            22.630068,
            69.08616
          ],
          [
            22.630004,
            69.086145
          ],
          [
            22.629935,
            69.086128
          ],
          [
            22.629871,
            69.086113
          ],
          [
            22.629795,
            69.086099
          ],
          [
            22.629721,
            69.086088
          ],
          [
            22.629646,
            69.086076
          ],
          [
            22.629568,
            69.086065
          ],
          [
            22.629488,
            69.086053
          ],
          [
            22.629483,
            69.086052
          ],
          [
            22.629413,
            69.086041
          ],
          [
            22.629331,
            69.086031
          ],
          [
            22.629255,
            69.086026
          ],
          [
            22.629181,
            69.086022
          ],
          [
            22.629092,
            69.086015
          ],
          [
            22.629015,
            69.086006
          ],
          [
            22.628929,
            69.086002
          ],
          [
            22.628847,
            69.086003
          ],
          [
            22.628761,
            69.086007
          ],
          [
            22.628686,
            69.086019
          ],
          [
            22.628611,
            69.086028
          ],
          [
            22.62852,
            69.086032
          ],
          [
            22.62844,
            69.086031
          ],
          [
            22.62836,
            69.086022
          ],
          [
            22.62829,
            69.086009
          ],
          [
            22.628216,
            69.085995
          ],
          [
            22.628146,
            69.085984
          ],
          [
            22.628061,
            69.085976
          ],
          [
            22.627978,
            69.085974
          ],
          [
            22.627892,
            69.085975
          ],
          [
            22.627812,
            69.085976
          ],
          [
            22.627723,
            69.085976
          ],
          [
            22.627648,
            69.085972
          ],
          [
            22.627568,
            69.08596
          ],
          [
            22.627499,
            69.085947
          ],
          [
            22.627426,
            69.085931
          ],
          [
            22.627388,
            69.08592
          ],
          [
            22.627353,
            69.08591
          ],
          [
            22.627276,
            69.085892
          ],
          [
            22.627202,
            69.085874
          ],
          [
            22.627127,
            69.085856
          ],
          [
            22.627062,
            69.085841
          ],
          [
            22.626992,
            69.085827
          ],
          [
            22.626918,
            69.085813
          ],
          [
            22.626837,
            69.085806
          ],
          [
            22.626746,
            69.085805
          ],
          [
            22.62666,
            69.085805
          ],
          [
            22.626575,
            69.085805
          ],
          [
            22.62649,
            69.08581
          ],
          [
            22.626422,
            69.085824
          ],
          [
            22.626361,
            69.08584
          ],
          [
            22.626291,
            69.085859
          ],
          [
            22.626226,
            69.085878
          ],
          [
            22.626171,
            69.085901
          ],
          [
            22.626114,
            69.085922
          ],
          [
            22.626051,
            69.085943
          ],
          [
            22.626043,
            69.085945
          ],
          [
            22.625984,
            69.08596
          ],
          [
            22.6259,
            69.085972
          ],
          [
            22.625826,
            69.085976
          ],
          [
            22.625734,
            69.085977
          ],
          [
            22.625659,
            69.085982
          ],
          [
            22.625584,
            69.085988
          ],
          [
            22.62551,
            69.085993
          ],
          [
            22.625427,
            69.085996
          ],
          [
            22.625347,
            69.085997
          ],
          [
            22.625264,
            69.085997
          ],
          [
            22.625183,
            69.086001
          ],
          [
            22.625109,
            69.086005
          ],
          [
            22.625028,
            69.086008
          ],
          [
            22.625014,
            69.086009
          ],
          [
            22.624941,
            69.08601
          ],
          [
            22.624852,
            69.08601
          ],
          [
            22.624767,
            69.08601
          ],
          [
            22.624687,
            69.08601
          ],
          [
            22.624596,
            69.08601
          ],
          [
            22.624505,
            69.086011
          ],
          [
            22.624429,
            69.086013
          ],
          [
            22.624354,
            69.086017
          ],
          [
            22.624279,
            69.086022
          ],
          [
            22.624193,
            69.08603
          ],
          [
            22.624119,
            69.086036
          ],
          [
            22.624045,
            69.086044
          ],
          [
            22.62396,
            69.086052
          ],
          [
            22.623885,
            69.086059
          ],
          [
            22.623839,
            69.086064
          ],
          [
            22.623813,
            69.086066
          ],
          [
            22.623738,
            69.086074
          ],
          [
            22.623658,
            69.08608
          ],
          [
            22.623579,
            69.086089
          ],
          [
            22.623508,
            69.086099
          ],
          [
            22.623431,
            69.086108
          ],
          [
            22.623358,
            69.086119
          ],
          [
            22.623284,
            69.086129
          ],
          [
            22.623211,
            69.086139
          ],
          [
            22.623139,
            69.086148
          ],
          [
            22.623058,
            69.086157
          ],
          [
            22.622979,
            69.086165
          ],
          [
            22.622902,
            69.086175
          ],
          [
            22.622826,
            69.086183
          ],
          [
            22.622738,
            69.086185
          ],
          [
            22.622658,
            69.086187
          ],
          [
            22.622619,
            69.086188
          ],
          [
            22.622581,
            69.086189
          ],
          [
            22.622505,
            69.086191
          ],
          [
            22.622414,
            69.086192
          ],
          [
            22.622327,
            69.086195
          ],
          [
            22.622246,
            69.086199
          ],
          [
            22.622171,
            69.086203
          ],
          [
            22.622086,
            69.086208
          ],
          [
            22.62201,
            69.08621
          ],
          [
            22.621932,
            69.086214
          ],
          [
            22.621844,
            69.086219
          ],
          [
            22.621769,
            69.086224
          ],
          [
            22.621685,
            69.086232
          ],
          [
            22.621608,
            69.086238
          ],
          [
            22.621522,
            69.086246
          ],
          [
            22.621444,
            69.086252
          ],
          [
            22.621359,
            69.086257
          ],
          [
            22.621271,
            69.086262
          ],
          [
            22.621186,
            69.086267
          ],
          [
            22.621108,
            69.086268
          ],
          [
            22.62103,
            69.086273
          ],
          [
            22.620949,
            69.08628
          ],
          [
            22.620868,
            69.086289
          ],
          [
            22.620789,
            69.0863
          ],
          [
            22.62071,
            69.086313
          ],
          [
            22.620633,
            69.086325
          ],
          [
            22.620563,
            69.086336
          ],
          [
            22.620483,
            69.086349
          ],
          [
            22.620408,
            69.086365
          ],
          [
            22.620343,
            69.086379
          ],
          [
            22.620274,
            69.086394
          ],
          [
            22.620208,
            69.086407
          ],
          [
            22.620136,
            69.086422
          ],
          [
            22.620063,
            69.086439
          ],
          [
            22.619991,
            69.086456
          ],
          [
            22.619922,
            69.086473
          ],
          [
            22.619853,
            69.08649
          ],
          [
            22.619832,
            69.086497
          ],
          [
            22.619787,
            69.08651
          ],
          [
            22.619757,
            69.086523
          ],
          [
            22.619729,
            69.086535
          ],
          [
            22.619682,
            69.08656
          ],
          [
            22.619648,
            69.086586
          ],
          [
            22.619602,
            69.086628
          ],
          [
            22.618957,
            69.086656
          ],
          [
            22.615798,
            69.087529
          ],
          [
            22.614486,
            69.08859
          ],
          [
            22.612799,
            69.089164
          ],
          [
            22.612256,
            69.089564
          ],
          [
            22.611878,
            69.089842
          ],
          [
            22.61112,
            69.090823
          ],
          [
            22.611028,
            69.090942
          ],
          [
            22.60952,
            69.092194
          ],
          [
            22.608609,
            69.092816
          ],
          [
            22.608348,
            69.093375
          ],
          [
            22.607217,
            69.093909
          ],
          [
            22.603386,
            69.094149
          ],
          [
            22.6,
            69.094088
          ],
          [
            22.599773,
            69.094084
          ],
          [
            22.599754,
            69.094084
          ],
          [
            22.593196,
            69.093998
          ],
          [
            22.593092,
            69.093997
          ],
          [
            22.591284,
            69.094203
          ],
          [
            22.590672,
            69.094273
          ],
          [
            22.589958,
            69.094374
          ],
          [
            22.589217,
            69.09448
          ],
          [
            22.588461,
            69.094588
          ],
          [
            22.588456,
            69.094588
          ],
          [
            22.587994,
            69.094654
          ],
          [
            22.587062,
            69.094746
          ],
          [
            22.584376,
            69.095011
          ],
          [
            22.581306,
            69.095382
          ],
          [
            22.580364,
            69.095599
          ],
          [
            22.580314,
            69.09561
          ],
          [
            22.579983,
            69.095686
          ],
          [
            22.576351,
            69.096887
          ],
          [
            22.572891,
            69.098402
          ],
          [
            22.572058,
            69.09889
          ],
          [
            22.571371,
            69.099292
          ],
          [
            22.570773,
            69.099604
          ],
          [
            22.570137,
            69.099936
          ],
          [
            22.570071,
            69.1
          ],
          [
            22.568761,
            69.101279
          ],
          [
            22.567531,
            69.102289
          ],
          [
            22.565449,
            69.103614
          ],
          [
            22.565333,
            69.103684
          ],
          [
            22.56533,
            69.103686
          ],
          [
            22.56482,
            69.103992
          ],
          [
            22.563724,
            69.105118
          ],
          [
            22.562359,
            69.106405
          ],
          [
            22.561577,
            69.106835
          ],
          [
            22.56149,
            69.106883
          ],
          [
            22.560474,
            69.107442
          ],
          [
            22.560405,
            69.107481
          ],
          [
            22.5586,
            69.107828
          ],
          [
            22.55831,
            69.107883
          ],
          [
            22.557861,
            69.107969
          ],
          [
            22.554579,
            69.108596
          ],
          [
            22.55425,
            69.10883
          ],
          [
            22.55274,
            69.109905
          ],
          [
            22.551301,
            69.111533
          ],
          [
            22.551393,
            69.112637
          ],
          [
            22.551542,
            69.113459
          ],
          [
            22.553745,
            69.115465
          ],
          [
            22.553749,
            69.115468
          ],
          [
            22.556795,
            69.118136
          ],
          [
            22.556834,
            69.118171
          ],
          [
            22.55784,
            69.118881
          ],
          [
            22.558288,
            69.119196
          ],
          [
            22.558452,
            69.119361
          ],
          [
            22.558501,
            69.119409
          ],
          [
            22.558672,
            69.119579
          ],
          [
            22.559538,
            69.120443
          ],
          [
            22.559293,
            69.121255
          ],
          [
            22.559262,
            69.122186
          ],
          [
            22.559507,
            69.122927
          ],
          [
            22.560731,
            69.123918
          ],
          [
            22.560644,
            69.126388
          ],
          [
            22.560632,
            69.126739
          ],
          [
            22.560736,
            69.127391
          ],
          [
            22.56091,
            69.128482
          ],
          [
            22.560891,
            69.128789
          ],
          [
            22.560875,
            69.129047
          ],
          [
            22.559795,
            69.131228
          ],
          [
            22.559343,
            69.133834
          ],
          [
            22.559335,
            69.133878
          ],
          [
            22.558254,
            69.136456
          ],
          [
            22.557962,
            69.137586
          ],
          [
            22.557943,
            69.13766
          ],
          [
            22.557883,
            69.137891
          ],
          [
            22.557432,
            69.139323
          ],
          [
            22.557427,
            69.139331
          ],
          [
            22.555849,
            69.141633
          ],
          [
            22.555847,
            69.141648
          ],
          [
            22.555767,
            69.142424
          ],
          [
            22.555189,
            69.144143
          ],
          [
            22.554999,
            69.145075
          ],
          [
            22.554948,
            69.146892
          ],
          [
            22.55496,
            69.14708
          ],
          [
            22.554985,
            69.14749
          ],
          [
            22.554317,
            69.149205
          ],
          [
            22.553372,
            69.15
          ],
          [
            22.55268,
            69.150583
          ],
          [
            22.551253,
            69.151711
          ],
          [
            22.551246,
            69.151718
          ],
          [
            22.55,
            69.153057
          ],
          [
            22.548904,
            69.154235
          ],
          [
            22.547005,
            69.15572
          ],
          [
            22.545093,
            69.157659
          ],
          [
            22.544372,
            69.158682
          ],
          [
            22.544306,
            69.158775
          ],
          [
            22.543059,
            69.160253
          ],
          [
            22.542574,
            69.160668
          ],
          [
            22.54034,
            69.162694
          ],
          [
            22.540314,
            69.162718
          ],
          [
            22.539569,
            69.16401
          ],
          [
            22.539534,
            69.164079
          ],
          [
            22.53876,
            69.165613
          ],
          [
            22.537572,
            69.166722
          ],
          [
            22.534693,
            69.168271
          ],
          [
            22.534601,
            69.168304
          ],
          [
            22.533137,
            69.168829
          ],
          [
            22.533119,
            69.168837
          ],
          [
            22.531382,
            69.169582
          ],
          [
            22.531164,
            69.169638
          ],
          [
            22.530391,
            69.169838
          ],
          [
            22.530282,
            69.169867
          ],
          [
            22.524329,
            69.171564
          ],
          [
            22.522291,
            69.171952
          ],
          [
            22.521886,
            69.172334
          ],
          [
            22.521864,
            69.172344
          ],
          [
            22.520867,
            69.172781
          ],
          [
            22.520114,
            69.173111
          ],
          [
            22.515872,
            69.174941
          ],
          [
            22.512247,
            69.176332
          ],
          [
            22.509959,
            69.177684
          ],
          [
            22.509158,
            69.178157
          ],
          [
            22.507272,
            69.179381
          ],
          [
            22.505034,
            69.180618
          ],
          [
            22.504579,
            69.180869
          ],
          [
            22.50331,
            69.181655
          ],
          [
            22.501939,
            69.182673
          ],
          [
            22.501677,
            69.182868
          ],
          [
            22.500397,
            69.183735
          ],
          [
            22.5,
            69.184005
          ],
          [
            22.499805,
            69.184137
          ],
          [
            22.498659,
            69.185648
          ],
          [
            22.498281,
            69.187048
          ],
          [
            22.498258,
            69.187137
          ],
          [
            22.497988,
            69.187717
          ],
          [
            22.497519,
            69.188728
          ],
          [
            22.49702,
            69.189176
          ],
          [
            22.496929,
            69.189258
          ],
          [
            22.496005,
            69.18994
          ],
          [
            22.494588,
            69.190689
          ],
          [
            22.494111,
            69.190906
          ],
          [
            22.493475,
            69.191196
          ],
          [
            22.493058,
            69.1914
          ],
          [
            22.492396,
            69.191723
          ],
          [
            22.491931,
            69.191951
          ],
          [
            22.491383,
            69.1925
          ],
          [
            22.491141,
            69.192742
          ],
          [
            22.490934,
            69.192949
          ],
          [
            22.490878,
            69.193005
          ],
          [
            22.489477,
            69.194143
          ],
          [
            22.489267,
            69.194313
          ],
          [
            22.488582,
            69.194845
          ],
          [
            22.488454,
            69.194944
          ],
          [
            22.48744,
            69.195708
          ],
          [
            22.485998,
            69.196793
          ],
          [
            22.485878,
            69.196909
          ],
          [
            22.485285,
            69.197478
          ],
          [
            22.485193,
            69.197565
          ],
          [
            22.484546,
            69.198186
          ],
          [
            22.483175,
            69.19907
          ],
          [
            22.481711,
            69.199684
          ],
          [
            22.48119,
            69.2
          ],
          [
            22.481116,
            69.200045
          ],
          [
            22.478938,
            69.201364
          ],
          [
            22.478021,
            69.201937
          ],
          [
            22.476895,
            69.202641
          ],
          [
            22.47618,
            69.203088
          ],
          [
            22.475558,
            69.203528
          ],
          [
            22.475167,
            69.203636
          ],
          [
            22.474946,
            69.203697
          ],
          [
            22.474898,
            69.20371
          ],
          [
            22.47467,
            69.203774
          ],
          [
            22.474381,
            69.203854
          ],
          [
            22.473859,
            69.203918
          ],
          [
            22.473015,
            69.204022
          ],
          [
            22.472747,
            69.204055
          ],
          [
            22.472545,
            69.204009
          ],
          [
            22.472369,
            69.203912
          ],
          [
            22.472275,
            69.203849
          ],
          [
            22.472139,
            69.203801
          ],
          [
            22.471932,
            69.203753
          ],
          [
            22.471697,
            69.20367
          ],
          [
            22.471519,
            69.203616
          ],
          [
            22.471314,
            69.2036
          ],
          [
            22.471068,
            69.203621
          ],
          [
            22.471015,
            69.203645
          ],
          [
            22.470968,
            69.203667
          ],
          [
            22.47092,
            69.203687
          ],
          [
            22.47086,
            69.203711
          ],
          [
            22.470799,
            69.203733
          ],
          [
            22.470738,
            69.203755
          ],
          [
            22.47068,
            69.203776
          ],
          [
            22.470627,
            69.203795
          ],
          [
            22.470573,
            69.203814
          ],
          [
            22.470514,
            69.203835
          ],
          [
            22.470456,
            69.203858
          ],
          [
            22.470409,
            69.203884
          ],
          [
            22.470372,
            69.20391
          ],
          [
            22.470342,
            69.203936
          ],
          [
            22.470318,
            69.203962
          ],
          [
            22.470297,
            69.203987
          ],
          [
            22.470275,
            69.204017
          ],
          [
            22.47025,
            69.204048
          ],
          [
            22.470226,
            69.204074
          ],
          [
            22.470201,
            69.2041
          ],
          [
            22.470172,
            69.20413
          ],
          [
            22.470143,
            69.204159
          ],
          [
            22.47011,
            69.204187
          ],
          [
            22.47008,
            69.204213
          ],
          [
            22.470054,
            69.204238
          ],
          [
            22.47003,
            69.204264
          ],
          [
            22.470004,
            69.204294
          ],
          [
            22.46998,
            69.204323
          ],
          [
            22.469956,
            69.20435
          ],
          [
            22.469931,
            69.204377
          ],
          [
            22.469905,
            69.204404
          ],
          [
            22.46988,
            69.204433
          ],
          [
            22.469856,
            69.204459
          ],
          [
            22.469826,
            69.204489
          ],
          [
            22.469795,
            69.204519
          ],
          [
            22.469771,
            69.204545
          ],
          [
            22.469743,
            69.204573
          ],
          [
            22.469716,
            69.204599
          ],
          [
            22.469684,
            69.204629
          ],
          [
            22.469652,
            69.20466
          ],
          [
            22.469625,
            69.204686
          ],
          [
            22.469596,
            69.204713
          ],
          [
            22.469566,
            69.204741
          ],
          [
            22.469537,
            69.204768
          ],
          [
            22.469509,
            69.204794
          ],
          [
            22.469476,
            69.204824
          ],
          [
            22.469442,
            69.204853
          ],
          [
            22.469405,
            69.204881
          ],
          [
            22.469367,
            69.204906
          ],
          [
            22.469335,
            69.204932
          ],
          [
            22.469305,
            69.204958
          ],
          [
            22.469272,
            69.204987
          ],
          [
            22.469246,
            69.205013
          ],
          [
            22.469215,
            69.205044
          ],
          [
            22.469184,
            69.205073
          ],
          [
            22.469155,
            69.205098
          ],
          [
            22.469123,
            69.205124
          ],
          [
            22.469092,
            69.205149
          ],
          [
            22.469061,
            69.205176
          ],
          [
            22.469035,
            69.205202
          ],
          [
            22.469007,
            69.205229
          ],
          [
            22.468977,
            69.205256
          ],
          [
            22.468941,
            69.205284
          ],
          [
            22.468911,
            69.205313
          ],
          [
            22.468883,
            69.205343
          ],
          [
            22.468853,
            69.205372
          ],
          [
            22.468817,
            69.205402
          ],
          [
            22.468781,
            69.205429
          ],
          [
            22.468749,
            69.205455
          ],
          [
            22.468718,
            69.205485
          ],
          [
            22.468563,
            69.205633
          ],
          [
            22.468536,
            69.205659
          ],
          [
            22.468504,
            69.205686
          ],
          [
            22.468472,
            69.205715
          ],
          [
            22.468439,
            69.205745
          ],
          [
            22.468402,
            69.205777
          ],
          [
            22.46837,
            69.205803
          ],
          [
            22.468336,
            69.205834
          ],
          [
            22.468303,
            69.205865
          ],
          [
            22.46827,
            69.205896
          ],
          [
            22.468234,
            69.20593
          ],
          [
            22.468204,
            69.205959
          ],
          [
            22.468171,
            69.20599
          ],
          [
            22.468138,
            69.206017
          ],
          [
            22.468106,
            69.206041
          ],
          [
            22.468072,
            69.206065
          ],
          [
            22.468032,
            69.206089
          ],
          [
            22.467991,
            69.206116
          ],
          [
            22.467954,
            69.20614
          ],
          [
            22.467915,
            69.206164
          ],
          [
            22.467874,
            69.206194
          ],
          [
            22.46783,
            69.20622
          ],
          [
            22.467778,
            69.206246
          ],
          [
            22.467728,
            69.206268
          ],
          [
            22.467681,
            69.206289
          ],
          [
            22.467617,
            69.206314
          ],
          [
            22.46756,
            69.206334
          ],
          [
            22.467491,
            69.206356
          ],
          [
            22.467423,
            69.20638
          ],
          [
            22.467371,
            69.206399
          ],
          [
            22.467319,
            69.206419
          ],
          [
            22.467263,
            69.206441
          ],
          [
            22.467212,
            69.206461
          ],
          [
            22.467146,
            69.206485
          ],
          [
            22.467092,
            69.206505
          ],
          [
            22.467043,
            69.206526
          ],
          [
            22.466991,
            69.206546
          ],
          [
            22.466947,
            69.206571
          ],
          [
            22.466906,
            69.206594
          ],
          [
            22.466859,
            69.206616
          ],
          [
            22.4668,
            69.206635
          ],
          [
            22.46674,
            69.206658
          ],
          [
            22.466688,
            69.206682
          ],
          [
            22.46664,
            69.206706
          ],
          [
            22.466589,
            69.206731
          ],
          [
            22.466547,
            69.206756
          ],
          [
            22.466499,
            69.206783
          ],
          [
            22.466456,
            69.20681
          ],
          [
            22.466423,
            69.206835
          ],
          [
            22.466391,
            69.206861
          ],
          [
            22.466353,
            69.20689
          ],
          [
            22.466312,
            69.20692
          ],
          [
            22.466279,
            69.20695
          ],
          [
            22.466248,
            69.206981
          ],
          [
            22.466207,
            69.207012
          ],
          [
            22.466171,
            69.207039
          ],
          [
            22.466133,
            69.20707
          ],
          [
            22.466094,
            69.207101
          ],
          [
            22.46606,
            69.207125
          ],
          [
            22.466025,
            69.20715
          ],
          [
            22.465983,
            69.207176
          ],
          [
            22.465945,
            69.207201
          ],
          [
            22.465907,
            69.207225
          ],
          [
            22.465863,
            69.207251
          ],
          [
            22.465824,
            69.207275
          ],
          [
            22.465783,
            69.207299
          ],
          [
            22.465741,
            69.207322
          ],
          [
            22.465691,
            69.207346
          ],
          [
            22.465641,
            69.207367
          ],
          [
            22.465586,
            69.207385
          ],
          [
            22.465516,
            69.207408
          ],
          [
            22.465462,
            69.207429
          ],
          [
            22.465414,
            69.20745
          ],
          [
            22.465367,
            69.207472
          ],
          [
            22.465321,
            69.207494
          ],
          [
            22.465275,
            69.207519
          ],
          [
            22.465235,
            69.207543
          ],
          [
            22.465194,
            69.207566
          ],
          [
            22.465152,
            69.207591
          ],
          [
            22.465112,
            69.207615
          ],
          [
            22.465071,
            69.207637
          ],
          [
            22.465026,
            69.207659
          ],
          [
            22.464977,
            69.207683
          ],
          [
            22.46492,
            69.20771
          ],
          [
            22.464863,
            69.207738
          ],
          [
            22.464818,
            69.207759
          ],
          [
            22.464769,
            69.207782
          ],
          [
            22.464714,
            69.20781
          ],
          [
            22.46466,
            69.207838
          ],
          [
            22.464606,
            69.207867
          ],
          [
            22.464551,
            69.207894
          ],
          [
            22.464496,
            69.207922
          ],
          [
            22.464438,
            69.207952
          ],
          [
            22.464387,
            69.207978
          ],
          [
            22.46434,
            69.208001
          ],
          [
            22.464285,
            69.208029
          ],
          [
            22.464242,
            69.208052
          ],
          [
            22.46419,
            69.20808
          ],
          [
            22.464149,
            69.208103
          ],
          [
            22.464105,
            69.208127
          ],
          [
            22.464053,
            69.208156
          ],
          [
            22.464013,
            69.208179
          ],
          [
            22.463976,
            69.208203
          ],
          [
            22.463936,
            69.208229
          ],
          [
            22.463899,
            69.208253
          ],
          [
            22.463863,
            69.208277
          ],
          [
            22.463828,
            69.208301
          ],
          [
            22.46379,
            69.208327
          ],
          [
            22.463755,
            69.208352
          ],
          [
            22.463721,
            69.208383
          ],
          [
            22.463693,
            69.208409
          ],
          [
            22.463676,
            69.208438
          ],
          [
            22.463666,
            69.208469
          ],
          [
            22.463658,
            69.208496
          ],
          [
            22.463649,
            69.208527
          ],
          [
            22.46364,
            69.208558
          ],
          [
            22.46363,
            69.20859
          ],
          [
            22.463612,
            69.208623
          ],
          [
            22.463593,
            69.208652
          ],
          [
            22.463574,
            69.208678
          ],
          [
            22.463553,
            69.20871
          ],
          [
            22.463533,
            69.208741
          ],
          [
            22.463513,
            69.208772
          ],
          [
            22.463493,
            69.208803
          ],
          [
            22.46347,
            69.208834
          ],
          [
            22.463446,
            69.208865
          ],
          [
            22.463424,
            69.208892
          ],
          [
            22.463399,
            69.208923
          ],
          [
            22.463374,
            69.208954
          ],
          [
            22.463348,
            69.208985
          ],
          [
            22.463322,
            69.209016
          ],
          [
            22.463296,
            69.209047
          ],
          [
            22.463268,
            69.209079
          ],
          [
            22.463245,
            69.209105
          ],
          [
            22.463218,
            69.209134
          ],
          [
            22.463193,
            69.209161
          ],
          [
            22.463164,
            69.209192
          ],
          [
            22.463135,
            69.209223
          ],
          [
            22.463107,
            69.209255
          ],
          [
            22.46308,
            69.209286
          ],
          [
            22.463054,
            69.209319
          ],
          [
            22.463029,
            69.20935
          ],
          [
            22.463005,
            69.209381
          ],
          [
            22.462981,
            69.209413
          ],
          [
            22.462957,
            69.209444
          ],
          [
            22.462937,
            69.209475
          ],
          [
            22.462916,
            69.209509
          ],
          [
            22.462898,
            69.209538
          ],
          [
            22.462881,
            69.209569
          ],
          [
            22.462862,
            69.2096
          ],
          [
            22.462847,
            69.209627
          ],
          [
            22.462832,
            69.209658
          ],
          [
            22.462819,
            69.20969
          ],
          [
            22.462811,
            69.209721
          ],
          [
            22.462803,
            69.209752
          ],
          [
            22.462795,
            69.209783
          ],
          [
            22.462788,
            69.209814
          ],
          [
            22.462781,
            69.209846
          ],
          [
            22.462771,
            69.209877
          ],
          [
            22.462762,
            69.209903
          ],
          [
            22.462752,
            69.209935
          ],
          [
            22.462741,
            69.209966
          ],
          [
            22.46273,
            69.209997
          ],
          [
            22.462718,
            69.210028
          ],
          [
            22.462706,
            69.210059
          ],
          [
            22.46269,
            69.21009
          ],
          [
            22.462672,
            69.210121
          ],
          [
            22.462657,
            69.210148
          ],
          [
            22.462649,
            69.210181
          ],
          [
            22.46266,
            69.210211
          ],
          [
            22.462687,
            69.210236
          ],
          [
            22.462725,
            69.210261
          ],
          [
            22.462771,
            69.210287
          ],
          [
            22.462805,
            69.210314
          ],
          [
            22.462837,
            69.210343
          ],
          [
            22.462867,
            69.210374
          ],
          [
            22.462887,
            69.210401
          ],
          [
            22.462903,
            69.210433
          ],
          [
            22.462911,
            69.210465
          ],
          [
            22.462919,
            69.210496
          ],
          [
            22.462927,
            69.210527
          ],
          [
            22.462946,
            69.210559
          ],
          [
            22.462974,
            69.21059
          ],
          [
            22.463002,
            69.210615
          ],
          [
            22.463034,
            69.210642
          ],
          [
            22.463072,
            69.210674
          ],
          [
            22.463096,
            69.210705
          ],
          [
            22.463097,
            69.210736
          ],
          [
            22.463096,
            69.210767
          ],
          [
            22.463097,
            69.210801
          ],
          [
            22.463099,
            69.21083
          ],
          [
            22.4631,
            69.210863
          ],
          [
            22.4631,
            69.210892
          ],
          [
            22.463101,
            69.210926
          ],
          [
            22.4631,
            69.210957
          ],
          [
            22.463098,
            69.210989
          ],
          [
            22.463098,
            69.21102
          ],
          [
            22.463097,
            69.211051
          ],
          [
            22.463095,
            69.211082
          ],
          [
            22.463094,
            69.211113
          ],
          [
            22.463094,
            69.211145
          ],
          [
            22.463083,
            69.211171
          ],
          [
            22.463056,
            69.211202
          ],
          [
            22.463017,
            69.211233
          ],
          [
            22.462984,
            69.211258
          ],
          [
            22.462948,
            69.211289
          ],
          [
            22.46294,
            69.211315
          ],
          [
            22.462931,
            69.211347
          ],
          [
            22.462932,
            69.211378
          ],
          [
            22.462937,
            69.211409
          ],
          [
            22.462939,
            69.21144
          ],
          [
            22.462938,
            69.211468
          ],
          [
            22.462937,
            69.211503
          ],
          [
            22.462936,
            69.211532
          ],
          [
            22.462935,
            69.211566
          ],
          [
            22.462934,
            69.211597
          ],
          [
            22.462933,
            69.211628
          ],
          [
            22.462931,
            69.211659
          ],
          [
            22.462912,
            69.211693
          ],
          [
            22.462891,
            69.211722
          ],
          [
            22.462869,
            69.211753
          ],
          [
            22.462848,
            69.211784
          ],
          [
            22.462837,
            69.211811
          ],
          [
            22.462836,
            69.211842
          ],
          [
            22.462835,
            69.211873
          ],
          [
            22.462834,
            69.211904
          ],
          [
            22.462842,
            69.211936
          ],
          [
            22.462855,
            69.211968
          ],
          [
            22.462872,
            69.212
          ],
          [
            22.462895,
            69.212031
          ],
          [
            22.462921,
            69.212063
          ],
          [
            22.462945,
            69.212089
          ],
          [
            22.462971,
            69.212121
          ],
          [
            22.462987,
            69.212152
          ],
          [
            22.462999,
            69.212184
          ],
          [
            22.463009,
            69.212215
          ],
          [
            22.463019,
            69.212246
          ],
          [
            22.463027,
            69.212273
          ],
          [
            22.463036,
            69.212304
          ],
          [
            22.463047,
            69.212336
          ],
          [
            22.463059,
            69.212367
          ],
          [
            22.46307,
            69.212394
          ],
          [
            22.463082,
            69.212423
          ],
          [
            22.463095,
            69.212454
          ],
          [
            22.463108,
            69.212485
          ],
          [
            22.463119,
            69.212512
          ],
          [
            22.463133,
            69.212544
          ],
          [
            22.463146,
            69.212575
          ],
          [
            22.46316,
            69.212606
          ],
          [
            22.463179,
            69.212637
          ],
          [
            22.463205,
            69.212669
          ],
          [
            22.463233,
            69.2127
          ],
          [
            22.463257,
            69.212727
          ],
          [
            22.463261,
            69.212732
          ],
          [
            22.463285,
            69.212759
          ],
          [
            22.463313,
            69.21279
          ],
          [
            22.463341,
            69.212821
          ],
          [
            22.463362,
            69.212852
          ],
          [
            22.463378,
            69.212879
          ],
          [
            22.463394,
            69.212908
          ],
          [
            22.46341,
            69.212935
          ],
          [
            22.463431,
            69.212982
          ],
          [
            22.463554,
            69.21326
          ]
        ]
      }
    }
  ]
}
