{
  "type": "FeatureCollection",
  "features": [
    {
      "type": "Feature",
      "properties": {
        "trailId": "ostkustleden",
        "sectionId": "ostkustleden-etapp-3-lonhult-krokstorp",
        "candidateGeometry": true,
        "runtimeImportApproved": false,
        "sourceUrl": "https://www.naturkartan.se/sv/kalmar-lan/lonhult-krokstorp-ostkustleden-etapp-3.gpx",
        "source": "candidate-normalized-geojson",
        "classification": "navigation-grade after explicit ordering/reversal and snapping minor gaps under 35 m; as-stored GPX is not import-ready",
        "sourceComputedDistanceKm": {
          "sumPieceDistance": 20.459872,
          "rawConcatenatedWithJumps": 54.841849,
          "normalizedWithSmallJoins": 20.549165
        },
        "lineCount": 10,
        "pointCount": 1287,
        "componentSelectionApplied": false,
        "selectedComponentIndexes": null,
        "reverseApplied": false,
        "densifyApplied": false,
        "buildPolicyNotes": null,
        "lastUpdated": "2026-04-30",
        "id": "ostkustleden-etapp-3-lonhult-krokstorp",
        "trailSystemId": "ostkustleden",
        "name": "Ostkustleden Etapp 3, Lönhult - Krokstorp",
        "part": 1
      },
      "geometry": {
        "type": "MultiLineString",
        "coordinates": [
          [
            [
              16.1662647028751,
              57.4373812463414
            ],
            [
              16.1664360929167,
              57.4374123119769
            ],
            [
              16.1666029985866,
              57.4374422166563
            ],
            [
              16.1667526101443,
              57.4374237075173
            ],
            [
              16.1669184702047,
              57.437374596066
            ],
            [
              16.1670180588393,
              57.4373508908438
            ],
            [
              16.1671674434963,
              57.4373162130165
            ],
            [
              16.1672969333683,
              57.4372869888638
            ],
            [
              16.1674396684338,
              57.4372523442496
            ],
            [
              16.1675790896151,
              57.437219505512
            ],
            [
              16.1677350514836,
              57.4371776147556
            ],
            [
              16.1680319341394,
              57.4371433530841
            ],
            [
              16.1682103222143,
              57.4371484623204
            ],
            [
              16.1683962627745,
              57.4371511590482
            ],
            [
              16.1685500051608,
              57.4371580264952
            ],
            [
              16.168646143946,
              57.4371591989179
            ],
            [
              16.1687668812108,
              57.437149753097
            ],
            [
              16.1689191649375,
              57.4371286547938
            ],
            [
              16.1690916377167,
              57.4371020578612
            ],
            [
              16.1692243463731,
              57.4370874700412
            ],
            [
              16.1693640096241,
              57.4370711596796
            ],
            [
              16.1695043991977,
              57.4370698713473
            ],
            [
              16.1696263884847,
              57.4370607543225
            ],
            [
              16.1697186374371,
              57.4370476227864
            ],
            [
              16.1699036507244,
              57.4370029145276
            ],
            [
              16.1700969424504,
              57.4369694539282
            ],
            [
              16.1702156827769,
              57.4369456836385
            ],
            [
              16.170313748931,
              57.4369502611971
            ],
            [
              16.1704125383085,
              57.436968144015
            ],
            [
              16.1705239137799,
              57.4369805428102
            ],
            [
              16.1706263279776,
              57.436973864704
            ],
            [
              16.1707375056128,
              57.4369528395709
            ],
            [
              16.1708270547918,
              57.4369154834903
            ],
            [
              16.1709311582138,
              57.4368787806679
            ],
            [
              16.1710277334739,
              57.4368523282277
            ],
            [
              16.1711186642619,
              57.4368323755306
            ],
            [
              16.1712640413874,
              57.4368167347086
            ],
            [
              16.171397932543,
              57.4367929339105
            ],
            [
              16.1715381772705,
              57.4367691290435
            ],
            [
              16.1716587962154,
              57.4367426209174
            ],
            [
              16.1718222965587,
              57.436697617243
            ],
            [
              16.1719554800622,
              57.4366608581941
            ],
            [
              16.1720546406029,
              57.4366405404663
            ],
            [
              16.1721804259648,
              57.436631083963
            ],
            [
              16.1723188475237,
              57.4366185263746
            ],
            [
              16.1724369608829,
              57.4365954512422
            ],
            [
              16.1725986277032,
              57.4365620424581
            ],
            [
              16.1727433381213,
              57.4365457209182
            ],
            [
              16.1728198636753,
              57.4365455708067
            ],
            [
              16.172924986758,
              57.4365641214255
            ],
            [
              16.1730219754965,
              57.4365980314069
            ],
            [
              16.1731837256586,
              57.4366683065562
            ],
            [
              16.1732534685703,
              57.4366923857398
            ],
            [
              16.17333191984,
              57.4366993941338
            ],
            [
              16.1734122402269,
              57.4366985444201
            ],
            [
              16.1736600808819,
              57.4366867966316
            ],
            [
              16.1738301399477,
              57.4366772456289
            ],
            [
              16.1739306209996,
              57.4366668107811
            ],
            [
              16.1740158953317,
              57.436650958169
            ],
            [
              16.1741719171178,
              57.4366240400709
            ],
            [
              16.1742642011548,
              57.4366160121972
            ],
            [
              16.1743735444975,
              57.4366079416737
            ],
            [
              16.174483567133,
              57.4366046501826
            ],
            [
              16.1746201703496,
              57.4366050623337
            ],
            [
              16.1747928401152,
              57.4366053978538
            ],
            [
              16.1749395129076,
              57.4365986230332
            ],
            [
              16.1750116056886,
              57.4365984700704
            ],
            [
              16.175168444483,
              57.4365954394193
            ],
            [
              16.1753150481323,
              57.4365804712764
            ],
            [
              16.1756258051504,
              57.4365218688121
            ],
            [
              16.175741834423,
              57.4365188266499
            ],
            [
              16.1757668128932,
              57.4365181666453
            ],
            [
              16.1758844417775,
              57.4365165684838
            ],
            [
              16.1759869726644,
              57.4362996845829
            ],
            [
              16.1761356629148,
              57.4361741500647
            ],
            [
              16.1762843101924,
              57.4360533668302
            ],
            [
              16.1764459940815,
              57.4359528110553
            ],
            [
              16.176682639809,
              57.4358441321101
            ],
            [
              16.1768635904039,
              57.4358065835218
            ],
            [
              16.1770113338267,
              57.4357879558763
            ],
            [
              16.1771633672911,
              57.4357824058633
            ],
            [
              16.1774990204401,
              57.4357977617858
            ],
            [
              16.1777025719242,
              57.4358336771029
            ],
            [
              16.1780184672762,
              57.4359805951454
            ],
            [
              16.17827076987,
              57.4360952770065
            ],
            [
              16.1785330665685,
              57.4363263973033
            ],
            [
              16.1785706731841,
              57.4365593201094
            ],
            [
              16.1788711034462,
              57.4366537043144
            ],
            [
              16.1790073366684,
              57.4366920638388
            ],
            [
              16.1790922914716,
              57.436722661055
            ],
            [
              16.1791934501199,
              57.4367278054049
            ],
            [
              16.1793218789735,
              57.4367518900192
            ],
            [
              16.1794165072515,
              57.4368124756315
            ],
            [
              16.1794786855586,
              57.43685587302
            ],
            [
              16.1795556793409,
              57.4368862571967
            ],
            [
              16.179635489655,
              57.4369052031832
            ],
            [
              16.1797310563056,
              57.4369135332718
            ],
            [
              16.1798309192917,
              57.4369058193364
            ],
            [
              16.1799346782747,
              57.4368680675898
            ],
            [
              16.1801071266572,
              57.4367953311511
            ],
            [
              16.1801681125301,
              57.4367608975463
            ],
            [
              16.1802280175258,
              57.4367379225888
            ],
            [
              16.180300077906,
              57.4367306167605
            ],
            [
              16.1803905483056,
              57.4367345208336
            ],
            [
              16.180492533922,
              57.4367571601409
            ],
            [
              16.1806519380858,
              57.4367968426886
            ],
            [
              16.1811558368757,
              57.4368575128119
            ],
            [
              16.1814557943073,
              57.4369083257057
            ],
            [
              16.1815981930252,
              57.4369209990564
            ],
            [
              16.181724757548,
              57.4369326762676
            ],
            [
              16.1820490270592,
              57.4369868732413
            ],
            [
              16.182315224216,
              57.4370255569094
            ],
            [
              16.1824758464956,
              57.4370461557543
            ],
            [
              16.1827521686169,
              57.4370779054865
            ],
            [
              16.1829355595647,
              57.4370951635385
            ],
            [
              16.1832372528364,
              57.4371324116271
            ],
            [
              16.1835257665308,
              57.437137887832
            ],
            [
              16.1838480380043,
              57.4370602956015
            ],
            [
              16.1842318506781,
              57.4369982993128
            ],
            [
              16.1844173171524,
              57.4369476843909
            ],
            [
              16.1847812421708,
              57.436892763995
            ],
            [
              16.1851757283503,
              57.4368699919609
            ],
            [
              16.1854224808574,
              57.4368646684986
            ],
            [
              16.1856349208937,
              57.4368601124287
            ],
            [
              16.1859291407533,
              57.4368611802522
            ],
            [
              16.186200817229,
              57.4368817956887
            ],
            [
              16.1862157301519,
              57.4369771854622
            ],
            [
              16.1862019633963,
              57.4370682482025
            ],
            [
              16.1862431311273,
              57.4371581535646
            ],
            [
              16.18626,
              57.4372626361658
            ],
            [
              16.186212,
              57.437386
            ],
            [
              16.186305,
              57.437567
            ],
            [
              16.1863044761505,
              57.437741330068
            ],
            [
              16.186255,
              57.437832
            ],
            [
              16.1863416847117,
              57.4380249479881
            ],
            [
              16.186775,
              57.438161
            ],
            [
              16.186997,
              57.438304
            ],
            [
              16.187095,
              57.438381
            ],
            [
              16.187155,
              57.438476
            ],
            [
              16.1871890599186,
              57.438617928112
            ],
            [
              16.1872417794261,
              57.43881887253
            ],
            [
              16.187334,
              57.438924
            ],
            [
              16.187554,
              57.439164
            ],
            [
              16.187681,
              57.439343
            ],
            [
              16.187783,
              57.439622
            ],
            [
              16.187712,
              57.439801
            ],
            [
              16.187729,
              57.439899
            ],
            [
              16.187814,
              57.43998
            ],
            [
              16.187764,
              57.440159
            ],
            [
              16.187926,
              57.440334
            ],
            [
              16.188229,
              57.44045
            ],
            [
              16.188578,
              57.440532
            ],
            [
              16.188756,
              57.440522
            ],
            [
              16.188915,
              57.44048
            ],
            [
              16.189013,
              57.440405
            ],
            [
              16.189272381828,
              57.4403480589015
            ],
            [
              16.189656,
              57.440274
            ],
            [
              16.190159,
              57.440212
            ],
            [
              16.190858,
              57.440369
            ],
            [
              16.191208,
              57.440439
            ],
            [
              16.191687,
              57.44049
            ]
          ],
          [
            [
              16.3809541633111,
              57.4420125781033
            ],
            [
              16.3808054302548,
              57.4420258101158
            ],
            [
              16.380554263051,
              57.4420035338845
            ],
            [
              16.380296978851,
              57.4419818355612
            ],
            [
              16.3801081462908,
              57.4419326811993
            ],
            [
              16.3798743339023,
              57.4418551890672
            ],
            [
              16.3796268473083,
              57.4417760780328
            ],
            [
              16.3795222182816,
              57.4417160792456
            ],
            [
              16.379384546935,
              57.4416324768564
            ],
            [
              16.3793350720058,
              57.4416010446052
            ],
            [
              16.3791607165817,
              57.4414902908431
            ],
            [
              16.3786636612747,
              57.4415087318709
            ],
            [
              16.3783511459644,
              57.4415495369134
            ],
            [
              16.3780378963034,
              57.4415278053858
            ],
            [
              16.3779238859835,
              57.4414389217551
            ],
            [
              16.3777523973244,
              57.4413462707867
            ],
            [
              16.3770898532816,
              57.4412128349236
            ],
            [
              16.3765939295943,
              57.4411130012199
            ],
            [
              16.3765272324245,
              57.4410995679085
            ]
          ],
          [
            [
              16.3866097138442,
              57.4433415338587
            ],
            [
              16.3864003594662,
              57.4433269585114
            ],
            [
              16.3861208249435,
              57.4432677988276
            ],
            [
              16.3855884800929,
              57.4432122778945
            ],
            [
              16.3852091925693,
              57.4431728657856
            ],
            [
              16.384710081127,
              57.4431065757757
            ],
            [
              16.3843506551756,
              57.4430187148954
            ],
            [
              16.3841,
              57.443001
            ],
            [
              16.383722,
              57.442944
            ],
            [
              16.383374,
              57.442882
            ],
            [
              16.3829598295213,
              57.4428072291753
            ],
            [
              16.3825527611854,
              57.4427609404551
            ],
            [
              16.3824365495795,
              57.4426806095821
            ],
            [
              16.3823807721202,
              57.4426655864447
            ],
            [
              16.3820712957727,
              57.4425974558481
            ],
            [
              16.3817251413263,
              57.4424719150398
            ],
            [
              16.3814289550312,
              57.442403772925
            ],
            [
              16.3811761164411,
              57.4423804841188
            ],
            [
              16.3810404903145,
              57.4423146152365
            ],
            [
              16.3811345196975,
              57.4422227648282
            ],
            [
              16.3812053546291,
              57.4421862643416
            ],
            [
              16.3812127112868,
              57.4421824710588
            ],
            [
              16.3810666662989,
              57.442085289595
            ],
            [
              16.3809697852399,
              57.4420226705042
            ]
          ],
          [
            [
              16.3812053546291,
              57.4421862643416
            ],
            [
              16.3811345196975,
              57.4422227648282
            ],
            [
              16.3810404903145,
              57.4423146152365
            ]
          ],
          [
            [
              16.3380432491602,
              57.4360667508485
            ],
            [
              16.3380588767286,
              57.436072668624
            ],
            [
              16.3380692771311,
              57.436076609053
            ],
            [
              16.3381358936976,
              57.4361018420388
            ],
            [
              16.3384380736326,
              57.4362162998985
            ],
            [
              16.3390003163108,
              57.4364981000747
            ],
            [
              16.3394461151364,
              57.4367511672271
            ],
            [
              16.3398153695084,
              57.4368965677793
            ],
            [
              16.3401513540248,
              57.4370060683494
            ],
            [
              16.3404739900911,
              57.4370438057913
            ],
            [
              16.3408631182208,
              57.4370205542596
            ],
            [
              16.3415981328542,
              57.436970442496
            ],
            [
              16.3421469417752,
              57.4370153937943
            ],
            [
              16.3427789755599,
              57.4371644206849
            ],
            [
              16.3434143376648,
              57.4373385530544
            ],
            [
              16.3441560944926,
              57.4374355559536
            ],
            [
              16.3444787338613,
              57.4374427779023
            ],
            [
              16.344837892131,
              57.4373782415444
            ],
            [
              16.3450606675401,
              57.4372903595337
            ],
            [
              16.3452202058058,
              57.4371253144068
            ],
            [
              16.3452766513533,
              57.4369799938707
            ],
            [
              16.3452165181989,
              57.43661038473
            ],
            [
              16.3452962542635,
              57.4364704484484
            ],
            [
              16.345622092451,
              57.4363377323551
            ],
            [
              16.345982606391,
              57.4362055551692
            ],
            [
              16.3460107040516,
              57.4361952568034
            ],
            [
              16.3461803751068,
              57.4362099097077
            ],
            [
              16.3464455779575,
              57.4361961108674
            ],
            [
              16.3466502092191,
              57.4361611645399
            ],
            [
              16.3467061059925,
              57.4360328622418
            ],
            [
              16.3468723535447,
              57.4359611274941
            ],
            [
              16.3471283843159,
              57.4358911806399
            ],
            [
              16.347384418037,
              57.4358032966463
            ],
            [
              16.3475472789341,
              57.4356633715267
            ],
            [
              16.3476868045262,
              57.4354660275683
            ],
            [
              16.3479061771276,
              57.4353081689657
            ],
            [
              16.3481688469292,
              57.4351879964822
            ],
            [
              16.3487489213302,
              57.4349605625437
            ],
            [
              16.3487874156036,
              57.434945470633
            ],
            [
              16.3488233293875,
              57.4349313903968
            ],
            [
              16.3488806140272,
              57.434908931532
            ],
            [
              16.349051984787,
              57.4348617875717
            ],
            [
              16.3493436578511,
              57.4348048526508
            ],
            [
              16.3496528241697,
              57.4347664012645
            ],
            [
              16.3499966764147,
              57.4347463591371
            ],
            [
              16.3507196312694,
              57.4347617986704
            ],
            [
              16.351046828673,
              57.4347789448234
            ],
            [
              16.3512886875973,
              57.4348428653567
            ],
            [
              16.3515463594834,
              57.4348139044891
            ],
            [
              16.3517862865552,
              57.4347479078976
            ],
            [
              16.3519224129119,
              57.4346452336844
            ],
            [
              16.3520756193969,
              57.434533205569
            ],
            [
              16.3521946768796,
              57.4344398920016
            ],
            [
              16.3523308144907,
              57.4343372245319
            ],
            [
              16.3524906596378,
              57.4342391049665
            ],
            [
              16.3527412802467,
              57.4342096288767
            ],
            [
              16.3529719525128,
              57.434176464572
            ],
            [
              16.3531259894477,
              57.4341357723441
            ],
            [
              16.3533740440476,
              57.434054133463
            ],
            [
              16.3535617029526,
              57.4339956117158
            ],
            [
              16.3538834618776,
              57.4338927088821
            ],
            [
              16.3540909460098,
              57.4338468572444
            ],
            [
              16.3543346850692,
              57.4338317296437
            ],
            [
              16.3545115687627,
              57.4338253028322
            ],
            [
              16.3547384762229,
              57.4338208821182
            ],
            [
              16.3549689832563,
              57.4337967049067
            ],
            [
              16.3551762913078,
              57.4337634426486
            ],
            [
              16.3553637983345,
              57.4337156982236
            ],
            [
              16.3556182666816,
              57.4336502684439
            ],
            [
              16.3559154658702,
              57.4336281749604
            ],
            [
              16.3561248856397,
              57.4336776306075
            ],
            [
              16.3563374098835,
              57.4337432776208
            ],
            [
              16.3565742305459,
              57.4337443014442
            ],
            [
              16.3568777585122,
              57.4337456057858
            ],
            [
              16.3569852245439,
              57.4337731279403
            ],
            [
              16.356974202067,
              57.4338825778878
            ],
            [
              16.356934450015,
              57.4340296999744
            ],
            [
              16.3568680325932,
              57.4341265768814
            ],
            [
              16.3567383879907,
              57.4341732305778
            ],
            [
              16.356618723302,
              57.4342306344195
            ],
            [
              16.356615503616,
              57.4343400792385
            ],
            [
              16.356755268792,
              57.4344226178648
            ],
            [
              16.3569582902863,
              57.4345769235299
            ],
            [
              16.3573379132503,
              57.4350541999728
            ],
            [
              16.3572420888033,
              57.4353305717697
            ],
            [
              16.3575184961434,
              57.4354131715308
            ],
            [
              16.357542055248,
              57.4354202112891
            ],
            [
              16.3578341251748,
              57.4356875629191
            ],
            [
              16.3582668905678,
              57.4360751237899
            ],
            [
              16.3587462091596,
              57.4364501278353
            ],
            [
              16.3590357168258,
              57.4365864984574
            ],
            [
              16.3597129254155,
              57.4365558388038
            ],
            [
              16.3597295289619,
              57.4368219437432
            ],
            [
              16.3597906783313,
              57.4369243644199
            ],
            [
              16.3598963452476,
              57.4369765544253
            ],
            [
              16.3602084211352,
              57.4371633989642
            ],
            [
              16.360262,
              57.437263
            ],
            [
              16.3605800692996,
              57.4376074222399
            ],
            [
              16.3607531156476,
              57.4376809866936
            ],
            [
              16.3608896488078,
              57.4378299062335
            ],
            [
              16.3610494638634,
              57.437982410472
            ],
            [
              16.3615386584355,
              57.4382156641128
            ],
            [
              16.3620212078337,
              57.4384399406269
            ],
            [
              16.362151053023,
              57.4385565719527
            ],
            [
              16.3625110118145,
              57.4391773544011
            ],
            [
              16.3627540936066,
              57.4394123915641
            ],
            [
              16.3630836040506,
              57.4396025745214
            ],
            [
              16.3634964073134,
              57.4399004138599
            ],
            [
              16.3637760603854,
              57.4401013556448
            ],
            [
              16.3639992752364,
              57.4403991911872
            ],
            [
              16.3644288275823,
              57.4407777550538
            ],
            [
              16.3647749214843,
              57.4409069365737
            ],
            [
              16.3653970819044,
              57.4410217522581
            ],
            [
              16.3660092237095,
              57.4410899205669
            ],
            [
              16.3666411408215,
              57.4410199310377
            ],
            [
              16.3669229786663,
              57.4409808127396
            ],
            [
              16.3669968394919,
              57.4408638311147
            ],
            [
              16.3670599243696,
              57.4407687386017
            ],
            [
              16.3672294199264,
              57.4406628714285
            ],
            [
              16.3674721413995,
              57.4405839235068
            ],
            [
              16.3676915455701,
              57.4404834333057
            ],
            [
              16.3678377393029,
              57.440366817262
            ],
            [
              16.3678841500095,
              57.4402358311842
            ],
            [
              16.3678679786803,
              57.4401133025467
            ],
            [
              16.3678673402354,
              57.4401084590274
            ],
            [
              16.3680435688763,
              57.4400635930451
            ],
            [
              16.3683927265163,
              57.4399918044193
            ],
            [
              16.3686687228851,
              57.439927208679
            ],
            [
              16.3690279342836,
              57.4399110378015
            ],
            [
              16.3694071847959,
              57.4399522952734
            ],
            [
              16.3699327538054,
              57.4399737946245
            ],
            [
              16.3704251370803,
              57.4400509162983
            ],
            [
              16.3707711242663,
              57.4400849946295
            ],
            [
              16.3709074821487,
              57.4400849853131
            ],
            [
              16.3711005114902,
              57.4401603223644
            ],
            [
              16.3715329173752,
              57.4401513214121
            ],
            [
              16.3717825740609,
              57.4402858711031
            ],
            [
              16.372002299053,
              57.4404168310944
            ],
            [
              16.3722818274837,
              57.4405011376879
            ],
            [
              16.3728007991778,
              57.4405567169127
            ],
            [
              16.3732532753347,
              57.4406194750298
            ],
            [
              16.3735893397874,
              57.4407019887142
            ],
            [
              16.3738223108207,
              57.4407880878613
            ],
            [
              16.3740884997935,
              57.4408347155103
            ],
            [
              16.3745808239775,
              57.4408633793465
            ],
            [
              16.375039917532,
              57.4409028039143
            ],
            [
              16.3754258939737,
              57.4409781186371
            ],
            [
              16.3757651764699,
              57.4409870617196
            ],
            [
              16.3761810887796,
              57.4410641731168
            ],
            [
              16.3765272324245,
              57.4410995679085
            ],
            [
              16.3765647290525,
              57.4411071200168
            ]
          ],
          [
            [
              16.3039290368011,
              57.4370790047369
            ],
            [
              16.3039285917855,
              57.4370719506797
            ],
            [
              16.3038767244267,
              57.4369797561131
            ],
            [
              16.3037261453831,
              57.4368158498949
            ],
            [
              16.3035920692933,
              57.4366662435738
            ],
            [
              16.3033883105141,
              57.4364853925334
            ],
            [
              16.3033156221104,
              57.4364168088673
            ],
            [
              16.303281720577,
              57.4363605539547
            ],
            [
              16.3032756163559,
              57.4363026609382
            ],
            [
              16.3033324663231,
              57.4362344575959
            ],
            [
              16.303375,
              57.43616
            ],
            [
              16.303309,
              57.436022
            ],
            [
              16.3033143497811,
              57.4359004383685
            ],
            [
              16.303537,
              57.435688
            ],
            [
              16.3037637566768,
              57.4353892678277
            ],
            [
              16.3036661300222,
              57.4352962540203
            ],
            [
              16.303485117679,
              57.4352252073396
            ],
            [
              16.3032386062589,
              57.4352510340183
            ],
            [
              16.3029625044253,
              57.4353146609327
            ],
            [
              16.3027759842754,
              57.4353367224372
            ],
            [
              16.3025589374153,
              57.4353085858768
            ],
            [
              16.3023419745819,
              57.4352876275786
            ],
            [
              16.3021652961949,
              57.4352935022141
            ],
            [
              16.3019489820476,
              57.4353354055365
            ],
            [
              16.3017929195303,
              57.4353987098479
            ],
            [
              16.3016836488448,
              57.4354744494175
            ],
            [
              16.3015644678782,
              57.4355573995286
            ],
            [
              16.3014216338789,
              57.4356116758469
            ],
            [
              16.3011989732052,
              57.4356841294011
            ],
            [
              16.3009431592114,
              57.4357764384468
            ],
            [
              16.3005441305592,
              57.4358871000038
            ],
            [
              16.3003910176704,
              57.435914459924
            ],
            [
              16.3000953517568,
              57.4359449757993
            ],
            [
              16.2999013312624,
              57.435978879139
            ],
            [
              16.2995451634151,
              57.436018226306
            ],
            [
              16.2991717795279,
              57.435983420849
            ],
            [
              16.298813,
              57.435806
            ],
            [
              16.2984496179759,
              57.4358532828107
            ],
            [
              16.29815420135,
              57.4359870106804
            ],
            [
              16.2978886377239,
              57.436106278052
            ],
            [
              16.2976231551501,
              57.4362327234996
            ],
            [
              16.2974079733079,
              57.4363859859527
            ],
            [
              16.2971491843862,
              57.4365160191531
            ],
            [
              16.2970572691474,
              57.4366599560242
            ],
            [
              16.2970080041024,
              57.4367337338529
            ],
            [
              16.2968949938206,
              57.4367699669147
            ],
            [
              16.2967550504726,
              57.4367811239465
            ],
            [
              16.29665180182,
              57.4367939781599
            ],
            [
              16.2964683596177,
              57.4367908736513
            ],
            [
              16.2963510657497,
              57.4368493796713
            ],
            [
              16.2961214765353,
              57.4369402383368
            ],
            [
              16.2957334914556,
              57.4369947282408
            ],
            [
              16.2953796266749,
              57.4369608614921
            ],
            [
              16.295160842215,
              57.4370907788831
            ],
            [
              16.2949585088778,
              57.4371972987268
            ],
            [
              16.2947165609855,
              57.4373452343668
            ],
            [
              16.2944709462953,
              57.4374590565281
            ],
            [
              16.2942979240116,
              57.4374972364052
            ],
            [
              16.2940962419953,
              57.4376702174191
            ],
            [
              16.2939146550351,
              57.4378503138456
            ],
            [
              16.2938354177164,
              57.4379295597174
            ],
            [
              16.2936561105024,
              57.4380054832964
            ],
            [
              16.2934132645266,
              57.4380654034288
            ],
            [
              16.293203631973,
              57.4381126769674
            ],
            [
              16.2930571804683,
              57.4381400094609
            ],
            [
              16.2928977591716,
              57.4382033010829
            ],
            [
              16.2927751569788,
              57.4382826628842
            ],
            [
              16.2925888719055,
              57.4383280632674
            ],
            [
              16.2924557313489,
              57.4383553654621
            ],
            [
              16.2921852188735,
              57.4383147686224
            ],
            [
              16.292008603175,
              57.4383296112868
            ],
            [
              16.2917390876715,
              57.4383896019167
            ],
            [
              16.2914865519327,
              57.4384800824659
            ],
            [
              16.2912576686397,
              57.4386028311675
            ],
            [
              16.2910654152203,
              57.4387182959187
            ],
            [
              16.2908830260061,
              57.4388229649078
            ],
            [
              16.2907069820042,
              57.4388934893158
            ],
            [
              16.2905437866897,
              57.43891367526
            ],
            [
              16.2902702776059,
              57.4389108060982
            ],
            [
              16.2901197590822,
              57.4388645067571
            ],
            [
              16.2900459519303,
              57.438821593034
            ],
            [
              16.2899253830984,
              57.4387716216985
            ],
            [
              16.2897951084227,
              57.4387486139595
            ],
            [
              16.2895953628134,
              57.4387832677258
            ],
            [
              16.2892595167751,
              57.4388829516001
            ],
            [
              16.2888936721901,
              57.438982705908
            ],
            [
              16.288670783613,
              57.4390371798208
            ],
            [
              16.2884515200521,
              57.4391221808044
            ],
            [
              16.2880890596617,
              57.4392273094988
            ],
            [
              16.2878759804153,
              57.4392638009351
            ],
            [
              16.2876030924873,
              57.4393237885125
            ],
            [
              16.287406629143,
              57.4393530512684
            ],
            [
              16.2871670278081,
              57.4394057681566
            ],
            [
              16.2869811373253,
              57.4394924721633
            ],
            [
              16.2868752361353,
              57.439575379356
            ],
            [
              16.2866626885557,
              57.4396639520605
            ],
            [
              16.2863863632647,
              57.4397131708074
            ],
            [
              16.2861660954525,
              57.4396975796273
            ],
            [
              16.2859024541674,
              57.4396803130467
            ],
            [
              16.2856987001145,
              57.4396485110498
            ],
            [
              16.2854451243901,
              57.4396366021242
            ],
            [
              16.2852579181197,
              57.4395921896826
            ],
            [
              16.285080509174,
              57.439524391904
            ],
            [
              16.2848293988623,
              57.4394244561061
            ],
            [
              16.284622349252,
              57.439396265218
            ],
            [
              16.2843321889215,
              57.439395221413
            ],
            [
              16.2840857527997,
              57.4394299856422
            ],
            [
              16.2837930218647,
              57.4395079911189
            ],
            [
              16.2834972117587,
              57.4396075443854
            ],
            [
              16.2833262611792,
              57.4396535935433
            ],
            [
              16.282976,
              57.439742
            ],
            [
              16.282692,
              57.43986
            ],
            [
              16.282602,
              57.440041
            ],
            [
              16.282624,
              57.440133
            ],
            [
              16.28251,
              57.440317
            ],
            [
              16.282367,
              57.440378
            ],
            [
              16.282214,
              57.440421
            ],
            [
              16.282047,
              57.440428
            ],
            [
              16.281923,
              57.440492
            ],
            [
              16.281572,
              57.440483
            ],
            [
              16.281428,
              57.440529
            ],
            [
              16.281335,
              57.440706
            ],
            [
              16.281346,
              57.440806
            ],
            [
              16.281133,
              57.440948
            ],
            [
              16.280868,
              57.441415
            ],
            [
              16.280469,
              57.441586
            ],
            [
              16.279948,
              57.44157
            ],
            [
              16.279795,
              57.441614
            ],
            [
              16.279602,
              57.441758
            ],
            [
              16.2793320844088,
              57.441869308521
            ],
            [
              16.279094,
              57.442026
            ],
            [
              16.279037,
              57.442113
            ],
            [
              16.279117,
              57.442296
            ],
            [
              16.279068,
              57.442475
            ],
            [
              16.279023,
              57.442569
            ],
            [
              16.27907,
              57.442657
            ],
            [
              16.27903,
              57.442747
            ],
            [
              16.278746,
              57.442844
            ],
            [
              16.278411,
              57.443053
            ],
            [
              16.2779621391221,
              57.443162103332
            ],
            [
              16.2777756101618,
              57.4431877279916
            ],
            [
              16.2775399877218,
              57.4433104768126
            ],
            [
              16.2773840125441,
              57.4433917013007
            ],
            [
              16.2772451292417,
              57.4435159933054
            ],
            [
              16.2770589809362,
              57.4435829287477
            ],
            [
              16.2769132684545,
              57.4436892731905
            ],
            [
              16.2767285527428,
              57.4439034904271
            ],
            [
              16.2767062827166,
              57.44401490853
            ],
            [
              16.2766670608287,
              57.4440994344609
            ],
            [
              16.2765575487527,
              57.4441571802107
            ],
            [
              16.2763379612402,
              57.4442152203377
            ],
            [
              16.2761482934352,
              57.44426060901
            ],
            [
              16.2758986901339,
              57.4443187239895
            ],
            [
              16.2756994488415,
              57.4444108287983
            ],
            [
              16.2755934102756,
              57.4444829548538
            ],
            [
              16.2755309781139,
              57.4445818956849
            ],
            [
              16.2753855407319,
              57.4447187785447
            ],
            [
              16.2753598135048,
              57.4448176334413
            ],
            [
              16.2753007907476,
              57.4449237548861
            ],
            [
              16.2751849067945,
              57.4450120571215
            ],
            [
              16.2750321078693,
              57.4450789162239
            ],
            [
              16.2747759725214,
              57.445153200397
            ],
            [
              16.2744532199927,
              57.4452348451275
            ],
            [
              16.2741571034845,
              57.4453128333349
            ],
            [
              16.2737976228068,
              57.4453909760969
            ],
            [
              16.2734146787912,
              57.4454584037593
            ],
            [
              16.2731685471827,
              57.4455326620786
            ],
            [
              16.2729021918958,
              57.4455836179588
            ],
            [
              16.2727295687148,
              57.4456684768162
            ],
            [
              16.2725236117325,
              57.445758804851
            ],
            [
              16.2723243448903,
              57.4458491223089
            ],
            [
              16.2721216345622,
              57.4459286511792
            ],
            [
              16.2718449163592,
              57.4459437194811
            ],
            [
              16.2715913563425,
              57.445937164942
            ],
            [
              16.2712948837018,
              57.4459774275511
            ],
            [
              16.2709651774108,
              57.4460321408096
            ],
            [
              16.2706155053203,
              57.4460922873751
            ],
            [
              16.2704020986066,
              57.446100005633
            ],
            [
              16.2702116414063,
              57.4460663548386
            ],
            [
              16.269967702202,
              57.446018462888
            ],
            [
              16.269844,
              57.446022
            ],
            [
              16.269715,
              57.445958
            ],
            [
              16.269555,
              57.445918
            ],
            [
              16.269383,
              57.445928
            ],
            [
              16.269054,
              57.445993
            ],
            [
              16.268626,
              57.446164
            ],
            [
              16.268463,
              57.446193
            ],
            [
              16.2681331597572,
              57.4463542848226
            ],
            [
              16.2678139780881,
              57.4464872277677
            ],
            [
              16.2677539305124,
              57.4465320641349
            ],
            [
              16.2675750121537,
              57.4466030076385
            ],
            [
              16.267365326028,
              57.4467155464003
            ],
            [
              16.2668610847686,
              57.4468392944418
            ],
            [
              16.2663405266846,
              57.4469399074816
            ],
            [
              16.2660875481482,
              57.4469962114662
            ],
            [
              16.2657609989071,
              57.4470329341386
            ],
            [
              16.2655543583087,
              57.4470514060178
            ],
            [
              16.2652276999794,
              57.4470773556966
            ],
            [
              16.2648649992947,
              57.4471716534835
            ],
            [
              16.2646323521246,
              57.4472638259239
            ],
            [
              16.2642054034341,
              57.4474021381363
            ],
            [
              16.2640411927644,
              57.4475418872522
            ],
            [
              16.2638219465176,
              57.4476412101908
            ],
            [
              16.2636929171541,
              57.4477546865338
            ],
            [
              16.2635906529248,
              57.447878873908
            ],
            [
              16.2634950570489,
              57.4480012477211
            ],
            [
              16.2632597276315,
              57.4481634779478
            ],
            [
              16.2630875088171,
              57.4482986106974
            ],
            [
              16.2628283256685,
              57.4484070157827
            ],
            [
              16.2625835293731,
              57.4485076315562
            ],
            [
              16.2625623002834,
              57.4485002251957
            ],
            [
              16.2624852165626,
              57.4484899131771
            ],
            [
              16.2623766599663,
              57.4484664219884
            ],
            [
              16.2622120776069,
              57.4484240957353
            ],
            [
              16.2619363868128,
              57.4483539766738
            ],
            [
              16.2615878300927,
              57.4482646334375
            ],
            [
              16.261396919464,
              57.4482217709399
            ],
            [
              16.2612174980307,
              57.4481918916297
            ],
            [
              16.2610770387531,
              57.4481745270291
            ],
            [
              16.2609144305941,
              57.448156792989
            ],
            [
              16.2607926681383,
              57.4481290377983
            ],
            [
              16.260628866293,
              57.4480691976385
            ],
            [
              16.2605013739642,
              57.4480225194443
            ],
            [
              16.2604107722018,
              57.4479697753453
            ],
            [
              16.2603277496429,
              57.4479224876894
            ],
            [
              16.2601482881449,
              57.4478631524242
            ],
            [
              16.2599794912734,
              57.447829458932
            ],
            [
              16.2597636308662,
              57.4477886541281
            ],
            [
              16.2596015990914,
              57.4477640996116
            ],
            [
              16.2594301781609,
              57.4477343628623
            ],
            [
              16.2592755855114,
              57.4477050218106
            ],
            [
              16.2591471283451,
              57.4477017959315
            ],
            [
              16.2589537005847,
              57.4477103068169
            ],
            [
              16.2588199347682,
              57.4477091714779
            ],
            [
              16.2586441378761,
              57.44768843207
            ],
            [
              16.2585139239388,
              57.4476506429217
            ],
            [
              16.2584200414455,
              57.4476279070508
            ],
            [
              16.2583002215707,
              57.4475688913729
            ],
            [
              16.2580656800229,
              57.4474577595432
            ],
            [
              16.2578669975035,
              57.4473647250694
            ],
            [
              16.2577720102091,
              57.4473471070202
            ],
            [
              16.2576858200379,
              57.447354239534
            ],
            [
              16.257585617516,
              57.4473724694152
            ],
            [
              16.2574823257361,
              57.4473973531251
            ],
            [
              16.257204658854,
              57.4474633550091
            ],
            [
              16.2570823324685,
              57.4474843584082
            ],
            [
              16.256869632249,
              57.4475110670153
            ],
            [
              16.2562575663226,
              57.4476008436208
            ],
            [
              16.2557791621869,
              57.4476414939142
            ],
            [
              16.255624056133,
              57.4477718609469
            ],
            [
              16.2553174257575,
              57.4478179588808
            ],
            [
              16.2551619642206,
              57.4479620255183
            ],
            [
              16.2548679958786,
              57.4481457655536
            ],
            [
              16.2546994894541,
              57.4482944634804
            ],
            [
              16.2544169852521,
              57.4483717742947
            ],
            [
              16.2542002237406,
              57.448494892144
            ],
            [
              16.2541638137799,
              57.4486670647507
            ],
            [
              16.2540418366694,
              57.4487844276613
            ],
            [
              16.2540207300898,
              57.4489744483731
            ],
            [
              16.2538787290561,
              57.4491202813382
            ],
            [
              16.2536773854468,
              57.4492434283759
            ],
            [
              16.2533659076445,
              57.4493604202766
            ],
            [
              16.2532160406436,
              57.4493648785853
            ],
            [
              16.2530622358805,
              57.449274610588
            ],
            [
              16.2526376863817,
              57.4491926895804
            ],
            [
              16.2524575254248,
              57.4491151233624
            ],
            [
              16.2522507954972,
              57.4490565108714
            ],
            [
              16.2519929772396,
              57.4490583797903
            ],
            [
              16.2516801561188,
              57.4490016078262
            ],
            [
              16.251425,
              57.449033
            ],
            [
              16.2510301235227,
              57.4490493548977
            ],
            [
              16.2505424096777,
              57.4490991083573
            ],
            [
              16.2503071453593,
              57.4490847497282
            ],
            [
              16.250148165694,
              57.4491331381584
            ],
            [
              16.249934,
              57.449146
            ],
            [
              16.2496408952866,
              57.4492022172636
            ],
            [
              16.2494292670225,
              57.4492160515176
            ],
            [
              16.2492424567661,
              57.4492530239879
            ],
            [
              16.2489457092387,
              57.4492680833247
            ],
            [
              16.2487617103112,
              57.4492092404162
            ],
            [
              16.248580954426,
              57.4491395993842
            ],
            [
              16.2483598958531,
              57.4490395292333
            ],
            [
              16.2481924330747,
              57.4489644731593
            ],
            [
              16.2480782749985,
              57.4488803198752
            ],
            [
              16.2480141732804,
              57.4487996421922
            ],
            [
              16.2473472799081,
              57.4485069848469
            ],
            [
              16.2464242670763,
              57.4481558930811
            ],
            [
              16.2458569560276,
              57.4479872587508
            ],
            [
              16.2456551205224,
              57.447971652239
            ],
            [
              16.2453897752024,
              57.448142899999
            ],
            [
              16.2451108586598,
              57.4482908249163
            ],
            [
              16.2448882672844,
              57.4483937267645
            ],
            [
              16.244698936237,
              57.4484857623299
            ],
            [
              16.2445963047516,
              57.4485758084177
            ],
            [
              16.2445040054318,
              57.4487017493017
            ],
            [
              16.2443914401486,
              57.448797204866
            ],
            [
              16.2442090630133,
              57.448921560474
            ],
            [
              16.2440462982868,
              57.4490027597709
            ],
            [
              16.2439071037639,
              57.4491054645096
            ],
            [
              16.243818133205,
              57.4492314005659
            ],
            [
              16.2437022479647,
              57.4493304456312
            ],
            [
              16.2435295043101,
              57.4494134683665
            ],
            [
              16.2433170004346,
              57.4495271191656
            ],
            [
              16.2431714093027,
              57.4496639579623
            ],
            [
              16.2430392247343,
              57.4498061614946
            ],
            [
              16.2424930142068,
              57.4499949712306
            ],
            [
              16.2418035493188,
              57.450273902606
            ]
          ],
          [
            [
              16.3039285917855,
              57.4370719506797
            ],
            [
              16.3040854685799,
              57.4370861529125
            ],
            [
              16.3043359078367,
              57.4370608451641
            ],
            [
              16.3045214465519,
              57.4370430882866
            ],
            [
              16.3046754955393,
              57.4370202180933
            ],
            [
              16.3047349580618,
              57.4369960772796
            ],
            [
              16.3047522450011,
              57.4369890545366
            ],
            [
              16.3048132606065,
              57.436946760918
            ],
            [
              16.304828978548,
              57.4369024007101
            ],
            [
              16.3048278477238,
              57.4368320860947
            ],
            [
              16.3047956379738,
              57.4366781735817
            ],
            [
              16.3047910672807,
              57.4366374142616
            ],
            [
              16.3048068129656,
              57.4366039926306
            ],
            [
              16.3048512540339,
              57.4365747170909
            ],
            [
              16.3049582358373,
              57.4365649779859
            ],
            [
              16.3051008107618,
              57.4365657975984
            ],
            [
              16.3052043270763,
              57.4365669382405
            ],
            [
              16.3053340022091,
              57.4365427800536
            ],
            [
              16.305444897183,
              57.4365185656951
            ],
            [
              16.3055644259633,
              57.4364931145159
            ],
            [
              16.305658020856,
              57.4364631151959
            ],
            [
              16.3057303641531,
              57.4364399732896
            ],
            [
              16.3057964405663,
              57.4364064535525
            ],
            [
              16.3058759246086,
              57.4363858766804
            ],
            [
              16.3060238224276,
              57.4363574367092
            ],
            [
              16.3061230528525,
              57.4363309715872
            ],
            [
              16.3063528499605,
              57.4361666029907
            ],
            [
              16.3065311124954,
              57.4360757349175
            ],
            [
              16.3067820030652,
              57.4360319623631
            ],
            [
              16.3070622147307,
              57.4360332836756
            ],
            [
              16.3074718626364,
              57.4360747658586
            ],
            [
              16.3077211628295,
              57.4361298806059
            ],
            [
              16.3078300861689,
              57.4362023163866
            ],
            [
              16.3079383243403,
              57.4363179082892
            ],
            [
              16.3080596698885,
              57.4364479435049
            ],
            [
              16.3082520791078,
              57.4365153741321
            ],
            [
              16.3084184364691,
              57.4365431305218
            ],
            [
              16.3086585476038,
              57.436547846145
            ],
            [
              16.3088346517771,
              57.4365918262973
            ],
            [
              16.3089435205923,
              57.4366678616862
            ],
            [
              16.3090018097074,
              57.4367778275077
            ],
            [
              16.3092060932466,
              57.4369370146334
            ],
            [
              16.3093518553847,
              57.4370006308791
            ],
            [
              16.3096075062232,
              57.4370773476442
            ],
            [
              16.3098132481365,
              57.4371448385747
            ],
            [
              16.3100115573113,
              57.4372608513061
            ],
            [
              16.310153568626,
              57.4373514226622
            ],
            [
              16.3103421482279,
              57.4374494068129
            ],
            [
              16.3106214718125,
              57.4375064531485
            ],
            [
              16.3109079522518,
              57.4375329577994
            ],
            [
              16.3110623978948,
              57.4375019575017
            ],
            [
              16.3114652732258,
              57.437458892724
            ],
            [
              16.311686532753,
              57.4374520802221
            ],
            [
              16.3120912894838,
              57.4373838469116
            ],
            [
              16.3124088226591,
              57.4373457649811
            ],
            [
              16.3126827588294,
              57.4373218675866
            ],
            [
              16.3129127073805,
              57.4373373228157
            ],
            [
              16.3130954259519,
              57.4373849215108
            ],
            [
              16.3133641965151,
              57.437476080757
            ],
            [
              16.3135966258106,
              57.4375454865562
            ],
            [
              16.3137394990323,
              57.4375821176081
            ],
            [
              16.3138021181212,
              57.4376291554661
            ],
            [
              16.3138707913685,
              57.4377175910598
            ],
            [
              16.3140811158915,
              57.4377077685881
            ],
            [
              16.3142882241573,
              57.4376907580234
            ],
            [
              16.3144617598333,
              57.4376861685506
            ],
            [
              16.3146376594769,
              57.437744528356
            ],
            [
              16.3147733392546,
              57.4378134817371
            ],
            [
              16.3149400681258,
              57.4378178511172
            ],
            [
              16.3151970752909,
              57.4378100551488
            ],
            [
              16.3155241572927,
              57.4378007803455
            ],
            [
              16.3157741710784,
              57.4378127228247
            ],
            [
              16.315947144076,
              57.4378458974232
            ],
            [
              16.3161057886678,
              57.4379383363013
            ],
            [
              16.3162412115752,
              57.4380252691691
            ],
            [
              16.3166026860315,
              57.4379514155909
            ],
            [
              16.3169169183096,
              57.4379097208303
            ],
            [
              16.3171907257592,
              57.4378948041777
            ],
            [
              16.3174439138615,
              57.4379175460263
            ],
            [
              16.317711403257,
              57.4378792189761
            ],
            [
              16.317945620733,
              57.4378353469628
            ],
            [
              16.318229107425,
              57.4378402522783
            ],
            [
              16.3184179113005,
              57.4379256331234
            ],
            [
              16.318555870387,
              57.4380629291583
            ],
            [
              16.3186576139623,
              57.4381694903394
            ],
            [
              16.3188333089461,
              57.4382404282584
            ],
            [
              16.3191024580654,
              57.4383081968386
            ],
            [
              16.3194384364363,
              57.4383708827301
            ],
            [
              16.3196641202828,
              57.4384456437796
            ],
            [
              16.3198098057818,
              57.4385164417458
            ],
            [
              16.3200325456472,
              57.4385660189133
            ],
            [
              16.3203789375229,
              57.4386017695196
            ],
            [
              16.3207520246796,
              57.438637649304
            ],
            [
              16.3208809853112,
              57.438710165953
            ],
            [
              16.3210809195854,
              57.43872546802
            ],
            [
              16.3213617081352,
              57.4386907951888
            ],
            [
              16.3216158584798,
              57.43865239845
            ],
            [
              16.3219321261492,
              57.4386952078336
            ],
            [
              16.322338062142,
              57.4387635908004
            ],
            [
              16.3225839275157,
              57.4388294551215
            ],
            [
              16.3227891201619,
              57.4389346910369
            ],
            [
              16.3228945089978,
              57.4390214717934
            ],
            [
              16.3229497673953,
              57.4391152312025
            ],
            [
              16.3231048896736,
              57.4392220336858
            ],
            [
              16.323260920862,
              57.4392712918208
            ],
            [
              16.3235343386442,
              57.4392815292511
            ],
            [
              16.3237283522839,
              57.4392482575334
            ],
            [
              16.3238963926109,
              57.4391699030253
            ],
            [
              16.3240730093275,
              57.4391832966916
            ],
            [
              16.324295547214,
              57.4392454502965
            ],
            [
              16.3245887848247,
              57.4392683682322
            ],
            [
              16.3248361022707,
              57.4392407217105
            ],
            [
              16.3251909790623,
              57.4391614230269
            ],
            [
              16.3256033403509,
              57.4390320394391
            ],
            [
              16.3259313343738,
              57.4389652006981
            ],
            [
              16.3261819805531,
              57.4389375667839
            ],
            [
              16.3264184822039,
              57.4389602290469
            ],
            [
              16.3266146515726,
              57.4390024717036
            ],
            [
              16.3268248243309,
              57.4390034296659
            ],
            [
              16.3268956907033,
              57.4389516020285
            ],
            [
              16.3270734499151,
              57.4388912773357
            ],
            [
              16.327233098726,
              57.4389225718117
            ],
            [
              16.3275027043528,
              57.4389633578084
            ],
            [
              16.3279220788001,
              57.4390263935101
            ],
            [
              16.3283285921954,
              57.4390588020079
            ],
            [
              16.3289256137364,
              57.439068701586
            ],
            [
              16.3295057384298,
              57.4390929032577
            ],
            [
              16.3297662366965,
              57.4390760948288
            ],
            [
              16.3300435060661,
              57.4390521748555
            ],
            [
              16.330293996099,
              57.4390335234262
            ],
            [
              16.3305604567281,
              57.4390616966159
            ],
            [
              16.3307295433167,
              57.4391307909827
            ],
            [
              16.3309592027204,
              57.4391659983717
            ],
            [
              16.3312388656394,
              57.4392032211133
            ],
            [
              16.3314222326905,
              57.439211237428
            ],
            [
              16.3316657093662,
              57.4392159314781
            ],
            [
              16.3319002405654,
              57.4391504590725
            ],
            [
              16.3321114760452,
              57.4390830767524
            ],
            [
              16.3323437921227,
              57.4389438670702
            ],
            [
              16.3325401414089,
              57.4387595454886
            ],
            [
              16.3326957144925,
              57.4386217927852
            ],
            [
              16.3328073469582,
              57.4385215960911
            ],
            [
              16.3328558180919,
              57.4384067328675
            ],
            [
              16.3329376601354,
              57.4382920199949
            ],
            [
              16.3331429247706,
              57.4381760669386
            ],
            [
              16.3333653888542,
              57.4380278195489
            ],
            [
              16.3335541592353,
              57.4379009960628
            ],
            [
              16.3336459651903,
              57.4377881245272
            ],
            [
              16.3337917578799,
              57.4376359447212
            ],
            [
              16.3339165440385,
              57.4375466017061
            ],
            [
              16.3340316541432,
              57.4374374210504
            ],
            [
              16.3341396137583,
              57.4373587971822
            ],
            [
              16.3342080546899,
              57.4372458202069
            ],
            [
              16.3341933741732,
              57.4371162906097
            ],
            [
              16.3341093882335,
              57.436936095647
            ],
            [
              16.3340321210744,
              57.4367541338978
            ],
            [
              16.333963066131,
              57.4366891022047
            ],
            [
              16.3338536862372,
              57.4366418498193
            ],
            [
              16.3337276209804,
              57.4365963333066
            ],
            [
              16.3335890946662,
              57.4364932196292
            ],
            [
              16.3335932624225,
              57.4364392982776
            ],
            [
              16.3337514701156,
              57.4363465050182
            ],
            [
              16.3338793875289,
              57.4362715575788
            ],
            [
              16.3339239637634,
              57.4361926413069
            ],
            [
              16.33388531074,
              57.4361025623557
            ],
            [
              16.3339171464248,
              57.4359840230411
            ],
            [
              16.3339883032985,
              57.4359124135318
            ],
            [
              16.3340610811943,
              57.4358601174168
            ],
            [
              16.3341208983377,
              57.4357883669529
            ],
            [
              16.3342040437678,
              57.4357704444353
            ],
            [
              16.3343004905929,
              57.4357704606918
            ],
            [
              16.3343470252717,
              57.4356933253698
            ],
            [
              16.3345431713845,
              57.4354995984129
            ],
            [
              16.3348025437159,
              57.4353758601399
            ],
            [
              16.3350652452913,
              57.4353256792434
            ],
            [
              16.3353013960394,
              57.4353634159062
            ],
            [
              16.335577501163,
              57.4355159784862
            ],
            [
              16.3357937700491,
              57.4357115904039
            ],
            [
              16.3359202346182,
              57.4358982197788
            ],
            [
              16.336113023478,
              57.4360694154861
            ],
            [
              16.3363473520605,
              57.4360857006004
            ],
            [
              16.3365788967475,
              57.4361166012538
            ],
            [
              16.3367190056738,
              57.4361215753658
            ],
            [
              16.3370062847012,
              57.4360681068324
            ],
            [
              16.3373652616466,
              57.436044869847
            ],
            [
              16.3377192702092,
              57.4360579243875
            ],
            [
              16.3380432491602,
              57.4360667508485
            ],
            [
              16.3380692771311,
              57.436076609053
            ]
          ],
          [
            [
              16.2236321708202,
              57.4474233690133
            ],
            [
              16.2238062938062,
              57.4474287905898
            ],
            [
              16.2239964487794,
              57.4474826870823
            ],
            [
              16.2243195625397,
              57.4475742682189
            ],
            [
              16.2245779206079,
              57.4476736842016
            ],
            [
              16.224844660486,
              57.4477303823044
            ],
            [
              16.2251813784218,
              57.4477081038992
            ],
            [
              16.2254446632116,
              57.4476788029262
            ],
            [
              16.225600868555,
              57.4476084140588
            ],
            [
              16.225864,
              57.44755
            ],
            [
              16.226359,
              57.447614
            ],
            [
              16.226539,
              57.447448
            ],
            [
              16.226847,
              57.447351
            ],
            [
              16.227341,
              57.447281
            ],
            [
              16.228362,
              57.447212
            ],
            [
              16.2291241278361,
              57.4471679699536
            ],
            [
              16.229682803489,
              57.4470965108945
            ],
            [
              16.230301,
              57.447353
            ],
            [
              16.23108,
              57.447552
            ],
            [
              16.2316104316826,
              57.447718099652
            ],
            [
              16.231857,
              57.44775
            ],
            [
              16.232143633209,
              57.4477756699288
            ],
            [
              16.2323141216095,
              57.4478183992056
            ],
            [
              16.2325686911406,
              57.4479435717144
            ],
            [
              16.2329538594572,
              57.4481277397097
            ],
            [
              16.2331784572871,
              57.4482565692784
            ],
            [
              16.2334690703567,
              57.4483044319286
            ],
            [
              16.2338313970563,
              57.4485479097304
            ],
            [
              16.2343041740725,
              57.4488342588946
            ],
            [
              16.2346668451894,
              57.44911546045
            ],
            [
              16.2350628806885,
              57.4493983802529
            ],
            [
              16.2355088273282,
              57.4496650179989
            ],
            [
              16.2359313478629,
              57.4499227368208
            ],
            [
              16.236228956773,
              57.4500065000712
            ],
            [
              16.2365269963599,
              57.4501405497567
            ],
            [
              16.2367648839969,
              57.4502603666298
            ],
            [
              16.2371195478726,
              57.4503835075271
            ],
            [
              16.2374906172537,
              57.4504742825937
            ],
            [
              16.2379220861897,
              57.4506044461013
            ],
            [
              16.2381132929721,
              57.450726158831
            ],
            [
              16.2381906642078,
              57.4508032174218
            ],
            [
              16.2382882295909,
              57.4508981938938
            ],
            [
              16.2383893363811,
              57.4510165204036
            ],
            [
              16.2384807855781,
              57.4511761786019
            ],
            [
              16.2385191995953,
              57.451377266517
            ],
            [
              16.2385200772739,
              57.4514778479535
            ],
            [
              16.2385203089167,
              57.4515065917813
            ],
            [
              16.2385939814063,
              57.4515387565732
            ],
            [
              16.2388910743107,
              57.4515578471712
            ],
            [
              16.2392078964602,
              57.4515463498966
            ],
            [
              16.2395543189994,
              57.4514845049692
            ],
            [
              16.240066,
              57.45108
            ],
            [
              16.240467,
              57.45049
            ],
            [
              16.2415651011998,
              57.4503399357742
            ]
          ],
          [
            [
              16.2236352258659,
              57.4474273359145
            ],
            [
              16.2236814195291,
              57.4474872873405
            ],
            [
              16.2238031509714,
              57.4476317229265
            ],
            [
              16.2238987227188,
              57.4477467905127
            ],
            [
              16.2238862737714,
              57.4477509536465
            ],
            [
              16.2237882220042,
              57.4477837899503
            ],
            [
              16.2235294708234,
              57.4478054806316
            ],
            [
              16.2232522522926,
              57.447827949028
            ],
            [
              16.2230681031713,
              57.4478484864865
            ],
            [
              16.2228738153485,
              57.4478707740313
            ],
            [
              16.2227095869614,
              57.4478990615281
            ],
            [
              16.2225639804881,
              57.4479402180527
            ],
            [
              16.2224058818344,
              57.4479947955055
            ],
            [
              16.2222397015896,
              57.4480725660736
            ],
            [
              16.2220529787271,
              57.4481589304815
            ],
            [
              16.2218464886877,
              57.4482511985177
            ],
            [
              16.2217177399418,
              57.4483098147369
            ],
            [
              16.2216476222228,
              57.4483688606612
            ],
            [
              16.2216111701436,
              57.4484295849374
            ],
            [
              16.2215928085218,
              57.4484882937014
            ],
            [
              16.2215972506086,
              57.4485565475147
            ],
            [
              16.2216042100098,
              57.4486097904929
            ],
            [
              16.2215820472913,
              57.4486449467019
            ],
            [
              16.2215181261549,
              57.4486698596471
            ],
            [
              16.2214332874828,
              57.4486797519709
            ],
            [
              16.2213009810367,
              57.4486712266202
            ],
            [
              16.2211610602778,
              57.4486476801822
            ],
            [
              16.2209508748148,
              57.448607406268
            ],
            [
              16.2207451298498,
              57.4485664509484
            ],
            [
              16.2205868756062,
              57.4485435798929
            ],
            [
              16.2203500957537,
              57.4485125271873
            ],
            [
              16.2200759832542,
              57.4484715707348
            ],
            [
              16.2199240569966,
              57.4484521117845
            ],
            [
              16.2197638787965,
              57.4484384605109
            ],
            [
              16.2196018290984,
              57.448426850763
            ],
            [
              16.2194657153809,
              57.4484166118736
            ],
            [
              16.2193555627906,
              57.4484183202365
            ],
            [
              16.2192213346952,
              57.4484299231239
            ],
            [
              16.2191460228507,
              57.4484278806411
            ],
            [
              16.2190156027869,
              57.4484244610757
            ],
            [
              16.2186345010972,
              57.4484237741833
            ],
            [
              16.218281231907,
              57.4484138748346
            ],
            [
              16.2176709677948,
              57.4484008872016
            ],
            [
              16.2175683974129,
              57.4484053293288
            ],
            [
              16.2174918010676,
              57.4484097590819
            ],
            [
              16.2173898941403,
              57.4484326206737
            ],
            [
              16.2173449398398,
              57.448459577737
            ],
            [
              16.2173063085997,
              57.448492005202
            ],
            [
              16.2172417374137,
              57.448525104002
            ],
            [
              16.2171600724549,
              57.4485472909053
            ],
            [
              16.2170771285958,
              57.4485752699678
            ],
            [
              16.2168986038261,
              57.4486295305081
            ],
            [
              16.2168574442562,
              57.4486534252634
            ],
            [
              16.2168017329283,
              57.4486977957894
            ],
            [
              16.2167118505878,
              57.4487325994263
            ],
            [
              16.2166466392007,
              57.4487650118125
            ],
            [
              16.2164573363419,
              57.4488168945226
            ],
            [
              16.2163851537622,
              57.4488267785418
            ],
            [
              16.2162902010813,
              57.4488312238184
            ],
            [
              16.2161255914124,
              57.4488527163497
            ],
            [
              16.2159913827589,
              57.4488735230827
            ],
            [
              16.2159141446366,
              57.4488987807768
            ],
            [
              16.2157818328156,
              57.4489390460448
            ],
            [
              16.215690672043,
              57.4489533740044
            ],
            [
              16.2156077187301,
              57.4489554254566
            ],
            [
              16.2155330345075,
              57.4489410855633
            ],
            [
              16.2154285738321,
              57.448917193126
            ],
            [
              16.2150784920515,
              57.4488356084744
            ],
            [
              16.2149303593086,
              57.4488031788072
            ],
            [
              16.2147163902518,
              57.4487628996147
            ],
            [
              16.2144182206767,
              57.4487103314324
            ],
            [
              16.2142137382484,
              57.4486795973843
            ],
            [
              16.2140497954887,
              57.448658424486
            ],
            [
              16.2139681216477,
              57.4486413607609
            ],
            [
              16.213899133881,
              57.4486147372
            ],
            [
              16.2138364679396,
              57.448569338162
            ],
            [
              16.2137680867378,
              57.4485150690464
            ],
            [
              16.2136908538996,
              57.4484792285418
            ],
            [
              16.2135876823637,
              57.4484659140597
            ],
            [
              16.2133699047701,
              57.4484635098532
            ],
            [
              16.2132255656954,
              57.4484747624029
            ],
            [
              16.2130976639822,
              57.4485262896945
            ],
            [
              16.213001428941,
              57.4485713398661
            ],
            [
              16.2129115227739,
              57.4486273009078
            ],
            [
              16.2127589473457,
              57.4486532270796
            ],
            [
              16.2125221846695,
              57.4486801778033
            ],
            [
              16.2123582074493,
              57.4486873345281
            ],
            [
              16.2121955158711,
              57.4486856128662
            ],
            [
              16.2120688991011,
              57.4486664976667
            ],
            [
              16.2119448225198,
              57.4486449908536
            ],
            [
              16.2117593444229,
              57.4485961755686
            ],
            [
              16.211646671502,
              57.4485596364739
            ],
            [
              16.2115536162388,
              57.4485193614433
            ],
            [
              16.2114922293512,
              57.4484872790488
            ],
            [
              16.2113700458685,
              57.448419352581
            ],
            [
              16.2113010674507,
              57.4483568909659
            ],
            [
              16.2112061409215,
              57.4482517651853
            ],
            [
              16.211133340873,
              57.4481814558964
            ],
            [
              16.2110251006071,
              57.448125132837
            ],
            [
              16.2108712856389,
              57.4480971355615
            ],
            [
              16.2106940374778,
              57.4480558261699
            ],
            [
              16.2105655304419,
              57.4480210030569
            ],
            [
              16.2104579258907,
              57.4479868661784
            ],
            [
              16.210352839708,
              57.4479629715493
            ],
            [
              16.2102300311247,
              57.4479428208804
            ],
            [
              16.2100559489598,
              57.4479301798743
            ],
            [
              16.2099647968163,
              57.4479172078671
            ],
            [
              16.2099071922347,
              57.4479001368709
            ],
            [
              16.2098445366598,
              57.4478697601038
            ],
            [
              16.2098008507745,
              57.447821980183
            ],
            [
              16.2097394811391,
              57.4477448385243
            ],
            [
              16.209559750926,
              57.4475509673068
            ],
            [
              16.2093097741763,
              57.447298396874
            ],
            [
              16.2091977737023,
              57.447134219483
            ],
            [
              16.2091294293405,
              57.4470482040519
            ],
            [
              16.209090194876,
              57.4470079362851
            ],
            [
              16.2090458985117,
              57.4469826727433
            ],
            [
              16.2089756172025,
              57.4469734509786
            ],
            [
              16.2088705466891,
              57.4469775390624
            ],
            [
              16.2086831532501,
              57.4469880981012
            ],
            [
              16.2085483095291,
              57.4470034441355
            ],
            [
              16.2084160011504,
              57.4470269895125
            ],
            [
              16.2082722955755,
              57.4470453915608
            ],
            [
              16.2081684663019,
              57.4470511919542
            ],
            [
              16.2080741417424,
              57.4470525430583
            ],
            [
              16.208001,
              57.446934
            ],
            [
              16.208007,
              57.446734
            ],
            [
              16.207702,
              57.446633
            ],
            [
              16.2075436939435,
              57.4465439722578
            ],
            [
              16.2074592116862,
              57.4464598980087
            ],
            [
              16.207301075125,
              57.4463491896561
            ],
            [
              16.207153686216,
              57.4462923068791
            ],
            [
              16.2071170915137,
              57.4461555388883
            ],
            [
              16.206753,
              57.445648
            ],
            [
              16.206475,
              57.445408
            ],
            [
              16.206506,
              57.445313
            ],
            [
              16.206446,
              57.445154
            ],
            [
              16.20609,
              57.444956
            ],
            [
              16.205634,
              57.444832
            ],
            [
              16.205686,
              57.44474
            ],
            [
              16.2057033018445,
              57.4445842058093
            ],
            [
              16.20587,
              57.444391
            ],
            [
              16.206054,
              57.444382
            ],
            [
              16.206253,
              57.444229
            ],
            [
              16.206202,
              57.444139
            ],
            [
              16.2059145865613,
              57.4440479521409
            ],
            [
              16.205769,
              57.443963
            ],
            [
              16.205694,
              57.443882
            ],
            [
              16.205678,
              57.443788
            ],
            [
              16.2055979135281,
              57.4436877238691
            ],
            [
              16.2053483053688,
              57.4436878978874
            ],
            [
              16.2047346288772,
              57.4436038985258
            ],
            [
              16.2044457435095,
              57.4435004948988
            ],
            [
              16.2042021773345,
              57.4433380682302
            ],
            [
              16.2039147853428,
              57.4432418872695
            ],
            [
              16.2036191064768,
              57.4431898756753
            ],
            [
              16.203174,
              57.443157
            ],
            [
              16.2030223484051,
              57.4431000923608
            ],
            [
              16.2027055687584,
              57.443042327041
            ],
            [
              16.2020159738698,
              57.4429908076393
            ],
            [
              16.2015695291645,
              57.44294841307
            ],
            [
              16.201407109403,
              57.44287354779
            ],
            [
              16.201189,
              57.442524
            ],
            [
              16.201049,
              57.442339
            ],
            [
              16.2010776326811,
              57.4422791089288
            ],
            [
              16.2011411383235,
              57.4422215945737
            ],
            [
              16.201166,
              57.442057
            ],
            [
              16.200915,
              57.441806
            ],
            [
              16.2008122314153,
              57.4417435879727
            ],
            [
              16.200459,
              57.441802
            ],
            [
              16.200034,
              57.442045
            ],
            [
              16.19982,
              57.442186
            ],
            [
              16.199468,
              57.442231
            ],
            [
              16.199327,
              57.442181
            ],
            [
              16.199017,
              57.442248
            ],
            [
              16.198678,
              57.442471
            ],
            [
              16.198515,
              57.4425
            ],
            [
              16.197991,
              57.442477
            ],
            [
              16.197546,
              57.442318
            ],
            [
              16.197244,
              57.442224
            ],
            [
              16.1968971192053,
              57.4420847963847
            ],
            [
              16.196655,
              57.441867
            ],
            [
              16.196516,
              57.441814
            ],
            [
              16.196388,
              57.441873
            ],
            [
              16.196406,
              57.441967
            ],
            [
              16.196087,
              57.442036
            ],
            [
              16.196002,
              57.441852
            ],
            [
              16.1958615239948,
              57.4417450384844
            ],
            [
              16.195641,
              57.441641
            ],
            [
              16.19601,
              57.441428
            ],
            [
              16.195884,
              57.441165
            ],
            [
              16.19598,
              57.440912
            ],
            [
              16.1966275902405,
              57.4405710154188
            ],
            [
              16.196625957622,
              57.4404542816038
            ],
            [
              16.1965880587827,
              57.4403646371792
            ],
            [
              16.1965667470844,
              57.4402695372697
            ],
            [
              16.1964923182725,
              57.4401872138241
            ],
            [
              16.196438208141,
              57.4401281607225
            ],
            [
              16.196324350546,
              57.4400837083025
            ],
            [
              16.1960738644155,
              57.4400326226546
            ],
            [
              16.1959071809557,
              57.4400206999238
            ],
            [
              16.1957501636389,
              57.4399853993272
            ],
            [
              16.1955799426592,
              57.4399591220206
            ],
            [
              16.1953228468727,
              57.4399116483792
            ],
            [
              16.1951562158278,
              57.4399033248189
            ],
            [
              16.1949460118359,
              57.439875409701
            ],
            [
              16.1946590502132,
              57.4398352346988
            ],
            [
              16.1940957895897,
              57.4397860720517
            ],
            [
              16.1940607233044,
              57.4398009941603
            ],
            [
              16.1939486465656,
              57.4398521636458
            ],
            [
              16.1938530351471,
              57.4399245004021
            ],
            [
              16.1937814694976,
              57.4399954737027
            ],
            [
              16.1937092603556,
              57.4400640583826
            ],
            [
              16.1936452945288,
              57.4401118270832
            ],
            [
              16.1935237319905,
              57.4401820990864
            ],
            [
              16.1933806350083,
              57.4402537482986
            ],
            [
              16.1932191726049,
              57.4403393769146
            ],
            [
              16.193166614031,
              57.4403721222793
            ],
            [
              16.1931115312082,
              57.4403973704702
            ],
            [
              16.1930343014913,
              57.4404270403114
            ],
            [
              16.1929266682062,
              57.4404591070089
            ],
            [
              16.1928285508724,
              57.4404788729042
            ],
            [
              16.1926880239151,
              57.4404976169415
            ],
            [
              16.1924259811989,
              57.440518718073
            ],
            [
              16.1922322945981,
              57.4405285693251
            ],
            [
              16.1920936673367,
              57.4405363900064
            ],
            [
              16.191858,
              57.440515
            ]
          ],
          [
            [
              16.137966678238,
              57.4360461623922
            ],
            [
              16.1381985278235,
              57.4360622059241
            ],
            [
              16.1387492644587,
              57.436027735085
            ],
            [
              16.1403741896898,
              57.4359170427742
            ],
            [
              16.1421824798736,
              57.435772821526
            ],
            [
              16.1426309973102,
              57.4357202618976
            ],
            [
              16.1438402828625,
              57.4355409254087
            ],
            [
              16.1455113309181,
              57.4352722834739
            ],
            [
              16.1468629677236,
              57.4350411710908
            ],
            [
              16.1472973522126,
              57.4349336005112
            ],
            [
              16.1475958854822,
              57.4348484093505
            ],
            [
              16.1478297362807,
              57.4347767579811
            ],
            [
              16.1479100088941,
              57.4348721046563
            ],
            [
              16.1479764349079,
              57.4349777174885
            ],
            [
              16.1480763998554,
              57.4351883150571
            ],
            [
              16.148179174472,
              57.4354480126911
            ],
            [
              16.1484355162074,
              57.4359932471732
            ],
            [
              16.1486432451438,
              57.4364485399832
            ],
            [
              16.1487687907267,
              57.4367047850098
            ],
            [
              16.1488661631487,
              57.4369072031188
            ],
            [
              16.1489720298997,
              57.4370482043014
            ],
            [
              16.1490865632621,
              57.4371591912479
            ],
            [
              16.1492275283871,
              57.4372523798681
            ],
            [
              16.1494585823288,
              57.4373863392017
            ],
            [
              16.1498353707059,
              57.4375657416805
            ],
            [
              16.1502058671367,
              57.4377499268186
            ],
            [
              16.1506851508453,
              57.4379870505894
            ],
            [
              16.1510682831872,
              57.4381940827835
            ],
            [
              16.1512965300374,
              57.438308190348
            ],
            [
              16.1515412446311,
              57.4384305179155
            ],
            [
              16.1517182491612,
              57.4385350507149
            ],
            [
              16.1518952714298,
              57.4386313828959
            ],
            [
              16.1519989595585,
              57.4386962882286
            ],
            [
              16.1520747778485,
              57.4387659568614
            ],
            [
              16.1521290230316,
              57.4388656462333
            ],
            [
              16.1522236525078,
              57.4390267851204
            ],
            [
              16.1523246425657,
              57.4391742803224
            ],
            [
              16.1524054122081,
              57.4392958174016
            ],
            [
              16.1524558103604,
              57.4394289487079
            ],
            [
              16.1524821819492,
              57.439545687385
            ],
            [
              16.1525123275528,
              57.4396651539588
            ],
            [
              16.1525551584443,
              57.4397764433121
            ],
            [
              16.1526056636109,
              57.4398454060297
            ],
            [
              16.1526751751335,
              57.439905514922
            ],
            [
              16.152756083861,
              57.4399704025332
            ],
            [
              16.1528445482482,
              57.4400387030237
            ],
            [
              16.1528575198777,
              57.440045201539
            ],
            [
              16.1529482671986,
              57.440090640549
            ],
            [
              16.1531480763184,
              57.4401917763335
            ],
            [
              16.1534364395737,
              57.4403263964917
            ],
            [
              16.1536754695072,
              57.4404548423399
            ],
            [
              16.1538879223756,
              57.4405614403798
            ],
            [
              16.1540573544401,
              57.4406632380098
            ],
            [
              16.1540782327629,
              57.4406832030978
            ],
            [
              16.1540902174309,
              57.4406946591725
            ],
            [
              16.1543165429752,
              57.4408429007559
            ],
            [
              16.154441718661,
              57.440921457827
            ],
            [
              16.1545644021623,
              57.4409822736189
            ],
            [
              16.1546934567092,
              57.4410151022207
            ],
            [
              16.1548212717796,
              57.4410390600973
            ],
            [
              16.1550832327636,
              57.4410787866032
            ],
            [
              16.1553932953769,
              57.4411233198408
            ],
            [
              16.1556603051545,
              57.441175331646
            ],
            [
              16.1558867564858,
              57.4412498541227
            ],
            [
              16.1560802872012,
              57.4413461925948
            ],
            [
              16.1561827303725,
              57.4414015357279
            ],
            [
              16.1563003802049,
              57.4414398201709
            ],
            [
              16.1566521566152,
              57.4415273658525
            ],
            [
              16.1568166550522,
              57.4415629407011
            ],
            [
              16.156954581477,
              57.441593054762
            ],
            [
              16.1571444541404,
              57.4415958732268
            ],
            [
              16.1573406768526,
              57.4415911978131
            ],
            [
              16.1575736173593,
              57.4415838046622
            ],
            [
              16.1582787985353,
              57.441538423753
            ],
            [
              16.1587814273419,
              57.4415018129956
            ],
            [
              16.1590472919473,
              57.4414801048878
            ],
            [
              16.1590985429477,
              57.4413821661251
            ],
            [
              16.1591271657456,
              57.4413033426573
            ],
            [
              16.1591456414635,
              57.4412269091612
            ],
            [
              16.1591654549386,
              57.4411136066945
            ],
            [
              16.1591845985215,
              57.4410228352475
            ],
            [
              16.1592132073529,
              57.4409440045499
            ],
            [
              16.1592531961245,
              57.4408764500216
            ],
            [
              16.1593140758888,
              57.4408061711487
            ],
            [
              16.1594249959349,
              57.4407174969445
            ],
            [
              16.1595561947714,
              57.4406114161939
            ],
            [
              16.1596785086101,
              57.4405090836792
            ],
            [
              16.1597399959668,
              57.4404504151837
            ],
            [
              16.1597862905185,
              57.4404002648597
            ],
            [
              16.1598053719451,
              57.440342251302
            ],
            [
              16.1598118070321,
              57.4402740010722
            ],
            [
              16.1598151371831,
              57.4401791157464
            ],
            [
              16.1598310592843,
              57.4401153085179
            ],
            [
              16.1598552112745,
              57.4400607144325
            ],
            [
              16.159888832622,
              57.440014308591
            ],
            [
              16.1599572697937,
              57.4399617852184
            ],
            [
              16.1600643688162,
              57.4398812924992
            ],
            [
              16.1601815862769,
              57.4398025098658
            ],
            [
              16.1602601435401,
              57.439758860915
            ],
            [
              16.160351336353,
              57.4397285345488
            ],
            [
              16.1604026288909,
              57.4397217331431
            ],
            [
              16.1604880632441,
              57.439719725558
            ],
            [
              16.1607057817715,
              57.4397246118981
            ],
            [
              16.1609209654461,
              57.4397243689253
            ],
            [
              16.1610741189601,
              57.4397346809788
            ],
            [
              16.1612101672326,
              57.4397473736085
            ],
            [
              16.1613291623823,
              57.4397511821447
            ],
            [
              16.1614120784027,
              57.4397457618102
            ],
            [
              16.1615386835312,
              57.4397308008853
            ],
            [
              16.1616767104943,
              57.4396953647669
            ],
            [
              16.1619205160708,
              57.4396197222889
            ],
            [
              16.1620788230432,
              57.4395685957271
            ],
            [
              16.1622175588125,
              57.4394983563484
            ],
            [
              16.1623246164101,
              57.4394308359231
            ],
            [
              16.1624254037773,
              57.4393319009666
            ],
            [
              16.1625154189897,
              57.4392415009524
            ],
            [
              16.1625927417132,
              57.4391818082862
            ],
            [
              16.162701031362,
              57.4391334012376
            ],
            [
              16.1628226042085,
              57.4391068337055
            ],
            [
              16.1629795775705,
              57.4390888225676
            ],
            [
              16.1631182059043,
              57.4390782956273
            ],
            [
              16.1632435557852,
              57.4390588958993
            ],
            [
              16.1634594417775,
              57.4390166741067
            ],
            [
              16.1636550617236,
              57.4389819563509
            ],
            [
              16.1638582738469,
              57.4389571339265
            ],
            [
              16.164031694843,
              57.4389493614342
            ],
            [
              16.1642120771764,
              57.438950124218
            ],
            [
              16.164498136725,
              57.438948891292
            ],
            [
              16.1646665098325,
              57.4389400891233
            ],
            [
              16.1648165434123,
              57.4389131851826
            ],
            [
              16.1649286135881,
              57.4388780946068
            ],
            [
              16.1650147910821,
              57.4388204543021
            ],
            [
              16.1651060162388,
              57.4387570042829
            ],
            [
              16.1651884505767,
              57.438658749582
            ],
            [
              16.1652660620044,
              57.4385358206573
            ],
            [
              16.1653135968165,
              57.438455579945
            ],
            [
              16.1653421269068,
              57.4383716264274
            ],
            [
              16.1653430036193,
              57.4383431835772
            ],
            [
              16.1653457601352,
              57.4382529286748
            ],
            [
              16.1653553655707,
              57.4381761717556
            ],
            [
              16.1653675764626,
              57.4381089551404
            ],
            [
              16.1654110023837,
              57.4379809729557
            ],
            [
              16.1654401431529,
              57.4378949675867
            ],
            [
              16.1654877335191,
              57.4378218910597
            ],
            [
              16.1654908169842,
              57.4378116608392
            ],
            [
              16.1655556272705,
              57.437759007042
            ],
            [
              16.1656570393556,
              57.4376991206417
            ],
            [
              16.1657610701699,
              57.4376501507992
            ],
            [
              16.1658624215974,
              57.4375800357283
            ],
            [
              16.1659695150678,
              57.4375146852954
            ],
            [
              16.1660911760977,
              57.437454088777
            ],
            [
              16.1662647028751,
              57.4373812463414
            ],
            [
              16.1662658667628,
              57.4373807576617
            ]
          ]
        ]
      }
    }
  ]
}
