{
  "type": "FeatureCollection",
  "features": [
    {
      "type": "Feature",
      "properties": {
        "trailId": "ostkustleden",
        "sectionId": "ostkustleden-etapp-2-nynas-lonhult",
        "candidateGeometry": true,
        "runtimeImportApproved": false,
        "sourceUrl": "https://www.naturkartan.se/sv/kalmar-lan/nynas-lonhult-ostkustleden-etapp-2.gpx",
        "source": "candidate-normalized-geojson",
        "classification": "navigation-grade main line with start-endpoint policy caveat",
        "sourceComputedDistanceKm": 20.622734,
        "lineCount": 1,
        "pointCount": 1479,
        "componentSelectionApplied": false,
        "selectedComponentIndexes": null,
        "reverseApplied": false,
        "densifyApplied": false,
        "buildPolicyNotes": null,
        "lastUpdated": "2026-04-30",
        "id": "ostkustleden-etapp-2-nynas-lonhult",
        "trailSystemId": "ostkustleden",
        "name": "Ostkustleden Etapp 2, Nynäs - Lönhult",
        "part": 1
      },
      "geometry": {
        "type": "LineString",
        "coordinates": [
          [
            16.2658329902813,
            57.3578725758206
          ],
          [
            16.265543,
            57.3578499999753
          ],
          [
            16.2651396860617,
            57.3578144852629
          ],
          [
            16.2649006997429,
            57.3577213827323
          ],
          [
            16.2647074385273,
            57.3576960757193
          ],
          [
            16.2644457136012,
            57.3577217201932
          ],
          [
            16.26411824746,
            57.3577163554736
          ],
          [
            16.2639293064791,
            57.3577029343968
          ],
          [
            16.2637096857643,
            57.3576752006152
          ],
          [
            16.2634991857228,
            57.3575964037225
          ],
          [
            16.2632963115671,
            57.3574946387761
          ],
          [
            16.2629739890338,
            57.3575775974933
          ],
          [
            16.2627076532137,
            57.3576364909797
          ],
          [
            16.26229,
            57.3577159999752
          ],
          [
            16.261653,
            57.3576879999752
          ],
          [
            16.261439,
            57.3576689999753
          ],
          [
            16.2611999772005,
            57.3576146338582
          ],
          [
            16.2609847163906,
            57.3575928431086
          ],
          [
            16.260852954927,
            57.3575747743377
          ],
          [
            16.260699,
            57.3575549999752
          ],
          [
            16.260546,
            57.3575149999753
          ],
          [
            16.260396,
            57.3574779999752
          ],
          [
            16.26021,
            57.3574599999752
          ],
          [
            16.260037,
            57.3574479999752
          ],
          [
            16.259872,
            57.3574519999752
          ],
          [
            16.259736,
            57.3574679999752
          ],
          [
            16.259605,
            57.3575059999752
          ],
          [
            16.259492,
            57.3575609999752
          ],
          [
            16.259364,
            57.3576099999752
          ],
          [
            16.259205,
            57.3576419999753
          ],
          [
            16.2590545301579,
            57.357647371216
          ],
          [
            16.2587727395045,
            57.3577157300379
          ],
          [
            16.2585019610415,
            57.3577805456418
          ],
          [
            16.2583432859193,
            57.3578443879849
          ],
          [
            16.2581824122723,
            57.3579082259052
          ],
          [
            16.2580347259343,
            57.3579720889651
          ],
          [
            16.2579002035116,
            57.3580395408776
          ],
          [
            16.257724,
            57.3582009999752
          ],
          [
            16.257577,
            57.3582799999752
          ],
          [
            16.257414,
            57.3583379999752
          ],
          [
            16.25727,
            57.3583579999753
          ],
          [
            16.257152,
            57.3583649999752
          ],
          [
            16.256998,
            57.3583729999752
          ],
          [
            16.256811,
            57.3583969999752
          ],
          [
            16.256659,
            57.3584339999753
          ],
          [
            16.256519,
            57.3584799999752
          ],
          [
            16.256373,
            57.3585299999752
          ],
          [
            16.256195,
            57.3586109999753
          ],
          [
            16.256169,
            57.3586809999752
          ],
          [
            16.256206,
            57.3587279999752
          ],
          [
            16.256289,
            57.3587839999752
          ],
          [
            16.256403,
            57.3588339999753
          ],
          [
            16.256421,
            57.3590189999752
          ],
          [
            16.256483,
            57.3590509999752
          ],
          [
            16.256584,
            57.3590999999753
          ],
          [
            16.256695328326,
            57.3591601036798
          ],
          [
            16.256747,
            57.3591879999752
          ],
          [
            16.2567754968097,
            57.3592668535226
          ],
          [
            16.2568409514398,
            57.3593406299809
          ],
          [
            16.2568933043378,
            57.3594013141665
          ],
          [
            16.2569383043181,
            57.359467314173
          ],
          [
            16.2569593043118,
            57.3594923141761
          ],
          [
            16.25705,
            57.3595849999753
          ],
          [
            16.2570671089251,
            57.3597105045847
          ],
          [
            16.2570821345099,
            57.3597651771402
          ],
          [
            16.2570830612953,
            57.3599576193034
          ],
          [
            16.2570668191767,
            57.3600870694488
          ],
          [
            16.2570089227176,
            57.3601998085563
          ],
          [
            16.2569622127804,
            57.360282871643
          ],
          [
            16.256911012151,
            57.3603801808828
          ],
          [
            16.2568972579539,
            57.3604656833747
          ],
          [
            16.2568134148803,
            57.3605130375969
          ],
          [
            16.2566460032512,
            57.3605661697839
          ],
          [
            16.2564824524419,
            57.3607000866485
          ],
          [
            16.256285,
            57.3607949999752
          ],
          [
            16.256157,
            57.3608659999752
          ],
          [
            16.256007,
            57.3609279999753
          ],
          [
            16.255864,
            57.3609849999753
          ],
          [
            16.2557447376507,
            57.3610397962232
          ],
          [
            16.2556294509758,
            57.3610476775484
          ],
          [
            16.2553522613457,
            57.3610804005431
          ],
          [
            16.2551872725576,
            57.3610990863008
          ],
          [
            16.2548815772595,
            57.3611210616997
          ],
          [
            16.254263718093,
            57.3611459911926
          ],
          [
            16.2538177606242,
            57.361104731295
          ],
          [
            16.2535671539584,
            57.3611066168466
          ],
          [
            16.2532812969275,
            57.3611203118643
          ],
          [
            16.2528635976286,
            57.361126620094
          ],
          [
            16.2527120839868,
            57.3611025645338
          ],
          [
            16.252442629554,
            57.3609654261182
          ],
          [
            16.2521291661314,
            57.3608353279091
          ],
          [
            16.2518378867614,
            57.3606755750517
          ],
          [
            16.2514888002371,
            57.3606131155243
          ],
          [
            16.2511573240657,
            57.3605471261229
          ],
          [
            16.2509881725866,
            57.3605313489463
          ],
          [
            16.2507685850688,
            57.3604976531585
          ],
          [
            16.2505163081662,
            57.3604223155876
          ],
          [
            16.250129,
            57.3602659999752
          ],
          [
            16.249995589313,
            57.3602093182379
          ],
          [
            16.249912,
            57.3601639999752
          ],
          [
            16.2497941824512,
            57.3600933794442
          ],
          [
            16.2497417562139,
            57.3600450463546
          ],
          [
            16.2496892686574,
            57.3600057411897
          ],
          [
            16.249638,
            57.3599679999752
          ],
          [
            16.2495623150713,
            57.3598622275284
          ],
          [
            16.2493836976512,
            57.3598048467372
          ],
          [
            16.2493122771018,
            57.3597819027866
          ],
          [
            16.2489788560099,
            57.3597448886098
          ],
          [
            16.2485834456416,
            57.3597653868393
          ],
          [
            16.2484604457736,
            57.3597633868467
          ],
          [
            16.24803,
            57.3597859999752
          ],
          [
            16.247807,
            57.3597779999752
          ],
          [
            16.2475663290437,
            57.3597904102431
          ],
          [
            16.2472163517535,
            57.3598597943931
          ],
          [
            16.247121,
            57.3598779999753
          ],
          [
            16.246985,
            57.3598049999752
          ],
          [
            16.246918,
            57.3597299999752
          ],
          [
            16.24686,
            57.3596579999752
          ],
          [
            16.246824,
            57.3595779999753
          ],
          [
            16.246809,
            57.3594889999753
          ],
          [
            16.246828,
            57.3593659999753
          ],
          [
            16.246794,
            57.3593439999752
          ],
          [
            16.246767,
            57.3592919999753
          ],
          [
            16.246728,
            57.3592239999753
          ],
          [
            16.246728,
            57.3591559999752
          ],
          [
            16.246787,
            57.3590599999752
          ],
          [
            16.246723,
            57.3590219999752
          ],
          [
            16.246655,
            57.3589649999752
          ],
          [
            16.246571,
            57.3588969999753
          ],
          [
            16.246492,
            57.3587909999753
          ],
          [
            16.246432,
            57.3587119999752
          ],
          [
            16.246428,
            57.3586789999752
          ],
          [
            16.246431,
            57.3586199999752
          ],
          [
            16.246434,
            57.3585609999752
          ],
          [
            16.246414,
            57.3584969999752
          ],
          [
            16.246385,
            57.3584329999752
          ],
          [
            16.2463778600517,
            57.3580514266362
          ],
          [
            16.2461956626031,
            57.3578834560767
          ],
          [
            16.2460737116414,
            57.3577344048531
          ],
          [
            16.24560707568,
            57.3576361068995
          ],
          [
            16.2453344361711,
            57.3574931675934
          ],
          [
            16.2452004362784,
            57.357452167598
          ],
          [
            16.2450484364015,
            57.3574171676033
          ],
          [
            16.2449034365204,
            57.3573961676084
          ],
          [
            16.2446926155969,
            57.3573696063673
          ],
          [
            16.2445733080652,
            57.3573671395272
          ],
          [
            16.2443433083683,
            57.3573451394402
          ],
          [
            16.2439977543286,
            57.3573204267363
          ],
          [
            16.243818754527,
            57.35732842684
          ],
          [
            16.2436207547409,
            57.3573344269547
          ],
          [
            16.243463754899,
            57.3573334270455
          ],
          [
            16.2433137550204,
            57.3573174271321
          ],
          [
            16.2431597551418,
            57.3572994272212
          ],
          [
            16.2430057552612,
            57.3572804273102
          ],
          [
            16.241993,
            57.3571789999753
          ],
          [
            16.241841,
            57.3571669999753
          ],
          [
            16.2407932748909,
            57.3570777293778
          ],
          [
            16.2403253692612,
            57.3570411280145
          ],
          [
            16.2401760114673,
            57.3570265650071
          ],
          [
            16.2400156222148,
            57.3570179185661
          ],
          [
            16.2398594944241,
            57.357028287202
          ],
          [
            16.239767,
            57.3570969999752
          ],
          [
            16.239626,
            57.3570489999753
          ],
          [
            16.23952,
            57.3570259999753
          ],
          [
            16.2395016123896,
            57.356974091495
          ],
          [
            16.2392995473615,
            57.3569534788542
          ],
          [
            16.2391235042727,
            57.3569375736753
          ],
          [
            16.2389755042917,
            57.3569125737146
          ],
          [
            16.2387605043115,
            57.3568675737718
          ],
          [
            16.2386455043194,
            57.3568405738023
          ],
          [
            16.2385035043304,
            57.3568085738401
          ],
          [
            16.2383385043451,
            57.3567735738839
          ],
          [
            16.2381145043701,
            57.3567315739435
          ],
          [
            16.2379245043846,
            57.3566885739941
          ],
          [
            16.237702,
            57.3566439999752
          ],
          [
            16.237576,
            57.3566059999753
          ],
          [
            16.237422,
            57.3565599999752
          ],
          [
            16.237218,
            57.3564999999752
          ],
          [
            16.237041,
            57.3564889999752
          ],
          [
            16.236989,
            57.3564749999753
          ],
          [
            16.236832,
            57.3564359999753
          ],
          [
            16.236656,
            57.3564039999753
          ],
          [
            16.236496,
            57.3563929999752
          ],
          [
            16.236324,
            57.3563899999753
          ],
          [
            16.236073,
            57.3563889999753
          ],
          [
            16.235896,
            57.3564139999753
          ],
          [
            16.23576,
            57.3564549999752
          ],
          [
            16.2355515483017,
            57.3564454434555
          ],
          [
            16.2354093366411,
            57.3565332691404
          ],
          [
            16.2351775686531,
            57.3566007417008
          ],
          [
            16.2350321911034,
            57.3566443883032
          ],
          [
            16.23448,
            57.3567349999753
          ],
          [
            16.23431,
            57.3567399999753
          ],
          [
            16.234145,
            57.3567449999753
          ],
          [
            16.233975,
            57.3567529999752
          ],
          [
            16.2338,
            57.3567739999753
          ],
          [
            16.233634,
            57.3568009999753
          ],
          [
            16.233455,
            57.3568219999752
          ],
          [
            16.233273,
            57.3568379999753
          ],
          [
            16.233112,
            57.3568109999752
          ],
          [
            16.232992,
            57.3567449999752
          ],
          [
            16.232889,
            57.3566859999752
          ],
          [
            16.232784,
            57.3566399999752
          ],
          [
            16.232688,
            57.3565959999753
          ],
          [
            16.232551,
            57.3565549999752
          ],
          [
            16.232403,
            57.3565039999752
          ],
          [
            16.232141,
            57.3564229999753
          ],
          [
            16.232038,
            57.3563739999752
          ],
          [
            16.231822,
            57.3561659999753
          ],
          [
            16.231661,
            57.3561359999752
          ],
          [
            16.231547,
            57.3561279999752
          ],
          [
            16.231421,
            57.3561299999752
          ],
          [
            16.23129,
            57.3561349999752
          ],
          [
            16.231131,
            57.3561449999752
          ],
          [
            16.230963,
            57.3561479999752
          ],
          [
            16.230787,
            57.3561429999752
          ],
          [
            16.23061,
            57.3561389999752
          ],
          [
            16.23038,
            57.3561419999752
          ],
          [
            16.230165,
            57.3561499999752
          ],
          [
            16.229952,
            57.3561549999752
          ],
          [
            16.229772,
            57.3561339999752
          ],
          [
            16.229619,
            57.3561239999752
          ],
          [
            16.229449,
            57.3561429999752
          ],
          [
            16.229391,
            57.3561479999752
          ],
          [
            16.229317,
            57.3561589999753
          ],
          [
            16.229225,
            57.3561739999752
          ],
          [
            16.22911,
            57.3561939999752
          ],
          [
            16.228754,
            57.3562519999753
          ],
          [
            16.228474,
            57.3563049999752
          ],
          [
            16.22823,
            57.3562979999753
          ],
          [
            16.228161,
            57.3562869999753
          ],
          [
            16.228065,
            57.3562799999752
          ],
          [
            16.227958,
            57.3562739999753
          ],
          [
            16.227813,
            57.3562649999752
          ],
          [
            16.22766,
            57.3562509999752
          ],
          [
            16.227521,
            57.3562309999752
          ],
          [
            16.227383,
            57.3562139999752
          ],
          [
            16.227238,
            57.3561949999752
          ],
          [
            16.227083,
            57.3561789999753
          ],
          [
            16.226885,
            57.3561569999752
          ],
          [
            16.226677,
            57.3561349999752
          ],
          [
            16.226485,
            57.3561329999753
          ],
          [
            16.225977,
            57.3561709999753
          ],
          [
            16.225667,
            57.3561999999753
          ],
          [
            16.225499,
            57.3562139999752
          ],
          [
            16.225316,
            57.3562389999753
          ],
          [
            16.225168,
            57.3562949999752
          ],
          [
            16.225059,
            57.3563349999753
          ],
          [
            16.224947,
            57.3563689999753
          ],
          [
            16.22483,
            57.3564089999752
          ],
          [
            16.224671,
            57.3564479999753
          ],
          [
            16.224475,
            57.3565099999753
          ],
          [
            16.224416,
            57.3565299999752
          ],
          [
            16.224323,
            57.3565559999752
          ],
          [
            16.224217,
            57.3565859999753
          ],
          [
            16.224078,
            57.3566229999753
          ],
          [
            16.223937,
            57.3566609999753
          ],
          [
            16.2238,
            57.3566939999752
          ],
          [
            16.223669,
            57.3567249999752
          ],
          [
            16.223524,
            57.3567609999753
          ],
          [
            16.223379,
            57.3568029999753
          ],
          [
            16.223217,
            57.3568489999753
          ],
          [
            16.223037,
            57.3569019999753
          ],
          [
            16.222601,
            57.3570349999752
          ],
          [
            16.222392,
            57.3571049999752
          ],
          [
            16.222236,
            57.3571489999752
          ],
          [
            16.222073,
            57.3572009999753
          ],
          [
            16.221915,
            57.3572389999752
          ],
          [
            16.221733,
            57.3572689999752
          ],
          [
            16.2216,
            57.3573179999752
          ],
          [
            16.221474,
            57.3573629999752
          ],
          [
            16.221432,
            57.3573769999752
          ],
          [
            16.221372,
            57.3573929999753
          ],
          [
            16.221299,
            57.3574139999752
          ],
          [
            16.221211,
            57.3574399999753
          ],
          [
            16.220772,
            57.3575509999752
          ],
          [
            16.220509,
            57.3576109999752
          ],
          [
            16.220311,
            57.3576549999753
          ],
          [
            16.220125,
            57.3577119999752
          ],
          [
            16.219978,
            57.3577799999752
          ],
          [
            16.219896,
            57.3578239999753
          ],
          [
            16.2196002289083,
            57.3579378963321
          ],
          [
            16.2194482289739,
            57.3579958962808
          ],
          [
            16.219304229044,
            57.3580438962322
          ],
          [
            16.2191542291299,
            57.3580828961816
          ],
          [
            16.2189773697276,
            57.3580988503196
          ],
          [
            16.2188166629631,
            57.3581317528532
          ],
          [
            16.2186906280966,
            57.3581613440758
          ],
          [
            16.2183475245083,
            57.3581890867131
          ],
          [
            16.2181655245966,
            57.3582050866951
          ],
          [
            16.2179815246841,
            57.3582260866771
          ],
          [
            16.2178025247641,
            57.3582620866595
          ],
          [
            16.217489,
            57.3583649999752
          ],
          [
            16.217318,
            57.3583949999753
          ],
          [
            16.2170473297184,
            57.3584081345052
          ],
          [
            16.2168847602732,
            57.3583970778884
          ],
          [
            16.2167914529198,
            57.35837199996
          ],
          [
            16.216691,
            57.3583569999753
          ],
          [
            16.216548,
            57.3583889999752
          ],
          [
            16.216484,
            57.3584059999752
          ],
          [
            16.216405,
            57.3584299999752
          ],
          [
            16.216301,
            57.3584589999752
          ],
          [
            16.216163,
            57.3584949999752
          ],
          [
            16.216023,
            57.3585269999753
          ],
          [
            16.215883,
            57.3585579999752
          ],
          [
            16.215745,
            57.3585839999752
          ],
          [
            16.21561,
            57.3586079999752
          ],
          [
            16.215473,
            57.3586289999752
          ],
          [
            16.215331,
            57.3586499999752
          ],
          [
            16.215186,
            57.3586669999752
          ],
          [
            16.215033,
            57.3586789999752
          ],
          [
            16.2144270069013,
            57.358725328548
          ],
          [
            16.2142646306912,
            57.3586893229725
          ],
          [
            16.2138235955242,
            57.3585794466712
          ],
          [
            16.2136024583665,
            57.3585247753339
          ],
          [
            16.2133967885049,
            57.3584522399512
          ],
          [
            16.213277091465,
            57.3583938001836
          ],
          [
            16.2131103150112,
            57.3583477662002
          ],
          [
            16.2128303198174,
            57.358323448377
          ],
          [
            16.212589568573,
            57.3583038925211
          ],
          [
            16.2124595590499,
            57.3582893407956
          ],
          [
            16.2122066259334,
            57.3582536008675
          ],
          [
            16.2120660068816,
            57.3582466270787
          ],
          [
            16.2119515627248,
            57.3582653717837
          ],
          [
            16.2117582754032,
            57.3583208291916
          ],
          [
            16.211616,
            57.3583589999753
          ],
          [
            16.21144,
            57.3583519999752
          ],
          [
            16.211306,
            57.3583549999752
          ],
          [
            16.2111068844244,
            57.3583007990892
          ],
          [
            16.2108498317824,
            57.3582859541214
          ],
          [
            16.2106428002647,
            57.3583389342276
          ],
          [
            16.2104446723737,
            57.3583776796028
          ],
          [
            16.2102511085367,
            57.3583950528676
          ],
          [
            16.2099676984008,
            57.3583777696257
          ],
          [
            16.2097455510351,
            57.3583962641693
          ],
          [
            16.2095057631775,
            57.3584218450544
          ],
          [
            16.209281,
            57.3584669999753
          ],
          [
            16.209187,
            57.3584659999752
          ],
          [
            16.2090942586558,
            57.3584814780992
          ],
          [
            16.208946,
            57.3584779999752
          ],
          [
            16.208794,
            57.3584459999752
          ],
          [
            16.2084994482843,
            57.3583731908079
          ],
          [
            16.2082909028038,
            57.3583394464223
          ],
          [
            16.2081039887131,
            57.3583497043596
          ],
          [
            16.2079192536405,
            57.3583623428862
          ],
          [
            16.2077435653189,
            57.3583429286853
          ],
          [
            16.2075705955548,
            57.3583223893401
          ],
          [
            16.2073748983625,
            57.3582672342796
          ],
          [
            16.2071820714771,
            57.3581919478818
          ],
          [
            16.2069492841961,
            57.3581664602275
          ],
          [
            16.206733910547,
            57.3581623950123
          ],
          [
            16.2065993136439,
            57.3581429368186
          ],
          [
            16.2064123690852,
            57.3580980574063
          ],
          [
            16.2062555574713,
            57.3580603078444
          ],
          [
            16.2061196723179,
            57.3580112865851
          ],
          [
            16.2059312167837,
            57.3579395721847
          ],
          [
            16.2057977585597,
            57.3578620465002
          ],
          [
            16.2057153482396,
            57.3577228688915
          ],
          [
            16.2056675447107,
            57.3576538585927
          ],
          [
            16.2055299234325,
            57.3575626587104
          ],
          [
            16.2054488138563,
            57.3575224699128
          ],
          [
            16.2052534366693,
            57.3574901466574
          ],
          [
            16.2050515025307,
            57.3574552244621
          ],
          [
            16.2048650687266,
            57.3574060834057
          ],
          [
            16.2047136737942,
            57.3573526482624
          ],
          [
            16.2045755229597,
            57.3573558092296
          ],
          [
            16.2044521142073,
            57.3573959083964
          ],
          [
            16.2042380452356,
            57.3575035051461
          ],
          [
            16.2040948541373,
            57.3575435574886
          ],
          [
            16.2039429665819,
            57.3575717101571
          ],
          [
            16.2037803091448,
            57.3575725154618
          ],
          [
            16.2036045885024,
            57.3575578470231
          ],
          [
            16.203305917404,
            57.3575262579665
          ],
          [
            16.2031253985214,
            57.3575614696106
          ],
          [
            16.2029464919071,
            57.3576691470773
          ],
          [
            16.2027614416536,
            57.357720978195
          ],
          [
            16.2025137325836,
            57.3577475367851
          ],
          [
            16.2023677536933,
            57.3578235739009
          ],
          [
            16.2022026060195,
            57.3579511211042
          ],
          [
            16.2020669649046,
            57.3579812105894
          ],
          [
            16.2018859062474,
            57.3579741297218
          ],
          [
            16.2015760838554,
            57.3579075723522
          ],
          [
            16.2010267045334,
            57.3579374766896
          ],
          [
            16.20067,
            57.3579299999753
          ],
          [
            16.200541,
            57.3579029999752
          ],
          [
            16.200435,
            57.3578809999753
          ],
          [
            16.200327,
            57.3578569999752
          ],
          [
            16.2001315739566,
            57.3577977645775
          ],
          [
            16.2000685739829,
            57.3577867645828
          ],
          [
            16.1999635740275,
            57.3577707645916
          ],
          [
            16.1998395740799,
            57.357750764602
          ],
          [
            16.199558,
            57.3577249999753
          ],
          [
            16.19942,
            57.3577079999752
          ],
          [
            16.199263,
            57.3576889999753
          ],
          [
            16.199107,
            57.3576669999752
          ],
          [
            16.19895,
            57.3576389999752
          ],
          [
            16.198801,
            57.3576109999753
          ],
          [
            16.19865,
            57.3575869999753
          ],
          [
            16.198501,
            57.3575589999752
          ],
          [
            16.198343,
            57.3575329999753
          ],
          [
            16.198165,
            57.3575079999752
          ],
          [
            16.197989,
            57.3574869999752
          ],
          [
            16.19781,
            57.3574689999752
          ],
          [
            16.197619,
            57.3574529999752
          ],
          [
            16.197427,
            57.3574359999752
          ],
          [
            16.19725,
            57.3574149999752
          ],
          [
            16.197111,
            57.3573759999753
          ],
          [
            16.196981,
            57.3573269999753
          ],
          [
            16.196843,
            57.3572799999752
          ],
          [
            16.1967,
            57.3572419999752
          ],
          [
            16.196536,
            57.3571969999752
          ],
          [
            16.196388,
            57.3571589999752
          ],
          [
            16.196234,
            57.3571239999752
          ],
          [
            16.196085,
            57.3570969999752
          ],
          [
            16.195919,
            57.3570769999753
          ],
          [
            16.195869,
            57.3570729999752
          ],
          [
            16.195773,
            57.3570699999753
          ],
          [
            16.195648,
            57.3570669999752
          ],
          [
            16.195517,
            57.3570669999753
          ],
          [
            16.195384,
            57.3570699999752
          ],
          [
            16.195237,
            57.3570699999753
          ],
          [
            16.195109,
            57.3570589999752
          ],
          [
            16.194981,
            57.3570439999753
          ],
          [
            16.194846,
            57.3570289999753
          ],
          [
            16.194712,
            57.3570049999752
          ],
          [
            16.194572,
            57.3569809999753
          ],
          [
            16.194435,
            57.3569569999752
          ],
          [
            16.194299,
            57.3569299999752
          ],
          [
            16.194165,
            57.3569019999752
          ],
          [
            16.194042,
            57.3568689999752
          ],
          [
            16.193924,
            57.3568319999753
          ],
          [
            16.193806,
            57.3567939999753
          ],
          [
            16.193677,
            57.3567509999753
          ],
          [
            16.193543,
            57.3567079999753
          ],
          [
            16.193408,
            57.3566679999753
          ],
          [
            16.193271,
            57.3566279999752
          ],
          [
            16.193124,
            57.3565849999753
          ],
          [
            16.192982,
            57.3565479999752
          ],
          [
            16.192839,
            57.3565099999752
          ],
          [
            16.19269,
            57.3564739999753
          ],
          [
            16.192532,
            57.3564399999752
          ],
          [
            16.192368,
            57.3564039999753
          ],
          [
            16.192205,
            57.3563699999752
          ],
          [
            16.192043,
            57.3563389999753
          ],
          [
            16.191886,
            57.3563109999753
          ],
          [
            16.191729,
            57.3562819999753
          ],
          [
            16.191571,
            57.3562539999752
          ],
          [
            16.191407,
            57.3562249999752
          ],
          [
            16.191236,
            57.3561959999752
          ],
          [
            16.191053,
            57.3561669999752
          ],
          [
            16.190865,
            57.3561459999753
          ],
          [
            16.19068,
            57.3561349999752
          ],
          [
            16.190491,
            57.3561249999752
          ],
          [
            16.190304,
            57.3561129999752
          ],
          [
            16.190125,
            57.3560979999753
          ],
          [
            16.189951,
            57.3560789999753
          ],
          [
            16.189787,
            57.3560599999752
          ],
          [
            16.18963,
            57.3560419999752
          ],
          [
            16.189472,
            57.3560229999753
          ],
          [
            16.189314,
            57.3560039999753
          ],
          [
            16.189156,
            57.3559829999752
          ],
          [
            16.188985,
            57.3559689999752
          ],
          [
            16.188827,
            57.3559659999752
          ],
          [
            16.188672,
            57.3559709999752
          ],
          [
            16.188523,
            57.3559849999752
          ],
          [
            16.18837,
            57.3560109999752
          ],
          [
            16.188198,
            57.3560409999752
          ],
          [
            16.18803,
            57.3560599999753
          ],
          [
            16.187873,
            57.3560679999752
          ],
          [
            16.187694,
            57.3560719999753
          ],
          [
            16.187151,
            57.3560409999753
          ],
          [
            16.186934,
            57.3559969999753
          ],
          [
            16.186784,
            57.3559479999753
          ],
          [
            16.186658,
            57.3559089999752
          ],
          [
            16.1865,
            57.3558849999753
          ],
          [
            16.18634,
            57.3558719999753
          ],
          [
            16.186199,
            57.3558659999752
          ],
          [
            16.186063,
            57.3558709999753
          ],
          [
            16.185932,
            57.3558869999753
          ],
          [
            16.185794,
            57.3559059999752
          ],
          [
            16.185659,
            57.3559339999752
          ],
          [
            16.185454,
            57.3559419999753
          ],
          [
            16.185405,
            57.3559379999753
          ],
          [
            16.185329,
            57.3559339999752
          ],
          [
            16.185255,
            57.3559189999753
          ],
          [
            16.185176,
            57.3558989999753
          ],
          [
            16.18509,
            57.3558749999752
          ],
          [
            16.184976,
            57.3558389999752
          ],
          [
            16.184848,
            57.3558059999752
          ],
          [
            16.184712,
            57.3557609999753
          ],
          [
            16.184351,
            57.3556639999753
          ],
          [
            16.184143,
            57.3556079999752
          ],
          [
            16.183981,
            57.3555659999752
          ],
          [
            16.183829,
            57.3555339999753
          ],
          [
            16.18366,
            57.3555039999752
          ],
          [
            16.183517,
            57.3554749999752
          ],
          [
            16.183355,
            57.3554549999753
          ],
          [
            16.183187,
            57.3554369999752
          ],
          [
            16.183024,
            57.3554259999752
          ],
          [
            16.182866,
            57.3554239999752
          ],
          [
            16.182717,
            57.3554159999752
          ],
          [
            16.182555,
            57.3554079999752
          ],
          [
            16.182394,
            57.3553939999752
          ],
          [
            16.182225,
            57.3553859999753
          ],
          [
            16.182058,
            57.3553749999753
          ],
          [
            16.181857,
            57.3553639999753
          ],
          [
            16.181665,
            57.3553569999753
          ],
          [
            16.181474,
            57.3553539999753
          ],
          [
            16.1813,
            57.3553589999753
          ],
          [
            16.181129,
            57.3553679999753
          ],
          [
            16.180953,
            57.3553779999752
          ],
          [
            16.180761,
            57.3553769999752
          ],
          [
            16.180613,
            57.3553549999753
          ],
          [
            16.180445,
            57.3553229999753
          ],
          [
            16.180309,
            57.3552839999753
          ],
          [
            16.180155,
            57.3552219999753
          ],
          [
            16.180019,
            57.3551769999753
          ],
          [
            16.179888,
            57.3551359999752
          ],
          [
            16.179767,
            57.3550939999752
          ],
          [
            16.179648,
            57.3550499999753
          ],
          [
            16.179531,
            57.3550059999753
          ],
          [
            16.179416,
            57.3549599999753
          ],
          [
            16.179022,
            57.3548029999753
          ],
          [
            16.178852,
            57.3547189999752
          ],
          [
            16.1786486423148,
            57.3546243031927
          ],
          [
            16.1785626474967,
            57.3545658794752
          ],
          [
            16.1784860725989,
            57.3544962318814
          ],
          [
            16.1784566410411,
            57.3543948557683
          ],
          [
            16.178447,
            57.3542889999752
          ],
          [
            16.1785232898762,
            57.3540215130753
          ],
          [
            16.178543,
            57.3539229999753
          ],
          [
            16.178592,
            57.3538319999753
          ],
          [
            16.1786556327972,
            57.3537578705882
          ],
          [
            16.1786993787759,
            57.3536388201846
          ],
          [
            16.1786886440432,
            57.3535886688729
          ],
          [
            16.1786403233686,
            57.3535273302285
          ],
          [
            16.1784726611913,
            57.3534349553399
          ],
          [
            16.178330228501,
            57.3534093407239
          ],
          [
            16.178127,
            57.3533909999753
          ],
          [
            16.177928,
            57.3533649999752
          ],
          [
            16.177729,
            57.3533269999753
          ],
          [
            16.177599,
            57.3532829999752
          ],
          [
            16.177453,
            57.3532449999752
          ],
          [
            16.177281,
            57.3532179999753
          ],
          [
            16.1771681780013,
            57.3531911624647
          ],
          [
            16.1769745595993,
            57.3531758027941
          ],
          [
            16.1766660306028,
            57.3531698869704
          ],
          [
            16.1764484452359,
            57.3531674627242
          ],
          [
            16.1762962703343,
            57.3531750384419
          ],
          [
            16.1759915967835,
            57.3531966665976
          ],
          [
            16.1757658736105,
            57.3532086738015
          ],
          [
            16.1754762113657,
            57.3532010480008
          ],
          [
            16.175401023253,
            57.3533936893209
          ],
          [
            16.1753672124736,
            57.3536387864016
          ],
          [
            16.1753026727677,
            57.3537797434541
          ],
          [
            16.1751872566206,
            57.3540075240936
          ],
          [
            16.1751026301935,
            57.3543323173888
          ],
          [
            16.175045773453,
            57.3544989529397
          ],
          [
            16.1748928261003,
            57.3547950599112
          ],
          [
            16.1747274964083,
            57.3549999033608
          ],
          [
            16.1745286361514,
            57.3551191305328
          ],
          [
            16.1743224179476,
            57.3551756168145
          ],
          [
            16.1740133547936,
            57.355230411007
          ],
          [
            16.1738097598956,
            57.3552883287324
          ],
          [
            16.1736851082624,
            57.3553664076271
          ],
          [
            16.173607650491,
            57.355475969532
          ],
          [
            16.1735772476287,
            57.3556326945566
          ],
          [
            16.1735574447073,
            57.3557837450982
          ],
          [
            16.1734877839852,
            57.3559061565465
          ],
          [
            16.1731493621441,
            57.3562958624965
          ],
          [
            16.1730373479248,
            57.3564352695969
          ],
          [
            16.1729697892822,
            57.3566175567623
          ],
          [
            16.1729368466931,
            57.3567628710977
          ],
          [
            16.1728000022102,
            57.3570248055497
          ],
          [
            16.1725845763632,
            57.3572252394712
          ],
          [
            16.1723451819184,
            57.3574512694501
          ],
          [
            16.1722650019955,
            57.3575693763557
          ],
          [
            16.1722877234684,
            57.3576834746338
          ],
          [
            16.1723657445471,
            57.3578076952506
          ],
          [
            16.1725175414129,
            57.3579406606733
          ],
          [
            16.1727590164568,
            57.3580738590337
          ],
          [
            16.1731454202766,
            57.3582231136437
          ],
          [
            16.1733711372678,
            57.3583491424621
          ],
          [
            16.1736767742413,
            57.3586834994148
          ],
          [
            16.1739854714487,
            57.3589708223951
          ],
          [
            16.17416292271,
            57.3591865305653
          ],
          [
            16.1742268810292,
            57.3594104977942
          ],
          [
            16.1742260854087,
            57.3595003015189
          ],
          [
            16.174298462741,
            57.3596672709401
          ],
          [
            16.1742619504888,
            57.3599180624643
          ],
          [
            16.1742128554016,
            57.3601003979635
          ],
          [
            16.1742748850078,
            57.3602445327896
          ],
          [
            16.1744816620174,
            57.3604261045982
          ],
          [
            16.1745463940485,
            57.3605631188257
          ],
          [
            16.1745320192929,
            57.3606970775712
          ],
          [
            16.1744146960785,
            57.3608393230643
          ],
          [
            16.1742306573013,
            57.3610683506277
          ],
          [
            16.1742006186748,
            57.3611837374499
          ],
          [
            16.1741994061185,
            57.3613205811811
          ],
          [
            16.1742439943455,
            57.3616471333408
          ],
          [
            16.1743637930248,
            57.3621192797852
          ],
          [
            16.1744702537712,
            57.3623105704697
          ],
          [
            16.1747160566082,
            57.3625549641749
          ],
          [
            16.1751534848767,
            57.3629067635106
          ],
          [
            16.1754339038686,
            57.3631156078898
          ],
          [
            16.1755412410572,
            57.3632085412346
          ],
          [
            16.1755552621079,
            57.3632838494992
          ],
          [
            16.1754439242973,
            57.3633657499802
          ],
          [
            16.1747746047768,
            57.3634810777325
          ],
          [
            16.1742022773009,
            57.3635729929214
          ],
          [
            16.1737548069744,
            57.3636179090547
          ],
          [
            16.1733422894907,
            57.3636193300421
          ],
          [
            16.1726512004318,
            57.3635901394054
          ],
          [
            16.1722800077771,
            57.363609098041
          ],
          [
            16.1717098208906,
            57.3637184411802
          ],
          [
            16.1697218198559,
            57.3641441035477
          ],
          [
            16.1694656200482,
            57.3641882607622
          ],
          [
            16.1691612048217,
            57.364212366551
          ],
          [
            16.168838667419,
            57.3642015565457
          ],
          [
            16.1682562972478,
            57.3641265529191
          ],
          [
            16.1663712611847,
            57.3638650477965
          ],
          [
            16.1658971540987,
            57.3637965463797
          ],
          [
            16.1652184744839,
            57.3636702172428
          ],
          [
            16.1648730234538,
            57.3636456382327
          ],
          [
            16.1644813476913,
            57.3636358782804
          ],
          [
            16.1640480670252,
            57.3636397040171
          ],
          [
            16.1637185659243,
            57.3636350886271
          ],
          [
            16.16339147196,
            57.3636192714286
          ],
          [
            16.1630944386998,
            57.3635923264368
          ],
          [
            16.1628502252332,
            57.3635854464235
          ],
          [
            16.1625481608815,
            57.3636045614615
          ],
          [
            16.1621027401985,
            57.3636755922578
          ],
          [
            16.1617146998598,
            57.3637716809499
          ],
          [
            16.1613500691053,
            57.3638279829435
          ],
          [
            16.1608818974733,
            57.3638665713524
          ],
          [
            16.160429660549,
            57.3639263704966
          ],
          [
            16.1600556702839,
            57.3639975866802
          ],
          [
            16.1597874997481,
            57.3640890119577
          ],
          [
            16.1593678063577,
            57.3643668165386
          ],
          [
            16.1590781865924,
            57.3645341434215
          ],
          [
            16.1587245928285,
            57.3646415235568
          ],
          [
            16.1582346720121,
            57.3647871359463
          ],
          [
            16.157910383231,
            57.3649643281559
          ],
          [
            16.1576598480439,
            57.3651404748116
          ],
          [
            16.1573586568658,
            57.3653115020732
          ],
          [
            16.1568867513848,
            57.3655007425075
          ],
          [
            16.1564585696801,
            57.3656963267998
          ],
          [
            16.1559516780216,
            57.3659290525324
          ],
          [
            16.1557683915595,
            57.3660593043667
          ],
          [
            16.155459581669,
            57.3663037768631
          ],
          [
            16.1550930119001,
            57.3665630335719
          ],
          [
            16.1548220379915,
            57.366704251185
          ],
          [
            16.1545723186215,
            57.3667907348896
          ],
          [
            16.1541010594131,
            57.366907741329
          ],
          [
            16.1535353064699,
            57.3670244860418
          ],
          [
            16.1529376491663,
            57.3671025370856
          ],
          [
            16.1527436227497,
            57.3671480769342
          ],
          [
            16.1523384701076,
            57.3673412202094
          ],
          [
            16.1521532833235,
            57.367426632018
          ],
          [
            16.1516654389041,
            57.3675896583225
          ],
          [
            16.1510226434676,
            57.3678082902972
          ],
          [
            16.1504701031492,
            57.367987321098
          ],
          [
            16.1500638693154,
            57.3680497012985
          ],
          [
            16.1492811688323,
            57.3681944649162
          ],
          [
            16.148994705234,
            57.3682646467917
          ],
          [
            16.1486831362047,
            57.3683486262569
          ],
          [
            16.1483987794591,
            57.3684247966206
          ],
          [
            16.1479746952277,
            57.3685209628385
          ],
          [
            16.1477071581922,
            57.3685793232646
          ],
          [
            16.1474327070463,
            57.368667142191
          ],
          [
            16.1472425177002,
            57.36874991499
          ],
          [
            16.1470493553494,
            57.3688259367283
          ],
          [
            16.1465775826082,
            57.3690219071485
          ],
          [
            16.1463200191382,
            57.3691169004353
          ],
          [
            16.1460791670596,
            57.3692139996145
          ],
          [
            16.1459265598992,
            57.3692755159868
          ],
          [
            16.145916687929,
            57.3692794906918
          ],
          [
            16.1457583793774,
            57.3693480128676
          ],
          [
            16.1453827342712,
            57.3694803982248
          ],
          [
            16.1450944077261,
            57.3695872436185
          ],
          [
            16.1448548081095,
            57.3696739778974
          ],
          [
            16.1445992358654,
            57.3697546622841
          ],
          [
            16.1443224070847,
            57.3698350192774
          ],
          [
            16.1440894072072,
            57.3699005451612
          ],
          [
            16.143906614149,
            57.3699521503328
          ],
          [
            16.1437367735365,
            57.3699994102414
          ],
          [
            16.1435130969533,
            57.3700627150816
          ],
          [
            16.1433591438872,
            57.370111373517
          ],
          [
            16.1431887544499,
            57.3701501150032
          ],
          [
            16.1430678892969,
            57.3701647166104
          ],
          [
            16.1429045590534,
            57.3701763890829
          ],
          [
            16.1427849138563,
            57.3701807366502
          ],
          [
            16.1426626222462,
            57.3701830845375
          ],
          [
            16.1424820101994,
            57.3701817920923
          ],
          [
            16.142246884739,
            57.3701576735773
          ],
          [
            16.1419663594507,
            57.3701439696382
          ],
          [
            16.1418276091795,
            57.3701456144422
          ],
          [
            16.1417557790634,
            57.3701485079173
          ],
          [
            16.1417142948253,
            57.3701501831789
          ],
          [
            16.1415917313461,
            57.3701580001017
          ],
          [
            16.1414870986498,
            57.3701794389274
          ],
          [
            16.1414350625476,
            57.370194428002
          ],
          [
            16.1413775478365,
            57.3702217901956
          ],
          [
            16.1413122492531,
            57.3702748826462
          ],
          [
            16.1412488105369,
            57.3703466890587
          ],
          [
            16.1411799192081,
            57.3704411117615
          ],
          [
            16.1411052867567,
            57.3705441630131
          ],
          [
            16.1410315591701,
            57.370642082938
          ],
          [
            16.1409711044754,
            57.3707015661774
          ],
          [
            16.1408923066159,
            57.3707699142922
          ],
          [
            16.1407665705114,
            57.3708831560407
          ],
          [
            16.1407264341068,
            57.3709446280401
          ],
          [
            16.14069347044,
            57.3710192653705
          ],
          [
            16.1406658399847,
            57.371078791673
          ],
          [
            16.1406217179479,
            57.3712136504423
          ],
          [
            16.1405908304088,
            57.3712718741792
          ],
          [
            16.1405408372519,
            57.3713274030861
          ],
          [
            16.1404870173941,
            57.3713632162488
          ],
          [
            16.1404293144798,
            57.3713878546911
          ],
          [
            16.140369363201,
            57.3714070804315
          ],
          [
            16.140251938427,
            57.3714260529205
          ],
          [
            16.1401200672222,
            57.3714459763675
          ],
          [
            16.1399183128986,
            57.3714590652597
          ],
          [
            16.1397891578349,
            57.3714724614082
          ],
          [
            16.1396917703348,
            57.3714889897241
          ],
          [
            16.1396180353616,
            57.3715098453201
          ],
          [
            16.1395530445642,
            57.371548614298
          ],
          [
            16.1394899633969,
            57.3715968825416
          ],
          [
            16.139404940968,
            57.3716861528589
          ],
          [
            16.1392865626087,
            57.3718057340176
          ],
          [
            16.1391938446267,
            57.3719026598957
          ],
          [
            16.1391103983808,
            57.3720062185895
          ],
          [
            16.1390202209864,
            57.3721320780819
          ],
          [
            16.1389473437678,
            57.3722330587851
          ],
          [
            16.1389118727369,
            57.3722889833141
          ],
          [
            16.1388767803064,
            57.3724652759671
          ],
          [
            16.1388155917358,
            57.3726577630464
          ],
          [
            16.1387855531567,
            57.3727480177983
          ],
          [
            16.1387772341342,
            57.3728037691645
          ],
          [
            16.1387922541107,
            57.3728498531321
          ],
          [
            16.1388160870786,
            57.3728858806491
          ],
          [
            16.138856815649,
            57.3729099975884
          ],
          [
            16.1389373956596,
            57.3729353856331
          ],
          [
            16.1390985036696,
            57.372975940182
          ],
          [
            16.1392604906904,
            57.3730202301923
          ],
          [
            16.1393810321051,
            57.3730485982907
          ],
          [
            16.1394795065005,
            57.3730582984887
          ],
          [
            16.139550630151,
            57.3730552270881
          ],
          [
            16.1396406158465,
            57.3730412249705
          ],
          [
            16.1397987474343,
            57.372979752371
          ],
          [
            16.1398782414758,
            57.3729666689042
          ],
          [
            16.1400102648737,
            57.3729244984742
          ],
          [
            16.1401903915559,
            57.3729520703772
          ],
          [
            16.1403473539069,
            57.3729833835185
          ],
          [
            16.1405244874879,
            57.3730253353185
          ],
          [
            16.1407082722933,
            57.3730672474726
          ],
          [
            16.140865626974,
            57.3731165099804
          ],
          [
            16.1410159099911,
            57.3731460652154
          ],
          [
            16.1411724985616,
            57.3731612093354
          ],
          [
            16.1413692542099,
            57.373188662886
          ],
          [
            16.1414196000254,
            57.3732098919582
          ],
          [
            16.1415399417947,
            57.3732396421608
          ],
          [
            16.1417134769331,
            57.3732690477243
          ],
          [
            16.1419095524686,
            57.3732659753099
          ],
          [
            16.1421061631624,
            57.373286249124
          ],
          [
            16.1422657025128,
            57.373285215028
          ],
          [
            16.1424891360562,
            57.3733160873353
          ],
          [
            16.1427096503503,
            57.3733649398332
          ],
          [
            16.1428465342814,
            57.3733909935293
          ],
          [
            16.1431329221193,
            57.3734124673406
          ],
          [
            16.1433728245537,
            57.3734360498542
          ],
          [
            16.143529864807,
            57.3734709446897
          ],
          [
            16.1436569033409,
            57.373502449758
          ],
          [
            16.1438601670865,
            57.3735226740341
          ],
          [
            16.1440374238452,
            57.3735700102323
          ],
          [
            16.1441915896538,
            57.3736246740513
          ],
          [
            16.1443388151783,
            57.3736668238991
          ],
          [
            16.1445360693352,
            57.373715829821
          ],
          [
            16.1446696571783,
            57.3737418976363
          ],
          [
            16.1449030584077,
            57.3737726954145
          ],
          [
            16.1450754812471,
            57.3737536141075
          ],
          [
            16.1453046400509,
            57.373743138027
          ],
          [
            16.1454909450273,
            57.373749105338
          ],
          [
            16.1456509502491,
            57.3737678133113
          ],
          [
            16.1457842652217,
            57.3737831085988
          ],
          [
            16.1459535926811,
            57.3737730244506
          ],
          [
            16.1461057550564,
            57.3737397036333
          ],
          [
            16.1462752425139,
            57.3737367975938
          ],
          [
            16.1463889959065,
            57.3737683864888
          ],
          [
            16.1464961719758,
            57.373803600649
          ],
          [
            16.1465806080602,
            57.3738623110678
          ],
          [
            16.1466861603991,
            57.3739711809415
          ],
          [
            16.1468317887506,
            57.3740315475677
          ],
          [
            16.1470493736277,
            57.3740891770619
          ],
          [
            16.1472743788218,
            57.3741069133277
          ],
          [
            16.1475907135791,
            57.3741401099952
          ],
          [
            16.1477415440242,
            57.3741880482199
          ],
          [
            16.1478774356176,
            57.3742886281639
          ],
          [
            16.1479772165454,
            57.374377821815
          ],
          [
            16.1480086873864,
            57.374535901239
          ],
          [
            16.1480496710301,
            57.3746191691809
          ],
          [
            16.148189653391,
            57.3746979620896
          ],
          [
            16.1482504964953,
            57.3747741580075
          ],
          [
            16.1481861580313,
            57.3748333735657
          ],
          [
            16.148051520645,
            57.3748852652116
          ],
          [
            16.147940229434,
            57.3750251269963
          ],
          [
            16.1478139201633,
            57.3751257457988
          ],
          [
            16.1476966680755,
            57.375199067984
          ],
          [
            16.1475907288783,
            57.3752978710464
          ],
          [
            16.1475826401537,
            57.3753947533539
          ],
          [
            16.1476887511271,
            57.3755661086453
          ],
          [
            16.147740966333,
            57.3757767119629
          ],
          [
            16.1476736973659,
            57.3759119450052
          ],
          [
            16.147615,
            57.376
          ],
          [
            16.1475283364709,
            57.3761528018404
          ],
          [
            16.147656090067,
            57.3762605019131
          ],
          [
            16.1477157194628,
            57.3763793764281
          ],
          [
            16.1477504342268,
            57.376465321288
          ],
          [
            16.1477910084199,
            57.3766016261935
          ],
          [
            16.1477378110588,
            57.3766756319905
          ],
          [
            16.1477245872721,
            57.3767809183651
          ],
          [
            16.1477669012071,
            57.3768864960386
          ],
          [
            16.1478318231355,
            57.3770090289299
          ],
          [
            16.1478081321444,
            57.3770804120157
          ],
          [
            16.1477646820395,
            57.3771296742816
          ],
          [
            16.147688091552,
            57.3771744625581
          ],
          [
            16.1476237955876,
            57.3772333291008
          ],
          [
            16.1475406074813,
            57.3773215494648
          ],
          [
            16.147466948778,
            57.377410613254
          ],
          [
            16.1474406233252,
            57.3774612488632
          ],
          [
            16.1474416598685,
            57.3775151064379
          ],
          [
            16.147470217818,
            57.3775936717451
          ],
          [
            16.1475018910213,
            57.3776336461706
          ],
          [
            16.1475487794133,
            57.3776743399934
          ],
          [
            16.1475892126628,
            57.3777131171018
          ],
          [
            16.1476058922109,
            57.3777458734819
          ],
          [
            16.1475925239772,
            57.3777822754327
          ],
          [
            16.1475229801262,
            57.3778668294666
          ],
          [
            16.1474562630495,
            57.3779366484114
          ],
          [
            16.1473951218236,
            57.3779859150039
          ],
          [
            16.1473508920139,
            57.3780235958072
          ],
          [
            16.147318488356,
            57.3780682134563
          ],
          [
            16.1472726502136,
            57.3781103609934
          ],
          [
            16.1472301267403,
            57.3781353960624
          ],
          [
            16.1471591807386,
            57.378170171774
          ],
          [
            16.1470888071892,
            57.3781943839017
          ],
          [
            16.1470389184997,
            57.3782134116915
          ],
          [
            16.1469666567997,
            57.3782567534582
          ],
          [
            16.1468422997184,
            57.3783140507023
          ],
          [
            16.1467323065133,
            57.3783598197438
          ],
          [
            16.146633958523,
            57.3784002544861
          ],
          [
            16.1465285539164,
            57.3784578624018
          ],
          [
            16.1464797904906,
            57.3785130280707
          ],
          [
            16.1464139988181,
            57.3786063657566
          ],
          [
            16.1463604368416,
            57.3786749170673
          ],
          [
            16.1463714050392,
            57.3787456339665
          ],
          [
            16.1464037486382,
            57.3788145835114
          ],
          [
            16.1464097349528,
            57.3788860744984
          ],
          [
            16.1463706405029,
            57.3789441189151
          ],
          [
            16.1463270331852,
            57.3789913309897
          ],
          [
            16.1462496719878,
            57.3790432994177
          ],
          [
            16.1461454276459,
            57.3790903129016
          ],
          [
            16.1460662603914,
            57.3791341219157
          ],
          [
            16.14602954434,
            57.3791709851121
          ],
          [
            16.1460183062684,
            57.3792001079959
          ],
          [
            16.1460133682817,
            57.379212900024
          ],
          [
            16.1460185239788,
            57.379223650944
          ],
          [
            16.1460470516964,
            57.3792831789666
          ],
          [
            16.1460901060508,
            57.3793805620105
          ],
          [
            16.1460953320832,
            57.3794786628728
          ],
          [
            16.14602901692,
            57.3796027025198
          ],
          [
            16.1460220887157,
            57.3796091322962
          ],
          [
            16.1459052938392,
            57.3797176244321
          ],
          [
            16.1458126887084,
            57.3798067093232
          ],
          [
            16.1456257099818,
            57.3799010179767
          ],
          [
            16.1454671225209,
            57.3799661283473
          ],
          [
            16.1451980419014,
            57.380059983756
          ],
          [
            16.1451566893464,
            57.3800553211341
          ],
          [
            16.1450961110005,
            57.3800558101164
          ],
          [
            16.1450319313215,
            57.3800686455671
          ],
          [
            16.1449817734204,
            57.3800835947907
          ],
          [
            16.1449262521615,
            57.3801030787747
          ],
          [
            16.1448833392133,
            57.3801226592295
          ],
          [
            16.144836525995,
            57.3801498130614
          ],
          [
            16.1446606790015,
            57.3802023060111
          ],
          [
            16.1445184408976,
            57.3802473266491
          ],
          [
            16.1442596307165,
            57.3803150589822
          ],
          [
            16.1441760247413,
            57.3803303149701
          ],
          [
            16.144093676024,
            57.3803451980776
          ],
          [
            16.1439959383053,
            57.3803566162252
          ],
          [
            16.1438559759455,
            57.3803692051369
          ],
          [
            16.1437225816514,
            57.3803857533392
          ],
          [
            16.1435996331055,
            57.380397666134
          ],
          [
            16.143492381339,
            57.380408602282
          ],
          [
            16.1433715259385,
            57.3804235445532
          ],
          [
            16.1432369108674,
            57.3804503459978
          ],
          [
            16.143116735848,
            57.3804853959982
          ],
          [
            16.1429754504547,
            57.3805351789976
          ],
          [
            16.1428664738738,
            57.3805775081775
          ],
          [
            16.1427754369833,
            57.3806235925148
          ],
          [
            16.1426860326754,
            57.380694193913
          ],
          [
            16.1425882291571,
            57.3807908749265
          ],
          [
            16.1425579339228,
            57.3808484020281
          ],
          [
            16.1425523823133,
            57.3809173957598
          ],
          [
            16.1425608527799,
            57.3809885108092
          ],
          [
            16.1424960193312,
            57.3810359535608
          ],
          [
            16.1423524618446,
            57.3811296341217
          ],
          [
            16.142247,
            57.381189
          ],
          [
            16.142131,
            57.381275
          ],
          [
            16.142018,
            57.381345
          ],
          [
            16.1419090112696,
            57.381390429777
          ],
          [
            16.141717,
            57.381448
          ],
          [
            16.1412245620656,
            57.3815857437121
          ],
          [
            16.1409176300177,
            57.3816646962039
          ],
          [
            16.1406178090228,
            57.3817360656498
          ],
          [
            16.1402303817021,
            57.3818754595128
          ],
          [
            16.1398894456295,
            57.3819501251663
          ],
          [
            16.139646,
            57.382076
          ],
          [
            16.13927,
            57.382301
          ],
          [
            16.1393158756193,
            57.3824393848373
          ],
          [
            16.1392517739098,
            57.3825118687966
          ],
          [
            16.1390787220745,
            57.3826070363395
          ],
          [
            16.1390199406971,
            57.3826538585263
          ],
          [
            16.1389450933866,
            57.3827350966554
          ],
          [
            16.1388601277834,
            57.3828158471239
          ],
          [
            16.1388079080519,
            57.3828570956119
          ],
          [
            16.1387634224816,
            57.3828814737478
          ],
          [
            16.1386563608611,
            57.3829336534943
          ],
          [
            16.1385373230206,
            57.3829860675816
          ],
          [
            16.1384063807185,
            57.3830496254882
          ],
          [
            16.1382690883853,
            57.383112620464
          ],
          [
            16.138101508645,
            57.383194957307
          ],
          [
            16.1379671405801,
            57.3832640293382
          ],
          [
            16.1378145556228,
            57.3833344748617
          ],
          [
            16.1377436928339,
            57.3833657025988
          ],
          [
            16.1376470444809,
            57.3834082845402
          ],
          [
            16.1375652832848,
            57.3834402869988
          ],
          [
            16.1374537687206,
            57.3834839438093
          ],
          [
            16.1373297256324,
            57.3835275899885
          ],
          [
            16.1371538823155,
            57.3835998489255
          ],
          [
            16.1369635383352,
            57.3836914803445
          ],
          [
            16.1368343774306,
            57.3837434050527
          ],
          [
            16.1367421517948,
            57.3837813239373
          ],
          [
            16.1366671792742,
            57.3838032241295
          ],
          [
            16.1364788957026,
            57.3838497545309
          ],
          [
            16.1360891886476,
            57.3839196748407
          ],
          [
            16.1357528307252,
            57.384011049218
          ],
          [
            16.1352642609182,
            57.3841587307818
          ],
          [
            16.1347078365255,
            57.3843539714265
          ],
          [
            16.1340774889192,
            57.3845018151678
          ],
          [
            16.1335310998636,
            57.3846097106707
          ],
          [
            16.1331516154198,
            57.3846722569708
          ],
          [
            16.1331495684961,
            57.3846728635481
          ],
          [
            16.132931416696,
            57.3847374895972
          ],
          [
            16.1324443848231,
            57.3849187255942
          ],
          [
            16.1322735451583,
            57.3850124870994
          ],
          [
            16.1319999038016,
            57.3851687488019
          ],
          [
            16.1318078777528,
            57.3852576022137
          ],
          [
            16.1316491992989,
            57.3852996299069
          ],
          [
            16.1314226302037,
            57.3853248234136
          ],
          [
            16.1311603586674,
            57.3853476890656
          ],
          [
            16.1308393023695,
            57.3853853098842
          ],
          [
            16.1305437320204,
            57.3854532897106
          ],
          [
            16.1302547461764,
            57.3855318283664
          ],
          [
            16.1301053217727,
            57.3856013798154
          ],
          [
            16.1296215603958,
            57.3858415783111
          ],
          [
            16.1294530273747,
            57.3859213270918
          ],
          [
            16.1294224626726,
            57.3859357924013
          ],
          [
            16.1293095710105,
            57.3860002289622
          ],
          [
            16.129257152483,
            57.3860556869817
          ],
          [
            16.1291669733439,
            57.386201293838
          ],
          [
            16.1290234626977,
            57.3863261161909
          ],
          [
            16.128910620771,
            57.3864315541556
          ],
          [
            16.1287707188048,
            57.3866268742902
          ],
          [
            16.1287169461492,
            57.3867070598306
          ],
          [
            16.1285737731354,
            57.3868417111038
          ],
          [
            16.1284118371563,
            57.3869524900156
          ],
          [
            16.128372393076,
            57.3869962948525
          ],
          [
            16.1282374670309,
            57.3871461663351
          ],
          [
            16.1280669142371,
            57.3873378477545
          ],
          [
            16.1279865475802,
            57.3874483017722
          ],
          [
            16.1278923461582,
            57.3875813348569
          ],
          [
            16.1278175752648,
            57.3876721862921
          ],
          [
            16.1277458915308,
            57.3877203617622
          ],
          [
            16.1275731165311,
            57.3877720984424
          ],
          [
            16.1273255492076,
            57.3878065961282
          ],
          [
            16.1272270339833,
            57.387807122481
          ],
          [
            16.1271416484053,
            57.3878087671292
          ],
          [
            16.126956184598,
            57.3878224455496
          ],
          [
            16.1268598733824,
            57.3878541665531
          ],
          [
            16.1267427770759,
            57.3879114470169
          ],
          [
            16.1266951933949,
            57.3879513674309
          ],
          [
            16.1265846104932,
            57.3880453055487
          ],
          [
            16.1264426860492,
            57.3881570228925
          ],
          [
            16.1263063785664,
            57.3882354954205
          ],
          [
            16.1260978794808,
            57.388317554822
          ],
          [
            16.1256739554517,
            57.3884702481286
          ],
          [
            16.1254634709219,
            57.3885741580199
          ],
          [
            16.1253216414917,
            57.3886796475227
          ],
          [
            16.1252397640757,
            57.3887683623178
          ],
          [
            16.1251334859704,
            57.3888335650156
          ],
          [
            16.1249867402681,
            57.3888996508476
          ],
          [
            16.1247699659037,
            57.3889779215547
          ],
          [
            16.1243423185138,
            57.389101099839
          ],
          [
            16.1239772617392,
            57.3892896832365
          ],
          [
            16.1237498007418,
            57.3893656828163
          ],
          [
            16.1234233003769,
            57.3894598099493
          ],
          [
            16.1231474444254,
            57.3894950877875
          ],
          [
            16.1228850883182,
            57.3895199647146
          ],
          [
            16.1224895533384,
            57.3895711602637
          ],
          [
            16.1222550912049,
            57.3896042748804
          ],
          [
            16.1222960185636,
            57.389745701071
          ],
          [
            16.1222773451247,
            57.3898409504785
          ],
          [
            16.1222223806429,
            57.3899578857154
          ],
          [
            16.1221541520993,
            57.3900784690187
          ],
          [
            16.122055831565,
            57.3901866026014
          ],
          [
            16.1219308384741,
            57.3902930426232
          ],
          [
            16.1217892074033,
            57.3903977493807
          ],
          [
            16.1216388568514,
            57.3904964072145
          ],
          [
            16.1216360741697,
            57.3905254414678
          ],
          [
            16.1214677613175,
            57.3907025691687
          ],
          [
            16.1213780239447,
            57.3907888758546
          ],
          [
            16.1213056347162,
            57.3908393892374
          ],
          [
            16.1211619494024,
            57.3909959974575
          ],
          [
            16.1209944064978,
            57.391144508215
          ],
          [
            16.1208806815714,
            57.3912624734227
          ],
          [
            16.1208521365134,
            57.3913444687308
          ],
          [
            16.1207412480344,
            57.3915525148843
          ],
          [
            16.1206576428728,
            57.3916738456484
          ],
          [
            16.1204738373403,
            57.3918399850563
          ],
          [
            16.1203313240058,
            57.3919776242052
          ],
          [
            16.120233645711,
            57.39202243367
          ],
          [
            16.1199805278871,
            57.3920992364677
          ],
          [
            16.1197675686889,
            57.3921827700396
          ],
          [
            16.1196549501428,
            57.392256708708
          ],
          [
            16.1196090683574,
            57.3924064433501
          ],
          [
            16.1196384883602,
            57.3925649081988
          ],
          [
            16.1195584806354,
            57.3926415329042
          ],
          [
            16.1193158011751,
            57.3928307519452
          ],
          [
            16.1189965745294,
            57.3930166761408
          ],
          [
            16.1186023839368,
            57.3932846152219
          ],
          [
            16.1183883515825,
            57.3934230162092
          ],
          [
            16.1183558656261,
            57.3934589407034
          ],
          [
            16.1183500745954,
            57.393593732273
          ],
          [
            16.118363136506,
            57.3937413716995
          ],
          [
            16.1183159325227,
            57.3938673990322
          ],
          [
            16.1182824596195,
            57.3939798675257
          ],
          [
            16.1182791005223,
            57.3940977307475
          ],
          [
            16.1183006970063,
            57.3941728859058
          ],
          [
            16.1184052798395,
            57.3943001164059
          ],
          [
            16.118425623207,
            57.3943793386079
          ],
          [
            16.1184298511362,
            57.3945073465522
          ],
          [
            16.1184199764978,
            57.3945500317551
          ],
          [
            16.1183051406617,
            57.3947147364804
          ],
          [
            16.1182351156281,
            57.3947811865418
          ],
          [
            16.1180209235233,
            57.3948735145337
          ],
          [
            16.1177466676266,
            57.3950079052719
          ],
          [
            16.1175939446528,
            57.3951008628915
          ],
          [
            16.1174576205126,
            57.395219525479
          ],
          [
            16.1173463121361,
            57.3953198854043
          ],
          [
            16.1172263442533,
            57.3954514091515
          ],
          [
            16.1171012277826,
            57.3955470362969
          ],
          [
            16.1169534259944,
            57.395611533257
          ],
          [
            16.1168206155509,
            57.3956638229354
          ],
          [
            16.1167066698054,
            57.3957255775364
          ],
          [
            16.1166191368487,
            57.3958055873856
          ],
          [
            16.1165202924479,
            57.3958808656339
          ],
          [
            16.1162986056803,
            57.3959894722101
          ],
          [
            16.1162134857959,
            57.3960423827631
          ],
          [
            16.1161086022282,
            57.3961860819202
          ],
          [
            16.1158822996194,
            57.3964064326591
          ],
          [
            16.1157610408289,
            57.396533894188
          ],
          [
            16.1157237064982,
            57.3966192783588
          ],
          [
            16.115745319832,
            57.3967032427468
          ],
          [
            16.1158879878875,
            57.3969584435373
          ],
          [
            16.1159952207931,
            57.3971310467296
          ],
          [
            16.1159892432534,
            57.3972130070811
          ],
          [
            16.1159192226935,
            57.3972794558047
          ],
          [
            16.1157555415103,
            57.3974733343897
          ],
          [
            16.1156409106713,
            57.3976983145338
          ],
          [
            16.1155793209934,
            57.3980282332651
          ],
          [
            16.1155672924578,
            57.3980721984733
          ],
          [
            16.1156790583048,
            57.3981917419909
          ],
          [
            16.1157771661091,
            57.3983098846268
          ],
          [
            16.11588862934,
            57.398431565719
          ],
          [
            16.1160099759067,
            57.3985460362302
          ],
          [
            16.1161706934114,
            57.3986190457727
          ],
          [
            16.1163174931015,
            57.3986472119564
          ],
          [
            16.1165107946796,
            57.3986680193231
          ],
          [
            16.1167204610282,
            57.3986690023358
          ],
          [
            16.1169335848447,
            57.3986789519552
          ],
          [
            16.1170901648973,
            57.398690924213
          ],
          [
            16.1171871934196,
            57.3987300494
          ],
          [
            16.1172712867711,
            57.3987961691132
          ],
          [
            16.1173189919047,
            57.3988785909938
          ],
          [
            16.1172230801927,
            57.3989238573107
          ],
          [
            16.1171476253712,
            57.3990031639659
          ],
          [
            16.117041859284,
            57.3990574444307
          ],
          [
            16.1168993266595,
            57.3990992976067
          ],
          [
            16.1166934048001,
            57.3991288251953
          ],
          [
            16.1165400347753,
            57.3991078690554
          ],
          [
            16.1163194151718,
            57.3990368836603
          ],
          [
            16.1161419689797,
            57.3989567582555
          ],
          [
            16.1159584041969,
            57.3989179609354
          ],
          [
            16.1158053378757,
            57.3989185472084
          ],
          [
            16.1156722972984,
            57.3989244447714
          ],
          [
            16.115538996399,
            57.3989105953256
          ],
          [
            16.1154214984894,
            57.3988356244264
          ],
          [
            16.1153339933193,
            57.3987623401619
          ],
          [
            16.1151911340373,
            57.3987096490229
          ],
          [
            16.1151354341108,
            57.3988231707753
          ],
          [
            16.1150292248407,
            57.398947907074
          ],
          [
            16.1148592440167,
            57.3991377214287
          ],
          [
            16.1147515902704,
            57.3992089486145
          ],
          [
            16.1147378754927,
            57.3992360535214
          ],
          [
            16.1148502354055,
            57.3994357526253
          ],
          [
            16.1149335648794,
            57.3995900875589
          ],
          [
            16.1149565091918,
            57.3996903118629
          ],
          [
            16.1149321696323,
            57.3999077534166
          ],
          [
            16.114838860607,
            57.4001388090178
          ],
          [
            16.114775127267,
            57.4002133768291
          ],
          [
            16.114859042671,
            57.4003175085292
          ],
          [
            16.1149867444654,
            57.4004086021048
          ],
          [
            16.115151084726,
            57.4005031481041
          ],
          [
            16.1153852695439,
            57.4005938280232
          ],
          [
            16.1155894752164,
            57.4006828352839
          ],
          [
            16.1158033178486,
            57.4007448558794
          ],
          [
            16.115967372554,
            57.4008178502254
          ],
          [
            16.1161453318336,
            57.4009338910051
          ],
          [
            16.1161727799618,
            57.4009948480477
          ],
          [
            16.1162844410316,
            57.4011308861322
          ],
          [
            16.1164064203444,
            57.4012920430932
          ],
          [
            16.1164712449694,
            57.401410317786
          ],
          [
            16.1165563412141,
            57.4015500575849
          ],
          [
            16.1165614349049,
            57.4016811348242
          ],
          [
            16.1166098222025,
            57.4018138295225
          ],
          [
            16.1167044850076,
            57.4019230043955
          ],
          [
            16.1168854197488,
            57.4020138924131
          ],
          [
            16.1169732103448,
            57.4021069296164
          ],
          [
            16.1170175910438,
            57.4021893670159
          ],
          [
            16.1170688017179,
            57.4022843488707
          ],
          [
            16.117276724798,
            57.4024002706517
          ],
          [
            16.1176217711294,
            57.4025659391931
          ],
          [
            16.1178593187189,
            57.4026584099893
          ],
          [
            16.1179911384467,
            57.4025609256281
          ],
          [
            16.1181191668846,
            57.4024311344473
          ],
          [
            16.1181846843451,
            57.4023536628972
          ],
          [
            16.118176371399,
            57.4022297871206
          ],
          [
            16.1182116180548,
            57.402130882671
          ],
          [
            16.1182669899819,
            57.4020408821159
          ],
          [
            16.1183726175103,
            57.4019758217354
          ],
          [
            16.1185742084676,
            57.4018708835283
          ],
          [
            16.1187197145471,
            57.4018020801917
          ],
          [
            16.1189053177861,
            57.4017457022892
          ],
          [
            16.1190785231581,
            57.4017558053105
          ],
          [
            16.1192455378042,
            57.4018000505749
          ],
          [
            16.119544672075,
            57.4017701494536
          ],
          [
            16.1197975196492,
            57.4017637830989
          ],
          [
            16.1199237680139,
            57.401747140572
          ],
          [
            16.1201466913683,
            57.4017426735355
          ],
          [
            16.1203034025646,
            57.4017636169666
          ],
          [
            16.1204439553776,
            57.4018205386356
          ],
          [
            16.1206046805929,
            57.4018917387096
          ],
          [
            16.1206622951761,
            57.4019687376974
          ],
          [
            16.1206970779987,
            57.4020781459338
          ],
          [
            16.1207479196182,
            57.4021461863063
          ],
          [
            16.1207922211307,
            57.4022262175343
          ],
          [
            16.120763708489,
            57.4022472170088
          ],
          [
            16.12050726783,
            57.402462877197
          ],
          [
            16.1203059806856,
            57.4026642443528
          ],
          [
            16.120074591907,
            57.4028737850964
          ],
          [
            16.1200134304118,
            57.4029612219465
          ],
          [
            16.1199728763459,
            57.402994530025
          ],
          [
            16.120217696232,
            57.403233287961
          ],
          [
            16.1204366210205,
            57.403400349647
          ],
          [
            16.1205186622655,
            57.4035289529014
          ],
          [
            16.1205919019894,
            57.4036562161635
          ],
          [
            16.1205872737394,
            57.4037645853951
          ],
          [
            16.1205053025011,
            57.4039969859423
          ],
          [
            16.1204884715096,
            57.4042022323557
          ],
          [
            16.120273223558,
            57.4045177987836
          ],
          [
            16.120437212189,
            57.4048342747129
          ],
          [
            16.1206499889455,
            57.4051152602678
          ],
          [
            16.1208721610306,
            57.4053392544518
          ],
          [
            16.1209854979427,
            57.4054465065577
          ],
          [
            16.1210905579632,
            57.4055550262493
          ],
          [
            16.121218835795,
            57.4056874180548
          ],
          [
            16.1213897398495,
            57.4057711529815
          ],
          [
            16.1215669668805,
            57.4058315240314
          ],
          [
            16.1217671566838,
            57.4058666567467
          ],
          [
            16.1219241790603,
            57.4059091414301
          ],
          [
            16.1221147502512,
            57.4059712458445
          ],
          [
            16.1223186494532,
            57.406033309294
          ],
          [
            16.1224695001222,
            57.4061117324061
          ],
          [
            16.1226607906318,
            57.4062259122188
          ],
          [
            16.122854839898,
            57.4062987860415
          ],
          [
            16.1229923055082,
            57.4063718742624
          ],
          [
            16.1231067056684,
            57.4064612182068
          ],
          [
            16.1231810175449,
            57.4065399415815
          ],
          [
            16.1232585579986,
            57.4066132599145
          ],
          [
            16.1232895108617,
            57.4066849713294
          ],
          [
            16.1233241748115,
            57.4067854036029
          ],
          [
            16.1234084599967,
            57.4068640872549
          ],
          [
            16.123522893765,
            57.4069570238203
          ],
          [
            16.1236242764529,
            57.4070679585884
          ],
          [
            16.123678839606,
            57.4071629220295
          ],
          [
            16.1236966418917,
            57.4072472567601
          ],
          [
            16.1237442990312,
            57.4073242866255
          ],
          [
            16.1237618966877,
            57.407394249515
          ],
          [
            16.1237693173281,
            57.4074498946784
          ],
          [
            16.1238036025949,
            57.4075233868615
          ],
          [
            16.123792520721,
            57.4076868495088
          ],
          [
            16.123840750799,
            57.4078051838928
          ],
          [
            16.1238726763403,
            57.4079487182049
          ],
          [
            16.1239447952852,
            57.4081100514044
          ],
          [
            16.1240498652147,
            57.4082479174205
          ],
          [
            16.124177911442,
            57.4083605447979
          ],
          [
            16.1243157996059,
            57.4084641572421
          ],
          [
            16.1244500345727,
            57.4085426488917
          ],
          [
            16.1245645787521,
            57.4086427631466
          ],
          [
            16.1245790104711,
            57.4087235131658
          ],
          [
            16.124590541631,
            57.4088366082822
          ],
          [
            16.1246849074448,
            57.4089206407375
          ],
          [
            16.1248615661119,
            57.4089378988058
          ],
          [
            16.1250515244035,
            57.4089533264352
          ],
          [
            16.1252082690532,
            57.4089742492185
          ],
          [
            16.1252991918266,
            57.4090511182469
          ],
          [
            16.1253537176151,
            57.4091424879524
          ],
          [
            16.125485070714,
            57.4092533090785
          ],
          [
            16.1256987164322,
            57.4092973696959
          ],
          [
            16.1259185774709,
            57.4093090691687
          ],
          [
            16.1261649793658,
            57.4093134929723
          ],
          [
            16.1263984611167,
            57.4094516436096
          ],
          [
            16.1265333537211,
            57.4096064705237
          ],
          [
            16.1265495115564,
            57.4097490664379
          ],
          [
            16.1265834955472,
            57.4098703329727
          ],
          [
            16.1266483913516,
            57.4099821878895
          ],
          [
            16.1268187457186,
            57.410113361545
          ],
          [
            16.1268751765127,
            57.4101919300657
          ],
          [
            16.1268485844351,
            57.4103144002218
          ],
          [
            16.1268124124659,
            57.4103808991276
          ],
          [
            16.1267795559071,
            57.4104473968328
          ],
          [
            16.1267936471752,
            57.4105730537688
          ],
          [
            16.1268339554007,
            57.4106358229687
          ],
          [
            16.1268843358958,
            57.4107129461103
          ],
          [
            16.1269347501484,
            57.4107954442844
          ],
          [
            16.1269553497634,
            57.4108977513133
          ],
          [
            16.126925208363,
            57.4109585410157
          ],
          [
            16.1269260568081,
            57.410958857598
          ],
          [
            16.1269701375396,
            57.4109755300423
          ],
          [
            16.1270361815209,
            57.4110523669519
          ],
          [
            16.1271115697993,
            57.4111508399593
          ],
          [
            16.1272646233778,
            57.41128876217
          ],
          [
            16.1273153893157,
            57.4113575678995
          ],
          [
            16.1273068510983,
            57.4114173174427
          ],
          [
            16.1271876231889,
            57.4115233273962
          ],
          [
            16.1268227875149,
            57.4117084741006
          ],
          [
            16.1265752743182,
            57.4118615560786
          ],
          [
            16.1264898011001,
            57.4119103379183
          ],
          [
            16.1264605692293,
            57.4119478570679
          ],
          [
            16.1264313725278,
            57.4120355706379
          ],
          [
            16.126372405221,
            57.4121391013089
          ],
          [
            16.1262995420219,
            57.412239349437
          ],
          [
            16.1262628476664,
            57.4123786601464
          ],
          [
            16.126231339901,
            57.4125247236802
          ],
          [
            16.1261896419998,
            57.4126152434264
          ],
          [
            16.1261341624618,
            57.4127078916938
          ],
          [
            16.1260568519689,
            57.4127817099201
          ],
          [
            16.1259993475187,
            57.4128438582736
          ],
          [
            16.125988469083,
            57.4129110895797
          ],
          [
            16.126013881906,
            57.4129712671989
          ],
          [
            16.1261139277284,
            57.4131000817742
          ],
          [
            16.1261167149405,
            57.4131611064099
          ],
          [
            16.1260753083577,
            57.4133621778795
          ],
          [
            16.1260140659249,
            57.4135254129194
          ],
          [
            16.1259471214143,
            57.413612048585
          ],
          [
            16.1258495396009,
            57.413679919966
          ],
          [
            16.1258423300166,
            57.4137430417734
          ],
          [
            16.1258963946333,
            57.4137928383582
          ],
          [
            16.1260805524655,
            57.413917643642
          ],
          [
            16.1261743532438,
            57.4139488305246
          ],
          [
            16.1263078667519,
            57.4140095666584
          ],
          [
            16.1263354832469,
            57.4140575177783
          ],
          [
            16.1263357101376,
            57.4141158468475
          ],
          [
            16.1263973461847,
            57.4142178106162
          ],
          [
            16.1264961029322,
            57.4143029750853
          ],
          [
            16.1264209419919,
            57.4143080413636
          ],
          [
            16.126145,
            57.414652
          ],
          [
            16.1262994283182,
            57.4148539180159
          ],
          [
            16.1265384808926,
            57.4150192454861
          ],
          [
            16.1266319555102,
            57.4150711365453
          ],
          [
            16.1266417030338,
            57.4150835499134
          ],
          [
            16.1266755484891,
            57.415126718486
          ],
          [
            16.1267259012037,
            57.4151984520915
          ],
          [
            16.1267896409892,
            57.4152827201697
          ],
          [
            16.1268969859488,
            57.4154207807493
          ],
          [
            16.1269684803674,
            57.4154429396725
          ],
          [
            16.1269079214257,
            57.4155583549352
          ],
          [
            16.1267836359438,
            57.4156633848396
          ],
          [
            16.1266666635286,
            57.4157849850526
          ],
          [
            16.1265662508041,
            57.4159396921414
          ],
          [
            16.1265198261809,
            57.416091965564
          ],
          [
            16.1264872705468,
            57.4161966605859
          ],
          [
            16.1264280889924,
            57.4162425358264
          ],
          [
            16.125965298064,
            57.4164331516775
          ],
          [
            16.1255939956059,
            57.4165634006053
          ],
          [
            16.1252772886812,
            57.4166654392843
          ],
          [
            16.1251475728097,
            57.4167552469164
          ],
          [
            16.1249795956121,
            57.4168731424503
          ],
          [
            16.1247369463921,
            57.4169712399806
          ],
          [
            16.1246581573552,
            57.4170369331207
          ],
          [
            16.1245694655899,
            57.4171589959499
          ],
          [
            16.124346693574,
            57.4172969648259
          ],
          [
            16.1241832396482,
            57.4173951583601
          ],
          [
            16.1240316592367,
            57.4174661345781
          ],
          [
            16.123835745357,
            57.4175727112594
          ],
          [
            16.1236955877969,
            57.4176978587431
          ],
          [
            16.1235645413413,
            57.4178256272277
          ],
          [
            16.1235184999235,
            57.4179136939327
          ],
          [
            16.1234427372344,
            57.4180395193083
          ],
          [
            16.1233235676652,
            57.4181420698562
          ],
          [
            16.1231746190748,
            57.4182680284694
          ],
          [
            16.1231021178616,
            57.4183830661881
          ],
          [
            16.1230430383568,
            57.4185178465522
          ],
          [
            16.1230071977108,
            57.4186399999416
          ],
          [
            16.1230043818104,
            57.4187243936873
          ],
          [
            16.1229915283012,
            57.4188016265005
          ],
          [
            16.1229821480347,
            57.4188985980326
          ],
          [
            16.122976148092,
            57.4190045437661
          ],
          [
            16.123023535155,
            57.4191373251461
          ],
          [
            16.1230577143723,
            57.419284504783
          ],
          [
            16.1230548654296,
            57.4193635089851
          ],
          [
            16.1230628245093,
            57.4194300333884
          ],
          [
            16.1230768492003,
            57.4194324393969
          ],
          [
            16.123127219939,
            57.4194410998631
          ],
          [
            16.1231813202476,
            57.4194929258362
          ],
          [
            16.123176916646,
            57.4195675657492
          ],
          [
            16.1231061122138,
            57.4196508337465
          ],
          [
            16.1230879569922,
            57.4197282899667
          ],
          [
            16.1230080432421,
            57.4199493203383
          ],
          [
            16.1229953335165,
            57.4199934906517
          ],
          [
            16.1230908800829,
            57.420093175745
          ],
          [
            16.1233029515372,
            57.4202774686516
          ],
          [
            16.1234885597249,
            57.4204585534774
          ],
          [
            16.1235477072328,
            57.4205612202396
          ],
          [
            16.1235303444869,
            57.4207193811526
          ],
          [
            16.1234801521774,
            57.4209225526711
          ],
          [
            16.1233443296325,
            57.4212199609422
          ],
          [
            16.123226592934,
            57.4213870020335
          ],
          [
            16.1230799479856,
            57.4214796389965
          ],
          [
            16.1229054738095,
            57.4215901299998
          ],
          [
            16.1226994441059,
            57.4217208458621
          ],
          [
            16.1226558130454,
            57.4217856018363
          ],
          [
            16.1226194209088,
            57.4218380970791
          ],
          [
            16.1225860118074,
            57.4218597104317
          ],
          [
            16.1224952055352,
            57.4219224332485
          ],
          [
            16.1224621458451,
            57.4219830407281
          ],
          [
            16.1224351980436,
            57.4220859964118
          ],
          [
            16.1224424430739,
            57.4221242633488
          ],
          [
            16.12248378365,
            57.4221924643238
          ],
          [
            16.1225200938946,
            57.4222861481931
          ],
          [
            16.1226055604875,
            57.4224605094546
          ],
          [
            16.122681031704,
            57.4225610203369
          ],
          [
            16.122700717692,
            57.4226436261819
          ],
          [
            16.1226827573596,
            57.4227797445992
          ],
          [
            16.1225904047113,
            57.4230059491314
          ],
          [
            16.1227780433807,
            57.4231077007509
          ],
          [
            16.122964634131,
            57.4231735298065
          ],
          [
            16.1230907163605,
            57.4231865484419
          ],
          [
            16.1234135535792,
            57.4231014295097
          ],
          [
            16.123559754058,
            57.4230654205002
          ],
          [
            16.1238431690247,
            57.4230117956725
          ],
          [
            16.1240389832969,
            57.4229740746131
          ],
          [
            16.1241897976257,
            57.4229220872223
          ],
          [
            16.1242956699841,
            57.4228826512036
          ],
          [
            16.1244415865426,
            57.4228605505716
          ],
          [
            16.1248108680498,
            57.4228222236273
          ],
          [
            16.1251747705978,
            57.4230161923336
          ],
          [
            16.1258535054961,
            57.4231785752875
          ],
          [
            16.1262080999899,
            57.4233863216494
          ],
          [
            16.1267131776783,
            57.4237370604993
          ],
          [
            16.1272012367077,
            57.4238133426339
          ],
          [
            16.1278578868439,
            57.4239072589194
          ],
          [
            16.128015464217,
            57.4240722759305
          ],
          [
            16.1282344944717,
            57.4243799461018
          ],
          [
            16.1283930932762,
            57.4245354629996
          ],
          [
            16.1286394012097,
            57.4246794690554
          ],
          [
            16.1288719657316,
            57.4247767708296
          ],
          [
            16.1290639218446,
            57.4249089768817
          ],
          [
            16.1292108531386,
            57.4250503314233
          ],
          [
            16.129500913009,
            57.4253323832834
          ],
          [
            16.1298015036552,
            57.4254756900372
          ],
          [
            16.1298903732008,
            57.4255180572173
          ],
          [
            16.1301794809314,
            57.4257042211297
          ],
          [
            16.1305330089927,
            57.425935234805
          ],
          [
            16.130673,
            57.426028
          ],
          [
            16.1309703201138,
            57.4262420484613
          ],
          [
            16.1310708653702,
            57.4264062671549
          ],
          [
            16.1311823298713,
            57.4265339359076
          ],
          [
            16.13138,
            57.426637
          ],
          [
            16.1315706058291,
            57.4267391808094
          ],
          [
            16.1318042919394,
            57.4268303747405
          ],
          [
            16.1319838579061,
            57.4269199260658
          ],
          [
            16.1320610042892,
            57.426967733358
          ],
          [
            16.1324441175292,
            57.4271988870562
          ],
          [
            16.1326748147934,
            57.4273701417197
          ],
          [
            16.1330382275383,
            57.4276170426046
          ],
          [
            16.133236090505,
            57.4277335941945
          ],
          [
            16.1333904043858,
            57.4277690738245
          ],
          [
            16.1336036882477,
            57.4278000536617
          ],
          [
            16.1336946253858,
            57.4278156603084
          ],
          [
            16.134016,
            57.427983
          ],
          [
            16.134246,
            57.428205
          ],
          [
            16.1345123625165,
            57.428382040926
          ],
          [
            16.134935,
            57.428619
          ],
          [
            16.135301,
            57.428748
          ],
          [
            16.135774,
            57.428809
          ],
          [
            16.136152,
            57.428789
          ],
          [
            16.136455,
            57.42888
          ],
          [
            16.136656,
            57.428902
          ],
          [
            16.136914,
            57.429045
          ],
          [
            16.13711,
            57.42904
          ],
          [
            16.137293,
            57.429101
          ],
          [
            16.137535,
            57.429323
          ],
          [
            16.1377796642303,
            57.4294195210371
          ],
          [
            16.138033,
            57.42951
          ],
          [
            16.138491,
            57.42952
          ],
          [
            16.1389227304949,
            57.4296238662642
          ],
          [
            16.1392859287969,
            57.4297855206228
          ],
          [
            16.1400151865478,
            57.4300569827175
          ],
          [
            16.1402085135888,
            57.4302410639084
          ],
          [
            16.1405538097066,
            57.4305768466777
          ],
          [
            16.1406094282114,
            57.4306712108955
          ],
          [
            16.1406543649132,
            57.4307951383443
          ],
          [
            16.1406968872872,
            57.4309545140816
          ],
          [
            16.1407174531216,
            57.43110804108
          ],
          [
            16.1407298862758,
            57.4312704501268
          ],
          [
            16.1407291149306,
            57.4314860570538
          ],
          [
            16.1407076830776,
            57.4315378000219
          ],
          [
            16.1405313476908,
            57.4317169540065
          ],
          [
            16.140398144755,
            57.4318221561266
          ],
          [
            16.1402270940349,
            57.431980621234
          ],
          [
            16.1399231987669,
            57.4322841588969
          ],
          [
            16.1397711485274,
            57.4324248521235
          ],
          [
            16.1393096220907,
            57.4328587588411
          ],
          [
            16.1392473049299,
            57.4329312840064
          ],
          [
            16.139034325094,
            57.4332980793211
          ],
          [
            16.1389126805145,
            57.4334711796072
          ],
          [
            16.1388182681473,
            57.4336279637307
          ],
          [
            16.1387480290559,
            57.4337329979338
          ],
          [
            16.1385994290829,
            57.4339534248453
          ],
          [
            16.1385261964228,
            57.4340304086492
          ],
          [
            16.1383629538226,
            57.4341460249494
          ],
          [
            16.1383033038624,
            57.4342111588738
          ],
          [
            16.1382736258742,
            57.4342599696354
          ],
          [
            16.1382550072285,
            57.4343205652253
          ],
          [
            16.1382502529314,
            57.434400321987
          ],
          [
            16.1382617535833,
            57.4344608382508
          ],
          [
            16.1382842602859,
            57.4345272325057
          ],
          [
            16.138314901252,
            57.434584744859
          ],
          [
            16.13834568942,
            57.4346585010132
          ],
          [
            16.1384119839293,
            57.4350245591365
          ],
          [
            16.1384239398523,
            57.4351352835117
          ],
          [
            16.1383970128388,
            57.4351855637906
          ],
          [
            16.1383508248354,
            57.43522555759
          ],
          [
            16.1382965826262,
            57.4352832935263
          ],
          [
            16.1382863117984,
            57.4353586345721
          ],
          [
            16.1383006178747,
            57.4354265271594
          ],
          [
            16.1383366424188,
            57.4354736881056
          ],
          [
            16.1383588824013,
            57.4355105481417
          ],
          [
            16.1383814434317,
            57.4355828492061
          ],
          [
            16.1383627841772,
            57.4356390146706
          ],
          [
            16.1383220853775,
            57.4356804707395
          ],
          [
            16.1382104066053,
            57.4357457416389
          ],
          [
            16.1380714119618,
            57.4358184680638
          ],
          [
            16.1380386868245,
            57.4358333216443
          ],
          [
            16.1380033570296,
            57.4358629495189
          ],
          [
            16.1379792472993,
            57.4359220827559
          ],
          [
            16.137966678238,
            57.4360461623922
          ]
        ]
      }
    }
  ]
}
