{
  "type": "FeatureCollection",
  "features": [
    {
      "type": "Feature",
      "properties": {
        "trailId": "vastra-vatterleden",
        "sectionId": "vastra-vatterleden-etapp-4-roa-lunnakulle-hjo",
        "candidateGeometry": true,
        "runtimeImportApproved": false,
        "role": "mainline-primary",
        "variantId": "roasjon-lunnakulle-skarpas-mullsjon-hjo",
        "title": "Röåsjön-Lunnakulle-Skarpås-Mullsjön-Hjo mainline",
        "sourceTypes": [
          "google-my-maps-kml"
        ],
        "sourceUrls": [
          "https://www.google.com/maps/d/kml?mid=1XkKn4FdmCYUZHyYkhDNWSRp1vCqEhRfi&forcekml=1"
        ],
        "components": [
          {
            "sourceType": "google-my-maps-kml",
            "sourceUrl": "https://www.google.com/maps/d/kml?mid=1XkKn4FdmCYUZHyYkhDNWSRp1vCqEhRfi&forcekml=1",
            "component": "Etapp 4 Röåsjön-Lunnakulle",
            "lineIndex": 0,
            "reverseApplied": false,
            "pointCount": 499
          },
          {
            "sourceType": "google-my-maps-kml",
            "sourceUrl": "https://www.google.com/maps/d/kml?mid=1XkKn4FdmCYUZHyYkhDNWSRp1vCqEhRfi&forcekml=1",
            "component": "Etapp 4 Lunnakulle-Skarpås",
            "lineIndex": 0,
            "reverseApplied": false,
            "pointCount": 470
          },
          {
            "sourceType": "google-my-maps-kml",
            "sourceUrl": "https://www.google.com/maps/d/kml?mid=1XkKn4FdmCYUZHyYkhDNWSRp1vCqEhRfi&forcekml=1",
            "component": "Etapp 4 Skarpås-Mullsjön",
            "lineIndex": 0,
            "reverseApplied": false,
            "pointCount": 461
          },
          {
            "sourceType": "google-my-maps-kml",
            "sourceUrl": "https://www.google.com/maps/d/kml?mid=1XkKn4FdmCYUZHyYkhDNWSRp1vCqEhRfi&forcekml=1",
            "component": "Etapp 4 Mullsjön-Hjo",
            "lineIndex": 0,
            "reverseApplied": false,
            "pointCount": 224
          }
        ],
        "componentCount": 4,
        "lineCount": 1,
        "pointCount": 1653,
        "computedDistanceKm": 25.012,
        "lastUpdated": "2026-04-30",
        "id": "vastra-vatterleden-etapp-4-roa-lunnakulle-hjo",
        "trailSystemId": "vastra-vatterleden",
        "name": "Etapp 4: Röå - Lunnakulle - Hjo",
        "part": 1,
        "source": "candidate-normalized-geojson"
      },
      "geometry": {
        "type": "LineString",
        "coordinates": [
          [
            14.364484,
            58.412664
          ],
          [
            14.364108,
            58.412688
          ],
          [
            14.363785,
            58.412701
          ],
          [
            14.363493,
            58.412742
          ],
          [
            14.363351,
            58.412684
          ],
          [
            14.363186,
            58.412706
          ],
          [
            14.363022,
            58.412688
          ],
          [
            14.362912,
            58.41267
          ],
          [
            14.36277,
            58.412661
          ],
          [
            14.362633,
            58.412643
          ],
          [
            14.362528,
            58.412666
          ],
          [
            14.362145,
            58.412823
          ],
          [
            14.361947,
            58.412854
          ],
          [
            14.361493,
            58.412921
          ],
          [
            14.361141,
            58.413015
          ],
          [
            14.360904,
            58.413118
          ],
          [
            14.360775,
            58.413215
          ],
          [
            14.36068,
            58.413282
          ],
          [
            14.360578,
            58.413336
          ],
          [
            14.360443,
            58.413395
          ],
          [
            14.360262,
            58.413476
          ],
          [
            14.359984,
            58.413546
          ],
          [
            14.359558,
            58.413627
          ],
          [
            14.359255,
            58.41369
          ],
          [
            14.358992,
            58.413834
          ],
          [
            14.358778,
            58.41395
          ],
          [
            14.358509,
            58.414112
          ],
          [
            14.358328,
            58.414211
          ],
          [
            14.357988,
            58.414283
          ],
          [
            14.357725,
            58.414314
          ],
          [
            14.357528,
            58.41431
          ],
          [
            14.357319,
            58.41431
          ],
          [
            14.357166,
            58.414314
          ],
          [
            14.357025,
            58.414301
          ],
          [
            14.356919,
            58.414287
          ],
          [
            14.356815,
            58.414269
          ],
          [
            14.356711,
            58.414251
          ],
          [
            14.356628,
            58.414238
          ],
          [
            14.356508,
            58.41422
          ],
          [
            14.356398,
            58.414197
          ],
          [
            14.356288,
            58.414171
          ],
          [
            14.356173,
            58.414139
          ],
          [
            14.356036,
            58.414121
          ],
          [
            14.355751,
            58.414045
          ],
          [
            14.35564,
            58.414007
          ],
          [
            14.355515,
            58.413959
          ],
          [
            14.35539,
            58.413915
          ],
          [
            14.355265,
            58.413861
          ],
          [
            14.355166,
            58.413832
          ],
          [
            14.355,
            58.41378
          ],
          [
            14.354797,
            58.413708
          ],
          [
            14.354682,
            58.413651
          ],
          [
            14.354567,
            58.413554
          ],
          [
            14.354413,
            58.413447
          ],
          [
            14.354301,
            58.413379
          ],
          [
            14.354083,
            58.413279
          ],
          [
            14.35387,
            58.413185
          ],
          [
            14.353649,
            58.413107
          ],
          [
            14.353416,
            58.41308
          ],
          [
            14.353235,
            58.413104
          ],
          [
            14.353054,
            58.413164
          ],
          [
            14.352971,
            58.413214
          ],
          [
            14.352829,
            58.413362
          ],
          [
            14.352653,
            58.413519
          ],
          [
            14.352538,
            58.413623
          ],
          [
            14.352478,
            58.41378
          ],
          [
            14.352434,
            58.413968
          ],
          [
            14.352319,
            58.414004
          ],
          [
            14.352017,
            58.414009
          ],
          [
            14.351622,
            58.413982
          ],
          [
            14.351391,
            58.413964
          ],
          [
            14.351073,
            58.413946
          ],
          [
            14.350826,
            58.41395
          ],
          [
            14.350519,
            58.414009
          ],
          [
            14.350185,
            58.414013
          ],
          [
            14.350108,
            58.414013
          ],
          [
            14.350048,
            58.414004
          ],
          [
            14.349916,
            58.414018
          ],
          [
            14.349817,
            58.414009
          ],
          [
            14.349658,
            58.414027
          ],
          [
            14.349527,
            58.414013
          ],
          [
            14.349154,
            58.414013
          ],
          [
            14.348989,
            58.414009
          ],
          [
            14.348836,
            58.414013
          ],
          [
            14.348704,
            58.414
          ],
          [
            14.348617,
            58.414004
          ],
          [
            14.348529,
            58.414
          ],
          [
            14.348403,
            58.414018
          ],
          [
            14.348277,
            58.414135
          ],
          [
            14.348079,
            58.414247
          ],
          [
            14.347871,
            58.414256
          ],
          [
            14.347646,
            58.414242
          ],
          [
            14.347558,
            58.414135
          ],
          [
            14.347432,
            58.414022
          ],
          [
            14.34735,
            58.413932
          ],
          [
            14.34731,
            58.413888
          ],
          [
            14.347235,
            58.413834
          ],
          [
            14.347163,
            58.413748
          ],
          [
            14.347103,
            58.413667
          ],
          [
            14.346972,
            58.413528
          ],
          [
            14.346912,
            58.413457
          ],
          [
            14.346873,
            58.41338
          ],
          [
            14.34678,
            58.4132
          ],
          [
            14.346741,
            58.413075
          ],
          [
            14.346643,
            58.41294
          ],
          [
            14.346538,
            58.412832
          ],
          [
            14.346374,
            58.412724
          ],
          [
            14.346242,
            58.412643
          ],
          [
            14.346138,
            58.412598
          ],
          [
            14.346042,
            58.412563
          ],
          [
            14.34587,
            58.412504
          ],
          [
            14.345733,
            58.412445
          ],
          [
            14.345592,
            58.412391
          ],
          [
            14.345496,
            58.41235
          ],
          [
            14.345407,
            58.412307
          ],
          [
            14.345312,
            58.412261
          ],
          [
            14.34521,
            58.412216
          ],
          [
            14.345138,
            58.412172
          ],
          [
            14.345077,
            58.412122
          ],
          [
            14.344923,
            58.412032
          ],
          [
            14.344737,
            58.411951
          ],
          [
            14.344611,
            58.411879
          ],
          [
            14.344435,
            58.411821
          ],
          [
            14.344276,
            58.411758
          ],
          [
            14.344095,
            58.411695
          ],
          [
            14.343885,
            58.411647
          ],
          [
            14.343677,
            58.411593
          ],
          [
            14.343468,
            58.411512
          ],
          [
            14.343337,
            58.411436
          ],
          [
            14.343189,
            58.411355
          ],
          [
            14.342997,
            58.411296
          ],
          [
            14.342898,
            58.411251
          ],
          [
            14.342832,
            58.411224
          ],
          [
            14.342629,
            58.411148
          ],
          [
            14.3425,
            58.411106
          ],
          [
            14.342295,
            58.411049
          ],
          [
            14.342076,
            58.410959
          ],
          [
            14.34196,
            58.41091
          ],
          [
            14.341807,
            58.410847
          ],
          [
            14.341686,
            58.410789
          ],
          [
            14.341533,
            58.41069
          ],
          [
            14.341401,
            58.410627
          ],
          [
            14.341269,
            58.41056
          ],
          [
            14.34116,
            58.410488
          ],
          [
            14.340997,
            58.410374
          ],
          [
            14.340866,
            58.410276
          ],
          [
            14.340652,
            58.410127
          ],
          [
            14.340542,
            58.410051
          ],
          [
            14.340427,
            58.409984
          ],
          [
            14.340257,
            58.409898
          ],
          [
            14.340038,
            58.409817
          ],
          [
            14.339857,
            58.409732
          ],
          [
            14.33978,
            58.409701
          ],
          [
            14.339709,
            58.409678
          ],
          [
            14.339604,
            58.409647
          ],
          [
            14.3395,
            58.409588
          ],
          [
            14.339303,
            58.409521
          ],
          [
            14.339155,
            58.409462
          ],
          [
            14.339,
            58.409416
          ],
          [
            14.338902,
            58.409357
          ],
          [
            14.338808,
            58.409308
          ],
          [
            14.338688,
            58.409254
          ],
          [
            14.338589,
            58.409196
          ],
          [
            14.338458,
            58.409133
          ],
          [
            14.338309,
            58.409074
          ],
          [
            14.33815,
            58.408989
          ],
          [
            14.337909,
            58.408881
          ],
          [
            14.337717,
            58.408814
          ],
          [
            14.33752,
            58.408589
          ],
          [
            14.337322,
            58.408396
          ],
          [
            14.337262,
            58.408329
          ],
          [
            14.337109,
            58.408333
          ],
          [
            14.337024,
            58.408366
          ],
          [
            14.336961,
            58.408401
          ],
          [
            14.336834,
            58.408482
          ],
          [
            14.336719,
            58.408536
          ],
          [
            14.336533,
            58.408616
          ],
          [
            14.336368,
            58.408684
          ],
          [
            14.336204,
            58.408796
          ],
          [
            14.336012,
            58.408877
          ],
          [
            14.335793,
            58.408917
          ],
          [
            14.335628,
            58.408926
          ],
          [
            14.335409,
            58.408917
          ],
          [
            14.335283,
            58.408854
          ],
          [
            14.335179,
            58.408792
          ],
          [
            14.335096,
            58.408724
          ],
          [
            14.33501,
            58.408677
          ],
          [
            14.334948,
            58.408639
          ],
          [
            14.334924,
            58.408612
          ],
          [
            14.334882,
            58.408588
          ],
          [
            14.334711,
            58.408479
          ],
          [
            14.334647,
            58.408421
          ],
          [
            14.334543,
            58.408351
          ],
          [
            14.334411,
            58.408243
          ],
          [
            14.334261,
            58.408176
          ],
          [
            14.334184,
            58.408108
          ],
          [
            14.334092,
            58.408062
          ],
          [
            14.333977,
            58.407971
          ],
          [
            14.333934,
            58.407903
          ],
          [
            14.333885,
            58.407814
          ],
          [
            14.333814,
            58.407756
          ],
          [
            14.333766,
            58.407744
          ],
          [
            14.333704,
            58.407766
          ],
          [
            14.333638,
            58.407814
          ],
          [
            14.333598,
            58.407865
          ],
          [
            14.333536,
            58.407938
          ],
          [
            14.333437,
            58.408057
          ],
          [
            14.333332,
            58.408092
          ],
          [
            14.33325,
            58.408121
          ],
          [
            14.333151,
            58.408138
          ],
          [
            14.33305,
            58.408168
          ],
          [
            14.33282,
            58.408209
          ],
          [
            14.332573,
            58.40824
          ],
          [
            14.332387,
            58.408245
          ],
          [
            14.332222,
            58.408253
          ],
          [
            14.332129,
            58.408249
          ],
          [
            14.332014,
            58.408249
          ],
          [
            14.331899,
            58.408253
          ],
          [
            14.331794,
            58.408253
          ],
          [
            14.331564,
            58.40828
          ],
          [
            14.331345,
            58.408303
          ],
          [
            14.331098,
            58.408348
          ],
          [
            14.330864,
            58.408391
          ],
          [
            14.330614,
            58.408421
          ],
          [
            14.330338,
            58.408456
          ],
          [
            14.33017,
            58.408526
          ],
          [
            14.330005,
            58.408569
          ],
          [
            14.329867,
            58.408601
          ],
          [
            14.329693,
            58.408628
          ],
          [
            14.329499,
            58.408679
          ],
          [
            14.329337,
            58.408685
          ],
          [
            14.329229,
            58.40866
          ],
          [
            14.329015,
            58.408636
          ],
          [
            14.328801,
            58.408585
          ],
          [
            14.328656,
            58.408566
          ],
          [
            14.328423,
            58.408515
          ],
          [
            14.328054,
            58.408426
          ],
          [
            14.327692,
            58.40834
          ],
          [
            14.327472,
            58.408294
          ],
          [
            14.327209,
            58.408237
          ],
          [
            14.3271,
            58.408216
          ],
          [
            14.326942,
            58.408178
          ],
          [
            14.326748,
            58.408138
          ],
          [
            14.326501,
            58.40807
          ],
          [
            14.326228,
            58.408003
          ],
          [
            14.325905,
            58.407914
          ],
          [
            14.325655,
            58.407849
          ],
          [
            14.325527,
            58.407809
          ],
          [
            14.325264,
            58.40765
          ],
          [
            14.325076,
            58.407547
          ],
          [
            14.324938,
            58.40748
          ],
          [
            14.324876,
            58.407394
          ],
          [
            14.324895,
            58.407308
          ],
          [
            14.324918,
            58.407211
          ],
          [
            14.324935,
            58.407165
          ],
          [
            14.324988,
            58.40713
          ],
          [
            14.32528,
            58.407076
          ],
          [
            14.325425,
            58.407054
          ],
          [
            14.325567,
            58.407033
          ],
          [
            14.325611,
            58.407008
          ],
          [
            14.325611,
            58.406984
          ],
          [
            14.32555,
            58.406942
          ],
          [
            14.325507,
            58.406907
          ],
          [
            14.325435,
            58.406853
          ],
          [
            14.325372,
            58.406816
          ],
          [
            14.325287,
            58.406729
          ],
          [
            14.325198,
            58.406597
          ],
          [
            14.325139,
            58.406467
          ],
          [
            14.325066,
            58.406386
          ],
          [
            14.324869,
            58.406271
          ],
          [
            14.324718,
            58.406184
          ],
          [
            14.32454,
            58.406066
          ],
          [
            14.324354,
            58.405933
          ],
          [
            14.324226,
            58.405842
          ],
          [
            14.324012,
            58.405753
          ],
          [
            14.323808,
            58.405696
          ],
          [
            14.323551,
            58.405642
          ],
          [
            14.323252,
            58.405556
          ],
          [
            14.322966,
            58.405486
          ],
          [
            14.32265,
            58.4054
          ],
          [
            14.322367,
            58.405332
          ],
          [
            14.322202,
            58.405249
          ],
          [
            14.322002,
            58.405198
          ],
          [
            14.321722,
            58.405138
          ],
          [
            14.321584,
            58.405106
          ],
          [
            14.321357,
            58.405141
          ],
          [
            14.321206,
            58.405151
          ],
          [
            14.321064,
            58.40514
          ],
          [
            14.320906,
            58.405076
          ],
          [
            14.320702,
            58.405014
          ],
          [
            14.320515,
            58.404974
          ],
          [
            14.320304,
            58.404998
          ],
          [
            14.320186,
            58.405001
          ],
          [
            14.31987,
            58.405001
          ],
          [
            14.319509,
            58.404967
          ],
          [
            14.31917,
            58.404961
          ],
          [
            14.319014,
            58.404947
          ],
          [
            14.318766,
            58.404947
          ],
          [
            14.318624,
            58.404903
          ],
          [
            14.318466,
            58.404847
          ],
          [
            14.318286,
            58.40478
          ],
          [
            14.318144,
            58.404712
          ],
          [
            14.317916,
            58.404639
          ],
          [
            14.317786,
            58.404597
          ],
          [
            14.317664,
            58.404556
          ],
          [
            14.317542,
            58.404524
          ],
          [
            14.317509,
            58.40451
          ],
          [
            14.31746,
            58.404494
          ],
          [
            14.317403,
            58.404484
          ],
          [
            14.317348,
            58.404467
          ],
          [
            14.317236,
            58.404467
          ],
          [
            14.317019,
            58.404478
          ],
          [
            14.316729,
            58.40448
          ],
          [
            14.316644,
            58.404491
          ],
          [
            14.316611,
            58.404297
          ],
          [
            14.316548,
            58.404108
          ],
          [
            14.316506,
            58.403979
          ],
          [
            14.316423,
            58.403815
          ],
          [
            14.316321,
            58.403596
          ],
          [
            14.316275,
            58.403448
          ],
          [
            14.3162,
            58.403268
          ],
          [
            14.316127,
            58.403079
          ],
          [
            14.316085,
            58.402877
          ],
          [
            14.316075,
            58.402699
          ],
          [
            14.316045,
            58.402571
          ],
          [
            14.316015,
            58.402474
          ],
          [
            14.315943,
            58.402301
          ],
          [
            14.315811,
            58.402118
          ],
          [
            14.315686,
            58.401927
          ],
          [
            14.315571,
            58.401733
          ],
          [
            14.315413,
            58.401549
          ],
          [
            14.315347,
            58.401396
          ],
          [
            14.315252,
            58.401201
          ],
          [
            14.314752,
            58.40107
          ],
          [
            14.314423,
            58.401035
          ],
          [
            14.313931,
            58.401074
          ],
          [
            14.313399,
            58.400936
          ],
          [
            14.312982,
            58.400995
          ],
          [
            14.312719,
            58.400914
          ],
          [
            14.312346,
            58.400799
          ],
          [
            14.312283,
            58.400719
          ],
          [
            14.312248,
            58.400658
          ],
          [
            14.312323,
            58.40061
          ],
          [
            14.312459,
            58.400502
          ],
          [
            14.312682,
            58.400403
          ],
          [
            14.312748,
            58.400345
          ],
          [
            14.312862,
            58.400275
          ],
          [
            14.313075,
            58.400114
          ],
          [
            14.313245,
            58.40002
          ],
          [
            14.313533,
            58.399877
          ],
          [
            14.313665,
            58.399817
          ],
          [
            14.313734,
            58.399755
          ],
          [
            14.313761,
            58.399638
          ],
          [
            14.313783,
            58.399472
          ],
          [
            14.313684,
            58.399396
          ],
          [
            14.313585,
            58.399369
          ],
          [
            14.313503,
            58.399301
          ],
          [
            14.313423,
            58.39919
          ],
          [
            14.313323,
            58.399039
          ],
          [
            14.313171,
            58.398927
          ],
          [
            14.313018,
            58.398784
          ],
          [
            14.312963,
            58.398712
          ],
          [
            14.312936,
            58.398635
          ],
          [
            14.312915,
            58.39854
          ],
          [
            14.312897,
            58.39846
          ],
          [
            14.312875,
            58.398361
          ],
          [
            14.312912,
            58.398233
          ],
          [
            14.312925,
            58.398162
          ],
          [
            14.312867,
            58.397972
          ],
          [
            14.312713,
            58.397948
          ],
          [
            14.312631,
            58.397949
          ],
          [
            14.312368,
            58.397857
          ],
          [
            14.312253,
            58.397823
          ],
          [
            14.312121,
            58.397743
          ],
          [
            14.311979,
            58.397554
          ],
          [
            14.312009,
            58.39734
          ],
          [
            14.31213,
            58.397264
          ],
          [
            14.312336,
            58.3972
          ],
          [
            14.312639,
            58.397084
          ],
          [
            14.312749,
            58.397008
          ],
          [
            14.312716,
            58.396891
          ],
          [
            14.312672,
            58.396797
          ],
          [
            14.312568,
            58.396716
          ],
          [
            14.312497,
            58.396635
          ],
          [
            14.312415,
            58.396545
          ],
          [
            14.31236,
            58.396505
          ],
          [
            14.312316,
            58.396469
          ],
          [
            14.312214,
            58.396413
          ],
          [
            14.312077,
            58.396386
          ],
          [
            14.311924,
            58.396332
          ],
          [
            14.311737,
            58.396305
          ],
          [
            14.311562,
            58.396274
          ],
          [
            14.311426,
            58.396226
          ],
          [
            14.311539,
            58.396128
          ],
          [
            14.311822,
            58.396073
          ],
          [
            14.312097,
            58.395993
          ],
          [
            14.312332,
            58.395916
          ],
          [
            14.312596,
            58.395862
          ],
          [
            14.312766,
            58.395799
          ],
          [
            14.312864,
            58.39575
          ],
          [
            14.312979,
            58.395692
          ],
          [
            14.31316,
            58.395575
          ],
          [
            14.313275,
            58.395512
          ],
          [
            14.313434,
            58.395413
          ],
          [
            14.313742,
            58.395243
          ],
          [
            14.314021,
            58.395108
          ],
          [
            14.314081,
            58.395076
          ],
          [
            14.314208,
            58.395004
          ],
          [
            14.314471,
            58.394888
          ],
          [
            14.314701,
            58.39478
          ],
          [
            14.314992,
            58.394659
          ],
          [
            14.315244,
            58.394519
          ],
          [
            14.315524,
            58.394398
          ],
          [
            14.315877,
            58.394212
          ],
          [
            14.315989,
            58.394153
          ],
          [
            14.316027,
            58.394144
          ],
          [
            14.316181,
            58.394085
          ],
          [
            14.316434,
            58.393981
          ],
          [
            14.316724,
            58.393837
          ],
          [
            14.316899,
            58.393761
          ],
          [
            14.316986,
            58.393724
          ],
          [
            14.31725,
            58.393611
          ],
          [
            14.317496,
            58.393508
          ],
          [
            14.317595,
            58.393459
          ],
          [
            14.317825,
            58.39336
          ],
          [
            14.318193,
            58.393198
          ],
          [
            14.318549,
            58.393036
          ],
          [
            14.3189,
            58.392875
          ],
          [
            14.319037,
            58.392807
          ],
          [
            14.319119,
            58.392767
          ],
          [
            14.319377,
            58.39265
          ],
          [
            14.319481,
            58.392596
          ],
          [
            14.31958,
            58.39256
          ],
          [
            14.319766,
            58.392479
          ],
          [
            14.320051,
            58.392345
          ],
          [
            14.320172,
            58.392286
          ],
          [
            14.320342,
            58.39221
          ],
          [
            14.320611,
            58.392089
          ],
          [
            14.320752,
            58.392043
          ],
          [
            14.320884,
            58.391993
          ],
          [
            14.321015,
            58.391944
          ],
          [
            14.321148,
            58.391846
          ],
          [
            14.321226,
            58.391793
          ],
          [
            14.32134,
            58.391742
          ],
          [
            14.321397,
            58.391711
          ],
          [
            14.321465,
            58.391647
          ],
          [
            14.321456,
            58.391602
          ],
          [
            14.321372,
            58.391553
          ],
          [
            14.321203,
            58.391482
          ],
          [
            14.320962,
            58.391374
          ],
          [
            14.320737,
            58.391267
          ],
          [
            14.320479,
            58.391226
          ],
          [
            14.320227,
            58.391091
          ],
          [
            14.320013,
            58.390954
          ],
          [
            14.319865,
            58.390824
          ],
          [
            14.319799,
            58.390725
          ],
          [
            14.319766,
            58.39059
          ],
          [
            14.319602,
            58.390433
          ],
          [
            14.319525,
            58.390361
          ],
          [
            14.319487,
            58.390243
          ],
          [
            14.3194,
            58.390136
          ],
          [
            14.319355,
            58.389984
          ],
          [
            14.319284,
            58.389836
          ],
          [
            14.319114,
            58.389683
          ],
          [
            14.318938,
            58.389562
          ],
          [
            14.318834,
            58.389409
          ],
          [
            14.318763,
            58.389279
          ],
          [
            14.318703,
            58.389131
          ],
          [
            14.318642,
            58.388955
          ],
          [
            14.318609,
            58.388821
          ],
          [
            14.31856,
            58.388632
          ],
          [
            14.318511,
            58.388497
          ],
          [
            14.318456,
            58.388322
          ],
          [
            14.318374,
            58.388116
          ],
          [
            14.318319,
            58.387963
          ],
          [
            14.318264,
            58.387815
          ],
          [
            14.318226,
            58.387716
          ],
          [
            14.318209,
            58.387644
          ],
          [
            14.31816,
            58.387505
          ],
          [
            14.318094,
            58.387343
          ],
          [
            14.318045,
            58.387145
          ],
          [
            14.317962,
            58.386969
          ],
          [
            14.317913,
            58.386772
          ],
          [
            14.317836,
            58.386601
          ],
          [
            14.317705,
            58.386457
          ],
          [
            14.317606,
            58.386403
          ],
          [
            14.317496,
            58.386385
          ],
          [
            14.317365,
            58.386372
          ],
          [
            14.317085,
            58.386367
          ],
          [
            14.316959,
            58.386367
          ],
          [
            14.316882,
            58.386367
          ],
          [
            14.316707,
            58.386345
          ],
          [
            14.31656,
            58.386326
          ],
          [
            14.316449,
            58.386269
          ],
          [
            14.316367,
            58.38621
          ],
          [
            14.316296,
            58.38612
          ],
          [
            14.316263,
            58.386093
          ],
          [
            14.31623,
            58.38604
          ],
          [
            14.316208,
            58.385945
          ],
          [
            14.316206,
            58.385909
          ],
          [
            14.316163,
            58.385758
          ],
          [
            14.316154,
            58.385626
          ],
          [
            14.31615,
            58.385395
          ],
          [
            14.316163,
            58.385206
          ],
          [
            14.316249,
            58.384988
          ],
          [
            14.316425,
            58.384702
          ],
          [
            14.316601,
            58.384468
          ],
          [
            14.316746,
            58.384208
          ],
          [
            14.316817,
            58.383964
          ],
          [
            14.316837,
            58.383865
          ],
          [
            14.316843,
            58.383689
          ],
          [
            14.316833,
            58.38352
          ],
          [
            14.316794,
            58.383374
          ],
          [
            14.316721,
            58.383164
          ],
          [
            14.316669,
            58.382967
          ],
          [
            14.31666,
            58.382798
          ],
          [
            14.316664,
            58.382539
          ],
          [
            14.31667,
            58.382342
          ],
          [
            14.316683,
            58.382059
          ],
          [
            14.3167,
            58.381887
          ],
          [
            14.316739,
            58.381718
          ],
          [
            14.316838,
            58.381549
          ],
          [
            14.316966,
            58.3814
          ],
          [
            14.317055,
            58.381298
          ],
          [
            14.31716,
            58.381174
          ],
          [
            14.317121,
            58.381021
          ],
          [
            14.317068,
            58.380937
          ],
          [
            14.316798,
            58.380813
          ],
          [
            14.316463,
            58.380673
          ],
          [
            14.31619,
            58.380608
          ],
          [
            14.3159,
            58.380541
          ],
          [
            14.315647,
            58.380479
          ],
          [
            14.315476,
            58.380436
          ],
          [
            14.315206,
            58.380366
          ],
          [
            14.315032,
            58.380331
          ],
          [
            14.314848,
            58.380301
          ],
          [
            14.314588,
            58.380269
          ],
          [
            14.3144,
            58.380258
          ],
          [
            14.314245,
            58.38025
          ],
          [
            14.314081,
            58.380236
          ],
          [
            14.313752,
            58.38022
          ],
          [
            14.313591,
            58.380212
          ],
          [
            14.313505,
            58.380207
          ],
          [
            14.313411,
            58.380205
          ],
          [
            14.313316,
            58.380194
          ],
          [
            14.313211,
            58.380186
          ],
          [
            14.313102,
            58.380175
          ],
          [
            14.312928,
            58.380167
          ],
          [
            14.31276,
            58.380159
          ],
          [
            14.312559,
            58.380145
          ],
          [
            14.31246,
            58.380137
          ],
          [
            14.312365,
            58.380124
          ],
          [
            14.312145,
            58.380094
          ],
          [
            14.311878,
            58.380067
          ],
          [
            14.311654,
            58.380051
          ],
          [
            14.311562,
            58.379951
          ],
          [
            14.311388,
            58.379773
          ],
          [
            14.311243,
            58.37962
          ],
          [
            14.311052,
            58.379415
          ],
          [
            14.310931,
            58.379283
          ],
          [
            14.310779,
            58.379121
          ],
          [
            14.310723,
            58.379059
          ],
          [
            14.310628,
            58.378954
          ],
          [
            14.310493,
            58.378825
          ],
          [
            14.310365,
            58.378687
          ],
          [
            14.310322,
            58.378612
          ],
          [
            14.310148,
            58.378609
          ],
          [
            14.309973,
            58.378717
          ],
          [
            14.309878,
            58.378782
          ],
          [
            14.309726,
            58.378879
          ],
          [
            14.309525,
            58.378953
          ],
          [
            14.309256,
            58.378952
          ],
          [
            14.309135,
            58.378938
          ],
          [
            14.309069,
            58.378927
          ],
          [
            14.308933,
            58.378922
          ],
          [
            14.308545,
            58.378941
          ],
          [
            14.308328,
            58.378933
          ],
          [
            14.308075,
            58.378946
          ],
          [
            14.307729,
            58.378971
          ],
          [
            14.307644,
            58.378971
          ],
          [
            14.307496,
            58.378965
          ],
          [
            14.307321,
            58.378957
          ],
          [
            14.306989,
            58.378917
          ],
          [
            14.306802,
            58.378879
          ],
          [
            14.30657,
            58.378776
          ],
          [
            14.306488,
            58.37874
          ],
          [
            14.306314,
            58.378603
          ],
          [
            14.306268,
            58.378467
          ],
          [
            14.306275,
            58.378267
          ],
          [
            14.306331,
            58.377995
          ],
          [
            14.306163,
            58.377949
          ],
          [
            14.305926,
            58.378003
          ],
          [
            14.305597,
            58.37809
          ],
          [
            14.305505,
            58.378108
          ],
          [
            14.305354,
            58.378148
          ],
          [
            14.305216,
            58.378176
          ],
          [
            14.305141,
            58.378196
          ],
          [
            14.305051,
            58.378216
          ],
          [
            14.304904,
            58.378247
          ],
          [
            14.304779,
            58.378273
          ],
          [
            14.304678,
            58.378302
          ],
          [
            14.304547,
            58.378327
          ],
          [
            14.304424,
            58.378358
          ],
          [
            14.3042,
            58.378405
          ],
          [
            14.304031,
            58.378442
          ],
          [
            14.303915,
            58.378467
          ],
          [
            14.303783,
            58.378502
          ],
          [
            14.303704,
            58.378518
          ],
          [
            14.30361,
            58.378539
          ],
          [
            14.303222,
            58.378604
          ],
          [
            14.302932,
            58.37866
          ],
          [
            14.302735,
            58.378715
          ],
          [
            14.302614,
            58.37875
          ],
          [
            14.302513,
            58.378775
          ],
          [
            14.302423,
            58.378798
          ],
          [
            14.302303,
            58.37883
          ],
          [
            14.302189,
            58.378854
          ],
          [
            14.302043,
            58.37891
          ],
          [
            14.301747,
            58.379027
          ],
          [
            14.301589,
            58.379092
          ],
          [
            14.301321,
            58.379234
          ],
          [
            14.301247,
            58.379268
          ],
          [
            14.300871,
            58.379437
          ],
          [
            14.300542,
            58.379582
          ],
          [
            14.3004,
            58.379649
          ],
          [
            14.300308,
            58.379686
          ],
          [
            14.300115,
            58.379769
          ],
          [
            14.299845,
            58.379891
          ],
          [
            14.299617,
            58.379999
          ],
          [
            14.299485,
            58.380049
          ],
          [
            14.299286,
            58.380137
          ],
          [
            14.299023,
            58.38026
          ],
          [
            14.298952,
            58.380292
          ],
          [
            14.298878,
            58.380326
          ],
          [
            14.298433,
            58.380522
          ],
          [
            14.298237,
            58.380612
          ],
          [
            14.298073,
            58.380685
          ],
          [
            14.297766,
            58.380821
          ],
          [
            14.297695,
            58.38086
          ],
          [
            14.297448,
            58.380962
          ],
          [
            14.297202,
            58.381073
          ],
          [
            14.296992,
            58.381165
          ],
          [
            14.296674,
            58.381325
          ],
          [
            14.296375,
            58.38149
          ],
          [
            14.29616,
            58.381615
          ],
          [
            14.295825,
            58.381641
          ],
          [
            14.295541,
            58.38168
          ],
          [
            14.295002,
            58.381672
          ],
          [
            14.294798,
            58.381674
          ],
          [
            14.294649,
            58.381669
          ],
          [
            14.294397,
            58.381658
          ],
          [
            14.294241,
            58.381653
          ],
          [
            14.294065,
            58.381653
          ],
          [
            14.293951,
            58.381642
          ],
          [
            14.293831,
            58.381633
          ],
          [
            14.29361,
            58.381631
          ],
          [
            14.293489,
            58.381615
          ],
          [
            14.293235,
            58.381577
          ],
          [
            14.293128,
            58.381556
          ],
          [
            14.292983,
            58.381523
          ],
          [
            14.292748,
            58.381496
          ],
          [
            14.292566,
            58.381439
          ],
          [
            14.292305,
            58.381351
          ],
          [
            14.29202,
            58.381248
          ],
          [
            14.291744,
            58.381151
          ],
          [
            14.291612,
            58.381101
          ],
          [
            14.291369,
            58.381013
          ],
          [
            14.291176,
            58.380936
          ],
          [
            14.291046,
            58.380875
          ],
          [
            14.290958,
            58.380839
          ],
          [
            14.290751,
            58.380713
          ],
          [
            14.290665,
            58.380667
          ],
          [
            14.290593,
            58.380624
          ],
          [
            14.290396,
            58.380507
          ],
          [
            14.290205,
            58.380404
          ],
          [
            14.289964,
            58.380297
          ],
          [
            14.289648,
            58.380205
          ],
          [
            14.289363,
            58.38013
          ],
          [
            14.289082,
            58.380063
          ],
          [
            14.288904,
            58.38002
          ],
          [
            14.288569,
            58.379936
          ],
          [
            14.288415,
            58.379896
          ],
          [
            14.288202,
            58.379844
          ],
          [
            14.288069,
            58.379804
          ],
          [
            14.287773,
            58.379695
          ],
          [
            14.287585,
            58.379643
          ],
          [
            14.287451,
            58.379597
          ],
          [
            14.287326,
            58.379555
          ],
          [
            14.287166,
            58.379516
          ],
          [
            14.287034,
            58.379471
          ],
          [
            14.286885,
            58.379424
          ],
          [
            14.286655,
            58.379356
          ],
          [
            14.286451,
            58.379297
          ],
          [
            14.28633,
            58.379278
          ],
          [
            14.286212,
            58.379259
          ],
          [
            14.286021,
            58.379241
          ],
          [
            14.285793,
            58.379216
          ],
          [
            14.285545,
            58.379199
          ],
          [
            14.285363,
            58.379189
          ],
          [
            14.285229,
            58.379176
          ],
          [
            14.285007,
            58.37916
          ],
          [
            14.284868,
            58.379121
          ],
          [
            14.284737,
            58.379087
          ],
          [
            14.284629,
            58.379063
          ],
          [
            14.2845,
            58.379044
          ],
          [
            14.284395,
            58.37902
          ],
          [
            14.284252,
            58.378993
          ],
          [
            14.284134,
            58.378981
          ],
          [
            14.283927,
            58.378948
          ],
          [
            14.283822,
            58.378929
          ],
          [
            14.283513,
            58.37888
          ],
          [
            14.283403,
            58.378866
          ],
          [
            14.283289,
            58.378842
          ],
          [
            14.283138,
            58.378834
          ],
          [
            14.282903,
            58.378824
          ],
          [
            14.282809,
            58.378821
          ],
          [
            14.282693,
            58.378815
          ],
          [
            14.282476,
            58.378798
          ],
          [
            14.282218,
            58.378753
          ],
          [
            14.282123,
            58.378737
          ],
          [
            14.282036,
            58.378723
          ],
          [
            14.281952,
            58.37871
          ],
          [
            14.281867,
            58.378696
          ],
          [
            14.28168,
            58.378663
          ],
          [
            14.281443,
            58.37862
          ],
          [
            14.281294,
            58.378595
          ],
          [
            14.280983,
            58.378543
          ],
          [
            14.280781,
            58.3785
          ],
          [
            14.280546,
            58.37845
          ],
          [
            14.280281,
            58.378383
          ],
          [
            14.280048,
            58.378329
          ],
          [
            14.279752,
            58.378264
          ],
          [
            14.279597,
            58.378248
          ],
          [
            14.279258,
            58.378241
          ],
          [
            14.27897,
            58.378259
          ],
          [
            14.278769,
            58.378266
          ],
          [
            14.27842,
            58.378306
          ],
          [
            14.278146,
            58.378338
          ],
          [
            14.277887,
            58.378363
          ],
          [
            14.277709,
            58.378358
          ],
          [
            14.277461,
            58.378329
          ],
          [
            14.277165,
            58.378279
          ],
          [
            14.276941,
            58.378171
          ],
          [
            14.276733,
            58.378072
          ],
          [
            14.276575,
            58.378004
          ],
          [
            14.276358,
            58.37792
          ],
          [
            14.276252,
            58.37788
          ],
          [
            14.276173,
            58.377853
          ],
          [
            14.276081,
            58.377814
          ],
          [
            14.275884,
            58.377736
          ],
          [
            14.275625,
            58.377636
          ],
          [
            14.275509,
            58.377578
          ],
          [
            14.275305,
            58.377465
          ],
          [
            14.275129,
            58.377366
          ],
          [
            14.274951,
            58.377272
          ],
          [
            14.274738,
            58.377161
          ],
          [
            14.274512,
            58.377033
          ],
          [
            14.274244,
            58.376879
          ],
          [
            14.274049,
            58.376782
          ],
          [
            14.273757,
            58.376674
          ],
          [
            14.273521,
            58.376587
          ],
          [
            14.273194,
            58.376453
          ],
          [
            14.272937,
            58.376356
          ],
          [
            14.272773,
            58.376283
          ],
          [
            14.272664,
            58.376248
          ],
          [
            14.272533,
            58.376207
          ],
          [
            14.272391,
            58.376159
          ],
          [
            14.272286,
            58.376135
          ],
          [
            14.272214,
            58.37611
          ],
          [
            14.272112,
            58.376078
          ],
          [
            14.271875,
            58.376005
          ],
          [
            14.271608,
            58.375949
          ],
          [
            14.271483,
            58.375924
          ],
          [
            14.271352,
            58.375905
          ],
          [
            14.271236,
            58.375884
          ],
          [
            14.271094,
            58.375853
          ],
          [
            14.270841,
            58.375817
          ],
          [
            14.270646,
            58.375787
          ],
          [
            14.270295,
            58.375736
          ],
          [
            14.270159,
            58.375717
          ],
          [
            14.270063,
            58.375702
          ],
          [
            14.269979,
            58.375688
          ],
          [
            14.269865,
            58.375677
          ],
          [
            14.26978,
            58.375659
          ],
          [
            14.269589,
            58.375598
          ],
          [
            14.269387,
            58.375535
          ],
          [
            14.269229,
            58.375461
          ],
          [
            14.268961,
            58.375321
          ],
          [
            14.268713,
            58.375124
          ],
          [
            14.268573,
            58.374987
          ],
          [
            14.268404,
            58.3748
          ],
          [
            14.268156,
            58.374658
          ],
          [
            14.267906,
            58.374522
          ],
          [
            14.26772,
            58.374365
          ],
          [
            14.267619,
            58.374238
          ],
          [
            14.267553,
            58.37402
          ],
          [
            14.267448,
            58.373854
          ],
          [
            14.267308,
            58.373729
          ],
          [
            14.267097,
            58.373581
          ],
          [
            14.266887,
            58.373438
          ],
          [
            14.266606,
            58.373254
          ],
          [
            14.266418,
            58.373129
          ],
          [
            14.266255,
            58.37301
          ],
          [
            14.266194,
            58.37287
          ],
          [
            14.266119,
            58.372582
          ],
          [
            14.266071,
            58.372391
          ],
          [
            14.266029,
            58.372208
          ],
          [
            14.26604,
            58.37212
          ],
          [
            14.266084,
            58.371956
          ],
          [
            14.266137,
            58.371766
          ],
          [
            14.266196,
            58.371516
          ],
          [
            14.266051,
            58.371351
          ],
          [
            14.265985,
            58.371268
          ],
          [
            14.265937,
            58.371195
          ],
          [
            14.265803,
            58.371044
          ],
          [
            14.26563,
            58.370965
          ],
          [
            14.265498,
            58.370932
          ],
          [
            14.265217,
            58.370862
          ],
          [
            14.265018,
            58.370802
          ],
          [
            14.264855,
            58.370747
          ],
          [
            14.264698,
            58.370632
          ],
          [
            14.264599,
            58.370391
          ],
          [
            14.264529,
            58.370321
          ],
          [
            14.264241,
            58.370098
          ],
          [
            14.26413,
            58.369949
          ],
          [
            14.264099,
            58.369755
          ],
          [
            14.264007,
            58.369482
          ],
          [
            14.26396,
            58.369339
          ],
          [
            14.26392,
            58.369247
          ],
          [
            14.26383,
            58.369095
          ],
          [
            14.263765,
            58.36894
          ],
          [
            14.263732,
            58.368777
          ],
          [
            14.263725,
            58.368615
          ],
          [
            14.263708,
            58.368523
          ],
          [
            14.263648,
            58.368353
          ],
          [
            14.263591,
            58.368195
          ],
          [
            14.263493,
            58.368022
          ],
          [
            14.26342,
            58.367907
          ],
          [
            14.263401,
            58.367797
          ],
          [
            14.263442,
            58.367726
          ],
          [
            14.26358,
            58.367513
          ],
          [
            14.263705,
            58.367311
          ],
          [
            14.263771,
            58.367127
          ],
          [
            14.263824,
            58.366971
          ],
          [
            14.26389,
            58.366762
          ],
          [
            14.263964,
            58.366553
          ],
          [
            14.264026,
            58.366413
          ],
          [
            14.264131,
            58.36623
          ],
          [
            14.26423,
            58.366054
          ],
          [
            14.264315,
            58.365871
          ],
          [
            14.264392,
            58.365723
          ],
          [
            14.264488,
            58.365513
          ],
          [
            14.264638,
            58.365299
          ],
          [
            14.264565,
            58.365249
          ],
          [
            14.264471,
            58.365213
          ],
          [
            14.264409,
            58.365181
          ],
          [
            14.264153,
            58.365076
          ],
          [
            14.263969,
            58.36496
          ],
          [
            14.263809,
            58.364866
          ],
          [
            14.263594,
            58.364672
          ],
          [
            14.263477,
            58.364534
          ],
          [
            14.263319,
            58.364401
          ],
          [
            14.26321,
            58.364309
          ],
          [
            14.263126,
            58.36425
          ],
          [
            14.262947,
            58.3641
          ],
          [
            14.262868,
            58.364001
          ],
          [
            14.262826,
            58.363929
          ],
          [
            14.262765,
            58.363789
          ],
          [
            14.262686,
            58.363624
          ],
          [
            14.262675,
            58.363444
          ],
          [
            14.262658,
            58.363299
          ],
          [
            14.26262,
            58.363211
          ],
          [
            14.26253,
            58.363096
          ],
          [
            14.262396,
            58.363001
          ],
          [
            14.262293,
            58.362966
          ],
          [
            14.262146,
            58.36295
          ],
          [
            14.262035,
            58.362929
          ],
          [
            14.261737,
            58.362901
          ],
          [
            14.261475,
            58.362864
          ],
          [
            14.261269,
            58.362808
          ],
          [
            14.261056,
            58.362755
          ],
          [
            14.260938,
            58.36273
          ],
          [
            14.260861,
            58.362723
          ],
          [
            14.260696,
            58.362674
          ],
          [
            14.260571,
            58.362649
          ],
          [
            14.26047,
            58.362626
          ],
          [
            14.260373,
            58.362611
          ],
          [
            14.260149,
            58.362607
          ],
          [
            14.259801,
            58.362545
          ],
          [
            14.259578,
            58.362511
          ],
          [
            14.259222,
            58.362451
          ],
          [
            14.258894,
            58.362397
          ],
          [
            14.258666,
            58.36232
          ],
          [
            14.258495,
            58.362285
          ],
          [
            14.25833,
            58.362272
          ],
          [
            14.258208,
            58.36226
          ],
          [
            14.258129,
            58.362243
          ],
          [
            14.25789,
            58.362224
          ],
          [
            14.257616,
            58.362197
          ],
          [
            14.257045,
            58.362163
          ],
          [
            14.256896,
            58.362151
          ],
          [
            14.256833,
            58.361942
          ],
          [
            14.256809,
            58.361831
          ],
          [
            14.256732,
            58.361637
          ],
          [
            14.256705,
            58.361447
          ],
          [
            14.256695,
            58.361275
          ],
          [
            14.256684,
            58.361155
          ],
          [
            14.256681,
            58.36109
          ],
          [
            14.256681,
            58.361018
          ],
          [
            14.25667,
            58.360889
          ],
          [
            14.256657,
            58.360705
          ],
          [
            14.256655,
            58.360571
          ],
          [
            14.256644,
            58.360425
          ],
          [
            14.256633,
            58.360235
          ],
          [
            14.256624,
            58.360067
          ],
          [
            14.256611,
            58.359885
          ],
          [
            14.256602,
            58.359727
          ],
          [
            14.256596,
            58.359614
          ],
          [
            14.256591,
            58.359524
          ],
          [
            14.256583,
            58.359422
          ],
          [
            14.256594,
            58.359294
          ],
          [
            14.256598,
            58.35919
          ],
          [
            14.256616,
            58.359039
          ],
          [
            14.256622,
            58.358957
          ],
          [
            14.256631,
            58.358858
          ],
          [
            14.256648,
            58.358675
          ],
          [
            14.256675,
            58.358458
          ],
          [
            14.256693,
            58.358286
          ],
          [
            14.256697,
            58.35818
          ],
          [
            14.256704,
            58.358063
          ],
          [
            14.25668,
            58.357989
          ],
          [
            14.256436,
            58.357765
          ],
          [
            14.256226,
            58.357574
          ],
          [
            14.256101,
            58.357454
          ],
          [
            14.256039,
            58.357398
          ],
          [
            14.255954,
            58.357307
          ],
          [
            14.255789,
            58.357141
          ],
          [
            14.255681,
            58.357042
          ],
          [
            14.255593,
            58.356966
          ],
          [
            14.25549,
            58.356862
          ],
          [
            14.255378,
            58.356752
          ],
          [
            14.255275,
            58.356542
          ],
          [
            14.255194,
            58.356316
          ],
          [
            14.255148,
            58.356167
          ],
          [
            14.255113,
            58.356016
          ],
          [
            14.255075,
            58.355883
          ],
          [
            14.255043,
            58.355754
          ],
          [
            14.255016,
            58.355626
          ],
          [
            14.254972,
            58.355476
          ],
          [
            14.254946,
            58.355384
          ],
          [
            14.254882,
            58.355305
          ],
          [
            14.254771,
            58.355216
          ],
          [
            14.254559,
            58.355127
          ],
          [
            14.25429,
            58.355108
          ],
          [
            14.25423,
            58.35511
          ],
          [
            14.254158,
            58.355119
          ],
          [
            14.254036,
            58.355132
          ],
          [
            14.253664,
            58.355191
          ],
          [
            14.253483,
            58.355229
          ],
          [
            14.253381,
            58.355242
          ],
          [
            14.253263,
            58.355259
          ],
          [
            14.253188,
            58.355266
          ],
          [
            14.25312,
            58.355253
          ],
          [
            14.253026,
            58.355221
          ],
          [
            14.252828,
            58.355077
          ],
          [
            14.252657,
            58.354869
          ],
          [
            14.252556,
            58.35479
          ],
          [
            14.252427,
            58.354709
          ],
          [
            14.252256,
            58.354605
          ],
          [
            14.252211,
            58.354622
          ],
          [
            14.252067,
            58.354761
          ],
          [
            14.251968,
            58.354873
          ],
          [
            14.251881,
            58.35495
          ],
          [
            14.251782,
            58.355057
          ],
          [
            14.251711,
            58.355134
          ],
          [
            14.251601,
            58.355179
          ],
          [
            14.251283,
            58.355215
          ],
          [
            14.251075,
            58.355241
          ],
          [
            14.250927,
            58.355228
          ],
          [
            14.250806,
            58.355228
          ],
          [
            14.250642,
            58.355206
          ],
          [
            14.25051,
            58.35521
          ],
          [
            14.250422,
            58.355197
          ],
          [
            14.250362,
            58.355232
          ],
          [
            14.250208,
            58.35525
          ],
          [
            14.250033,
            58.355255
          ],
          [
            14.249868,
            58.355345
          ],
          [
            14.249759,
            58.355498
          ],
          [
            14.249649,
            58.355641
          ],
          [
            14.249517,
            58.355816
          ],
          [
            14.249353,
            58.355929
          ],
          [
            14.249051,
            58.356054
          ],
          [
            14.24875,
            58.356153
          ],
          [
            14.248312,
            58.356171
          ],
          [
            14.247834,
            58.356171
          ],
          [
            14.247565,
            58.356176
          ],
          [
            14.247313,
            58.356149
          ],
          [
            14.247171,
            58.356153
          ],
          [
            14.246957,
            58.356176
          ],
          [
            14.246743,
            58.356185
          ],
          [
            14.246377,
            58.356205
          ],
          [
            14.24613,
            58.356171
          ],
          [
            14.245798,
            58.356106
          ],
          [
            14.24538,
            58.356063
          ],
          [
            14.245271,
            58.356044
          ],
          [
            14.245127,
            58.356028
          ],
          [
            14.244863,
            58.356014
          ],
          [
            14.244423,
            58.356009
          ],
          [
            14.244166,
            58.356006
          ],
          [
            14.244005,
            58.356003
          ],
          [
            14.243909,
            58.356001
          ],
          [
            14.243755,
            58.355992
          ],
          [
            14.24363,
            58.355987
          ],
          [
            14.243399,
            58.355984
          ],
          [
            14.243235,
            58.355976
          ],
          [
            14.242955,
            58.355971
          ],
          [
            14.242718,
            58.355982
          ],
          [
            14.242294,
            58.356011
          ],
          [
            14.24208,
            58.35603
          ],
          [
            14.241955,
            58.356054
          ],
          [
            14.241793,
            58.356068
          ],
          [
            14.241454,
            58.356089
          ],
          [
            14.241122,
            58.3561
          ],
          [
            14.240905,
            58.356079
          ],
          [
            14.240764,
            58.355944
          ],
          [
            14.240701,
            58.355788
          ],
          [
            14.240701,
            58.355626
          ],
          [
            14.240619,
            58.355464
          ],
          [
            14.240537,
            58.355396
          ],
          [
            14.240468,
            58.355356
          ],
          [
            14.240395,
            58.355332
          ],
          [
            14.24027,
            58.355308
          ],
          [
            14.240014,
            58.355273
          ],
          [
            14.239915,
            58.355246
          ],
          [
            14.23978,
            58.355181
          ],
          [
            14.239256,
            58.355187
          ],
          [
            14.23847,
            58.355181
          ],
          [
            14.238174,
            58.355251
          ],
          [
            14.237929,
            58.355429
          ],
          [
            14.237822,
            58.355588
          ],
          [
            14.237611,
            58.355671
          ],
          [
            14.237388,
            58.355715
          ],
          [
            14.237147,
            58.355761
          ],
          [
            14.236677,
            58.355758
          ],
          [
            14.236558,
            58.355716
          ],
          [
            14.236193,
            58.35554
          ],
          [
            14.235849,
            58.355365
          ],
          [
            14.235476,
            58.355221
          ],
          [
            14.235061,
            58.355087
          ],
          [
            14.23489,
            58.355022
          ],
          [
            14.234525,
            58.354862
          ],
          [
            14.234142,
            58.354687
          ],
          [
            14.233962,
            58.354621
          ],
          [
            14.233709,
            58.35468
          ],
          [
            14.233226,
            58.354692
          ],
          [
            14.232832,
            58.354693
          ],
          [
            14.232418,
            58.35469
          ],
          [
            14.23193,
            58.354706
          ],
          [
            14.231386,
            58.354734
          ],
          [
            14.231084,
            58.354715
          ],
          [
            14.230625,
            58.354601
          ],
          [
            14.23042,
            58.354581
          ],
          [
            14.230003,
            58.354555
          ],
          [
            14.229681,
            58.354535
          ],
          [
            14.229324,
            58.354493
          ],
          [
            14.228981,
            58.354459
          ],
          [
            14.228596,
            58.354334
          ],
          [
            14.228322,
            58.354204
          ],
          [
            14.227994,
            58.354063
          ],
          [
            14.227727,
            58.353928
          ],
          [
            14.227451,
            58.353796
          ],
          [
            14.227245,
            58.353684
          ],
          [
            14.227103,
            58.35363
          ],
          [
            14.226991,
            58.353589
          ],
          [
            14.226639,
            58.353524
          ],
          [
            14.226317,
            58.353444
          ],
          [
            14.225928,
            58.353293
          ],
          [
            14.225721,
            58.353212
          ],
          [
            14.225632,
            58.353188
          ],
          [
            14.225501,
            58.35315
          ],
          [
            14.225435,
            58.353123
          ],
          [
            14.225349,
            58.353099
          ],
          [
            14.225099,
            58.353026
          ],
          [
            14.224958,
            58.352985
          ],
          [
            14.224853,
            58.352956
          ],
          [
            14.224708,
            58.352913
          ],
          [
            14.224517,
            58.35287
          ],
          [
            14.224293,
            58.352827
          ],
          [
            14.224131,
            58.35281
          ],
          [
            14.223819,
            58.352738
          ],
          [
            14.223434,
            58.352652
          ],
          [
            14.223052,
            58.352576
          ],
          [
            14.222592,
            58.352399
          ],
          [
            14.222161,
            58.352253
          ],
          [
            14.221871,
            58.352188
          ],
          [
            14.221611,
            58.352129
          ],
          [
            14.221233,
            58.352056
          ],
          [
            14.220957,
            58.351989
          ],
          [
            14.220785,
            58.351942
          ],
          [
            14.220565,
            58.351888
          ],
          [
            14.220183,
            58.351807
          ],
          [
            14.219966,
            58.351751
          ],
          [
            14.21968,
            58.351686
          ],
          [
            14.219439,
            58.351627
          ],
          [
            14.219203,
            58.351584
          ],
          [
            14.218999,
            58.351532
          ],
          [
            14.218869,
            58.351506
          ],
          [
            14.218707,
            58.351484
          ],
          [
            14.218522,
            58.351468
          ],
          [
            14.218407,
            58.351433
          ],
          [
            14.218108,
            58.35133
          ],
          [
            14.217706,
            58.351182
          ],
          [
            14.217302,
            58.351039
          ],
          [
            14.217042,
            58.350956
          ],
          [
            14.216683,
            58.350829
          ],
          [
            14.216183,
            58.350661
          ],
          [
            14.215732,
            58.350507
          ],
          [
            14.215446,
            58.35041
          ],
          [
            14.215508,
            58.350281
          ],
          [
            14.215571,
            58.350173
          ],
          [
            14.215729,
            58.350016
          ],
          [
            14.215906,
            58.349833
          ],
          [
            14.215926,
            58.349752
          ],
          [
            14.215867,
            58.349696
          ],
          [
            14.215589,
            58.349497
          ],
          [
            14.215285,
            58.349256
          ],
          [
            14.215107,
            58.34913
          ],
          [
            14.21488,
            58.348941
          ],
          [
            14.214594,
            58.34872
          ],
          [
            14.214429,
            58.348585
          ],
          [
            14.214175,
            58.348395
          ],
          [
            14.213923,
            58.348257
          ],
          [
            14.213716,
            58.348133
          ],
          [
            14.21344,
            58.347995
          ],
          [
            14.21314,
            58.347836
          ],
          [
            14.212979,
            58.34765
          ],
          [
            14.212903,
            58.347465
          ],
          [
            14.212831,
            58.347308
          ],
          [
            14.212749,
            58.347155
          ],
          [
            14.212673,
            58.347031
          ],
          [
            14.212518,
            58.346855
          ],
          [
            14.212397,
            58.34674
          ],
          [
            14.212226,
            58.346578
          ],
          [
            14.211925,
            58.346468
          ],
          [
            14.211477,
            58.346313
          ],
          [
            14.211042,
            58.346177
          ],
          [
            14.21055,
            58.346021
          ],
          [
            14.210032,
            58.345854
          ],
          [
            14.209615,
            58.345725
          ],
          [
            14.209108,
            58.345551
          ],
          [
            14.208655,
            58.345352
          ],
          [
            14.208507,
            58.345223
          ],
          [
            14.208557,
            58.345166
          ],
          [
            14.208692,
            58.345012
          ],
          [
            14.208935,
            58.344802
          ],
          [
            14.209165,
            58.34457
          ],
          [
            14.209363,
            58.344357
          ],
          [
            14.209527,
            58.344207
          ],
          [
            14.209626,
            58.344139
          ],
          [
            14.209685,
            58.344091
          ],
          [
            14.209764,
            58.344012
          ],
          [
            14.209659,
            58.343975
          ],
          [
            14.209567,
            58.34394
          ],
          [
            14.209409,
            58.343891
          ],
          [
            14.209126,
            58.343797
          ],
          [
            14.208853,
            58.3437
          ],
          [
            14.208606,
            58.343606
          ],
          [
            14.208422,
            58.343546
          ],
          [
            14.20854,
            58.343398
          ],
          [
            14.208596,
            58.343333
          ],
          [
            14.208672,
            58.343274
          ],
          [
            14.208754,
            58.343212
          ],
          [
            14.20881,
            58.34315
          ],
          [
            14.208896,
            58.343031
          ],
          [
            14.209004,
            58.34288
          ],
          [
            14.209106,
            58.342745
          ],
          [
            14.209438,
            58.342592
          ],
          [
            14.209488,
            58.342522
          ],
          [
            14.209501,
            58.342285
          ],
          [
            14.209491,
            58.342171
          ],
          [
            14.209488,
            58.341994
          ],
          [
            14.209468,
            58.34187
          ],
          [
            14.209468,
            58.34174
          ],
          [
            14.209461,
            58.341622
          ],
          [
            14.209468,
            58.341428
          ],
          [
            14.209471,
            58.341317
          ],
          [
            14.209468,
            58.341132
          ],
          [
            14.209475,
            58.340952
          ],
          [
            14.209481,
            58.340785
          ],
          [
            14.209498,
            58.340647
          ],
          [
            14.209475,
            58.340531
          ],
          [
            14.209438,
            58.340383
          ],
          [
            14.209406,
            58.340246
          ],
          [
            14.209435,
            58.3402
          ],
          [
            14.209649,
            58.340084
          ],
          [
            14.209937,
            58.339992
          ],
          [
            14.2102,
            58.339882
          ],
          [
            14.210494,
            58.339793
          ],
          [
            14.210695,
            58.339726
          ],
          [
            14.21085,
            58.339669
          ],
          [
            14.211037,
            58.339507
          ],
          [
            14.211225,
            58.339357
          ],
          [
            14.211524,
            58.339171
          ],
          [
            14.211949,
            58.339092
          ],
          [
            14.212249,
            58.338998
          ],
          [
            14.21243,
            58.33889
          ],
          [
            14.212393,
            58.33875
          ],
          [
            14.21267,
            58.338596
          ],
          [
            14.21291,
            58.338464
          ],
          [
            14.213223,
            58.338296
          ],
          [
            14.213476,
            58.338205
          ],
          [
            14.213676,
            58.33813
          ],
          [
            14.213861,
            58.338124
          ],
          [
            14.214048,
            58.338084
          ],
          [
            14.214252,
            58.33803
          ],
          [
            14.214371,
            58.337995
          ],
          [
            14.214446,
            58.337955
          ],
          [
            14.214499,
            58.33792
          ],
          [
            14.214565,
            58.337888
          ],
          [
            14.21464,
            58.337845
          ],
          [
            14.214713,
            58.337796
          ],
          [
            14.214759,
            58.337689
          ],
          [
            14.214746,
            58.337581
          ],
          [
            14.21469,
            58.337511
          ],
          [
            14.214604,
            58.337419
          ],
          [
            14.214505,
            58.337327
          ],
          [
            14.214407,
            58.337211
          ],
          [
            14.2144,
            58.337131
          ],
          [
            14.214417,
            58.337052
          ],
          [
            14.21441,
            58.336999
          ],
          [
            14.214466,
            58.336966
          ],
          [
            14.214531,
            58.336947
          ],
          [
            14.214597,
            58.336934
          ],
          [
            14.214392,
            58.336691
          ],
          [
            14.214331,
            58.336641
          ],
          [
            14.21417,
            58.336528
          ],
          [
            14.21407,
            58.336452
          ],
          [
            14.213962,
            58.336396
          ],
          [
            14.21389,
            58.336359
          ],
          [
            14.21365,
            58.336252
          ],
          [
            14.213407,
            58.336173
          ],
          [
            14.213193,
            58.336041
          ],
          [
            14.212946,
            58.335864
          ],
          [
            14.212768,
            58.335715
          ],
          [
            14.212535,
            58.335543
          ],
          [
            14.212416,
            58.335457
          ],
          [
            14.212304,
            58.335362
          ],
          [
            14.212242,
            58.335311
          ],
          [
            14.212153,
            58.335252
          ],
          [
            14.212087,
            58.335214
          ],
          [
            14.211949,
            58.335147
          ],
          [
            14.211847,
            58.335101
          ],
          [
            14.211765,
            58.335061
          ],
          [
            14.211653,
            58.33502
          ],
          [
            14.211577,
            58.334977
          ],
          [
            14.211472,
            58.334945
          ],
          [
            14.211392,
            58.334868
          ],
          [
            14.211394,
            58.334802
          ],
          [
            14.211435,
            58.33473
          ],
          [
            14.21151,
            58.334708
          ],
          [
            14.211577,
            58.334691
          ],
          [
            14.211913,
            58.334613
          ],
          [
            14.212107,
            58.334561
          ],
          [
            14.212456,
            58.33448
          ],
          [
            14.212476,
            58.334479
          ],
          [
            14.212727,
            58.334432
          ],
          [
            14.213021,
            58.334355
          ],
          [
            14.21316,
            58.334341
          ],
          [
            14.213232,
            58.334316
          ],
          [
            14.213328,
            58.334292
          ],
          [
            14.213446,
            58.334268
          ],
          [
            14.213535,
            58.334233
          ],
          [
            14.213561,
            58.334162
          ],
          [
            14.213542,
            58.334093
          ],
          [
            14.213443,
            58.333969
          ],
          [
            14.213344,
            58.333837
          ],
          [
            14.213288,
            58.333761
          ],
          [
            14.213236,
            58.333688
          ],
          [
            14.21319,
            58.333616
          ],
          [
            14.21314,
            58.333543
          ],
          [
            14.213078,
            58.333459
          ],
          [
            14.213018,
            58.333392
          ],
          [
            14.212956,
            58.333311
          ],
          [
            14.212907,
            58.33323
          ],
          [
            14.212851,
            58.333162
          ],
          [
            14.212801,
            58.333087
          ],
          [
            14.212732,
            58.333011
          ],
          [
            14.212676,
            58.33292
          ],
          [
            14.212601,
            58.33282
          ],
          [
            14.212532,
            58.332715
          ],
          [
            14.212456,
            58.332626
          ],
          [
            14.212334,
            58.332446
          ],
          [
            14.212268,
            58.332349
          ],
          [
            14.212104,
            58.332106
          ],
          [
            14.211906,
            58.331855
          ],
          [
            14.211788,
            58.331694
          ],
          [
            14.21164,
            58.331492
          ],
          [
            14.211495,
            58.331297
          ],
          [
            14.21135,
            58.331021
          ],
          [
            14.211439,
            58.33087
          ],
          [
            14.211558,
            58.330692
          ],
          [
            14.211601,
            58.330499
          ],
          [
            14.211563,
            58.330267
          ],
          [
            14.211535,
            58.330052
          ],
          [
            14.211554,
            58.329908
          ],
          [
            14.211762,
            58.329763
          ],
          [
            14.212094,
            58.329647
          ],
          [
            14.212512,
            58.329531
          ],
          [
            14.212706,
            58.329472
          ],
          [
            14.213117,
            58.329337
          ],
          [
            14.213394,
            58.329208
          ],
          [
            14.213586,
            58.328976
          ],
          [
            14.2139,
            58.328765
          ],
          [
            14.21436,
            58.3287
          ],
          [
            14.214813,
            58.328659
          ],
          [
            14.215277,
            58.328602
          ],
          [
            14.215621,
            58.328496
          ],
          [
            14.215913,
            58.328436
          ],
          [
            14.216139,
            58.328388
          ],
          [
            14.216396,
            58.328371
          ],
          [
            14.216483,
            58.328315
          ],
          [
            14.216591,
            58.328125
          ],
          [
            14.2167,
            58.328066
          ],
          [
            14.21716,
            58.327959
          ],
          [
            14.217506,
            58.327896
          ],
          [
            14.21779,
            58.327808
          ],
          [
            14.21812,
            58.327739
          ],
          [
            14.218488,
            58.327657
          ],
          [
            14.218888,
            58.327576
          ],
          [
            14.21931,
            58.327475
          ],
          [
            14.219648,
            58.327387
          ],
          [
            14.219901,
            58.327324
          ],
          [
            14.22017,
            58.327255
          ],
          [
            14.220546,
            58.327154
          ],
          [
            14.220745,
            58.327098
          ],
          [
            14.220907,
            58.32706
          ],
          [
            14.221232,
            58.326976
          ],
          [
            14.221508,
            58.326907
          ],
          [
            14.221823,
            58.326825
          ],
          [
            14.222161,
            58.326737
          ],
          [
            14.222514,
            58.32663
          ],
          [
            14.222867,
            58.326536
          ],
          [
            14.223097,
            58.326441
          ],
          [
            14.223297,
            58.326372
          ],
          [
            14.223573,
            58.326259
          ],
          [
            14.223903,
            58.326127
          ],
          [
            14.224118,
            58.32602
          ],
          [
            14.224372,
            58.325938
          ],
          [
            14.224494,
            58.325888
          ],
          [
            14.224648,
            58.325825
          ],
          [
            14.22484,
            58.325706
          ],
          [
            14.22504,
            58.325605
          ],
          [
            14.225139,
            58.325517
          ],
          [
            14.225385,
            58.325366
          ],
          [
            14.225615,
            58.325159
          ],
          [
            14.225815,
            58.324989
          ],
          [
            14.226014,
            58.324838
          ],
          [
            14.226237,
            58.324674
          ],
          [
            14.226451,
            58.324504
          ],
          [
            14.226672,
            58.324314
          ],
          [
            14.22681,
            58.324213
          ],
          [
            14.226982,
            58.324074
          ],
          [
            14.227186,
            58.323925
          ],
          [
            14.227387,
            58.323769
          ],
          [
            14.227565,
            58.323634
          ],
          [
            14.227696,
            58.323535
          ],
          [
            14.227848,
            58.323421
          ],
          [
            14.228009,
            58.3233
          ],
          [
            14.228088,
            58.323241
          ],
          [
            14.228196,
            58.323152
          ],
          [
            14.228374,
            58.323017
          ],
          [
            14.228565,
            58.322877
          ],
          [
            14.228868,
            58.322645
          ],
          [
            14.228979,
            58.322554
          ],
          [
            14.229203,
            58.322365
          ],
          [
            14.229447,
            58.322174
          ],
          [
            14.229549,
            58.322101
          ],
          [
            14.229641,
            58.322023
          ],
          [
            14.229799,
            58.321915
          ],
          [
            14.229878,
            58.321853
          ],
          [
            14.230036,
            58.321718
          ],
          [
            14.230195,
            58.321601
          ],
          [
            14.230416,
            58.321436
          ],
          [
            14.2306,
            58.321286
          ],
          [
            14.230761,
            58.321153
          ],
          [
            14.230949,
            58.321013
          ],
          [
            14.231014,
            58.320951
          ],
          [
            14.231079,
            58.3209
          ],
          [
            14.231329,
            58.32071
          ],
          [
            14.231416,
            58.320639
          ],
          [
            14.231488,
            58.320588
          ],
          [
            14.231669,
            58.32045
          ],
          [
            14.231817,
            58.320323
          ],
          [
            14.231936,
            58.320243
          ],
          [
            14.232097,
            58.320111
          ],
          [
            14.232205,
            58.32003
          ],
          [
            14.232317,
            58.319935
          ],
          [
            14.232383,
            58.319884
          ],
          [
            14.232492,
            58.319801
          ],
          [
            14.232587,
            58.319733
          ],
          [
            14.232735,
            58.319615
          ],
          [
            14.232831,
            58.319545
          ],
          [
            14.232969,
            58.319438
          ],
          [
            14.2332,
            58.319255
          ],
          [
            14.233624,
            58.318934
          ],
          [
            14.233848,
            58.318759
          ],
          [
            14.234111,
            58.318565
          ],
          [
            14.234427,
            58.318317
          ],
          [
            14.234695,
            58.318099
          ],
          [
            14.234894,
            58.317972
          ],
          [
            14.235135,
            58.317781
          ],
          [
            14.235407,
            58.317573
          ],
          [
            14.235733,
            58.317336
          ],
          [
            14.236104,
            58.317025
          ],
          [
            14.236413,
            58.316772
          ],
          [
            14.236717,
            58.316525
          ],
          [
            14.23705,
            58.316253
          ],
          [
            14.237417,
            58.316
          ],
          [
            14.237688,
            58.315775
          ],
          [
            14.23796,
            58.315577
          ],
          [
            14.238207,
            58.31537
          ],
          [
            14.238442,
            58.315181
          ],
          [
            14.238732,
            58.314946
          ],
          [
            14.239043,
            58.314686
          ],
          [
            14.239257,
            58.314503
          ],
          [
            14.23952,
            58.314276
          ],
          [
            14.239737,
            58.314074
          ],
          [
            14.239793,
            58.314018
          ],
          [
            14.239839,
            58.313966
          ],
          [
            14.240158,
            58.313654
          ],
          [
            14.24028,
            58.31357
          ],
          [
            14.240348,
            58.313496
          ],
          [
            14.240497,
            58.313316
          ],
          [
            14.24058,
            58.313203
          ],
          [
            14.240731,
            58.312995
          ],
          [
            14.240887,
            58.312806
          ],
          [
            14.241018,
            58.312629
          ],
          [
            14.241242,
            58.312353
          ],
          [
            14.241424,
            58.312129
          ],
          [
            14.24156,
            58.311962
          ],
          [
            14.241784,
            58.31168
          ],
          [
            14.241979,
            58.31143
          ],
          [
            14.242209,
            58.311158
          ],
          [
            14.242357,
            58.310964
          ],
          [
            14.242541,
            58.310744
          ],
          [
            14.24268,
            58.310568
          ],
          [
            14.242899,
            58.310311
          ],
          [
            14.243112,
            58.310101
          ],
          [
            14.24336,
            58.309872
          ],
          [
            14.243625,
            58.309652
          ],
          [
            14.243948,
            58.309441
          ],
          [
            14.244233,
            58.309314
          ],
          [
            14.244309,
            58.30928
          ],
          [
            14.244679,
            58.309138
          ],
          [
            14.244908,
            58.309054
          ],
          [
            14.245063,
            58.309004
          ],
          [
            14.24546,
            58.308895
          ],
          [
            14.245883,
            58.308791
          ],
          [
            14.246352,
            58.308706
          ],
          [
            14.246903,
            58.308633
          ],
          [
            14.247457,
            58.308564
          ],
          [
            14.247853,
            58.308523
          ],
          [
            14.247972,
            58.308511
          ],
          [
            14.248258,
            58.3085
          ],
          [
            14.248581,
            58.308473
          ],
          [
            14.248937,
            58.308437
          ],
          [
            14.249014,
            58.308428
          ],
          [
            14.249206,
            58.308408
          ],
          [
            14.249737,
            58.308342
          ],
          [
            14.250039,
            58.308295
          ],
          [
            14.250424,
            58.308239
          ],
          [
            14.250839,
            58.308187
          ],
          [
            14.251229,
            58.308202
          ],
          [
            14.25165,
            58.308216
          ],
          [
            14.251732,
            58.308223
          ],
          [
            14.251894,
            58.308222
          ],
          [
            14.25227,
            58.308235
          ],
          [
            14.252616,
            58.308257
          ],
          [
            14.252982,
            58.308306
          ],
          [
            14.253063,
            58.308317
          ],
          [
            14.253443,
            58.30838
          ],
          [
            14.253831,
            58.308442
          ],
          [
            14.25412,
            58.308493
          ],
          [
            14.254447,
            58.308545
          ],
          [
            14.254805,
            58.308606
          ],
          [
            14.255125,
            58.308658
          ],
          [
            14.255478,
            58.308714
          ],
          [
            14.255724,
            58.308651
          ],
          [
            14.255899,
            58.308662
          ],
          [
            14.255993,
            58.30871
          ],
          [
            14.256143,
            58.308841
          ],
          [
            14.256432,
            58.308913
          ],
          [
            14.256717,
            58.308994
          ],
          [
            14.25707,
            58.309062
          ],
          [
            14.257228,
            58.309087
          ],
          [
            14.257498,
            58.309129
          ],
          [
            14.257641,
            58.309154
          ],
          [
            14.257921,
            58.309195
          ],
          [
            14.258226,
            58.309244
          ],
          [
            14.258498,
            58.30929
          ],
          [
            14.25864,
            58.309314
          ],
          [
            14.258833,
            58.309343
          ],
          [
            14.259072,
            58.30937
          ],
          [
            14.259272,
            58.309407
          ],
          [
            14.259634,
            58.309447
          ],
          [
            14.259732,
            58.309461
          ],
          [
            14.259908,
            58.309479
          ],
          [
            14.260281,
            58.309506
          ],
          [
            14.260379,
            58.309519
          ],
          [
            14.260637,
            58.309528
          ],
          [
            14.260796,
            58.309542
          ],
          [
            14.260906,
            58.309555
          ],
          [
            14.26124,
            58.309573
          ],
          [
            14.261553,
            58.309564
          ],
          [
            14.261783,
            58.30956
          ],
          [
            14.2622,
            58.309546
          ],
          [
            14.262496,
            58.309533
          ],
          [
            14.262677,
            58.309524
          ],
          [
            14.262797,
            58.309519
          ],
          [
            14.263028,
            58.309506
          ],
          [
            14.263416,
            58.309506
          ],
          [
            14.263668,
            58.309497
          ],
          [
            14.264085,
            58.309447
          ],
          [
            14.264227,
            58.309398
          ],
          [
            14.264578,
            58.309339
          ],
          [
            14.26489,
            58.309235
          ],
          [
            14.265037,
            58.309205
          ],
          [
            14.26533,
            58.309131
          ],
          [
            14.265458,
            58.309111
          ],
          [
            14.26573,
            58.30907
          ],
          [
            14.266152,
            58.309083
          ],
          [
            14.266526,
            58.309128
          ],
          [
            14.266883,
            58.309196
          ],
          [
            14.267092,
            58.309239
          ],
          [
            14.26752,
            58.309322
          ],
          [
            14.267598,
            58.309337
          ],
          [
            14.267841,
            58.309392
          ],
          [
            14.268184,
            58.309406
          ],
          [
            14.268435,
            58.309399
          ],
          [
            14.268851,
            58.309352
          ],
          [
            14.269087,
            58.309316
          ],
          [
            14.269196,
            58.3093
          ],
          [
            14.269387,
            58.309266
          ],
          [
            14.26951,
            58.309251
          ],
          [
            14.269593,
            58.309235
          ],
          [
            14.269677,
            58.309223
          ],
          [
            14.270093,
            58.309151
          ],
          [
            14.270479,
            58.30907
          ],
          [
            14.270917,
            58.308964
          ],
          [
            14.271146,
            58.308912
          ],
          [
            14.271299,
            58.308881
          ],
          [
            14.271612,
            58.308813
          ],
          [
            14.271672,
            58.308798
          ],
          [
            14.271783,
            58.308766
          ],
          [
            14.271882,
            58.308743
          ],
          [
            14.272099,
            58.30873
          ],
          [
            14.272398,
            58.308716
          ],
          [
            14.272509,
            58.308713
          ],
          [
            14.272716,
            58.308702
          ],
          [
            14.272794,
            58.3087
          ],
          [
            14.272945,
            58.308693
          ],
          [
            14.273242,
            58.308668
          ],
          [
            14.273314,
            58.308664
          ],
          [
            14.273756,
            58.308649
          ],
          [
            14.274005,
            58.308614
          ],
          [
            14.274416,
            58.308578
          ],
          [
            14.274541,
            58.308552
          ],
          [
            14.27462,
            58.308536
          ],
          [
            14.274992,
            58.308415
          ],
          [
            14.27531,
            58.30832
          ],
          [
            14.275722,
            58.308199
          ],
          [
            14.276189,
            58.308093
          ],
          [
            14.276601,
            58.307993
          ],
          [
            14.277056,
            58.307881
          ],
          [
            14.277556,
            58.30775
          ],
          [
            14.27778,
            58.307689
          ],
          [
            14.277955,
            58.307703
          ],
          [
            14.27813,
            58.307536
          ],
          [
            14.278227,
            58.307428
          ],
          [
            14.278265,
            58.307378
          ],
          [
            14.278421,
            58.307193
          ],
          [
            14.278592,
            58.306995
          ],
          [
            14.278759,
            58.306803
          ],
          [
            14.278945,
            58.306588
          ],
          [
            14.27911,
            58.306403
          ],
          [
            14.279281,
            58.306194
          ],
          [
            14.279401,
            58.306043
          ],
          [
            14.279509,
            58.305916
          ],
          [
            14.279592,
            58.305811
          ],
          [
            14.279631,
            58.305762
          ],
          [
            14.279688,
            58.305694
          ],
          [
            14.279842,
            58.305504
          ],
          [
            14.279888,
            58.305444
          ],
          [
            14.279929,
            58.305392
          ],
          [
            14.280057,
            58.305232
          ],
          [
            14.280204,
            58.305058
          ],
          [
            14.280353,
            58.304871
          ],
          [
            14.280535,
            58.304636
          ],
          [
            14.280706,
            58.304455
          ],
          [
            14.280805,
            58.304358
          ],
          [
            14.281,
            58.304266
          ],
          [
            14.281365,
            58.304104
          ],
          [
            14.281754,
            58.303936
          ],
          [
            14.282167,
            58.303747
          ],
          [
            14.282599,
            58.303559
          ],
          [
            14.282976,
            58.303402
          ],
          [
            14.283329,
            58.303255
          ],
          [
            14.283588,
            58.303151
          ],
          [
            14.283656,
            58.303122
          ],
          [
            14.283725,
            58.303091
          ],
          [
            14.283845,
            58.303041
          ],
          [
            14.284223,
            58.303185
          ],
          [
            14.284325,
            58.303243
          ],
          [
            14.284562,
            58.303347
          ],
          [
            14.284629,
            58.30338
          ],
          [
            14.284804,
            58.303604
          ],
          [
            14.284871,
            58.303672
          ],
          [
            14.285119,
            58.303796
          ],
          [
            14.285141,
            58.303802
          ],
          [
            14.285375,
            58.30382
          ],
          [
            14.285441,
            58.303824
          ],
          [
            14.285565,
            58.303852
          ],
          [
            14.285689,
            58.303869
          ],
          [
            14.285911,
            58.303869
          ],
          [
            14.286006,
            58.303848
          ],
          [
            14.286082,
            58.30375
          ],
          [
            14.286355,
            58.303617
          ],
          [
            14.286642,
            58.303591
          ],
          [
            14.286795,
            58.30362
          ],
          [
            14.287045,
            58.303656
          ],
          [
            14.287307,
            58.303806
          ],
          [
            14.287365,
            58.303828
          ],
          [
            14.287487,
            58.303831
          ],
          [
            14.287726,
            58.303782
          ],
          [
            14.287808,
            58.303758
          ],
          [
            14.288146,
            58.303674
          ],
          [
            14.288343,
            58.303543
          ],
          [
            14.288417,
            58.303494
          ],
          [
            14.288608,
            58.303402
          ],
          [
            14.288792,
            58.303351
          ],
          [
            14.289138,
            58.30327
          ],
          [
            14.289394,
            58.303194
          ],
          [
            14.28949,
            58.303173
          ],
          [
            14.289628,
            58.303165
          ],
          [
            14.28972,
            58.303151
          ],
          [
            14.289852,
            58.303122
          ],
          [
            14.290164,
            58.303
          ],
          [
            14.290329,
            58.302925
          ],
          [
            14.290503,
            58.302779
          ],
          [
            14.290687,
            58.302731
          ],
          [
            14.290763,
            58.302701
          ],
          [
            14.291076,
            58.302623
          ],
          [
            14.29124,
            58.302558
          ]
        ]
      }
    }
  ]
}
