{
  "type": "FeatureCollection",
  "features": [
    {
      "type": "Feature",
      "properties": {
        "id": "bohusleden-stage-1-alvsaker-stensjon",
        "trailSystemId": "bohusleden",
        "sectionId": "bohusleden-stage-1-alvsaker-stensjon",
        "name": "Älvsåker - Stensjön",
        "part": 1,
        "source": "candidate-normalized-geojson"
      },
      "geometry": {
        "type": "LineString",
        "coordinates": [
          [
            12.148823,
            57.542016
          ],
          [
            12.148835,
            57.542185
          ],
          [
            12.148764,
            57.542362
          ],
          [
            12.148594,
            57.542503
          ],
          [
            12.148373,
            57.542587
          ],
          [
            12.147789,
            57.542678
          ],
          [
            12.147013,
            57.542704
          ],
          [
            12.146549,
            57.542628
          ],
          [
            12.146174,
            57.542555
          ],
          [
            12.145852,
            57.542553
          ],
          [
            12.145749,
            57.542596
          ],
          [
            12.145695,
            57.542687
          ],
          [
            12.145895,
            57.542863
          ],
          [
            12.146021,
            57.542952
          ],
          [
            12.146425,
            57.543136
          ],
          [
            12.146541,
            57.543218
          ],
          [
            12.146729,
            57.543656
          ],
          [
            12.146609,
            57.544065
          ],
          [
            12.145958,
            57.544773
          ],
          [
            12.145775,
            57.544917
          ],
          [
            12.145687,
            57.544951
          ],
          [
            12.144661,
            57.545071
          ],
          [
            12.14453,
            57.545115
          ],
          [
            12.144245,
            57.54528
          ],
          [
            12.143946,
            57.545486
          ],
          [
            12.143834,
            57.545583
          ],
          [
            12.143493,
            57.545852
          ],
          [
            12.142808,
            57.546185
          ],
          [
            12.142744,
            57.54625
          ],
          [
            12.142685,
            57.546335
          ],
          [
            12.142698,
            57.546657
          ],
          [
            12.142594,
            57.54674
          ],
          [
            12.142436,
            57.547022
          ],
          [
            12.142391,
            57.547211
          ],
          [
            12.142375,
            57.547337
          ],
          [
            12.142392,
            57.547458
          ],
          [
            12.142409,
            57.5475
          ],
          [
            12.142393,
            57.547592
          ],
          [
            12.142293,
            57.54777
          ],
          [
            12.142184,
            57.5479
          ],
          [
            12.142027,
            57.548014
          ],
          [
            12.141947,
            57.548062
          ],
          [
            12.141199,
            57.548291
          ],
          [
            12.141025,
            57.548367
          ],
          [
            12.140757,
            57.548575
          ],
          [
            12.140357,
            57.548821
          ],
          [
            12.140085,
            57.548915
          ],
          [
            12.139913,
            57.548969
          ],
          [
            12.139777,
            57.549033
          ],
          [
            12.140246,
            57.549111
          ],
          [
            12.140473,
            57.549169
          ],
          [
            12.140636,
            57.549287
          ],
          [
            12.14079,
            57.549446
          ],
          [
            12.140822,
            57.549523
          ],
          [
            12.140795,
            57.549606
          ],
          [
            12.140784,
            57.549716
          ],
          [
            12.140812,
            57.54982
          ],
          [
            12.140891,
            57.549939
          ],
          [
            12.141608,
            57.550399
          ],
          [
            12.141679,
            57.550508
          ],
          [
            12.141729,
            57.550631
          ],
          [
            12.141769,
            57.550761
          ],
          [
            12.141837,
            57.550856
          ],
          [
            12.142146,
            57.551074
          ],
          [
            12.142345,
            57.55116
          ],
          [
            12.142586,
            57.551267
          ],
          [
            12.142999,
            57.551358
          ],
          [
            12.142941,
            57.551531
          ],
          [
            12.142804,
            57.551712
          ],
          [
            12.142606,
            57.551911
          ],
          [
            12.14245,
            57.552027
          ],
          [
            12.142131,
            57.552317
          ],
          [
            12.142089,
            57.552395
          ],
          [
            12.142084,
            57.552453
          ],
          [
            12.142115,
            57.552519
          ],
          [
            12.142228,
            57.552594
          ],
          [
            12.142615,
            57.552811
          ],
          [
            12.143007,
            57.55307
          ],
          [
            12.143428,
            57.553372
          ],
          [
            12.143611,
            57.55348
          ],
          [
            12.143714,
            57.55356
          ],
          [
            12.143783,
            57.553643
          ],
          [
            12.143833,
            57.553756
          ],
          [
            12.143839,
            57.553846
          ],
          [
            12.143823,
            57.55391
          ],
          [
            12.143772,
            57.554018
          ],
          [
            12.143641,
            57.554169
          ],
          [
            12.143311,
            57.55448
          ],
          [
            12.143273,
            57.554646
          ],
          [
            12.143364,
            57.554927
          ],
          [
            12.143429,
            57.555037
          ],
          [
            12.143744,
            57.555331
          ],
          [
            12.143764,
            57.55539
          ],
          [
            12.143772,
            57.555468
          ],
          [
            12.143712,
            57.55565
          ],
          [
            12.143637,
            57.556041
          ],
          [
            12.143398,
            57.556528
          ],
          [
            12.143393,
            57.556643
          ],
          [
            12.143301,
            57.556849
          ],
          [
            12.143291,
            57.557092
          ],
          [
            12.143113,
            57.557573
          ],
          [
            12.143137,
            57.558004
          ],
          [
            12.143209,
            57.558285
          ],
          [
            12.143165,
            57.55837
          ],
          [
            12.143098,
            57.558599
          ],
          [
            12.143073,
            57.558764
          ],
          [
            12.142955,
            57.559057
          ],
          [
            12.14292,
            57.559238
          ],
          [
            12.142896,
            57.559479
          ],
          [
            12.143002,
            57.560132
          ],
          [
            12.142296,
            57.560238
          ],
          [
            12.142298,
            57.560276
          ],
          [
            12.14227,
            57.560311
          ],
          [
            12.142279,
            57.560416
          ],
          [
            12.142328,
            57.560555
          ],
          [
            12.142069,
            57.561043
          ],
          [
            12.142035,
            57.56113
          ],
          [
            12.142061,
            57.561226
          ],
          [
            12.142153,
            57.561378
          ],
          [
            12.14248,
            57.561713
          ],
          [
            12.142401,
            57.561919
          ],
          [
            12.142297,
            57.562052
          ],
          [
            12.141691,
            57.562504
          ],
          [
            12.141469,
            57.562645
          ],
          [
            12.141238,
            57.562822
          ],
          [
            12.140959,
            57.562948
          ],
          [
            12.14068,
            57.563106
          ],
          [
            12.140484,
            57.563255
          ],
          [
            12.140459,
            57.56331
          ],
          [
            12.140385,
            57.563386
          ],
          [
            12.140373,
            57.563457
          ],
          [
            12.140306,
            57.563556
          ],
          [
            12.140143,
            57.563702
          ],
          [
            12.140118,
            57.563775
          ],
          [
            12.139959,
            57.563916
          ],
          [
            12.139933,
            57.563981
          ],
          [
            12.139956,
            57.564041
          ],
          [
            12.13986,
            57.564127
          ],
          [
            12.139835,
            57.564215
          ],
          [
            12.139756,
            57.56431
          ],
          [
            12.139702,
            57.564397
          ],
          [
            12.139561,
            57.564437
          ],
          [
            12.138928,
            57.564405
          ],
          [
            12.138774,
            57.564355
          ],
          [
            12.138691,
            57.564342
          ],
          [
            12.138633,
            57.564359
          ],
          [
            12.13855,
            57.564405
          ],
          [
            12.138532,
            57.564483
          ],
          [
            12.138474,
            57.564536
          ],
          [
            12.138327,
            57.56456
          ],
          [
            12.138209,
            57.564629
          ],
          [
            12.138129,
            57.564686
          ],
          [
            12.1382,
            57.564846
          ],
          [
            12.138213,
            57.564908
          ],
          [
            12.138115,
            57.564983
          ],
          [
            12.138029,
            57.56508
          ],
          [
            12.137735,
            57.565302
          ],
          [
            12.137723,
            57.56536
          ],
          [
            12.137761,
            57.565429
          ],
          [
            12.137755,
            57.565566
          ],
          [
            12.137797,
            57.565611
          ],
          [
            12.137874,
            57.56564
          ],
          [
            12.137913,
            57.565685
          ],
          [
            12.13791,
            57.565726
          ],
          [
            12.137782,
            57.56581
          ],
          [
            12.137776,
            57.565855
          ],
          [
            12.137798,
            57.5659
          ],
          [
            12.137872,
            57.565933
          ],
          [
            12.137936,
            57.566002
          ],
          [
            12.137949,
            57.566039
          ],
          [
            12.137905,
            57.566088
          ],
          [
            12.137841,
            57.566145
          ],
          [
            12.137736,
            57.566216
          ],
          [
            12.137691,
            57.566281
          ],
          [
            12.137669,
            57.566372
          ],
          [
            12.137631,
            57.566436
          ],
          [
            12.137513,
            57.566527
          ],
          [
            12.137494,
            57.566606
          ],
          [
            12.137539,
            57.566663
          ],
          [
            12.137533,
            57.566704
          ],
          [
            12.137421,
            57.566826
          ],
          [
            12.137329,
            57.566862
          ],
          [
            12.13723,
            57.566957
          ],
          [
            12.137233,
            57.567015
          ],
          [
            12.137173,
            57.567105
          ],
          [
            12.137083,
            57.567139
          ],
          [
            12.137017,
            57.56721
          ],
          [
            12.136969,
            57.567306
          ],
          [
            12.136976,
            57.56748
          ],
          [
            12.136995,
            57.567529
          ],
          [
            12.137063,
            57.5676
          ],
          [
            12.137057,
            57.567698
          ],
          [
            12.13685,
            57.567925
          ],
          [
            12.136933,
            57.568002
          ],
          [
            12.137048,
            57.568033
          ],
          [
            12.13717,
            57.568083
          ],
          [
            12.137365,
            57.568134
          ],
          [
            12.137494,
            57.568209
          ],
          [
            12.137446,
            57.568282
          ],
          [
            12.137411,
            57.568417
          ],
          [
            12.137386,
            57.568476
          ],
          [
            12.137275,
            57.56865
          ],
          [
            12.137176,
            57.56882
          ],
          [
            12.137071,
            57.568926
          ],
          [
            12.137066,
            57.569
          ],
          [
            12.137013,
            57.569106
          ],
          [
            12.136845,
            57.569327
          ],
          [
            12.136498,
            57.569694
          ],
          [
            12.136359,
            57.569888
          ],
          [
            12.13632,
            57.569994
          ],
          [
            12.136056,
            57.57024
          ],
          [
            12.135926,
            57.570288
          ],
          [
            12.135676,
            57.570277
          ],
          [
            12.135468,
            57.570291
          ],
          [
            12.135343,
            57.570364
          ],
          [
            12.135229,
            57.57044
          ],
          [
            12.134772,
            57.570535
          ],
          [
            12.134394,
            57.570617
          ],
          [
            12.134265,
            57.570747
          ],
          [
            12.134035,
            57.570867
          ],
          [
            12.13386,
            57.57098
          ],
          [
            12.133655,
            57.571056
          ],
          [
            12.133234,
            57.571059
          ],
          [
            12.13308,
            57.571041
          ],
          [
            12.132974,
            57.571001
          ],
          [
            12.132805,
            57.570881
          ],
          [
            12.132604,
            57.5708
          ],
          [
            12.132341,
            57.570831
          ],
          [
            12.13217,
            57.570902
          ],
          [
            12.131955,
            57.571046
          ],
          [
            12.131779,
            57.571194
          ],
          [
            12.131672,
            57.571323
          ],
          [
            12.131589,
            57.571474
          ],
          [
            12.131298,
            57.571811
          ],
          [
            12.131159,
            57.571871
          ],
          [
            12.131136,
            57.571906
          ],
          [
            12.131129,
            57.572015
          ],
          [
            12.131069,
            57.572142
          ],
          [
            12.130962,
            57.572327
          ],
          [
            12.130901,
            57.572385
          ],
          [
            12.130915,
            57.572465
          ],
          [
            12.130956,
            57.572541
          ],
          [
            12.131064,
            57.572585
          ],
          [
            12.131125,
            57.572614
          ],
          [
            12.131132,
            57.572639
          ],
          [
            12.131098,
            57.572726
          ],
          [
            12.131045,
            57.572886
          ],
          [
            12.13091,
            57.57297
          ],
          [
            12.130836,
            57.573064
          ],
          [
            12.130695,
            57.573278
          ],
          [
            12.130628,
            57.573387
          ],
          [
            12.130581,
            57.573464
          ],
          [
            12.130561,
            57.573747
          ],
          [
            12.130731,
            57.573914
          ],
          [
            12.130765,
            57.573979
          ],
          [
            12.130752,
            57.574095
          ],
          [
            12.130793,
            57.574218
          ],
          [
            12.13078,
            57.574393
          ],
          [
            12.130787,
            57.574549
          ],
          [
            12.1307,
            57.574621
          ],
          [
            12.130624,
            57.574625
          ],
          [
            12.130379,
            57.574591
          ],
          [
            12.130176,
            57.574546
          ],
          [
            12.12998,
            57.574471
          ],
          [
            12.129819,
            57.574385
          ],
          [
            12.129748,
            57.574359
          ],
          [
            12.129622,
            57.574269
          ],
          [
            12.129447,
            57.574167
          ],
          [
            12.129167,
            57.574123
          ],
          [
            12.128775,
            57.574145
          ],
          [
            12.128544,
            57.574123
          ],
          [
            12.128306,
            57.574093
          ],
          [
            12.128096,
            57.574094
          ],
          [
            12.127802,
            57.574086
          ],
          [
            12.127669,
            57.574064
          ],
          [
            12.127424,
            57.574034
          ],
          [
            12.127053,
            57.574065
          ],
          [
            12.126808,
            57.574117
          ],
          [
            12.12657,
            57.574046
          ],
          [
            12.126339,
            57.574013
          ],
          [
            12.126059,
            57.574032
          ],
          [
            12.125835,
            57.574088
          ],
          [
            12.125709,
            57.574152
          ],
          [
            12.125647,
            57.574224
          ],
          [
            12.125626,
            57.574325
          ],
          [
            12.12564,
            57.574408
          ],
          [
            12.12569,
            57.574551
          ],
          [
            12.126055,
            57.574821
          ],
          [
            12.126118,
            57.574896
          ],
          [
            12.126097,
            57.574983
          ],
          [
            12.126028,
            57.575066
          ],
          [
            12.125944,
            57.575126
          ],
          [
            12.125867,
            57.575246
          ],
          [
            12.125742,
            57.575363
          ],
          [
            12.125665,
            57.57545
          ],
          [
            12.125645,
            57.575577
          ],
          [
            12.125596,
            57.575709
          ],
          [
            12.125435,
            57.575822
          ],
          [
            12.125364,
            57.575905
          ],
          [
            12.125265,
            57.576061
          ],
          [
            12.125256,
            57.576183
          ],
          [
            12.125256,
            57.576207
          ],
          [
            12.125315,
            57.576321
          ],
          [
            12.125459,
            57.576414
          ],
          [
            12.125722,
            57.57648
          ],
          [
            12.125863,
            57.576546
          ],
          [
            12.125902,
            57.5766
          ],
          [
            12.125837,
            57.576666
          ],
          [
            12.125747,
            57.576754
          ],
          [
            12.125707,
            57.576843
          ],
          [
            12.125703,
            57.576862
          ],
          [
            12.125721,
            57.576909
          ],
          [
            12.125766,
            57.57697
          ],
          [
            12.125851,
            57.57713
          ],
          [
            12.125872,
            57.577196
          ],
          [
            12.125876,
            57.577257
          ],
          [
            12.125845,
            57.577369
          ],
          [
            12.125814,
            57.57745
          ],
          [
            12.12576,
            57.577523
          ],
          [
            12.12569,
            57.577628
          ],
          [
            12.125617,
            57.577697
          ],
          [
            12.125517,
            57.577779
          ],
          [
            12.125432,
            57.577829
          ],
          [
            12.125322,
            57.577866
          ],
          [
            12.125185,
            57.577888
          ],
          [
            12.124975,
            57.577902
          ],
          [
            12.12483,
            57.577912
          ],
          [
            12.124298,
            57.577995
          ],
          [
            12.124108,
            57.578027
          ],
          [
            12.12398,
            57.578041
          ],
          [
            12.123852,
            57.578046
          ],
          [
            12.123767,
            57.578043
          ],
          [
            12.123595,
            57.578045
          ],
          [
            12.123466,
            57.578055
          ],
          [
            12.123233,
            57.578075
          ],
          [
            12.123163,
            57.578095
          ],
          [
            12.12309,
            57.578137
          ],
          [
            12.123024,
            57.5782
          ],
          [
            12.122917,
            57.578316
          ],
          [
            12.122812,
            57.578419
          ],
          [
            12.122606,
            57.578531
          ],
          [
            12.122294,
            57.578671
          ],
          [
            12.122215,
            57.578738
          ],
          [
            12.122164,
            57.578796
          ],
          [
            12.122128,
            57.57889
          ],
          [
            12.122027,
            57.579007
          ],
          [
            12.121857,
            57.579151
          ],
          [
            12.121332,
            57.579528
          ],
          [
            12.121137,
            57.57968
          ],
          [
            12.121021,
            57.579747
          ],
          [
            12.120868,
            57.579778
          ],
          [
            12.120622,
            57.579794
          ],
          [
            12.120259,
            57.579788
          ],
          [
            12.119827,
            57.579796
          ],
          [
            12.11937,
            57.57982
          ],
          [
            12.119109,
            57.579834
          ],
          [
            12.118974,
            57.579834
          ],
          [
            12.118786,
            57.579817
          ],
          [
            12.118539,
            57.579792
          ],
          [
            12.118306,
            57.579786
          ],
          [
            12.118136,
            57.579792
          ],
          [
            12.11795,
            57.579836
          ],
          [
            12.117851,
            57.579867
          ],
          [
            12.117756,
            57.579903
          ],
          [
            12.117672,
            57.579954
          ],
          [
            12.117515,
            57.580047
          ],
          [
            12.117347,
            57.580254
          ],
          [
            12.117341,
            57.580416
          ],
          [
            12.117208,
            57.580572
          ],
          [
            12.116862,
            57.580913
          ],
          [
            12.116701,
            57.581051
          ],
          [
            12.116586,
            57.581175
          ],
          [
            12.116454,
            57.58138
          ],
          [
            12.116325,
            57.581623
          ],
          [
            12.116192,
            57.58178
          ],
          [
            12.115947,
            57.581972
          ],
          [
            12.115671,
            57.582208
          ],
          [
            12.115598,
            57.582315
          ],
          [
            12.115536,
            57.582526
          ],
          [
            12.115561,
            57.582757
          ],
          [
            12.115516,
            57.582827
          ],
          [
            12.115417,
            57.582852
          ],
          [
            12.115305,
            57.582835
          ],
          [
            12.115123,
            57.582784
          ],
          [
            12.114898,
            57.582724
          ],
          [
            12.114656,
            57.582645
          ],
          [
            12.1144,
            57.582546
          ],
          [
            12.114193,
            57.582454
          ],
          [
            12.113969,
            57.582427
          ],
          [
            12.113748,
            57.582454
          ],
          [
            12.113531,
            57.582514
          ],
          [
            12.113363,
            57.582607
          ],
          [
            12.113251,
            57.582744
          ],
          [
            12.113189,
            57.582948
          ],
          [
            12.113193,
            57.583125
          ],
          [
            12.113274,
            57.5833
          ],
          [
            12.113429,
            57.583606
          ],
          [
            12.113609,
            57.583823
          ],
          [
            12.113595,
            57.583902
          ],
          [
            12.113459,
            57.584054
          ],
          [
            12.113252,
            57.584267
          ],
          [
            12.113197,
            57.584371
          ],
          [
            12.113109,
            57.584444
          ],
          [
            12.111559,
            57.583969
          ],
          [
            12.110447,
            57.58363
          ],
          [
            12.110139,
            57.583536
          ],
          [
            12.109391,
            57.583302
          ],
          [
            12.108391,
            57.582988
          ],
          [
            12.1075,
            57.582723
          ],
          [
            12.106328,
            57.582372
          ],
          [
            12.106055,
            57.58235
          ],
          [
            12.105851,
            57.58229
          ],
          [
            12.105754,
            57.582257
          ],
          [
            12.105695,
            57.582265
          ],
          [
            12.105673,
            57.582297
          ],
          [
            12.105583,
            57.582356
          ],
          [
            12.105385,
            57.582425
          ],
          [
            12.10513,
            57.582476
          ],
          [
            12.104673,
            57.582543
          ],
          [
            12.104501,
            57.582572
          ],
          [
            12.104113,
            57.582644
          ],
          [
            12.103724,
            57.582724
          ],
          [
            12.103322,
            57.58281
          ],
          [
            12.102963,
            57.582893
          ],
          [
            12.102903,
            57.582906
          ],
          [
            12.102869,
            57.582915
          ],
          [
            12.102755,
            57.582941
          ],
          [
            12.102443,
            57.583006
          ],
          [
            12.102368,
            57.583024
          ],
          [
            12.101924,
            57.583118
          ],
          [
            12.101023,
            57.583306
          ],
          [
            12.100699,
            57.583349
          ],
          [
            12.100499,
            57.583412
          ],
          [
            12.10043,
            57.583424
          ],
          [
            12.100344,
            57.583401
          ],
          [
            12.100134,
            57.583337
          ],
          [
            12.099588,
            57.583166
          ],
          [
            12.099431,
            57.583081
          ],
          [
            12.099315,
            57.582885
          ],
          [
            12.098701,
            57.582084
          ],
          [
            12.098638,
            57.581941
          ],
          [
            12.098564,
            57.581813
          ],
          [
            12.0984,
            57.581565
          ],
          [
            12.098211,
            57.581306
          ],
          [
            12.098137,
            57.581203
          ],
          [
            12.098092,
            57.581149
          ],
          [
            12.098079,
            57.581135
          ],
          [
            12.097999,
            57.581016
          ],
          [
            12.097842,
            57.58085
          ],
          [
            12.097711,
            57.580732
          ],
          [
            12.097482,
            57.580527
          ],
          [
            12.096198,
            57.579484
          ],
          [
            12.096153,
            57.579385
          ],
          [
            12.096179,
            57.579295
          ],
          [
            12.096475,
            57.579056
          ],
          [
            12.096577,
            57.578917
          ],
          [
            12.09658,
            57.578749
          ],
          [
            12.096561,
            57.578723
          ],
          [
            12.096282,
            57.578579
          ],
          [
            12.09543,
            57.578218
          ],
          [
            12.095049,
            57.578049
          ],
          [
            12.09462,
            57.577858
          ],
          [
            12.094476,
            57.577795
          ],
          [
            12.094406,
            57.577762
          ],
          [
            12.094303,
            57.577738
          ],
          [
            12.094076,
            57.5777
          ],
          [
            12.093833,
            57.577687
          ],
          [
            12.093347,
            57.577723
          ],
          [
            12.092563,
            57.577724
          ],
          [
            12.091763,
            57.577738
          ],
          [
            12.091328,
            57.577728
          ],
          [
            12.090544,
            57.577676
          ],
          [
            12.090285,
            57.577655
          ],
          [
            12.090157,
            57.577628
          ],
          [
            12.090109,
            57.577581
          ],
          [
            12.090141,
            57.577495
          ],
          [
            12.090099,
            57.577468
          ],
          [
            12.090038,
            57.577454
          ],
          [
            12.089974,
            57.577449
          ],
          [
            12.089798,
            57.577449
          ],
          [
            12.089654,
            57.577461
          ],
          [
            12.087594,
            57.577453
          ],
          [
            12.087569,
            57.577477
          ],
          [
            12.087553,
            57.577728
          ],
          [
            12.087484,
            57.577961
          ],
          [
            12.087458,
            57.578108
          ],
          [
            12.087449,
            57.578159
          ],
          [
            12.087312,
            57.578302
          ],
          [
            12.087302,
            57.578448
          ],
          [
            12.087315,
            57.57853
          ],
          [
            12.086999,
            57.578601
          ],
          [
            12.086858,
            57.578647
          ],
          [
            12.086815,
            57.578678
          ],
          [
            12.086788,
            57.57872
          ],
          [
            12.086809,
            57.578751
          ],
          [
            12.086855,
            57.578784
          ],
          [
            12.087032,
            57.578877
          ],
          [
            12.087375,
            57.579018
          ],
          [
            12.087551,
            57.579324
          ],
          [
            12.087679,
            57.579429
          ],
          [
            12.087977,
            57.579505
          ],
          [
            12.088054,
            57.579576
          ],
          [
            12.088031,
            57.579607
          ],
          [
            12.087728,
            57.579662
          ],
          [
            12.087399,
            57.579704
          ],
          [
            12.087306,
            57.579752
          ],
          [
            12.08713,
            57.579855
          ],
          [
            12.086954,
            57.57983
          ],
          [
            12.086823,
            57.579821
          ],
          [
            12.086669,
            57.579849
          ],
          [
            12.086548,
            57.579895
          ],
          [
            12.086458,
            57.579973
          ],
          [
            12.086436,
            57.580046
          ],
          [
            12.086462,
            57.580184
          ],
          [
            12.086373,
            57.580241
          ],
          [
            12.086229,
            57.580268
          ],
          [
            12.086149,
            57.580365
          ],
          [
            12.085816,
            57.580423
          ],
          [
            12.085521,
            57.580547
          ],
          [
            12.085321,
            57.580759
          ],
          [
            12.085002,
            57.580951
          ],
          [
            12.084618,
            57.58113
          ],
          [
            12.084516,
            57.581251
          ],
          [
            12.08444,
            57.581392
          ],
          [
            12.08429,
            57.581493
          ],
          [
            12.084159,
            57.581632
          ],
          [
            12.084089,
            57.581756
          ],
          [
            12.084083,
            57.582014
          ],
          [
            12.084106,
            57.58226
          ],
          [
            12.084061,
            57.582294
          ],
          [
            12.08388,
            57.582361
          ],
          [
            12.083671,
            57.582439
          ],
          [
            12.083489,
            57.582535
          ],
          [
            12.083356,
            57.58264
          ],
          [
            12.083263,
            57.582755
          ],
          [
            12.083135,
            57.582915
          ],
          [
            12.082982,
            57.583144
          ],
          [
            12.082902,
            57.583202
          ],
          [
            12.082793,
            57.583211
          ],
          [
            12.08224,
            57.583184
          ],
          [
            12.082115,
            57.583192
          ],
          [
            12.081945,
            57.583244
          ],
          [
            12.081843,
            57.58327
          ],
          [
            12.081787,
            57.583271
          ],
          [
            12.081728,
            57.583268
          ],
          [
            12.08168,
            57.583255
          ],
          [
            12.081616,
            57.583264
          ],
          [
            12.081389,
            57.583335
          ],
          [
            12.081338,
            57.583445
          ],
          [
            12.081234,
            57.583594
          ],
          [
            12.081175,
            57.583742
          ],
          [
            12.081064,
            57.58389
          ],
          [
            12.080946,
            57.584003
          ],
          [
            12.080703,
            57.584206
          ],
          [
            12.080614,
            57.584294
          ],
          [
            12.080448,
            57.58448
          ],
          [
            12.080403,
            57.584564
          ],
          [
            12.080394,
            57.584629
          ],
          [
            12.080435,
            57.584802
          ],
          [
            12.080492,
            57.58483
          ],
          [
            12.08065,
            57.584884
          ],
          [
            12.080865,
            57.584964
          ],
          [
            12.080935,
            57.585035
          ],
          [
            12.080935,
            57.585132
          ],
          [
            12.080918,
            57.585194
          ],
          [
            12.080809,
            57.585312
          ],
          [
            12.080798,
            57.585394
          ],
          [
            12.080816,
            57.585475
          ],
          [
            12.080868,
            57.585596
          ],
          [
            12.080938,
            57.585677
          ],
          [
            12.081022,
            57.585752
          ],
          [
            12.081031,
            57.585792
          ],
          [
            12.081003,
            57.585824
          ],
          [
            12.080929,
            57.585851
          ],
          [
            12.0808,
            57.585906
          ],
          [
            12.080731,
            57.585948
          ],
          [
            12.080502,
            57.586067
          ],
          [
            12.080323,
            57.586128
          ],
          [
            12.080095,
            57.586142
          ],
          [
            12.079773,
            57.586192
          ],
          [
            12.079467,
            57.58621
          ],
          [
            12.079302,
            57.586206
          ],
          [
            12.078993,
            57.586244
          ],
          [
            12.078765,
            57.586282
          ],
          [
            12.078626,
            57.586332
          ],
          [
            12.078459,
            57.586414
          ],
          [
            12.078383,
            57.586483
          ],
          [
            12.078364,
            57.586553
          ],
          [
            12.078376,
            57.586626
          ],
          [
            12.078374,
            57.58672
          ],
          [
            12.078307,
            57.58679
          ],
          [
            12.078201,
            57.586859
          ],
          [
            12.078072,
            57.586938
          ],
          [
            12.077928,
            57.587008
          ],
          [
            12.077818,
            57.587045
          ],
          [
            12.077762,
            57.58707
          ],
          [
            12.07769,
            57.587071
          ],
          [
            12.077624,
            57.587056
          ],
          [
            12.077523,
            57.58701
          ],
          [
            12.077414,
            57.586967
          ],
          [
            12.07732,
            57.586961
          ],
          [
            12.07719,
            57.586972
          ],
          [
            12.077054,
            57.586967
          ],
          [
            12.076848,
            57.586952
          ],
          [
            12.076691,
            57.586986
          ],
          [
            12.076632,
            57.586984
          ],
          [
            12.076307,
            57.58693
          ],
          [
            12.076133,
            57.586855
          ],
          [
            12.076089,
            57.586827
          ],
          [
            12.07607,
            57.586794
          ],
          [
            12.075976,
            57.586749
          ],
          [
            12.075886,
            57.586729
          ],
          [
            12.075755,
            57.586711
          ],
          [
            12.075633,
            57.586713
          ],
          [
            12.075518,
            57.586705
          ],
          [
            12.075441,
            57.58676
          ],
          [
            12.075222,
            57.586864
          ],
          [
            12.075072,
            57.587031
          ],
          [
            12.075007,
            57.587077
          ],
          [
            12.074988,
            57.587077
          ],
          [
            12.074967,
            57.587071
          ],
          [
            12.074651,
            57.586905
          ],
          [
            12.074562,
            57.586886
          ],
          [
            12.074285,
            57.586856
          ],
          [
            12.073814,
            57.586814
          ],
          [
            12.073597,
            57.586783
          ],
          [
            12.073245,
            57.586714
          ],
          [
            12.072707,
            57.586603
          ],
          [
            12.072652,
            57.586631
          ],
          [
            12.072606,
            57.586675
          ],
          [
            12.072469,
            57.586866
          ],
          [
            12.072375,
            57.587011
          ],
          [
            12.072353,
            57.587145
          ],
          [
            12.072362,
            57.587197
          ],
          [
            12.072395,
            57.587303
          ],
          [
            12.072465,
            57.587489
          ],
          [
            12.072652,
            57.587948
          ],
          [
            12.072707,
            57.588116
          ],
          [
            12.072838,
            57.588367
          ],
          [
            12.072576,
            57.588398
          ],
          [
            12.072458,
            57.588429
          ],
          [
            12.072326,
            57.58845
          ],
          [
            12.071777,
            57.588548
          ],
          [
            12.071389,
            57.588616
          ],
          [
            12.0707,
            57.588741
          ],
          [
            12.070412,
            57.588794
          ],
          [
            12.069851,
            57.588896
          ],
          [
            12.06956,
            57.588934
          ],
          [
            12.069291,
            57.588934
          ],
          [
            12.069093,
            57.58889
          ],
          [
            12.068948,
            57.588818
          ],
          [
            12.068862,
            57.588752
          ],
          [
            12.068587,
            57.588871
          ],
          [
            12.068505,
            57.588912
          ],
          [
            12.06854,
            57.588945
          ],
          [
            12.068559,
            57.588984
          ],
          [
            12.06853,
            57.589015
          ],
          [
            12.068415,
            57.589056
          ],
          [
            12.068298,
            57.589116
          ],
          [
            12.068248,
            57.589161
          ],
          [
            12.068162,
            57.589212
          ],
          [
            12.068028,
            57.589266
          ],
          [
            12.067939,
            57.589317
          ],
          [
            12.067938,
            57.589351
          ],
          [
            12.067962,
            57.589384
          ],
          [
            12.067951,
            57.589406
          ],
          [
            12.067889,
            57.589421
          ],
          [
            12.067829,
            57.589453
          ],
          [
            12.067753,
            57.58951
          ],
          [
            12.06761,
            57.589599
          ],
          [
            12.067494,
            57.589625
          ],
          [
            12.067403,
            57.589635
          ],
          [
            12.067281,
            57.589646
          ],
          [
            12.067242,
            57.589667
          ],
          [
            12.067121,
            57.589774
          ],
          [
            12.066997,
            57.589816
          ],
          [
            12.066899,
            57.58986
          ],
          [
            12.066748,
            57.589918
          ],
          [
            12.066663,
            57.589935
          ],
          [
            12.066627,
            57.589958
          ],
          [
            12.066525,
            57.590011
          ],
          [
            12.066454,
            57.590032
          ],
          [
            12.066324,
            57.590087
          ],
          [
            12.066008,
            57.590266
          ],
          [
            12.065955,
            57.590299
          ],
          [
            12.065855,
            57.590325
          ],
          [
            12.065768,
            57.59036
          ],
          [
            12.065606,
            57.590473
          ],
          [
            12.065502,
            57.590518
          ],
          [
            12.065419,
            57.59058
          ],
          [
            12.065344,
            57.590602
          ],
          [
            12.065323,
            57.590627
          ],
          [
            12.06521,
            57.590706
          ],
          [
            12.065184,
            57.590731
          ],
          [
            12.065191,
            57.590768
          ],
          [
            12.065188,
            57.590795
          ],
          [
            12.065036,
            57.590897
          ],
          [
            12.064976,
            57.590926
          ],
          [
            12.064909,
            57.590972
          ],
          [
            12.064838,
            57.591014
          ],
          [
            12.064789,
            57.591055
          ],
          [
            12.064737,
            57.591113
          ],
          [
            12.064688,
            57.591143
          ],
          [
            12.064621,
            57.59116
          ],
          [
            12.064502,
            57.591169
          ],
          [
            12.064418,
            57.591182
          ],
          [
            12.064357,
            57.591209
          ],
          [
            12.064316,
            57.591286
          ],
          [
            12.064248,
            57.591355
          ],
          [
            12.064243,
            57.59136
          ],
          [
            12.064202,
            57.591386
          ],
          [
            12.064166,
            57.591423
          ],
          [
            12.06411,
            57.59144
          ],
          [
            12.064027,
            57.591496
          ],
          [
            12.064005,
            57.591524
          ],
          [
            12.064015,
            57.591583
          ],
          [
            12.064049,
            57.591639
          ],
          [
            12.06405,
            57.591679
          ],
          [
            12.064017,
            57.591716
          ],
          [
            12.063778,
            57.59185
          ],
          [
            12.063727,
            57.591894
          ],
          [
            12.063686,
            57.591916
          ],
          [
            12.063635,
            57.591975
          ],
          [
            12.063575,
            57.59202
          ],
          [
            12.06347,
            57.592067
          ],
          [
            12.063321,
            57.592094
          ],
          [
            12.063268,
            57.592097
          ],
          [
            12.063224,
            57.592091
          ],
          [
            12.063138,
            57.592061
          ],
          [
            12.063004,
            57.592039
          ],
          [
            12.06293,
            57.592024
          ],
          [
            12.062885,
            57.592007
          ],
          [
            12.062757,
            57.592047
          ],
          [
            12.062693,
            57.592065
          ],
          [
            12.062642,
            57.592088
          ],
          [
            12.062588,
            57.592124
          ],
          [
            12.062564,
            57.592162
          ],
          [
            12.062581,
            57.592191
          ],
          [
            12.062642,
            57.592222
          ],
          [
            12.062748,
            57.592254
          ],
          [
            12.062833,
            57.592283
          ],
          [
            12.062857,
            57.592311
          ],
          [
            12.062834,
            57.592384
          ],
          [
            12.062741,
            57.592469
          ],
          [
            12.062666,
            57.592498
          ],
          [
            12.062599,
            57.592544
          ],
          [
            12.062552,
            57.592602
          ],
          [
            12.062521,
            57.592666
          ],
          [
            12.062485,
            57.592711
          ],
          [
            12.062374,
            57.592781
          ],
          [
            12.062254,
            57.592879
          ],
          [
            12.062221,
            57.592913
          ],
          [
            12.062185,
            57.593003
          ],
          [
            12.062093,
            57.593076
          ],
          [
            12.062007,
            57.593135
          ],
          [
            12.061979,
            57.593163
          ],
          [
            12.061954,
            57.593246
          ],
          [
            12.061889,
            57.593339
          ],
          [
            12.061753,
            57.593416
          ],
          [
            12.061692,
            57.593494
          ],
          [
            12.061614,
            57.593572
          ],
          [
            12.061585,
            57.593599
          ],
          [
            12.06156,
            57.593656
          ],
          [
            12.061556,
            57.593691
          ],
          [
            12.061466,
            57.593802
          ],
          [
            12.06146,
            57.594018
          ],
          [
            12.061464,
            57.594043
          ],
          [
            12.061449,
            57.594071
          ],
          [
            12.061353,
            57.594126
          ],
          [
            12.061275,
            57.594232
          ],
          [
            12.061222,
            57.594288
          ],
          [
            12.061212,
            57.594341
          ],
          [
            12.061149,
            57.594388
          ],
          [
            12.061105,
            57.594465
          ],
          [
            12.061038,
            57.594494
          ],
          [
            12.061013,
            57.594536
          ],
          [
            12.061006,
            57.594559
          ],
          [
            12.060975,
            57.594586
          ],
          [
            12.060924,
            57.594598
          ],
          [
            12.060849,
            57.594608
          ],
          [
            12.060811,
            57.594646
          ],
          [
            12.060794,
            57.594689
          ],
          [
            12.06075,
            57.594739
          ],
          [
            12.060768,
            57.59481
          ],
          [
            12.060784,
            57.59486
          ],
          [
            12.060744,
            57.594895
          ],
          [
            12.060706,
            57.594915
          ],
          [
            12.060662,
            57.594946
          ],
          [
            12.060606,
            57.595049
          ],
          [
            12.060594,
            57.595074
          ],
          [
            12.060585,
            57.595109
          ],
          [
            12.060595,
            57.595155
          ],
          [
            12.060495,
            57.595267
          ],
          [
            12.060467,
            57.595358
          ],
          [
            12.060476,
            57.595394
          ],
          [
            12.060489,
            57.595431
          ],
          [
            12.060474,
            57.595463
          ],
          [
            12.060381,
            57.595481
          ],
          [
            12.060341,
            57.595516
          ],
          [
            12.060297,
            57.595552
          ],
          [
            12.060211,
            57.595573
          ],
          [
            12.060144,
            57.595583
          ],
          [
            12.060115,
            57.595615
          ],
          [
            12.060129,
            57.595671
          ],
          [
            12.060111,
            57.595712
          ],
          [
            12.060123,
            57.595774
          ],
          [
            12.060092,
            57.595875
          ],
          [
            12.060077,
            57.595959
          ],
          [
            12.060073,
            57.59601
          ],
          [
            12.059998,
            57.596074
          ],
          [
            12.059939,
            57.596118
          ],
          [
            12.059907,
            57.596165
          ],
          [
            12.059914,
            57.596235
          ],
          [
            12.059943,
            57.596328
          ],
          [
            12.059981,
            57.596397
          ],
          [
            12.059981,
            57.596425
          ],
          [
            12.05991,
            57.59648
          ],
          [
            12.059897,
            57.596513
          ],
          [
            12.059902,
            57.596601
          ],
          [
            12.059927,
            57.596693
          ],
          [
            12.059881,
            57.596782
          ],
          [
            12.059813,
            57.596808
          ],
          [
            12.059637,
            57.596809
          ],
          [
            12.059534,
            57.596811
          ],
          [
            12.059513,
            57.596875
          ],
          [
            12.059458,
            57.597091
          ],
          [
            12.059445,
            57.597213
          ],
          [
            12.059464,
            57.597345
          ],
          [
            12.059599,
            57.597517
          ],
          [
            12.059593,
            57.597594
          ],
          [
            12.059503,
            57.597679
          ],
          [
            12.059343,
            57.597802
          ],
          [
            12.059235,
            57.597952
          ],
          [
            12.059168,
            57.598136
          ],
          [
            12.059085,
            57.598339
          ],
          [
            12.058973,
            57.598552
          ],
          [
            12.058852,
            57.598756
          ],
          [
            12.058759,
            57.598892
          ],
          [
            12.058711,
            57.598954
          ],
          [
            12.058696,
            57.599023
          ],
          [
            12.058648,
            57.599098
          ],
          [
            12.058526,
            57.599233
          ],
          [
            12.05836,
            57.599398
          ],
          [
            12.058213,
            57.599539
          ],
          [
            12.058092,
            57.599649
          ],
          [
            12.057778,
            57.599864
          ],
          [
            12.057558,
            57.599993
          ],
          [
            12.057174,
            57.600278
          ],
          [
            12.056976,
            57.600431
          ],
          [
            12.056896,
            57.600512
          ],
          [
            12.056795,
            57.600616
          ],
          [
            12.056691,
            57.600727
          ],
          [
            12.056615,
            57.600832
          ],
          [
            12.056589,
            57.600909
          ],
          [
            12.056612,
            57.600959
          ],
          [
            12.056676,
            57.601
          ],
          [
            12.056733,
            57.601024
          ],
          [
            12.056833,
            57.601065
          ],
          [
            12.056877,
            57.601087
          ],
          [
            12.056999,
            57.601148
          ],
          [
            12.057115,
            57.601192
          ],
          [
            12.057255,
            57.601227
          ],
          [
            12.057393,
            57.601249
          ],
          [
            12.057569,
            57.601274
          ],
          [
            12.057662,
            57.6013
          ],
          [
            12.057717,
            57.601328
          ],
          [
            12.057829,
            57.601458
          ],
          [
            12.057925,
            57.60156
          ],
          [
            12.057954,
            57.601601
          ],
          [
            12.057941,
            57.601625
          ],
          [
            12.057884,
            57.601675
          ],
          [
            12.057804,
            57.601721
          ],
          [
            12.057756,
            57.601754
          ],
          [
            12.057708,
            57.601792
          ],
          [
            12.057704,
            57.601809
          ],
          [
            12.057753,
            57.601833
          ],
          [
            12.057893,
            57.601864
          ],
          [
            12.058028,
            57.60191
          ],
          [
            12.05815,
            57.601963
          ],
          [
            12.058284,
            57.602013
          ],
          [
            12.058608,
            57.602104
          ],
          [
            12.058774,
            57.602149
          ],
          [
            12.059235,
            57.602296
          ],
          [
            12.059613,
            57.602428
          ],
          [
            12.060049,
            57.602576
          ],
          [
            12.060308,
            57.602658
          ],
          [
            12.060773,
            57.60279
          ],
          [
            12.060973,
            57.602845
          ],
          [
            12.061061,
            57.602871
          ],
          [
            12.061064,
            57.60292
          ],
          [
            12.061016,
            57.602987
          ],
          [
            12.060981,
            57.603068
          ],
          [
            12.060994,
            57.603118
          ],
          [
            12.061029,
            57.603173
          ],
          [
            12.060997,
            57.603222
          ],
          [
            12.060905,
            57.603277
          ],
          [
            12.06087,
            57.603322
          ],
          [
            12.060806,
            57.603367
          ],
          [
            12.060706,
            57.60341
          ],
          [
            12.06062,
            57.603455
          ],
          [
            12.060566,
            57.603504
          ],
          [
            12.060531,
            57.603542
          ],
          [
            12.06049,
            57.603574
          ],
          [
            12.060402,
            57.603626
          ],
          [
            12.060093,
            57.603775
          ],
          [
            12.059866,
            57.603881
          ],
          [
            12.059848,
            57.603912
          ],
          [
            12.059931,
            57.603991
          ],
          [
            12.060023,
            57.604031
          ],
          [
            12.060049,
            57.604046
          ],
          [
            12.060202,
            57.60417
          ],
          [
            12.060283,
            57.60421
          ],
          [
            12.060426,
            57.604261
          ],
          [
            12.060565,
            57.604308
          ],
          [
            12.060705,
            57.604355
          ],
          [
            12.060803,
            57.604386
          ],
          [
            12.060844,
            57.604398
          ],
          [
            12.060955,
            57.604416
          ],
          [
            12.06107,
            57.604417
          ],
          [
            12.061221,
            57.604394
          ],
          [
            12.061427,
            57.604337
          ],
          [
            12.06156,
            57.60432
          ],
          [
            12.061803,
            57.604309
          ],
          [
            12.061927,
            57.604312
          ],
          [
            12.062086,
            57.604342
          ],
          [
            12.062132,
            57.604358
          ],
          [
            12.062244,
            57.604395
          ],
          [
            12.062426,
            57.604474
          ],
          [
            12.062563,
            57.604516
          ],
          [
            12.062635,
            57.604527
          ],
          [
            12.062877,
            57.604534
          ],
          [
            12.062952,
            57.604543
          ],
          [
            12.063206,
            57.604568
          ],
          [
            12.063401,
            57.604561
          ],
          [
            12.063517,
            57.604568
          ],
          [
            12.06375,
            57.604579
          ],
          [
            12.063849,
            57.604563
          ],
          [
            12.06398,
            57.604501
          ],
          [
            12.064051,
            57.604464
          ],
          [
            12.064086,
            57.604435
          ],
          [
            12.064218,
            57.604375
          ],
          [
            12.064306,
            57.604341
          ],
          [
            12.064415,
            57.604312
          ],
          [
            12.064559,
            57.604298
          ],
          [
            12.064762,
            57.604266
          ],
          [
            12.064833,
            57.604258
          ],
          [
            12.065154,
            57.604217
          ],
          [
            12.065238,
            57.604203
          ],
          [
            12.065414,
            57.604176
          ],
          [
            12.065692,
            57.604127
          ],
          [
            12.066018,
            57.604071
          ],
          [
            12.066302,
            57.604043
          ],
          [
            12.066438,
            57.604034
          ],
          [
            12.066659,
            57.604014
          ],
          [
            12.06682,
            57.604006
          ],
          [
            12.067013,
            57.604005
          ],
          [
            12.067104,
            57.603993
          ],
          [
            12.067186,
            57.603992
          ],
          [
            12.067347,
            57.604003
          ],
          [
            12.067517,
            57.604006
          ],
          [
            12.067667,
            57.604023
          ],
          [
            12.067792,
            57.604051
          ],
          [
            12.067943,
            57.604096
          ],
          [
            12.068044,
            57.604103
          ],
          [
            12.068152,
            57.604085
          ],
          [
            12.068274,
            57.604066
          ],
          [
            12.068368,
            57.604039
          ],
          [
            12.068543,
            57.603961
          ],
          [
            12.068746,
            57.603843
          ],
          [
            12.06896,
            57.603761
          ],
          [
            12.069094,
            57.603732
          ],
          [
            12.069168,
            57.603727
          ],
          [
            12.069264,
            57.60373
          ],
          [
            12.069396,
            57.603738
          ],
          [
            12.070139,
            57.60381
          ],
          [
            12.070184,
            57.603803
          ],
          [
            12.070261,
            57.603729
          ],
          [
            12.070347,
            57.603684
          ],
          [
            12.070508,
            57.603583
          ],
          [
            12.070734,
            57.603365
          ],
          [
            12.070805,
            57.603325
          ],
          [
            12.071002,
            57.603248
          ],
          [
            12.071073,
            57.603201
          ],
          [
            12.071131,
            57.603182
          ],
          [
            12.071203,
            57.603172
          ],
          [
            12.071305,
            57.603164
          ],
          [
            12.071415,
            57.603164
          ],
          [
            12.071576,
            57.60317
          ],
          [
            12.071688,
            57.603181
          ],
          [
            12.07194,
            57.603215
          ],
          [
            12.072018,
            57.603203
          ],
          [
            12.072208,
            57.603172
          ],
          [
            12.072385,
            57.603112
          ],
          [
            12.072852,
            57.602985
          ],
          [
            12.073096,
            57.60295
          ],
          [
            12.073154,
            57.602953
          ],
          [
            12.073184,
            57.602962
          ],
          [
            12.073306,
            57.603054
          ],
          [
            12.073584,
            57.603189
          ],
          [
            12.074095,
            57.603224
          ],
          [
            12.074505,
            57.603228
          ],
          [
            12.074705,
            57.6033
          ],
          [
            12.074929,
            57.603327
          ],
          [
            12.075218,
            57.603324
          ],
          [
            12.075317,
            57.603336
          ],
          [
            12.075635,
            57.603481
          ],
          [
            12.075766,
            57.603543
          ],
          [
            12.075952,
            57.603609
          ],
          [
            12.076193,
            57.603658
          ],
          [
            12.076319,
            57.603665
          ],
          [
            12.076632,
            57.603663
          ],
          [
            12.07681,
            57.603643
          ],
          [
            12.076902,
            57.603629
          ],
          [
            12.077084,
            57.603563
          ],
          [
            12.077407,
            57.603573
          ],
          [
            12.077609,
            57.603561
          ],
          [
            12.077669,
            57.603562
          ],
          [
            12.077861,
            57.603608
          ],
          [
            12.077945,
            57.603634
          ],
          [
            12.077966,
            57.603668
          ],
          [
            12.077887,
            57.603778
          ],
          [
            12.077733,
            57.603892
          ],
          [
            12.077553,
            57.604016
          ],
          [
            12.077501,
            57.604044
          ],
          [
            12.077384,
            57.604063
          ],
          [
            12.077324,
            57.604082
          ],
          [
            12.077105,
            57.604216
          ],
          [
            12.07691,
            57.604365
          ],
          [
            12.076753,
            57.604486
          ],
          [
            12.076769,
            57.604502
          ],
          [
            12.076815,
            57.604524
          ],
          [
            12.076902,
            57.604552
          ],
          [
            12.077,
            57.604586
          ],
          [
            12.077051,
            57.604614
          ],
          [
            12.077055,
            57.60463
          ],
          [
            12.077021,
            57.60474
          ],
          [
            12.076756,
            57.604921
          ],
          [
            12.076484,
            57.605125
          ],
          [
            12.076151,
            57.605316
          ],
          [
            12.075806,
            57.605494
          ],
          [
            12.075499,
            57.60568
          ],
          [
            12.075081,
            57.605889
          ],
          [
            12.07497,
            57.606006
          ],
          [
            12.074923,
            57.606098
          ],
          [
            12.074928,
            57.606178
          ],
          [
            12.074984,
            57.606262
          ],
          [
            12.075004,
            57.60628
          ],
          [
            12.075035,
            57.606306
          ],
          [
            12.074992,
            57.606356
          ],
          [
            12.074877,
            57.606423
          ],
          [
            12.074822,
            57.606476
          ],
          [
            12.07483,
            57.606521
          ],
          [
            12.075219,
            57.606631
          ],
          [
            12.075749,
            57.606784
          ],
          [
            12.07624,
            57.606933
          ],
          [
            12.076466,
            57.607013
          ],
          [
            12.076556,
            57.607047
          ],
          [
            12.076624,
            57.607102
          ],
          [
            12.076642,
            57.607176
          ],
          [
            12.076599,
            57.607256
          ],
          [
            12.07613,
            57.607696
          ],
          [
            12.076118,
            57.607724
          ],
          [
            12.076237,
            57.607753
          ],
          [
            12.076451,
            57.607815
          ],
          [
            12.076763,
            57.60789
          ],
          [
            12.077117,
            57.607954
          ],
          [
            12.077284,
            57.607996
          ],
          [
            12.077527,
            57.608032
          ],
          [
            12.077715,
            57.608071
          ],
          [
            12.077894,
            57.608075
          ],
          [
            12.078082,
            57.608043
          ],
          [
            12.078236,
            57.607984
          ],
          [
            12.078359,
            57.607963
          ],
          [
            12.078539,
            57.607951
          ],
          [
            12.078645,
            57.607953
          ],
          [
            12.078897,
            57.608004
          ],
          [
            12.079128,
            57.608056
          ],
          [
            12.079269,
            57.608084
          ],
          [
            12.079341,
            57.608085
          ],
          [
            12.079393,
            57.608041
          ],
          [
            12.079503,
            57.608039
          ],
          [
            12.079845,
            57.608082
          ],
          [
            12.080494,
            57.608146
          ],
          [
            12.081314,
            57.60823
          ],
          [
            12.081382,
            57.608271
          ],
          [
            12.081374,
            57.608349
          ],
          [
            12.081276,
            57.608494
          ],
          [
            12.0812,
            57.608668
          ],
          [
            12.081132,
            57.608904
          ],
          [
            12.081111,
            57.609028
          ],
          [
            12.081092,
            57.609112
          ],
          [
            12.081062,
            57.609208
          ],
          [
            12.081025,
            57.609275
          ],
          [
            12.080943,
            57.6094
          ],
          [
            12.080885,
            57.609465
          ],
          [
            12.080845,
            57.609495
          ],
          [
            12.080776,
            57.609531
          ],
          [
            12.080714,
            57.609556
          ],
          [
            12.080522,
            57.609657
          ],
          [
            12.080391,
            57.60975
          ],
          [
            12.080305,
            57.609777
          ],
          [
            12.080209,
            57.609789
          ],
          [
            12.080129,
            57.609853
          ],
          [
            12.080008,
            57.609915
          ],
          [
            12.079988,
            57.609942
          ],
          [
            12.080001,
            57.610042
          ],
          [
            12.079954,
            57.610162
          ],
          [
            12.079877,
            57.610267
          ],
          [
            12.079778,
            57.610353
          ],
          [
            12.079646,
            57.610434
          ],
          [
            12.079545,
            57.610477
          ],
          [
            12.079397,
            57.610575
          ],
          [
            12.07918,
            57.610742
          ],
          [
            12.0791,
            57.610776
          ],
          [
            12.079017,
            57.610876
          ],
          [
            12.078921,
            57.610929
          ],
          [
            12.078851,
            57.610981
          ],
          [
            12.078736,
            57.611021
          ],
          [
            12.078643,
            57.611036
          ],
          [
            12.078512,
            57.611077
          ],
          [
            12.07839,
            57.611134
          ],
          [
            12.078256,
            57.611193
          ],
          [
            12.07808,
            57.611256
          ],
          [
            12.07791,
            57.611334
          ],
          [
            12.077785,
            57.611361
          ],
          [
            12.077682,
            57.611373
          ],
          [
            12.077632,
            57.611372
          ],
          [
            12.077581,
            57.61136
          ],
          [
            12.077481,
            57.611315
          ],
          [
            12.077404,
            57.611274
          ],
          [
            12.077363,
            57.611257
          ],
          [
            12.077295,
            57.611241
          ],
          [
            12.077241,
            57.611245
          ],
          [
            12.07722,
            57.611336
          ],
          [
            12.077197,
            57.611441
          ],
          [
            12.077133,
            57.61147
          ],
          [
            12.076813,
            57.611627
          ],
          [
            12.076691,
            57.611685
          ],
          [
            12.076477,
            57.611742
          ],
          [
            12.076317,
            57.611775
          ],
          [
            12.075881,
            57.61187
          ],
          [
            12.075795,
            57.611901
          ],
          [
            12.075722,
            57.61198
          ],
          [
            12.075642,
            57.612033
          ],
          [
            12.075507,
            57.612069
          ],
          [
            12.075243,
            57.61206
          ],
          [
            12.075142,
            57.612044
          ],
          [
            12.074954,
            57.612029
          ],
          [
            12.074805,
            57.612017
          ],
          [
            12.074634,
            57.611996
          ],
          [
            12.074194,
            57.611986
          ],
          [
            12.074105,
            57.612
          ],
          [
            12.073829,
            57.612034
          ],
          [
            12.073736,
            57.612008
          ],
          [
            12.073628,
            57.611998
          ],
          [
            12.07349,
            57.612024
          ],
          [
            12.073404,
            57.612022
          ],
          [
            12.073282,
            57.61205
          ],
          [
            12.073179,
            57.612058
          ],
          [
            12.073122,
            57.612079
          ],
          [
            12.073125,
            57.612122
          ],
          [
            12.073058,
            57.612181
          ],
          [
            12.072988,
            57.612256
          ],
          [
            12.072972,
            57.612334
          ],
          [
            12.072924,
            57.612437
          ],
          [
            12.072966,
            57.612602
          ],
          [
            12.072928,
            57.612686
          ],
          [
            12.072944,
            57.612799
          ],
          [
            12.072909,
            57.612846
          ],
          [
            12.072945,
            57.613093
          ],
          [
            12.072871,
            57.613155
          ],
          [
            12.07274,
            57.613188
          ],
          [
            12.072753,
            57.61322
          ],
          [
            12.072689,
            57.613325
          ],
          [
            12.072596,
            57.613416
          ],
          [
            12.072513,
            57.613459
          ],
          [
            12.072488,
            57.61353
          ],
          [
            12.072417,
            57.61359
          ],
          [
            12.072379,
            57.613726
          ],
          [
            12.072248,
            57.613827
          ],
          [
            12.072223,
            57.613901
          ],
          [
            12.072127,
            57.613975
          ],
          [
            12.072114,
            57.614013
          ],
          [
            12.071996,
            57.614166
          ],
          [
            12.071941,
            57.614202
          ],
          [
            12.071913,
            57.614252
          ],
          [
            12.071717,
            57.614341
          ],
          [
            12.071545,
            57.614445
          ],
          [
            12.071548,
            57.61447
          ],
          [
            12.071389,
            57.614596
          ],
          [
            12.071251,
            57.614656
          ],
          [
            12.071162,
            57.614714
          ],
          [
            12.071072,
            57.614727
          ],
          [
            12.070938,
            57.614728
          ],
          [
            12.070867,
            57.614747
          ],
          [
            12.070787,
            57.614854
          ],
          [
            12.070733,
            57.614864
          ],
          [
            12.070477,
            57.614828
          ],
          [
            12.070193,
            57.614874
          ],
          [
            12.070112,
            57.614883
          ],
          [
            12.069955,
            57.61489
          ],
          [
            12.069731,
            57.614911
          ],
          [
            12.069587,
            57.614946
          ],
          [
            12.069219,
            57.615119
          ],
          [
            12.06894,
            57.615223
          ],
          [
            12.068816,
            57.61525
          ],
          [
            12.06879,
            57.615297
          ],
          [
            12.068752,
            57.615331
          ],
          [
            12.068665,
            57.61536
          ],
          [
            12.068627,
            57.61541
          ],
          [
            12.068634,
            57.615582
          ],
          [
            12.068583,
            57.615719
          ],
          [
            12.06858,
            57.615783
          ],
          [
            12.0685,
            57.615998
          ],
          [
            12.068462,
            57.616209
          ],
          [
            12.068494,
            57.61625
          ],
          [
            12.068565,
            57.616293
          ],
          [
            12.068581,
            57.616333
          ],
          [
            12.068661,
            57.616405
          ],
          [
            12.068639,
            57.616439
          ],
          [
            12.068575,
            57.616496
          ],
          [
            12.068595,
            57.616602
          ],
          [
            12.068607,
            57.616663
          ],
          [
            12.068575,
            57.616749
          ],
          [
            12.068569,
            57.616824
          ],
          [
            12.068575,
            57.616872
          ],
          [
            12.06855,
            57.616946
          ],
          [
            12.068557,
            57.616991
          ],
          [
            12.068529,
            57.617203
          ],
          [
            12.068535,
            57.617273
          ],
          [
            12.068573,
            57.617352
          ],
          [
            12.068628,
            57.617426
          ],
          [
            12.068702,
            57.617459
          ],
          [
            12.068711,
            57.617517
          ],
          [
            12.068689,
            57.617562
          ],
          [
            12.068574,
            57.617584
          ],
          [
            12.068535,
            57.617605
          ],
          [
            12.068549,
            57.617778
          ],
          [
            12.068523,
            57.61783
          ],
          [
            12.068536,
            57.617935
          ],
          [
            12.068527,
            57.617997
          ],
          [
            12.068504,
            57.618069
          ],
          [
            12.068498,
            57.61815
          ],
          [
            12.06853,
            57.618191
          ],
          [
            12.068491,
            57.618307
          ],
          [
            12.068394,
            57.618329
          ],
          [
            12.068345,
            57.618327
          ],
          [
            12.068298,
            57.618348
          ],
          [
            12.068279,
            57.618369
          ],
          [
            12.068247,
            57.618425
          ],
          [
            12.068276,
            57.618466
          ],
          [
            12.068318,
            57.618499
          ],
          [
            12.068462,
            57.618551
          ],
          [
            12.068499,
            57.6186
          ],
          [
            12.068537,
            57.618638
          ],
          [
            12.068544,
            57.618674
          ],
          [
            12.068493,
            57.618698
          ],
          [
            12.068474,
            57.618748
          ],
          [
            12.068499,
            57.618786
          ],
          [
            12.068477,
            57.618851
          ],
          [
            12.068471,
            57.618914
          ],
          [
            12.068432,
            57.618928
          ],
          [
            12.06841,
            57.618963
          ],
          [
            12.068455,
            57.6191
          ],
          [
            12.068439,
            57.619172
          ],
          [
            12.068474,
            57.619217
          ],
          [
            12.068462,
            57.619322
          ],
          [
            12.068424,
            57.619482
          ],
          [
            12.068238,
            57.6196
          ],
          [
            12.068121,
            57.619711
          ],
          [
            12.068073,
            57.619732
          ],
          [
            12.06804,
            57.619804
          ],
          [
            12.067942,
            57.619858
          ],
          [
            12.067894,
            57.61989
          ],
          [
            12.067698,
            57.619966
          ],
          [
            12.067661,
            57.620007
          ],
          [
            12.067661,
            57.620091
          ],
          [
            12.067642,
            57.620134
          ],
          [
            12.067578,
            57.620189
          ],
          [
            12.06746,
            57.620392
          ],
          [
            12.067357,
            57.620442
          ],
          [
            12.067249,
            57.620454
          ],
          [
            12.067156,
            57.620456
          ],
          [
            12.066925,
            57.620514
          ],
          [
            12.066797,
            57.620545
          ],
          [
            12.066672,
            57.620533
          ],
          [
            12.066599,
            57.620552
          ],
          [
            12.066527,
            57.620592
          ],
          [
            12.066451,
            57.620647
          ],
          [
            12.066371,
            57.620678
          ],
          [
            12.066218,
            57.620764
          ],
          [
            12.065987,
            57.62086
          ],
          [
            12.065927,
            57.620908
          ],
          [
            12.06585,
            57.621025
          ],
          [
            12.065725,
            57.6212
          ],
          [
            12.065623,
            57.621237
          ],
          [
            12.065639,
            57.621276
          ],
          [
            12.065758,
            57.621329
          ],
          [
            12.065767,
            57.621396
          ],
          [
            12.065676,
            57.621429
          ],
          [
            12.065591,
            57.621498
          ],
          [
            12.065563,
            57.621594
          ],
          [
            12.065464,
            57.621682
          ],
          [
            12.065329,
            57.6218
          ],
          [
            12.065317,
            57.621869
          ],
          [
            12.06542,
            57.622006
          ],
          [
            12.065503,
            57.622111
          ],
          [
            12.065461,
            57.622192
          ],
          [
            12.065468,
            57.622297
          ],
          [
            12.065395,
            57.622414
          ],
          [
            12.065331,
            57.622632
          ],
          [
            12.065158,
            57.622826
          ],
          [
            12.065081,
            57.622866
          ],
          [
            12.065078,
            57.622916
          ],
          [
            12.065111,
            57.622983
          ],
          [
            12.065114,
            57.623125
          ],
          [
            12.065031,
            57.623162
          ],
          [
            12.065069,
            57.623217
          ],
          [
            12.065066,
            57.623314
          ],
          [
            12.065194,
            57.623366
          ],
          [
            12.065239,
            57.623393
          ],
          [
            12.065201,
            57.623428
          ],
          [
            12.065179,
            57.623502
          ],
          [
            12.065172,
            57.623567
          ],
          [
            12.065124,
            57.623629
          ],
          [
            12.065166,
            57.623665
          ],
          [
            12.065285,
            57.623715
          ],
          [
            12.065416,
            57.623813
          ],
          [
            12.0655,
            57.623876
          ],
          [
            12.065487,
            57.623929
          ],
          [
            12.065492,
            57.624023
          ],
          [
            12.065497,
            57.624127
          ],
          [
            12.065519,
            57.624173
          ],
          [
            12.06552,
            57.624242
          ],
          [
            12.065574,
            57.624306
          ],
          [
            12.065626,
            57.624419
          ],
          [
            12.065597,
            57.624543
          ],
          [
            12.065479,
            57.624576
          ],
          [
            12.065354,
            57.624574
          ],
          [
            12.065174,
            57.6246
          ],
          [
            12.064969,
            57.624639
          ],
          [
            12.06486,
            57.624624
          ],
          [
            12.064758,
            57.624607
          ],
          [
            12.064569,
            57.624559
          ],
          [
            12.064425,
            57.62454
          ],
          [
            12.064265,
            57.62455
          ],
          [
            12.064165,
            57.624504
          ],
          [
            12.064002,
            57.624523
          ],
          [
            12.063935,
            57.624501
          ],
          [
            12.063928,
            57.624475
          ],
          [
            12.063874,
            57.624454
          ],
          [
            12.063854,
            57.624423
          ],
          [
            12.063646,
            57.624338
          ],
          [
            12.06354,
            57.624202
          ],
          [
            12.06346,
            57.624187
          ],
          [
            12.063418,
            57.624236
          ],
          [
            12.063289,
            57.624247
          ],
          [
            12.063103,
            57.624193
          ],
          [
            12.063008,
            57.624138
          ],
          [
            12.062914,
            57.624008
          ],
          [
            12.062819,
            57.624006
          ],
          [
            12.062771,
            57.624024
          ],
          [
            12.062717,
            57.624082
          ],
          [
            12.062669,
            57.62412
          ],
          [
            12.062621,
            57.624135
          ],
          [
            12.062454,
            57.624157
          ],
          [
            12.062363,
            57.624149
          ],
          [
            12.062212,
            57.624127
          ],
          [
            12.062103,
            57.624072
          ],
          [
            12.061869,
            57.624052
          ],
          [
            12.06176,
            57.624052
          ],
          [
            12.061642,
            57.624068
          ],
          [
            12.06151,
            57.624044
          ],
          [
            12.06127,
            57.624033
          ],
          [
            12.061177,
            57.624042
          ],
          [
            12.061049,
            57.624092
          ],
          [
            12.060976,
            57.624157
          ],
          [
            12.060761,
            57.624192
          ],
          [
            12.060604,
            57.6243
          ],
          [
            12.06056,
            57.624393
          ],
          [
            12.060476,
            57.624429
          ],
          [
            12.060348,
            57.62445
          ],
          [
            12.059913,
            57.624598
          ],
          [
            12.059724,
            57.624605
          ],
          [
            12.059541,
            57.624637
          ],
          [
            12.059413,
            57.624691
          ],
          [
            12.059311,
            57.62477
          ],
          [
            12.059065,
            57.624888
          ],
          [
            12.05886,
            57.625028
          ],
          [
            12.058729,
            57.62506
          ],
          [
            12.058591,
            57.625055
          ],
          [
            12.058402,
            57.625019
          ],
          [
            12.058049,
            57.625014
          ],
          [
            12.057876,
            57.624963
          ],
          [
            12.057835,
            57.624935
          ],
          [
            12.057771,
            57.624836
          ],
          [
            12.057786,
            57.624752
          ],
          [
            12.057719,
            57.624698
          ],
          [
            12.057639,
            57.624678
          ],
          [
            12.057543,
            57.624676
          ],
          [
            12.05738,
            57.624726
          ],
          [
            12.057188,
            57.6248
          ],
          [
            12.056989,
            57.624846
          ],
          [
            12.056867,
            57.6249
          ],
          [
            12.056733,
            57.624932
          ],
          [
            12.056605,
            57.625053
          ],
          [
            12.056432,
            57.625153
          ],
          [
            12.056234,
            57.625196
          ],
          [
            12.056173,
            57.625261
          ],
          [
            12.055958,
            57.625326
          ],
          [
            12.055606,
            57.625361
          ],
          [
            12.05535,
            57.625373
          ],
          [
            12.055042,
            57.625406
          ],
          [
            12.054594,
            57.625545
          ],
          [
            12.054524,
            57.625671
          ],
          [
            12.054441,
            57.625784
          ],
          [
            12.054412,
            57.625882
          ],
          [
            12.054342,
            57.62597
          ],
          [
            12.054227,
            57.626045
          ],
          [
            12.054236,
            57.626107
          ],
          [
            12.054217,
            57.626171
          ],
          [
            12.054124,
            57.626224
          ],
          [
            12.054048,
            57.626303
          ],
          [
            12.053987,
            57.626343
          ],
          [
            12.05383,
            57.626401
          ],
          [
            12.053673,
            57.626405
          ],
          [
            12.053606,
            57.626401
          ],
          [
            12.053522,
            57.626429
          ],
          [
            12.053468,
            57.626484
          ],
          [
            12.053388,
            57.626539
          ],
          [
            12.05309,
            57.62664
          ],
          [
            12.052918,
            57.626814
          ],
          [
            12.052857,
            57.627127
          ],
          [
            12.052665,
            57.627309
          ],
          [
            12.052611,
            57.627565
          ],
          [
            12.05249,
            57.62763
          ],
          [
            12.052358,
            57.627796
          ],
          [
            12.052256,
            57.627871
          ],
          [
            12.052231,
            57.627945
          ],
          [
            12.052295,
            57.628203
          ],
          [
            12.052359,
            57.628251
          ],
          [
            12.052481,
            57.628314
          ],
          [
            12.052619,
            57.628356
          ],
          [
            12.052779,
            57.628385
          ],
          [
            12.052888,
            57.628419
          ],
          [
            12.052933,
            57.628443
          ],
          [
            12.052984,
            57.62856
          ],
          [
            12.053119,
            57.628646
          ],
          [
            12.053228,
            57.628678
          ],
          [
            12.053443,
            57.62869
          ],
          [
            12.05358,
            57.62873
          ],
          [
            12.05368,
            57.628768
          ],
          [
            12.053782,
            57.628792
          ],
          [
            12.053878,
            57.628804
          ],
          [
            12.054064,
            57.628812
          ],
          [
            12.054353,
            57.628864
          ],
          [
            12.054647,
            57.628899
          ],
          [
            12.054817,
            57.628896
          ],
          [
            12.054958,
            57.628908
          ],
          [
            12.055096,
            57.628956
          ],
          [
            12.055317,
            57.629009
          ],
          [
            12.055397,
            57.62904
          ],
          [
            12.055548,
            57.629069
          ],
          [
            12.055653,
            57.629073
          ],
          [
            12.05575,
            57.629067
          ],
          [
            12.055958,
            57.62911
          ],
          [
            12.056166,
            57.629227
          ],
          [
            12.05623,
            57.629316
          ],
          [
            12.056529,
            57.629504
          ],
          [
            12.056586,
            57.629617
          ],
          [
            12.05667,
            57.629651
          ],
          [
            12.05683,
            57.62968
          ],
          [
            12.057186,
            57.629687
          ],
          [
            12.057375,
            57.629677
          ],
          [
            12.057474,
            57.629678
          ],
          [
            12.057557,
            57.62969
          ],
          [
            12.057608,
            57.629714
          ],
          [
            12.057644,
            57.629776
          ],
          [
            12.057714,
            57.629811
          ],
          [
            12.057961,
            57.629876
          ],
          [
            12.058211,
            57.63009
          ],
          [
            12.058356,
            57.63024
          ],
          [
            12.058298,
            57.630346
          ],
          [
            12.058125,
            57.630463
          ],
          [
            12.058094,
            57.630565
          ],
          [
            12.058026,
            57.630624
          ],
          [
            12.057873,
            57.63069
          ],
          [
            12.057674,
            57.630768
          ],
          [
            12.05746,
            57.630933
          ],
          [
            12.057364,
            57.630976
          ],
          [
            12.057178,
            57.631036
          ],
          [
            12.057101,
            57.631112
          ],
          [
            12.057053,
            57.631175
          ],
          [
            12.056852,
            57.631248
          ],
          [
            12.056583,
            57.631425
          ],
          [
            12.05624,
            57.631512
          ],
          [
            12.056131,
            57.631569
          ],
          [
            12.056058,
            57.631631
          ],
          [
            12.055824,
            57.631734
          ],
          [
            12.055702,
            57.631767
          ],
          [
            12.055446,
            57.63192
          ],
          [
            12.05512,
            57.632109
          ],
          [
            12.054934,
            57.632169
          ],
          [
            12.054774,
            57.632173
          ],
          [
            12.054633,
            57.632214
          ],
          [
            12.054329,
            57.632256
          ],
          [
            12.054127,
            57.63235
          ],
          [
            12.053986,
            57.632397
          ],
          [
            12.053826,
            57.632529
          ],
          [
            12.053535,
            57.632684
          ],
          [
            12.05348,
            57.632741
          ],
          [
            12.053455,
            57.632801
          ],
          [
            12.053365,
            57.632906
          ],
          [
            12.053273,
            57.63306
          ],
          [
            12.053239,
            57.633077
          ],
          [
            12.05317,
            57.633179
          ],
          [
            12.052966,
            57.633347
          ],
          [
            12.052889,
            57.633408
          ],
          [
            12.052641,
            57.633727
          ],
          [
            12.052601,
            57.633779
          ],
          [
            12.052556,
            57.633885
          ],
          [
            12.05253,
            57.634025
          ],
          [
            12.052489,
            57.634162
          ],
          [
            12.052494,
            57.634283
          ],
          [
            12.052522,
            57.634359
          ],
          [
            12.052711,
            57.634426
          ],
          [
            12.052836,
            57.634477
          ],
          [
            12.052937,
            57.634525
          ],
          [
            12.053014,
            57.634569
          ],
          [
            12.053092,
            57.634639
          ],
          [
            12.053088,
            57.634697
          ],
          [
            12.053035,
            57.634848
          ],
          [
            12.053067,
            57.63497
          ],
          [
            12.053135,
            57.635085
          ],
          [
            12.053187,
            57.635134
          ],
          [
            12.053253,
            57.635212
          ],
          [
            12.053382,
            57.635255
          ],
          [
            12.053818,
            57.635492
          ],
          [
            12.053885,
            57.635507
          ],
          [
            12.054164,
            57.635682
          ],
          [
            12.054347,
            57.63571
          ],
          [
            12.054401,
            57.635751
          ],
          [
            12.054408,
            57.635905
          ],
          [
            12.054373,
            57.636031
          ],
          [
            12.054415,
            57.636089
          ],
          [
            12.054511,
            57.636186
          ],
          [
            12.054543,
            57.636218
          ],
          [
            12.05463,
            57.636321
          ],
          [
            12.054678,
            57.636424
          ],
          [
            12.054668,
            57.636493
          ],
          [
            12.054329,
            57.636687
          ],
          [
            12.05414,
            57.63678
          ],
          [
            12.054105,
            57.636818
          ],
          [
            12.05389,
            57.636926
          ],
          [
            12.053724,
            57.637059
          ],
          [
            12.053714,
            57.63711
          ],
          [
            12.053759,
            57.637169
          ],
          [
            12.053843,
            57.637232
          ],
          [
            12.053977,
            57.63727
          ],
          [
            12.054064,
            57.637318
          ],
          [
            12.054125,
            57.637316
          ],
          [
            12.054186,
            57.637275
          ],
          [
            12.054295,
            57.637267
          ],
          [
            12.054525,
            57.637273
          ],
          [
            12.054717,
            57.637196
          ],
          [
            12.054823,
            57.637179
          ],
          [
            12.055092,
            57.637173
          ],
          [
            12.055313,
            57.63722
          ],
          [
            12.055358,
            57.637251
          ],
          [
            12.055205,
            57.63733
          ],
          [
            12.055118,
            57.637416
          ],
          [
            12.05507,
            57.637481
          ],
          [
            12.055102,
            57.637541
          ],
          [
            12.055215,
            57.637591
          ],
          [
            12.055311,
            57.637622
          ],
          [
            12.055378,
            57.637625
          ],
          [
            12.055641,
            57.637714
          ],
          [
            12.055705,
            57.637706
          ],
          [
            12.055852,
            57.637647
          ],
          [
            12.055926,
            57.637651
          ],
          [
            12.056029,
            57.637692
          ],
          [
            12.056234,
            57.637833
          ],
          [
            12.056311,
            57.637889
          ],
          [
            12.056269,
            57.638017
          ],
          [
            12.056292,
            57.638054
          ],
          [
            12.056433,
            57.638181
          ],
          [
            12.056619,
            57.638322
          ],
          [
            12.056786,
            57.638345
          ],
          [
            12.056965,
            57.638336
          ],
          [
            12.057119,
            57.638336
          ],
          [
            12.057888,
            57.638214
          ],
          [
            12.058064,
            57.638194
          ],
          [
            12.058144,
            57.638177
          ],
          [
            12.058221,
            57.638134
          ],
          [
            12.058512,
            57.638057
          ],
          [
            12.058871,
            57.637978
          ],
          [
            12.058993,
            57.637979
          ],
          [
            12.059112,
            57.637996
          ],
          [
            12.059333,
            57.638048
          ],
          [
            12.05948,
            57.638013
          ],
          [
            12.059685,
            57.637991
          ],
          [
            12.059759,
            57.63796
          ],
          [
            12.059842,
            57.637902
          ],
          [
            12.060002,
            57.637858
          ],
          [
            12.060281,
            57.637754
          ],
          [
            12.06045,
            57.637705
          ],
          [
            12.060651,
            57.637707
          ],
          [
            12.06074,
            57.637679
          ],
          [
            12.060851,
            57.63763
          ],
          [
            12.060961,
            57.63759
          ],
          [
            12.06106,
            57.637502
          ],
          [
            12.061097,
            57.637457
          ],
          [
            12.061169,
            57.637427
          ],
          [
            12.061489,
            57.637216
          ],
          [
            12.061549,
            57.637188
          ],
          [
            12.061633,
            57.637165
          ],
          [
            12.06171,
            57.637114
          ],
          [
            12.061805,
            57.637076
          ],
          [
            12.061861,
            57.637069
          ],
          [
            12.061926,
            57.637074
          ],
          [
            12.061987,
            57.637093
          ],
          [
            12.062194,
            57.637123
          ],
          [
            12.062316,
            57.637119
          ],
          [
            12.062398,
            57.637146
          ],
          [
            12.062494,
            57.637197
          ],
          [
            12.062521,
            57.637234
          ],
          [
            12.062505,
            57.637331
          ],
          [
            12.062585,
            57.637379
          ],
          [
            12.062632,
            57.637455
          ],
          [
            12.062629,
            57.637505
          ],
          [
            12.062735,
            57.637577
          ],
          [
            12.062882,
            57.637646
          ],
          [
            12.062918,
            57.637678
          ],
          [
            12.06295,
            57.637816
          ],
          [
            12.062947,
            57.637862
          ],
          [
            12.062889,
            57.637898
          ],
          [
            12.062883,
            57.637941
          ],
          [
            12.062828,
            57.637972
          ],
          [
            12.062751,
            57.637989
          ],
          [
            12.062694,
            57.638024
          ],
          [
            12.062684,
            57.638084
          ],
          [
            12.062611,
            57.638163
          ],
          [
            12.06262,
            57.638206
          ],
          [
            12.062602,
            57.638224
          ],
          [
            12.062573,
            57.638323
          ],
          [
            12.062531,
            57.638373
          ],
          [
            12.062538,
            57.638424
          ],
          [
            12.062467,
            57.638515
          ],
          [
            12.062512,
            57.638564
          ],
          [
            12.062583,
            57.63862
          ],
          [
            12.062608,
            57.638668
          ],
          [
            12.062641,
            57.638694
          ],
          [
            12.062709,
            57.638696
          ],
          [
            12.062743,
            57.638689
          ],
          [
            12.062809,
            57.638666
          ],
          [
            12.062875,
            57.63867
          ],
          [
            12.062905,
            57.638672
          ],
          [
            12.062951,
            57.63868
          ],
          [
            12.063012,
            57.638692
          ],
          [
            12.063076,
            57.638713
          ],
          [
            12.063169,
            57.638774
          ],
          [
            12.063198,
            57.638781
          ],
          [
            12.063243,
            57.638773
          ],
          [
            12.063277,
            57.638755
          ],
          [
            12.063344,
            57.638734
          ],
          [
            12.063394,
            57.638707
          ],
          [
            12.063456,
            57.638707
          ],
          [
            12.063599,
            57.638688
          ],
          [
            12.06386,
            57.638686
          ],
          [
            12.063906,
            57.638676
          ],
          [
            12.063983,
            57.638671
          ],
          [
            12.064483,
            57.638565
          ],
          [
            12.064532,
            57.638569
          ],
          [
            12.064574,
            57.638581
          ],
          [
            12.064637,
            57.638583
          ],
          [
            12.064677,
            57.638553
          ],
          [
            12.064737,
            57.638546
          ],
          [
            12.064819,
            57.638557
          ],
          [
            12.064901,
            57.638563
          ],
          [
            12.065026,
            57.63863
          ],
          [
            12.065052,
            57.638659
          ],
          [
            12.065197,
            57.638668
          ],
          [
            12.065262,
            57.638689
          ],
          [
            12.065387,
            57.638692
          ],
          [
            12.065441,
            57.638726
          ],
          [
            12.065433,
            57.638771
          ],
          [
            12.065433,
            57.638812
          ],
          [
            12.065397,
            57.638884
          ],
          [
            12.065386,
            57.638954
          ],
          [
            12.065376,
            57.639017
          ],
          [
            12.065397,
            57.639096
          ],
          [
            12.065423,
            57.639137
          ],
          [
            12.065602,
            57.639221
          ],
          [
            12.065666,
            57.639298
          ],
          [
            12.065744,
            57.639441
          ],
          [
            12.065755,
            57.63951
          ],
          [
            12.065731,
            57.639655
          ],
          [
            12.065661,
            57.639715
          ],
          [
            12.065605,
            57.639727
          ],
          [
            12.065542,
            57.639759
          ],
          [
            12.06547,
            57.639767
          ],
          [
            12.065429,
            57.639786
          ],
          [
            12.065299,
            57.639805
          ],
          [
            12.065224,
            57.639823
          ],
          [
            12.065228,
            57.639885
          ],
          [
            12.065206,
            57.63993
          ],
          [
            12.065277,
            57.640061
          ],
          [
            12.065359,
            57.640118
          ],
          [
            12.0655,
            57.640159
          ],
          [
            12.065654,
            57.640164
          ],
          [
            12.065727,
            57.640191
          ],
          [
            12.065811,
            57.640249
          ],
          [
            12.065873,
            57.64028
          ],
          [
            12.065979,
            57.640303
          ],
          [
            12.06603,
            57.640335
          ],
          [
            12.066066,
            57.640388
          ],
          [
            12.066115,
            57.640417
          ],
          [
            12.066173,
            57.640434
          ],
          [
            12.066183,
            57.640472
          ],
          [
            12.066154,
            57.640502
          ],
          [
            12.066152,
            57.640529
          ],
          [
            12.066151,
            57.640553
          ],
          [
            12.066119,
            57.640614
          ],
          [
            12.066121,
            57.640658
          ],
          [
            12.066143,
            57.640674
          ],
          [
            12.066244,
            57.640693
          ],
          [
            12.066291,
            57.640702
          ],
          [
            12.066494,
            57.640776
          ],
          [
            12.066562,
            57.640801
          ],
          [
            12.066632,
            57.640817
          ],
          [
            12.066703,
            57.640815
          ],
          [
            12.066797,
            57.640832
          ],
          [
            12.066927,
            57.640901
          ],
          [
            12.066996,
            57.640946
          ],
          [
            12.06707,
            57.641019
          ],
          [
            12.067134,
            57.641043
          ],
          [
            12.067301,
            57.641088
          ],
          [
            12.067411,
            57.641078
          ],
          [
            12.067605,
            57.641053
          ],
          [
            12.067797,
            57.641059
          ],
          [
            12.067908,
            57.641101
          ],
          [
            12.06803,
            57.641159
          ],
          [
            12.0681,
            57.641213
          ],
          [
            12.068107,
            57.641284
          ],
          [
            12.068255,
            57.641356
          ],
          [
            12.0683,
            57.6414
          ],
          [
            12.068333,
            57.641417
          ],
          [
            12.068378,
            57.641513
          ],
          [
            12.068362,
            57.641532
          ],
          [
            12.068321,
            57.641544
          ],
          [
            12.068247,
            57.641554
          ],
          [
            12.068119,
            57.641618
          ],
          [
            12.06809,
            57.641678
          ],
          [
            12.067971,
            57.641764
          ],
          [
            12.067908,
            57.64181
          ],
          [
            12.067882,
            57.641836
          ],
          [
            12.067869,
            57.641874
          ],
          [
            12.067972,
            57.641958
          ],
          [
            12.068081,
            57.641989
          ],
          [
            12.068203,
            57.642015
          ],
          [
            12.068242,
            57.642095
          ],
          [
            12.068505,
            57.642344
          ],
          [
            12.068502,
            57.642406
          ],
          [
            12.068489,
            57.642442
          ],
          [
            12.068409,
            57.642496
          ],
          [
            12.068342,
            57.642559
          ],
          [
            12.068073,
            57.642573
          ],
          [
            12.067973,
            57.642585
          ],
          [
            12.0678,
            57.642628
          ],
          [
            12.06765,
            57.642642
          ],
          [
            12.067563,
            57.642632
          ],
          [
            12.067505,
            57.642634
          ],
          [
            12.067451,
            57.642653
          ],
          [
            12.067435,
            57.642697
          ],
          [
            12.06748,
            57.642776
          ],
          [
            12.067554,
            57.642864
          ],
          [
            12.067541,
            57.642903
          ],
          [
            12.067477,
            57.642957
          ],
          [
            12.067381,
            57.643008
          ],
          [
            12.067303,
            57.643026
          ],
          [
            12.067179,
            57.643027
          ],
          [
            12.066721,
            57.642956
          ],
          [
            12.066631,
            57.642973
          ],
          [
            12.066542,
            57.643015
          ],
          [
            12.066457,
            57.643072
          ],
          [
            12.066365,
            57.64309
          ],
          [
            12.066273,
            57.643121
          ],
          [
            12.066168,
            57.643144
          ],
          [
            12.066056,
            57.64315
          ],
          [
            12.065987,
            57.643168
          ],
          [
            12.065944,
            57.643166
          ],
          [
            12.065864,
            57.643159
          ],
          [
            12.065818,
            57.643167
          ],
          [
            12.065731,
            57.643186
          ],
          [
            12.065667,
            57.643193
          ],
          [
            12.06564,
            57.643186
          ],
          [
            12.065608,
            57.643169
          ],
          [
            12.065528,
            57.643133
          ],
          [
            12.065467,
            57.643121
          ],
          [
            12.065406,
            57.643119
          ],
          [
            12.065346,
            57.643136
          ],
          [
            12.065297,
            57.643159
          ],
          [
            12.06527,
            57.643195
          ],
          [
            12.065198,
            57.643342
          ],
          [
            12.065183,
            57.643361
          ],
          [
            12.065139,
            57.643381
          ],
          [
            12.064932,
            57.643429
          ],
          [
            12.064677,
            57.643497
          ],
          [
            12.064589,
            57.643514
          ],
          [
            12.064474,
            57.643519
          ],
          [
            12.064389,
            57.643547
          ],
          [
            12.064336,
            57.643579
          ],
          [
            12.064269,
            57.643596
          ],
          [
            12.064157,
            57.643605
          ],
          [
            12.064115,
            57.643615
          ],
          [
            12.064074,
            57.643631
          ],
          [
            12.064053,
            57.643657
          ],
          [
            12.064019,
            57.64368
          ],
          [
            12.063918,
            57.643716
          ],
          [
            12.063742,
            57.64376
          ],
          [
            12.063641,
            57.643801
          ],
          [
            12.063545,
            57.643857
          ],
          [
            12.063422,
            57.643901
          ],
          [
            12.063306,
            57.643937
          ],
          [
            12.063223,
            57.643976
          ],
          [
            12.063041,
            57.644103
          ],
          [
            12.06299,
            57.644127
          ],
          [
            12.062906,
            57.644152
          ],
          [
            12.06273,
            57.644214
          ],
          [
            12.062712,
            57.644225
          ],
          [
            12.062583,
            57.64433
          ],
          [
            12.062533,
            57.644383
          ],
          [
            12.062485,
            57.644391
          ],
          [
            12.062423,
            57.644384
          ],
          [
            12.062375,
            57.644395
          ],
          [
            12.06234,
            57.644414
          ],
          [
            12.062205,
            57.644451
          ],
          [
            12.06209,
            57.644496
          ],
          [
            12.062027,
            57.644521
          ],
          [
            12.061963,
            57.644554
          ],
          [
            12.061912,
            57.644574
          ],
          [
            12.061824,
            57.644595
          ],
          [
            12.061677,
            57.644667
          ],
          [
            12.061519,
            57.644737
          ],
          [
            12.061275,
            57.644791
          ],
          [
            12.061092,
            57.644841
          ],
          [
            12.06099,
            57.644874
          ],
          [
            12.060849,
            57.644888
          ],
          [
            12.060788,
            57.644905
          ],
          [
            12.060657,
            57.644933
          ],
          [
            12.060586,
            57.644941
          ],
          [
            12.060514,
            57.644965
          ],
          [
            12.060339,
            57.645007
          ],
          [
            12.060197,
            57.645024
          ],
          [
            12.06007,
            57.645057
          ],
          [
            12.060003,
            57.645064
          ],
          [
            12.059935,
            57.645067
          ],
          [
            12.059878,
            57.64506
          ],
          [
            12.059775,
            57.645057
          ],
          [
            12.059682,
            57.645073
          ],
          [
            12.059569,
            57.645102
          ],
          [
            12.059418,
            57.645118
          ],
          [
            12.059314,
            57.645116
          ],
          [
            12.059229,
            57.645126
          ],
          [
            12.059133,
            57.645156
          ],
          [
            12.059048,
            57.645176
          ],
          [
            12.058982,
            57.645208
          ],
          [
            12.058902,
            57.64524
          ],
          [
            12.058798,
            57.645304
          ],
          [
            12.058716,
            57.645328
          ],
          [
            12.058564,
            57.645406
          ],
          [
            12.058423,
            57.645468
          ],
          [
            12.058404,
            57.645496
          ],
          [
            12.058177,
            57.645541
          ],
          [
            12.058145,
            57.64558
          ],
          [
            12.058145,
            57.645715
          ],
          [
            12.058117,
            57.645763
          ],
          [
            12.058083,
            57.6458
          ],
          [
            12.057984,
            57.645878
          ],
          [
            12.057836,
            57.645953
          ],
          [
            12.057785,
            57.645966
          ],
          [
            12.057653,
            57.645967
          ],
          [
            12.057556,
            57.645961
          ],
          [
            12.057471,
            57.645974
          ],
          [
            12.057405,
            57.645996
          ],
          [
            12.057243,
            57.646044
          ],
          [
            12.057171,
            57.646075
          ],
          [
            12.057144,
            57.646106
          ],
          [
            12.057138,
            57.646178
          ],
          [
            12.05711,
            57.646214
          ],
          [
            12.057051,
            57.646271
          ],
          [
            12.057011,
            57.646325
          ],
          [
            12.056932,
            57.646437
          ],
          [
            12.056911,
            57.646466
          ],
          [
            12.056861,
            57.646517
          ],
          [
            12.056797,
            57.646583
          ],
          [
            12.056541,
            57.646827
          ],
          [
            12.056517,
            57.646888
          ],
          [
            12.056526,
            57.646937
          ],
          [
            12.056548,
            57.64703
          ],
          [
            12.056548,
            57.64711
          ],
          [
            12.056505,
            57.647196
          ],
          [
            12.056452,
            57.647248
          ],
          [
            12.056274,
            57.647381
          ],
          [
            12.056093,
            57.647516
          ],
          [
            12.055933,
            57.647635
          ],
          [
            12.055893,
            57.647678
          ],
          [
            12.055821,
            57.6478
          ],
          [
            12.055705,
            57.647899
          ],
          [
            12.055554,
            57.647983
          ],
          [
            12.05544,
            57.648012
          ],
          [
            12.055396,
            57.648015
          ],
          [
            12.055317,
            57.648018
          ],
          [
            12.055093,
            57.648006
          ],
          [
            12.054977,
            57.647992
          ],
          [
            12.054867,
            57.647987
          ],
          [
            12.054702,
            57.648011
          ],
          [
            12.054564,
            57.648044
          ],
          [
            12.054394,
            57.648076
          ],
          [
            12.054221,
            57.648103
          ],
          [
            12.05408,
            57.648122
          ],
          [
            12.053979,
            57.648159
          ],
          [
            12.05388,
            57.648203
          ],
          [
            12.053761,
            57.648239
          ],
          [
            12.053664,
            57.648336
          ],
          [
            12.053645,
            57.648386
          ],
          [
            12.053637,
            57.648469
          ],
          [
            12.053606,
            57.648533
          ],
          [
            12.053512,
            57.648588
          ],
          [
            12.053374,
            57.64863
          ],
          [
            12.053034,
            57.64873
          ],
          [
            12.052842,
            57.648782
          ],
          [
            12.052801,
            57.648799
          ],
          [
            12.052732,
            57.648833
          ],
          [
            12.052671,
            57.64887
          ],
          [
            12.052549,
            57.648957
          ],
          [
            12.052322,
            57.649085
          ],
          [
            12.052234,
            57.649137
          ],
          [
            12.052104,
            57.649199
          ],
          [
            12.052042,
            57.649221
          ],
          [
            12.051997,
            57.649258
          ],
          [
            12.051952,
            57.64935
          ],
          [
            12.051917,
            57.649411
          ],
          [
            12.051874,
            57.649448
          ],
          [
            12.05177,
            57.649512
          ],
          [
            12.051728,
            57.649574
          ],
          [
            12.051694,
            57.649658
          ],
          [
            12.051619,
            57.649753
          ],
          [
            12.051595,
            57.649783
          ],
          [
            12.051424,
            57.649914
          ],
          [
            12.051402,
            57.649949
          ],
          [
            12.051406,
            57.65001
          ],
          [
            12.051448,
            57.650062
          ],
          [
            12.051535,
            57.650177
          ],
          [
            12.051556,
            57.650236
          ],
          [
            12.051559,
            57.650301
          ],
          [
            12.051591,
            57.650381
          ],
          [
            12.05168,
            57.650447
          ],
          [
            12.051771,
            57.650491
          ],
          [
            12.051838,
            57.650511
          ],
          [
            12.05191,
            57.650513
          ],
          [
            12.051964,
            57.650481
          ],
          [
            12.05219,
            57.650363
          ],
          [
            12.052427,
            57.650291
          ],
          [
            12.052664,
            57.650235
          ],
          [
            12.052821,
            57.650201
          ],
          [
            12.052989,
            57.650269
          ],
          [
            12.053186,
            57.650294
          ],
          [
            12.053406,
            57.650378
          ],
          [
            12.053585,
            57.650511
          ],
          [
            12.05373,
            57.650676
          ],
          [
            12.05378,
            57.650788
          ],
          [
            12.053806,
            57.650859
          ],
          [
            12.053844,
            57.65096
          ],
          [
            12.053858,
            57.65103
          ],
          [
            12.053844,
            57.651129
          ],
          [
            12.053803,
            57.651137
          ],
          [
            12.053667,
            57.651133
          ],
          [
            12.05352,
            57.651133
          ],
          [
            12.053444,
            57.651148
          ],
          [
            12.053413,
            57.651168
          ],
          [
            12.053401,
            57.651197
          ],
          [
            12.053413,
            57.651213
          ],
          [
            12.053448,
            57.651297
          ],
          [
            12.053442,
            57.651442
          ],
          [
            12.053454,
            57.6517
          ],
          [
            12.053529,
            57.651725
          ],
          [
            12.053859,
            57.65179
          ],
          [
            12.054189,
            57.65188
          ],
          [
            12.054439,
            57.651994
          ],
          [
            12.054572,
            57.652146
          ],
          [
            12.054764,
            57.652457
          ],
          [
            12.054914,
            57.652575
          ],
          [
            12.055071,
            57.652599
          ],
          [
            12.055181,
            57.65264
          ],
          [
            12.05525,
            57.652711
          ],
          [
            12.05521,
            57.652869
          ],
          [
            12.055204,
            57.653
          ],
          [
            12.055286,
            57.653074
          ],
          [
            12.055436,
            57.653108
          ],
          [
            12.055679,
            57.653133
          ],
          [
            12.055909,
            57.653138
          ],
          [
            12.056066,
            57.653129
          ],
          [
            12.056134,
            57.653215
          ],
          [
            12.056017,
            57.653251
          ],
          [
            12.056069,
            57.653377
          ],
          [
            12.056095,
            57.653488
          ],
          [
            12.05613,
            57.653655
          ],
          [
            12.056151,
            57.653719
          ],
          [
            12.056245,
            57.653821
          ],
          [
            12.056349,
            57.65389
          ],
          [
            12.056522,
            57.653955
          ],
          [
            12.05664,
            57.654031
          ],
          [
            12.056689,
            57.654088
          ],
          [
            12.056718,
            57.65415
          ],
          [
            12.056725,
            57.654387
          ],
          [
            12.056714,
            57.654473
          ],
          [
            12.056673,
            57.65455
          ],
          [
            12.056545,
            57.654655
          ],
          [
            12.056463,
            57.654769
          ],
          [
            12.056363,
            57.655122
          ],
          [
            12.056447,
            57.655177
          ],
          [
            12.056806,
            57.655275
          ],
          [
            12.057104,
            57.655385
          ],
          [
            12.057407,
            57.655459
          ],
          [
            12.057409,
            57.655512
          ],
          [
            12.057401,
            57.655628
          ],
          [
            12.057406,
            57.655649
          ],
          [
            12.057451,
            57.655727
          ],
          [
            12.057526,
            57.655781
          ],
          [
            12.057862,
            57.655883
          ],
          [
            12.057951,
            57.655958
          ],
          [
            12.057954,
            57.656024
          ],
          [
            12.057916,
            57.656108
          ],
          [
            12.057804,
            57.656256
          ],
          [
            12.057718,
            57.656411
          ],
          [
            12.057907,
            57.656602
          ],
          [
            12.057975,
            57.65666
          ],
          [
            12.05806,
            57.656703
          ],
          [
            12.05822,
            57.656746
          ],
          [
            12.058264,
            57.656812
          ],
          [
            12.058289,
            57.656892
          ],
          [
            12.058309,
            57.657015
          ],
          [
            12.058299,
            57.657147
          ],
          [
            12.058105,
            57.65765
          ],
          [
            12.05805,
            57.657656
          ],
          [
            12.057813,
            57.657616
          ],
          [
            12.057714,
            57.657636
          ],
          [
            12.057628,
            57.657682
          ],
          [
            12.05737,
            57.657794
          ],
          [
            12.057004,
            57.657904
          ],
          [
            12.055147,
            57.658322
          ],
          [
            12.05326,
            57.658732
          ],
          [
            12.051917,
            57.658908
          ],
          [
            12.051839,
            57.658976
          ],
          [
            12.051872,
            57.659219
          ],
          [
            12.051939,
            57.659467
          ],
          [
            12.051882,
            57.659561
          ],
          [
            12.051763,
            57.659678
          ],
          [
            12.051475,
            57.659898
          ],
          [
            12.050503,
            57.660327
          ],
          [
            12.05036,
            57.660411
          ],
          [
            12.050261,
            57.660497
          ],
          [
            12.049989,
            57.660768
          ],
          [
            12.049832,
            57.66088
          ],
          [
            12.049739,
            57.661004
          ],
          [
            12.04962,
            57.661207
          ],
          [
            12.049579,
            57.661303
          ],
          [
            12.049566,
            57.661401
          ],
          [
            12.049849,
            57.661684
          ],
          [
            12.050115,
            57.662024
          ],
          [
            12.050315,
            57.662473
          ],
          [
            12.050315,
            57.662525
          ]
        ]
      }
    }
  ]
}
