{
  "type": "FeatureCollection",
  "features": [
    {
      "type": "Feature",
      "properties": {
        "schemaVersion": 1,
        "trailId": "nordkalottleden",
        "sectionId": "nordkalottleden-kalottireitti-10-nedrefoss-reisavannhytta",
        "sectionNumber": 10,
        "name": "Nedrefosshytta to Reisavannhytta / Ráisjávrihytta",
        "sourceKind": "official-geonorge-turrutebasen-gpx",
        "sourceUrl": "https://kartkatalog.geonorge.no/metadata/d1422d17-6d95-4ef1-96ab-8af31744dd63",
        "sourceUrls": [
          "https://kartkatalog.geonorge.no/metadata/d1422d17-6d95-4ef1-96ab-8af31744dd63"
        ],
        "sourceAccessed": "2026-04-30",
        "generatedAt": "2026-04-30T06:26:02.442Z",
        "sourceDirection": "Turrutebasen E1/DNT Troms line reversed from Nedrefoss to Reisavannhytta",
        "appDirection": "Nedrefosshytta to Reisavannhytta",
        "officialDistanceKm": 30,
        "geometryDistanceKm": 28.694,
        "geometryPointCount": 2183,
        "endpointSnap": {
          "start": {
            "selectedEndpointLabel": "Nedrefosshytta DNT / Troms Turlag hut",
            "selectedEndpoint": {
              "lat": 69.3208625,
              "lon": 21.9691124
            },
            "routeLinePoint": {
              "lat": 69.320886,
              "lon": 21.969158
            },
            "gapMeters": 3.2
          },
          "end": {
            "selectedEndpointLabel": "Reisavannhytta / Ráisjávrihytta",
            "selectedEndpoint": {
              "lat": 69.2132498,
              "lon": 22.4637393
            },
            "routeLinePoint": {
              "lat": 69.21326,
              "lon": 22.463554
            },
            "gapMeters": 7.4
          }
        },
        "maxEndpointGapMeters": 7.4,
        "quality": "high-quality official route-line candidate",
        "caveats": [
          "Turrutebasen E1 line is clipped across a longer municipal route object rather than delivered as a per-section Reisa stage."
        ],
        "warnings": [],
        "importReadiness": "research geometry artifact only; not runtime app geometry",
        "sourceMetadata": {
          "sourceParts": [
            {
              "sourceZip": "geometry/source-downloads/Friluftsliv_5544_Nordreisa_4326_TurOgFriluftsruter_GPX.zip",
              "sourceGpx": "Friluftsliv_5544_Nordreisa_4326_TurOgFriluftsruter_GPX.gpx",
              "routeIndex": 40,
              "routeName": "E1",
              "routeComment": "N50-kartdata",
              "routeSource": "DNT | Troms Turlag",
              "routeType": "Fotrute",
              "routePointCount": 3380,
              "routeMeasuredKm": 54.494,
              "notes": [
                "Reversed and clipped from a longer E1 route object."
              ]
            }
          ]
        }
      },
      "geometry": {
        "type": "LineString",
        "coordinates": [
          [
            21.969158,
            69.320886
          ],
          [
            21.969316,
            69.320847
          ],
          [
            21.969386,
            69.320838
          ],
          [
            21.969847,
            69.320782
          ],
          [
            21.970091,
            69.320753
          ],
          [
            21.970325,
            69.320725
          ],
          [
            21.970552,
            69.320681
          ],
          [
            21.970738,
            69.320645
          ],
          [
            21.97139,
            69.320576
          ],
          [
            21.972036,
            69.32065
          ],
          [
            21.972036,
            69.320652
          ],
          [
            21.972047,
            69.320859
          ],
          [
            21.972057,
            69.321044
          ],
          [
            21.972064,
            69.321169
          ],
          [
            21.972066,
            69.321202
          ],
          [
            21.972093,
            69.321224
          ],
          [
            21.972258,
            69.321357
          ],
          [
            21.972303,
            69.321393
          ],
          [
            21.972565,
            69.321492
          ],
          [
            21.972618,
            69.321502
          ],
          [
            21.972952,
            69.321563
          ],
          [
            21.973231,
            69.321629
          ],
          [
            21.974119,
            69.321594
          ],
          [
            21.974315,
            69.321559
          ],
          [
            21.974475,
            69.321532
          ],
          [
            21.974955,
            69.321448
          ],
          [
            21.975077,
            69.321339
          ],
          [
            21.975182,
            69.321247
          ],
          [
            21.975317,
            69.321127
          ],
          [
            21.975482,
            69.320814
          ],
          [
            21.975559,
            69.320588
          ],
          [
            21.975559,
            69.320587
          ],
          [
            21.975585,
            69.320382
          ],
          [
            21.975597,
            69.320282
          ],
          [
            21.975625,
            69.320067
          ],
          [
            21.975694,
            69.320007
          ],
          [
            21.975966,
            69.319769
          ],
          [
            21.976024,
            69.319696
          ],
          [
            21.976049,
            69.319664
          ],
          [
            21.976109,
            69.319588
          ],
          [
            21.976398,
            69.31922
          ],
          [
            21.9764,
            69.31921
          ],
          [
            21.976437,
            69.31895
          ],
          [
            21.976431,
            69.318818
          ],
          [
            21.976419,
            69.318556
          ],
          [
            21.976459,
            69.31847
          ],
          [
            21.976558,
            69.318259
          ],
          [
            21.976706,
            69.317603
          ],
          [
            21.976867,
            69.317226
          ],
          [
            21.977436,
            69.316918
          ],
          [
            21.977608,
            69.316791
          ],
          [
            21.978286,
            69.316626
          ],
          [
            21.979091,
            69.316487
          ],
          [
            21.979918,
            69.316249
          ],
          [
            21.980512,
            69.315914
          ],
          [
            21.981429,
            69.315442
          ],
          [
            21.982179,
            69.315205
          ],
          [
            21.983239,
            69.315073
          ],
          [
            21.984066,
            69.315011
          ],
          [
            21.984933,
            69.314947
          ],
          [
            21.985893,
            69.314852
          ],
          [
            21.986334,
            69.314797
          ],
          [
            21.986644,
            69.314758
          ],
          [
            21.987179,
            69.314692
          ],
          [
            21.987984,
            69.314544
          ],
          [
            21.98854,
            69.314487
          ],
          [
            21.98869,
            69.314466
          ],
          [
            21.989712,
            69.314327
          ],
          [
            21.990052,
            69.314281
          ],
          [
            21.990098,
            69.314262
          ],
          [
            21.990277,
            69.31419
          ],
          [
            21.990781,
            69.314139
          ],
          [
            21.991489,
            69.314066
          ],
          [
            21.991861,
            69.313977
          ],
          [
            21.992142,
            69.313909
          ],
          [
            21.992442,
            69.313837
          ],
          [
            21.992738,
            69.313754
          ],
          [
            21.992874,
            69.313715
          ],
          [
            21.993419,
            69.313562
          ],
          [
            21.993459,
            69.313542
          ],
          [
            21.994089,
            69.313226
          ],
          [
            21.994457,
            69.312964
          ],
          [
            21.995326,
            69.312547
          ],
          [
            21.995992,
            69.312148
          ],
          [
            21.996435,
            69.311849
          ],
          [
            21.996719,
            69.311785
          ],
          [
            21.996747,
            69.311778
          ],
          [
            21.997135,
            69.311679
          ],
          [
            21.997142,
            69.311677
          ],
          [
            21.997438,
            69.311602
          ],
          [
            21.997439,
            69.311601
          ],
          [
            21.997782,
            69.311348
          ],
          [
            21.997842,
            69.31131
          ],
          [
            21.998743,
            69.310733
          ],
          [
            21.999148,
            69.310465
          ],
          [
            21.99985,
            69.31
          ],
          [
            22,
            69.309979
          ],
          [
            22.000631,
            69.309888
          ],
          [
            22.001483,
            69.309668
          ],
          [
            22.001786,
            69.309611
          ],
          [
            22.002114,
            69.309549
          ],
          [
            22.002565,
            69.309464
          ],
          [
            22.003472,
            69.309266
          ],
          [
            22.003494,
            69.309262
          ],
          [
            22.003618,
            69.309223
          ],
          [
            22.003732,
            69.309188
          ],
          [
            22.003964,
            69.309116
          ],
          [
            22.004319,
            69.309006
          ],
          [
            22.00464,
            69.308906
          ],
          [
            22.004644,
            69.308905
          ],
          [
            22.005006,
            69.308724
          ],
          [
            22.005047,
            69.308703
          ],
          [
            22.005335,
            69.30856
          ],
          [
            22.005387,
            69.308533
          ],
          [
            22.005718,
            69.308356
          ],
          [
            22.00608,
            69.308161
          ],
          [
            22.006635,
            69.307901
          ],
          [
            22.006775,
            69.307835
          ],
          [
            22.006912,
            69.307737
          ],
          [
            22.007193,
            69.307536
          ],
          [
            22.007332,
            69.307489
          ],
          [
            22.007842,
            69.307317
          ],
          [
            22.007908,
            69.307308
          ],
          [
            22.008259,
            69.307258
          ],
          [
            22.008305,
            69.307252
          ],
          [
            22.008351,
            69.307245
          ],
          [
            22.008572,
            69.307214
          ],
          [
            22.008935,
            69.307152
          ],
          [
            22.00925,
            69.307097
          ],
          [
            22.009327,
            69.307084
          ],
          [
            22.009926,
            69.306865
          ],
          [
            22.010296,
            69.306639
          ],
          [
            22.010612,
            69.30635
          ],
          [
            22.010802,
            69.306071
          ],
          [
            22.01081,
            69.305703
          ],
          [
            22.010661,
            69.305386
          ],
          [
            22.010613,
            69.305283
          ],
          [
            22.010321,
            69.30515
          ],
          [
            22.009736,
            69.304883
          ],
          [
            22.00968,
            69.304858
          ],
          [
            22.009841,
            69.304498
          ],
          [
            22.009907,
            69.304425
          ],
          [
            22.010114,
            69.304196
          ],
          [
            22.010306,
            69.303984
          ],
          [
            22.010371,
            69.303912
          ],
          [
            22.010727,
            69.303409
          ],
          [
            22.010728,
            69.303408
          ],
          [
            22.010969,
            69.303137
          ],
          [
            22.011066,
            69.302971
          ],
          [
            22.011219,
            69.302709
          ],
          [
            22.011462,
            69.302291
          ],
          [
            22.011625,
            69.302197
          ],
          [
            22.012082,
            69.301931
          ],
          [
            22.012457,
            69.301714
          ],
          [
            22.012696,
            69.301575
          ],
          [
            22.013563,
            69.30114
          ],
          [
            22.013839,
            69.300945
          ],
          [
            22.014166,
            69.300714
          ],
          [
            22.014177,
            69.300706
          ],
          [
            22.014208,
            69.300693
          ],
          [
            22.015022,
            69.300342
          ],
          [
            22.015385,
            69.300218
          ],
          [
            22.016023,
            69.300001
          ],
          [
            22.016027,
            69.3
          ],
          [
            22.016469,
            69.299849
          ],
          [
            22.016736,
            69.299597
          ],
          [
            22.016859,
            69.298977
          ],
          [
            22.017049,
            69.298708
          ],
          [
            22.01705,
            69.298707
          ],
          [
            22.017174,
            69.29862
          ],
          [
            22.01754,
            69.298363
          ],
          [
            22.017549,
            69.298359
          ],
          [
            22.018235,
            69.298045
          ],
          [
            22.018714,
            69.29745
          ],
          [
            22.019025,
            69.297054
          ],
          [
            22.01918,
            69.296942
          ],
          [
            22.019589,
            69.296647
          ],
          [
            22.019896,
            69.296161
          ],
          [
            22.020061,
            69.29597
          ],
          [
            22.020304,
            69.295692
          ],
          [
            22.020513,
            69.295269
          ],
          [
            22.020729,
            69.294879
          ],
          [
            22.020816,
            69.29472
          ],
          [
            22.020973,
            69.294426
          ],
          [
            22.021165,
            69.294064
          ],
          [
            22.021245,
            69.293928
          ],
          [
            22.021335,
            69.293774
          ],
          [
            22.021423,
            69.293622
          ],
          [
            22.021513,
            69.293342
          ],
          [
            22.02154,
            69.293257
          ],
          [
            22.021578,
            69.293137
          ],
          [
            22.021689,
            69.292984
          ],
          [
            22.021983,
            69.292579
          ],
          [
            22.022059,
            69.292526
          ],
          [
            22.022547,
            69.29219
          ],
          [
            22.022861,
            69.291856
          ],
          [
            22.023032,
            69.291694
          ],
          [
            22.023041,
            69.291685
          ],
          [
            22.023564,
            69.291188
          ],
          [
            22.024097,
            69.290837
          ],
          [
            22.024154,
            69.290799
          ],
          [
            22.024617,
            69.290518
          ],
          [
            22.02494,
            69.290322
          ],
          [
            22.025287,
            69.290111
          ],
          [
            22.025684,
            69.28992
          ],
          [
            22.025836,
            69.289819
          ],
          [
            22.026227,
            69.289557
          ],
          [
            22.026347,
            69.289477
          ],
          [
            22.026661,
            69.2893
          ],
          [
            22.027038,
            69.289087
          ],
          [
            22.027592,
            69.288874
          ],
          [
            22.027984,
            69.288723
          ],
          [
            22.028066,
            69.288698
          ],
          [
            22.028806,
            69.288481
          ],
          [
            22.028983,
            69.28843
          ],
          [
            22.029781,
            69.288156
          ],
          [
            22.030368,
            69.288054
          ],
          [
            22.031036,
            69.287937
          ],
          [
            22.031063,
            69.287933
          ],
          [
            22.032371,
            69.287594
          ],
          [
            22.032514,
            69.287556
          ],
          [
            22.034198,
            69.287268
          ],
          [
            22.034818,
            69.287118
          ],
          [
            22.035676,
            69.28691
          ],
          [
            22.035799,
            69.286887
          ],
          [
            22.03643,
            69.286771
          ],
          [
            22.037588,
            69.28662
          ],
          [
            22.038079,
            69.286466
          ],
          [
            22.038644,
            69.286287
          ],
          [
            22.038661,
            69.286282
          ],
          [
            22.040254,
            69.28568
          ],
          [
            22.040847,
            69.285372
          ],
          [
            22.041942,
            69.284962
          ],
          [
            22.042739,
            69.284679
          ],
          [
            22.043029,
            69.28439
          ],
          [
            22.043471,
            69.2841
          ],
          [
            22.044313,
            69.283692
          ],
          [
            22.04453,
            69.283457
          ],
          [
            22.044715,
            69.28283
          ],
          [
            22.044745,
            69.282731
          ],
          [
            22.044748,
            69.28272
          ],
          [
            22.04483,
            69.282325
          ],
          [
            22.045128,
            69.281678
          ],
          [
            22.045547,
            69.281424
          ],
          [
            22.045619,
            69.281349
          ],
          [
            22.045688,
            69.281277
          ],
          [
            22.046077,
            69.280874
          ],
          [
            22.046617,
            69.280543
          ],
          [
            22.04665,
            69.280522
          ],
          [
            22.046668,
            69.280511
          ],
          [
            22.047054,
            69.280123
          ],
          [
            22.047341,
            69.279763
          ],
          [
            22.048006,
            69.279495
          ],
          [
            22.048608,
            69.279253
          ],
          [
            22.049705,
            69.278834
          ],
          [
            22.049777,
            69.278806
          ],
          [
            22.05,
            69.278688
          ],
          [
            22.050221,
            69.27857
          ],
          [
            22.05034,
            69.278452
          ],
          [
            22.050493,
            69.278299
          ],
          [
            22.050753,
            69.278038
          ],
          [
            22.051393,
            69.277643
          ],
          [
            22.051884,
            69.277341
          ],
          [
            22.052383,
            69.277185
          ],
          [
            22.053472,
            69.276658
          ],
          [
            22.0537,
            69.276569
          ],
          [
            22.054938,
            69.276084
          ],
          [
            22.055877,
            69.275603
          ],
          [
            22.056651,
            69.275355
          ],
          [
            22.056896,
            69.275276
          ],
          [
            22.057074,
            69.275219
          ],
          [
            22.058069,
            69.274854
          ],
          [
            22.05835,
            69.274764
          ],
          [
            22.059714,
            69.274324
          ],
          [
            22.06076,
            69.273968
          ],
          [
            22.061833,
            69.273638
          ],
          [
            22.062126,
            69.273504
          ],
          [
            22.062428,
            69.273366
          ],
          [
            22.063449,
            69.273036
          ],
          [
            22.064572,
            69.272698
          ],
          [
            22.065146,
            69.272651
          ],
          [
            22.06659,
            69.272533
          ],
          [
            22.067722,
            69.272391
          ],
          [
            22.069416,
            69.272262
          ],
          [
            22.069766,
            69.272235
          ],
          [
            22.070669,
            69.272059
          ],
          [
            22.071993,
            69.271701
          ],
          [
            22.073221,
            69.271442
          ],
          [
            22.073916,
            69.271178
          ],
          [
            22.074457,
            69.270852
          ],
          [
            22.075557,
            69.270567
          ],
          [
            22.07613,
            69.270384
          ],
          [
            22.076692,
            69.270257
          ],
          [
            22.076864,
            69.270218
          ],
          [
            22.077432,
            69.270089
          ],
          [
            22.077985,
            69.269979
          ],
          [
            22.078728,
            69.269833
          ],
          [
            22.079212,
            69.269737
          ],
          [
            22.079637,
            69.269627
          ],
          [
            22.081313,
            69.269221
          ],
          [
            22.082231,
            69.268839
          ],
          [
            22.082329,
            69.268776
          ],
          [
            22.082956,
            69.268566
          ],
          [
            22.083749,
            69.2683
          ],
          [
            22.084165,
            69.268029
          ],
          [
            22.085654,
            69.267427
          ],
          [
            22.085718,
            69.267411
          ],
          [
            22.086639,
            69.267181
          ],
          [
            22.086904,
            69.267115
          ],
          [
            22.0879,
            69.266767
          ],
          [
            22.088821,
            69.266466
          ],
          [
            22.089051,
            69.266397
          ],
          [
            22.090442,
            69.26598
          ],
          [
            22.091416,
            69.265723
          ],
          [
            22.091512,
            69.265701
          ],
          [
            22.091968,
            69.265595
          ],
          [
            22.092492,
            69.265474
          ],
          [
            22.093266,
            69.265263
          ],
          [
            22.093812,
            69.265044
          ],
          [
            22.095159,
            69.264659
          ],
          [
            22.095982,
            69.264402
          ],
          [
            22.098054,
            69.263833
          ],
          [
            22.099005,
            69.26363
          ],
          [
            22.1,
            69.263421
          ],
          [
            22.100458,
            69.263324
          ],
          [
            22.101889,
            69.263091
          ],
          [
            22.102596,
            69.26306
          ],
          [
            22.104334,
            69.262896
          ],
          [
            22.105365,
            69.262773
          ],
          [
            22.106244,
            69.262738
          ],
          [
            22.107234,
            69.262698
          ],
          [
            22.109531,
            69.262576
          ],
          [
            22.110035,
            69.262519
          ],
          [
            22.111044,
            69.262458
          ],
          [
            22.112754,
            69.262241
          ],
          [
            22.114085,
            69.262053
          ],
          [
            22.115272,
            69.261992
          ],
          [
            22.116012,
            69.261918
          ],
          [
            22.116329,
            69.261886
          ],
          [
            22.117591,
            69.261801
          ],
          [
            22.118675,
            69.261728
          ],
          [
            22.11874,
            69.261721
          ],
          [
            22.119975,
            69.261603
          ],
          [
            22.120287,
            69.261574
          ],
          [
            22.12272,
            69.26079
          ],
          [
            22.12317,
            69.260026
          ],
          [
            22.124067,
            69.259265
          ],
          [
            22.124492,
            69.259034
          ],
          [
            22.124878,
            69.258825
          ],
          [
            22.125407,
            69.25869
          ],
          [
            22.125725,
            69.258672
          ],
          [
            22.126556,
            69.258624
          ],
          [
            22.127681,
            69.25856
          ],
          [
            22.128112,
            69.258535
          ],
          [
            22.128286,
            69.258525
          ],
          [
            22.128435,
            69.258515
          ],
          [
            22.128637,
            69.2585
          ],
          [
            22.130171,
            69.258389
          ],
          [
            22.130465,
            69.258367
          ],
          [
            22.131661,
            69.258318
          ],
          [
            22.134002,
            69.258286
          ],
          [
            22.134073,
            69.258285
          ],
          [
            22.134907,
            69.258279
          ],
          [
            22.134994,
            69.258278
          ],
          [
            22.135409,
            69.258275
          ],
          [
            22.135787,
            69.25826
          ],
          [
            22.135808,
            69.258259
          ],
          [
            22.135997,
            69.258251
          ],
          [
            22.136059,
            69.258248
          ],
          [
            22.13635,
            69.258236
          ],
          [
            22.136497,
            69.25823
          ],
          [
            22.137339,
            69.258195
          ],
          [
            22.137359,
            69.258194
          ],
          [
            22.137633,
            69.258153
          ],
          [
            22.139668,
            69.25785
          ],
          [
            22.140073,
            69.257804
          ],
          [
            22.141266,
            69.25767
          ],
          [
            22.143135,
            69.257344
          ],
          [
            22.144419,
            69.257178
          ],
          [
            22.146129,
            69.256564
          ],
          [
            22.147539,
            69.256393
          ],
          [
            22.149026,
            69.256263
          ],
          [
            22.149452,
            69.256245
          ],
          [
            22.149832,
            69.25623
          ],
          [
            22.150473,
            69.256203
          ],
          [
            22.150772,
            69.256186
          ],
          [
            22.151162,
            69.256163
          ],
          [
            22.151434,
            69.256148
          ],
          [
            22.151537,
            69.256142
          ],
          [
            22.151912,
            69.25612
          ],
          [
            22.152504,
            69.255983
          ],
          [
            22.15318,
            69.255826
          ],
          [
            22.153688,
            69.255708
          ],
          [
            22.154647,
            69.255479
          ],
          [
            22.155638,
            69.255242
          ],
          [
            22.157427,
            69.254986
          ],
          [
            22.158316,
            69.254859
          ],
          [
            22.15973,
            69.254507
          ],
          [
            22.160233,
            69.254345
          ],
          [
            22.160939,
            69.254117
          ],
          [
            22.162175,
            69.253614
          ],
          [
            22.162263,
            69.253574
          ],
          [
            22.162787,
            69.253339
          ],
          [
            22.163063,
            69.253215
          ],
          [
            22.16416,
            69.253109
          ],
          [
            22.164298,
            69.253096
          ],
          [
            22.165934,
            69.253028
          ],
          [
            22.165971,
            69.253024
          ],
          [
            22.168027,
            69.252805
          ],
          [
            22.16997,
            69.252327
          ],
          [
            22.170798,
            69.252124
          ],
          [
            22.171414,
            69.252053
          ],
          [
            22.17264,
            69.251912
          ],
          [
            22.173975,
            69.251517
          ],
          [
            22.175317,
            69.251144
          ],
          [
            22.176552,
            69.250904
          ],
          [
            22.177533,
            69.250713
          ],
          [
            22.17862,
            69.250428
          ],
          [
            22.178764,
            69.25039
          ],
          [
            22.179633,
            69.250128
          ],
          [
            22.179814,
            69.250098
          ],
          [
            22.17993,
            69.25
          ],
          [
            22.180493,
            69.249525
          ],
          [
            22.180494,
            69.249524
          ],
          [
            22.182105,
            69.248778
          ],
          [
            22.184238,
            69.248249
          ],
          [
            22.185214,
            69.248004
          ],
          [
            22.185382,
            69.247961
          ],
          [
            22.187231,
            69.24752
          ],
          [
            22.188375,
            69.247286
          ],
          [
            22.18863,
            69.247234
          ],
          [
            22.189601,
            69.246948
          ],
          [
            22.190155,
            69.246527
          ],
          [
            22.19036,
            69.245996
          ],
          [
            22.19065,
            69.245834
          ],
          [
            22.191514,
            69.245354
          ],
          [
            22.191643,
            69.245283
          ],
          [
            22.192198,
            69.24492
          ],
          [
            22.192915,
            69.244404
          ],
          [
            22.194164,
            69.244127
          ],
          [
            22.195397,
            69.243885
          ],
          [
            22.196015,
            69.243764
          ],
          [
            22.196285,
            69.243707
          ],
          [
            22.197012,
            69.243552
          ],
          [
            22.197365,
            69.243477
          ],
          [
            22.197373,
            69.243475
          ],
          [
            22.197832,
            69.24339
          ],
          [
            22.197967,
            69.243365
          ],
          [
            22.19829,
            69.243305
          ],
          [
            22.198516,
            69.243262
          ],
          [
            22.199973,
            69.243082
          ],
          [
            22.2,
            69.243079
          ],
          [
            22.201486,
            69.242911
          ],
          [
            22.201681,
            69.24289
          ],
          [
            22.202009,
            69.242853
          ],
          [
            22.203094,
            69.242716
          ],
          [
            22.204043,
            69.242596
          ],
          [
            22.205805,
            69.242449
          ],
          [
            22.207529,
            69.242222
          ],
          [
            22.208315,
            69.242118
          ],
          [
            22.208819,
            69.242042
          ],
          [
            22.210246,
            69.241826
          ],
          [
            22.211504,
            69.241726
          ],
          [
            22.211605,
            69.241718
          ],
          [
            22.211789,
            69.241692
          ],
          [
            22.21286,
            69.241539
          ],
          [
            22.21364,
            69.241427
          ],
          [
            22.213935,
            69.241384
          ],
          [
            22.214221,
            69.241343
          ],
          [
            22.214477,
            69.241306
          ],
          [
            22.214891,
            69.241247
          ],
          [
            22.215606,
            69.241121
          ],
          [
            22.215685,
            69.241107
          ],
          [
            22.216089,
            69.241036
          ],
          [
            22.216168,
            69.241022
          ],
          [
            22.216746,
            69.240955
          ],
          [
            22.217696,
            69.240769
          ],
          [
            22.218174,
            69.24072
          ],
          [
            22.218241,
            69.240713
          ],
          [
            22.218561,
            69.24068
          ],
          [
            22.218758,
            69.240659
          ],
          [
            22.222278,
            69.239508
          ],
          [
            22.223076,
            69.239305
          ],
          [
            22.223954,
            69.2392
          ],
          [
            22.224811,
            69.239149
          ],
          [
            22.225642,
            69.239081
          ],
          [
            22.227217,
            69.238759
          ],
          [
            22.227416,
            69.238718
          ],
          [
            22.227539,
            69.238681
          ],
          [
            22.228261,
            69.238461
          ],
          [
            22.22903,
            69.238186
          ],
          [
            22.230647,
            69.237735
          ],
          [
            22.231404,
            69.237403
          ],
          [
            22.231955,
            69.237161
          ],
          [
            22.232797,
            69.23685
          ],
          [
            22.233212,
            69.236763
          ],
          [
            22.233546,
            69.236692
          ],
          [
            22.234605,
            69.23664
          ],
          [
            22.235436,
            69.23658
          ],
          [
            22.236496,
            69.236564
          ],
          [
            22.236661,
            69.236555
          ],
          [
            22.237303,
            69.236522
          ],
          [
            22.238786,
            69.236377
          ],
          [
            22.239561,
            69.23621
          ],
          [
            22.240736,
            69.236125
          ],
          [
            22.240945,
            69.23611
          ],
          [
            22.2412,
            69.236116
          ],
          [
            22.241857,
            69.23613
          ],
          [
            22.242065,
            69.236123
          ],
          [
            22.242915,
            69.236094
          ],
          [
            22.243168,
            69.236085
          ],
          [
            22.244499,
            69.235923
          ],
          [
            22.24542,
            69.235758
          ],
          [
            22.24575,
            69.235699
          ],
          [
            22.246748,
            69.235476
          ],
          [
            22.247692,
            69.235182
          ],
          [
            22.248491,
            69.235006
          ],
          [
            22.25,
            69.234624
          ],
          [
            22.250061,
            69.234609
          ],
          [
            22.250511,
            69.234525
          ],
          [
            22.251308,
            69.234331
          ],
          [
            22.252285,
            69.234171
          ],
          [
            22.253714,
            69.233973
          ],
          [
            22.25469,
            69.233795
          ],
          [
            22.255157,
            69.233722
          ],
          [
            22.256543,
            69.233504
          ],
          [
            22.257841,
            69.233207
          ],
          [
            22.258987,
            69.23293
          ],
          [
            22.260485,
            69.232605
          ],
          [
            22.260877,
            69.232518
          ],
          [
            22.261907,
            69.23229
          ],
          [
            22.263108,
            69.232065
          ],
          [
            22.264175,
            69.231726
          ],
          [
            22.265488,
            69.231286
          ],
          [
            22.266655,
            69.230918
          ],
          [
            22.267905,
            69.230615
          ],
          [
            22.268026,
            69.230585
          ],
          [
            22.268359,
            69.230455
          ],
          [
            22.26894,
            69.230229
          ],
          [
            22.26944,
            69.230034
          ],
          [
            22.269929,
            69.229845
          ],
          [
            22.270761,
            69.229381
          ],
          [
            22.271572,
            69.22899
          ],
          [
            22.27228,
            69.228563
          ],
          [
            22.272409,
            69.228468
          ],
          [
            22.272813,
            69.228173
          ],
          [
            22.273516,
            69.227666
          ],
          [
            22.274002,
            69.22733
          ],
          [
            22.274566,
            69.227039
          ],
          [
            22.275279,
            69.22681
          ],
          [
            22.275288,
            69.226807
          ],
          [
            22.275508,
            69.226736
          ],
          [
            22.275767,
            69.226693
          ],
          [
            22.276534,
            69.226567
          ],
          [
            22.278577,
            69.226067
          ],
          [
            22.280396,
            69.225632
          ],
          [
            22.281269,
            69.225438
          ],
          [
            22.282475,
            69.225321
          ],
          [
            22.283345,
            69.225081
          ],
          [
            22.283588,
            69.224918
          ],
          [
            22.284858,
            69.224604
          ],
          [
            22.285736,
            69.224489
          ],
          [
            22.28666,
            69.224303
          ],
          [
            22.287697,
            69.223901
          ],
          [
            22.289377,
            69.223269
          ],
          [
            22.28962,
            69.223174
          ],
          [
            22.290217,
            69.22294
          ],
          [
            22.290905,
            69.222603
          ],
          [
            22.290928,
            69.222593
          ],
          [
            22.291277,
            69.222449
          ],
          [
            22.291743,
            69.222256
          ],
          [
            22.292589,
            69.222043
          ],
          [
            22.294103,
            69.221593
          ],
          [
            22.294775,
            69.221417
          ],
          [
            22.295436,
            69.221066
          ],
          [
            22.295461,
            69.221053
          ],
          [
            22.295641,
            69.22093
          ],
          [
            22.295889,
            69.22065
          ],
          [
            22.295903,
            69.220594
          ],
          [
            22.296048,
            69.219989
          ],
          [
            22.297537,
            69.219317
          ],
          [
            22.297579,
            69.219278
          ],
          [
            22.29896,
            69.218008
          ],
          [
            22.299701,
            69.21787
          ],
          [
            22.299716,
            69.217864
          ],
          [
            22.3,
            69.217695
          ],
          [
            22.300741,
            69.217255
          ],
          [
            22.30097,
            69.216859
          ],
          [
            22.301518,
            69.2164
          ],
          [
            22.301836,
            69.216135
          ],
          [
            22.302654,
            69.215447
          ],
          [
            22.303177,
            69.214914
          ],
          [
            22.303298,
            69.214799
          ],
          [
            22.303511,
            69.214597
          ],
          [
            22.303627,
            69.214443
          ],
          [
            22.303955,
            69.214009
          ],
          [
            22.30405,
            69.213884
          ],
          [
            22.304723,
            69.213388
          ],
          [
            22.304775,
            69.21335
          ],
          [
            22.305267,
            69.213131
          ],
          [
            22.306353,
            69.21271
          ],
          [
            22.307171,
            69.212461
          ],
          [
            22.308257,
            69.212041
          ],
          [
            22.30873,
            69.211865
          ],
          [
            22.308899,
            69.211803
          ],
          [
            22.309475,
            69.211642
          ],
          [
            22.309595,
            69.211609
          ],
          [
            22.310219,
            69.211497
          ],
          [
            22.311098,
            69.211418
          ],
          [
            22.311898,
            69.211286
          ],
          [
            22.313201,
            69.211106
          ],
          [
            22.314154,
            69.211
          ],
          [
            22.315607,
            69.210819
          ],
          [
            22.316558,
            69.210677
          ],
          [
            22.317664,
            69.210597
          ],
          [
            22.318467,
            69.21045
          ],
          [
            22.319655,
            69.210118
          ],
          [
            22.320905,
            69.209992
          ],
          [
            22.321433,
            69.209728
          ],
          [
            22.323712,
            69.209164
          ],
          [
            22.324422,
            69.208842
          ],
          [
            22.325093,
            69.208729
          ],
          [
            22.326131,
            69.208193
          ],
          [
            22.327202,
            69.208017
          ],
          [
            22.329466,
            69.20786
          ],
          [
            22.332574,
            69.207505
          ],
          [
            22.33267,
            69.207494
          ],
          [
            22.333185,
            69.207389
          ],
          [
            22.333796,
            69.207265
          ],
          [
            22.334884,
            69.206849
          ],
          [
            22.335662,
            69.20615
          ],
          [
            22.336409,
            69.205749
          ],
          [
            22.337009,
            69.205057
          ],
          [
            22.338193,
            69.204503
          ],
          [
            22.33848,
            69.204464
          ],
          [
            22.338798,
            69.204496
          ],
          [
            22.339117,
            69.204631
          ],
          [
            22.339477,
            69.204687
          ],
          [
            22.340241,
            69.204697
          ],
          [
            22.343002,
            69.20497
          ],
          [
            22.343963,
            69.204956
          ],
          [
            22.345096,
            69.204885
          ],
          [
            22.347656,
            69.204362
          ],
          [
            22.348889,
            69.20375
          ],
          [
            22.349171,
            69.203225
          ],
          [
            22.349281,
            69.203149
          ],
          [
            22.349882,
            69.202733
          ],
          [
            22.35,
            69.202651
          ],
          [
            22.350914,
            69.202017
          ],
          [
            22.352528,
            69.201321
          ],
          [
            22.353948,
            69.200521
          ],
          [
            22.354231,
            69.200422
          ],
          [
            22.354712,
            69.200383
          ],
          [
            22.355183,
            69.200345
          ],
          [
            22.356523,
            69.199817
          ],
          [
            22.357043,
            69.199693
          ],
          [
            22.358058,
            69.199448
          ],
          [
            22.358486,
            69.199292
          ],
          [
            22.358911,
            69.199136
          ],
          [
            22.359951,
            69.198932
          ],
          [
            22.361194,
            69.19874
          ],
          [
            22.363969,
            69.198527
          ],
          [
            22.365508,
            69.198249
          ],
          [
            22.365568,
            69.198242
          ],
          [
            22.365652,
            69.19823
          ],
          [
            22.365727,
            69.198219
          ],
          [
            22.365811,
            69.198217
          ],
          [
            22.365887,
            69.198213
          ],
          [
            22.365975,
            69.19821
          ],
          [
            22.366065,
            69.198205
          ],
          [
            22.366144,
            69.198199
          ],
          [
            22.366234,
            69.198191
          ],
          [
            22.366317,
            69.198183
          ],
          [
            22.366403,
            69.198172
          ],
          [
            22.366484,
            69.198161
          ],
          [
            22.366568,
            69.198151
          ],
          [
            22.366648,
            69.198138
          ],
          [
            22.366715,
            69.198124
          ],
          [
            22.366791,
            69.198107
          ],
          [
            22.366861,
            69.198094
          ],
          [
            22.366923,
            69.198073
          ],
          [
            22.366985,
            69.198048
          ],
          [
            22.367043,
            69.198021
          ],
          [
            22.367099,
            69.197994
          ],
          [
            22.36714,
            69.197971
          ],
          [
            22.3672,
            69.197941
          ],
          [
            22.367248,
            69.19792
          ],
          [
            22.367308,
            69.197897
          ],
          [
            22.367376,
            69.197874
          ],
          [
            22.367443,
            69.197851
          ],
          [
            22.367499,
            69.197831
          ],
          [
            22.36757,
            69.19781
          ],
          [
            22.367645,
            69.197793
          ],
          [
            22.367722,
            69.197777
          ],
          [
            22.367798,
            69.19776
          ],
          [
            22.367871,
            69.197743
          ],
          [
            22.367941,
            69.197729
          ],
          [
            22.368017,
            69.197715
          ],
          [
            22.368092,
            69.197702
          ],
          [
            22.368164,
            69.197689
          ],
          [
            22.368231,
            69.197675
          ],
          [
            22.368303,
            69.197661
          ],
          [
            22.368375,
            69.19765
          ],
          [
            22.36845,
            69.19764
          ],
          [
            22.368534,
            69.197634
          ],
          [
            22.368617,
            69.197628
          ],
          [
            22.368695,
            69.197624
          ],
          [
            22.368781,
            69.197618
          ],
          [
            22.368873,
            69.197613
          ],
          [
            22.368951,
            69.197608
          ],
          [
            22.369208,
            69.197595
          ],
          [
            22.369287,
            69.197595
          ],
          [
            22.369369,
            69.197595
          ],
          [
            22.369451,
            69.197593
          ],
          [
            22.369534,
            69.19759
          ],
          [
            22.369616,
            69.19759
          ],
          [
            22.369695,
            69.197601
          ],
          [
            22.369759,
            69.197616
          ],
          [
            22.369822,
            69.197633
          ],
          [
            22.369895,
            69.197644
          ],
          [
            22.369971,
            69.197645
          ],
          [
            22.370049,
            69.197643
          ],
          [
            22.370133,
            69.197643
          ],
          [
            22.370223,
            69.197643
          ],
          [
            22.370309,
            69.197643
          ],
          [
            22.370394,
            69.197644
          ],
          [
            22.370484,
            69.197645
          ],
          [
            22.370569,
            69.197646
          ],
          [
            22.370654,
            69.19765
          ],
          [
            22.370734,
            69.19766
          ],
          [
            22.370808,
            69.197668
          ],
          [
            22.370888,
            69.197674
          ],
          [
            22.370962,
            69.19768
          ],
          [
            22.371047,
            69.197686
          ],
          [
            22.371132,
            69.197689
          ],
          [
            22.371217,
            69.197693
          ],
          [
            22.371307,
            69.197704
          ],
          [
            22.371397,
            69.197718
          ],
          [
            22.371482,
            69.19773
          ],
          [
            22.371556,
            69.197739
          ],
          [
            22.371632,
            69.197751
          ],
          [
            22.371706,
            69.197763
          ],
          [
            22.371778,
            69.197775
          ],
          [
            22.371852,
            69.197783
          ],
          [
            22.371937,
            69.197786
          ],
          [
            22.372022,
            69.197787
          ],
          [
            22.372096,
            69.197795
          ],
          [
            22.37217,
            69.197807
          ],
          [
            22.372255,
            69.197818
          ],
          [
            22.372329,
            69.197824
          ],
          [
            22.372403,
            69.197831
          ],
          [
            22.372477,
            69.197838
          ],
          [
            22.372562,
            69.197846
          ],
          [
            22.37265,
            69.197855
          ],
          [
            22.372738,
            69.197862
          ],
          [
            22.372817,
            69.197871
          ],
          [
            22.372897,
            69.197881
          ],
          [
            22.372971,
            69.19789
          ],
          [
            22.373056,
            69.197896
          ],
          [
            22.373134,
            69.197897
          ],
          [
            22.373212,
            69.197902
          ],
          [
            22.373296,
            69.197904
          ],
          [
            22.373375,
            69.197906
          ],
          [
            22.373454,
            69.197908
          ],
          [
            22.373534,
            69.197914
          ],
          [
            22.373624,
            69.197918
          ],
          [
            22.373714,
            69.19792
          ],
          [
            22.373805,
            69.197922
          ],
          [
            22.37389,
            69.197926
          ],
          [
            22.373964,
            69.197931
          ],
          [
            22.374042,
            69.197941
          ],
          [
            22.374125,
            69.197947
          ],
          [
            22.374213,
            69.197956
          ],
          [
            22.374287,
            69.197963
          ],
          [
            22.374354,
            69.197966
          ],
          [
            22.374377,
            69.197968
          ],
          [
            22.374468,
            69.197971
          ],
          [
            22.374553,
            69.197974
          ],
          [
            22.374643,
            69.197979
          ],
          [
            22.374728,
            69.197982
          ],
          [
            22.374813,
            69.197987
          ],
          [
            22.374898,
            69.19799
          ],
          [
            22.374983,
            69.197991
          ],
          [
            22.375068,
            69.197992
          ],
          [
            22.375159,
            69.197992
          ],
          [
            22.375238,
            69.197993
          ],
          [
            22.375323,
            69.197995
          ],
          [
            22.375408,
            69.197995
          ],
          [
            22.375493,
            69.197995
          ],
          [
            22.375584,
            69.197995
          ],
          [
            22.375671,
            69.197995
          ],
          [
            22.375749,
            69.197993
          ],
          [
            22.375835,
            69.19799
          ],
          [
            22.375912,
            69.19799
          ],
          [
            22.375991,
            69.19799
          ],
          [
            22.376071,
            69.197992
          ],
          [
            22.376151,
            69.197997
          ],
          [
            22.376236,
            69.198
          ],
          [
            22.376321,
            69.198001
          ],
          [
            22.376401,
            69.198001
          ],
          [
            22.376481,
            69.198002
          ],
          [
            22.376555,
            69.198013
          ],
          [
            22.376629,
            69.198024
          ],
          [
            22.376704,
            69.198028
          ],
          [
            22.376789,
            69.198028
          ],
          [
            22.376874,
            69.198028
          ],
          [
            22.376951,
            69.198028
          ],
          [
            22.377039,
            69.198028
          ],
          [
            22.37712,
            69.198028
          ],
          [
            22.377206,
            69.198027
          ],
          [
            22.377285,
            69.198028
          ],
          [
            22.377365,
            69.198028
          ],
          [
            22.377445,
            69.198028
          ],
          [
            22.377534,
            69.198026
          ],
          [
            22.377619,
            69.198024
          ],
          [
            22.377699,
            69.198022
          ],
          [
            22.377774,
            69.198021
          ],
          [
            22.377853,
            69.19802
          ],
          [
            22.377938,
            69.198017
          ],
          [
            22.378018,
            69.198011
          ],
          [
            22.378098,
            69.198006
          ],
          [
            22.378171,
            69.197997
          ],
          [
            22.378242,
            69.197983
          ],
          [
            22.378314,
            69.197974
          ],
          [
            22.378384,
            69.197963
          ],
          [
            22.378464,
            69.19795
          ],
          [
            22.378533,
            69.197937
          ],
          [
            22.378608,
            69.197924
          ],
          [
            22.378693,
            69.197913
          ],
          [
            22.378778,
            69.197901
          ],
          [
            22.378853,
            69.197888
          ],
          [
            22.378928,
            69.197873
          ],
          [
            22.379003,
            69.19786
          ],
          [
            22.379077,
            69.197849
          ],
          [
            22.379152,
            69.197838
          ],
          [
            22.379232,
            69.197825
          ],
          [
            22.379301,
            69.197813
          ],
          [
            22.379371,
            69.197802
          ],
          [
            22.379445,
            69.19779
          ],
          [
            22.379531,
            69.197778
          ],
          [
            22.379602,
            69.197769
          ],
          [
            22.379677,
            69.197759
          ],
          [
            22.379749,
            69.197749
          ],
          [
            22.379829,
            69.197736
          ],
          [
            22.379899,
            69.197724
          ],
          [
            22.379973,
            69.197712
          ],
          [
            22.380053,
            69.1977
          ],
          [
            22.380133,
            69.197689
          ],
          [
            22.380207,
            69.197679
          ],
          [
            22.380292,
            69.197669
          ],
          [
            22.380372,
            69.19766
          ],
          [
            22.380446,
            69.197652
          ],
          [
            22.38052,
            69.197646
          ],
          [
            22.380606,
            69.19764
          ],
          [
            22.38068,
            69.197635
          ],
          [
            22.380766,
            69.197631
          ],
          [
            22.380845,
            69.197631
          ],
          [
            22.38093,
            69.197631
          ],
          [
            22.38101,
            69.197629
          ],
          [
            22.381085,
            69.197623
          ],
          [
            22.381159,
            69.197615
          ],
          [
            22.381247,
            69.197607
          ],
          [
            22.38133,
            69.197599
          ],
          [
            22.381404,
            69.197593
          ],
          [
            22.381479,
            69.197587
          ],
          [
            22.381554,
            69.197582
          ],
          [
            22.381629,
            69.197578
          ],
          [
            22.381715,
            69.197573
          ],
          [
            22.3818,
            69.197572
          ],
          [
            22.381889,
            69.197569
          ],
          [
            22.381974,
            69.197565
          ],
          [
            22.382049,
            69.197557
          ],
          [
            22.382123,
            69.197545
          ],
          [
            22.382193,
            69.197534
          ],
          [
            22.382269,
            69.197527
          ],
          [
            22.382354,
            69.197519
          ],
          [
            22.382431,
            69.197519
          ],
          [
            22.382509,
            69.197519
          ],
          [
            22.382585,
            69.197519
          ],
          [
            22.382661,
            69.197518
          ],
          [
            22.382751,
            69.197518
          ],
          [
            22.382828,
            69.197518
          ],
          [
            22.382908,
            69.197518
          ],
          [
            22.383001,
            69.197518
          ],
          [
            22.383086,
            69.197519
          ],
          [
            22.383171,
            69.197519
          ],
          [
            22.383246,
            69.197524
          ],
          [
            22.383331,
            69.197526
          ],
          [
            22.383421,
            69.197527
          ],
          [
            22.383506,
            69.197528
          ],
          [
            22.383586,
            69.197528
          ],
          [
            22.383671,
            69.197529
          ],
          [
            22.383761,
            69.197533
          ],
          [
            22.383846,
            69.197538
          ],
          [
            22.383926,
            69.197539
          ],
          [
            22.384006,
            69.19754
          ],
          [
            22.384096,
            69.197544
          ],
          [
            22.384176,
            69.197547
          ],
          [
            22.384256,
            69.197549
          ],
          [
            22.38434,
            69.197552
          ],
          [
            22.384418,
            69.197555
          ],
          [
            22.384508,
            69.197557
          ],
          [
            22.384588,
            69.19756
          ],
          [
            22.384667,
            69.197562
          ],
          [
            22.384753,
            69.197565
          ],
          [
            22.384837,
            69.197568
          ],
          [
            22.384919,
            69.197572
          ],
          [
            22.385002,
            69.197577
          ],
          [
            22.385087,
            69.197586
          ],
          [
            22.385161,
            69.197594
          ],
          [
            22.385236,
            69.197601
          ],
          [
            22.38532,
            69.197612
          ],
          [
            22.385395,
            69.197625
          ],
          [
            22.385474,
            69.197642
          ],
          [
            22.385543,
            69.197654
          ],
          [
            22.385617,
            69.197665
          ],
          [
            22.385691,
            69.19768
          ],
          [
            22.385766,
            69.197699
          ],
          [
            22.385839,
            69.197718
          ],
          [
            22.385907,
            69.19774
          ],
          [
            22.385968,
            69.197758
          ],
          [
            22.386031,
            69.197779
          ],
          [
            22.386086,
            69.197799
          ],
          [
            22.386151,
            69.197822
          ],
          [
            22.386211,
            69.197848
          ],
          [
            22.386274,
            69.197871
          ],
          [
            22.386346,
            69.197892
          ],
          [
            22.386408,
            69.197909
          ],
          [
            22.386476,
            69.197926
          ],
          [
            22.38655,
            69.197941
          ],
          [
            22.386624,
            69.197957
          ],
          [
            22.386698,
            69.197973
          ],
          [
            22.386772,
            69.197987
          ],
          [
            22.386847,
            69.198
          ],
          [
            22.386921,
            69.198012
          ],
          [
            22.386995,
            69.198026
          ],
          [
            22.38706,
            69.198041
          ],
          [
            22.387125,
            69.198056
          ],
          [
            22.387194,
            69.198074
          ],
          [
            22.387268,
            69.19809
          ],
          [
            22.387342,
            69.198103
          ],
          [
            22.387417,
            69.198116
          ],
          [
            22.387491,
            69.198126
          ],
          [
            22.387572,
            69.198136
          ],
          [
            22.387646,
            69.198145
          ],
          [
            22.387736,
            69.198152
          ],
          [
            22.387827,
            69.198156
          ],
          [
            22.387906,
            69.198157
          ],
          [
            22.387997,
            69.198161
          ],
          [
            22.388071,
            69.198173
          ],
          [
            22.388142,
            69.198189
          ],
          [
            22.388215,
            69.198196
          ],
          [
            22.388306,
            69.198198
          ],
          [
            22.388391,
            69.198209
          ],
          [
            22.388465,
            69.198217
          ],
          [
            22.388539,
            69.198225
          ],
          [
            22.388608,
            69.198238
          ],
          [
            22.388682,
            69.198248
          ],
          [
            22.388767,
            69.198251
          ],
          [
            22.388855,
            69.198251
          ],
          [
            22.38894,
            69.198253
          ],
          [
            22.389031,
            69.198257
          ],
          [
            22.389121,
            69.198267
          ],
          [
            22.3892,
            69.198277
          ],
          [
            22.38928,
            69.198285
          ],
          [
            22.389354,
            69.198293
          ],
          [
            22.389429,
            69.198302
          ],
          [
            22.389503,
            69.198307
          ],
          [
            22.389581,
            69.198312
          ],
          [
            22.389659,
            69.198308
          ],
          [
            22.389739,
            69.198299
          ],
          [
            22.389811,
            69.198288
          ],
          [
            22.389886,
            69.198273
          ],
          [
            22.389941,
            69.198261
          ],
          [
            22.389959,
            69.198257
          ],
          [
            22.390034,
            69.198242
          ],
          [
            22.390108,
            69.198229
          ],
          [
            22.390176,
            69.198214
          ],
          [
            22.390239,
            69.198198
          ],
          [
            22.390308,
            69.198183
          ],
          [
            22.39038,
            69.19817
          ],
          [
            22.390453,
            69.198154
          ],
          [
            22.390525,
            69.198143
          ],
          [
            22.390608,
            69.198131
          ],
          [
            22.390682,
            69.198121
          ],
          [
            22.390757,
            69.198109
          ],
          [
            22.390832,
            69.198098
          ],
          [
            22.390906,
            69.198085
          ],
          [
            22.390986,
            69.198072
          ],
          [
            22.391061,
            69.198061
          ],
          [
            22.391136,
            69.19805
          ],
          [
            22.391215,
            69.198037
          ],
          [
            22.391285,
            69.198026
          ],
          [
            22.39136,
            69.198015
          ],
          [
            22.391434,
            69.198007
          ],
          [
            22.391509,
            69.197999
          ],
          [
            22.391594,
            69.197991
          ],
          [
            22.391669,
            69.197983
          ],
          [
            22.391743,
            69.197975
          ],
          [
            22.391818,
            69.197965
          ],
          [
            22.391893,
            69.197955
          ],
          [
            22.391967,
            69.197944
          ],
          [
            22.392036,
            69.197934
          ],
          [
            22.392106,
            69.197923
          ],
          [
            22.39214,
            69.197917
          ],
          [
            22.392175,
            69.197912
          ],
          [
            22.392245,
            69.197899
          ],
          [
            22.392319,
            69.197885
          ],
          [
            22.392389,
            69.197872
          ],
          [
            22.392458,
            69.197861
          ],
          [
            22.392527,
            69.197849
          ],
          [
            22.392598,
            69.197838
          ],
          [
            22.392673,
            69.197827
          ],
          [
            22.392758,
            69.197816
          ],
          [
            22.392832,
            69.197807
          ],
          [
            22.392909,
            69.197796
          ],
          [
            22.392984,
            69.197786
          ],
          [
            22.393059,
            69.197776
          ],
          [
            22.393133,
            69.197766
          ],
          [
            22.393202,
            69.197755
          ],
          [
            22.393272,
            69.197742
          ],
          [
            22.393352,
            69.197728
          ],
          [
            22.393426,
            69.197716
          ],
          [
            22.393612,
            69.197668
          ],
          [
            22.393885,
            69.197774
          ],
          [
            22.394247,
            69.197809
          ],
          [
            22.394308,
            69.197812
          ],
          [
            22.394304,
            69.197843
          ],
          [
            22.394298,
            69.197873
          ],
          [
            22.39429,
            69.197903
          ],
          [
            22.39428,
            69.197934
          ],
          [
            22.394267,
            69.197963
          ],
          [
            22.394242,
            69.197996
          ],
          [
            22.394214,
            69.198022
          ],
          [
            22.394177,
            69.198051
          ],
          [
            22.394131,
            69.198077
          ],
          [
            22.394088,
            69.1981
          ],
          [
            22.394043,
            69.198126
          ],
          [
            22.394032,
            69.198132
          ],
          [
            22.393999,
            69.198151
          ],
          [
            22.39396,
            69.198175
          ],
          [
            22.393927,
            69.198204
          ],
          [
            22.393903,
            69.19823
          ],
          [
            22.393877,
            69.198257
          ],
          [
            22.393844,
            69.198287
          ],
          [
            22.39382,
            69.198318
          ],
          [
            22.393808,
            69.198349
          ],
          [
            22.393792,
            69.198378
          ],
          [
            22.393772,
            69.198409
          ],
          [
            22.393752,
            69.198437
          ],
          [
            22.393732,
            69.198464
          ],
          [
            22.393713,
            69.198493
          ],
          [
            22.393692,
            69.198521
          ],
          [
            22.393674,
            69.198548
          ],
          [
            22.393651,
            69.198579
          ],
          [
            22.393626,
            69.19861
          ],
          [
            22.393601,
            69.19864
          ],
          [
            22.393577,
            69.198665
          ],
          [
            22.393551,
            69.198691
          ],
          [
            22.393522,
            69.198716
          ],
          [
            22.393491,
            69.198742
          ],
          [
            22.393461,
            69.198768
          ],
          [
            22.393429,
            69.198793
          ],
          [
            22.393392,
            69.198819
          ],
          [
            22.393364,
            69.198845
          ],
          [
            22.393334,
            69.19887
          ],
          [
            22.393301,
            69.198897
          ],
          [
            22.393268,
            69.198921
          ],
          [
            22.393234,
            69.198947
          ],
          [
            22.393202,
            69.198972
          ],
          [
            22.393166,
            69.198999
          ],
          [
            22.393123,
            69.19903
          ],
          [
            22.39309,
            69.199057
          ],
          [
            22.393058,
            69.199083
          ],
          [
            22.393025,
            69.199109
          ],
          [
            22.392983,
            69.199138
          ],
          [
            22.392946,
            69.199163
          ],
          [
            22.392908,
            69.199189
          ],
          [
            22.39287,
            69.199216
          ],
          [
            22.392834,
            69.199244
          ],
          [
            22.392797,
            69.199271
          ],
          [
            22.392764,
            69.1993
          ],
          [
            22.392736,
            69.199328
          ],
          [
            22.392708,
            69.199353
          ],
          [
            22.392679,
            69.199379
          ],
          [
            22.392648,
            69.199405
          ],
          [
            22.392619,
            69.19943
          ],
          [
            22.392582,
            69.199459
          ],
          [
            22.392548,
            69.199484
          ],
          [
            22.392511,
            69.19951
          ],
          [
            22.392471,
            69.199535
          ],
          [
            22.392431,
            69.199559
          ],
          [
            22.392393,
            69.199588
          ],
          [
            22.392358,
            69.199617
          ],
          [
            22.392327,
            69.199647
          ],
          [
            22.392303,
            69.199678
          ],
          [
            22.392279,
            69.199703
          ],
          [
            22.39226,
            69.199733
          ],
          [
            22.392243,
            69.199764
          ],
          [
            22.392229,
            69.199791
          ],
          [
            22.392214,
            69.199819
          ],
          [
            22.392199,
            69.19985
          ],
          [
            22.39218,
            69.199879
          ],
          [
            22.392162,
            69.199906
          ],
          [
            22.392146,
            69.199937
          ],
          [
            22.392129,
            69.199968
          ],
          [
            22.392117,
            69.199999
          ],
          [
            22.392116,
            69.2
          ],
          [
            22.39211,
            69.200033
          ],
          [
            22.39211,
            69.20006
          ],
          [
            22.392109,
            69.20009
          ],
          [
            22.392109,
            69.200118
          ],
          [
            22.392108,
            69.200145
          ],
          [
            22.392108,
            69.200172
          ],
          [
            22.392107,
            69.2002
          ],
          [
            22.392107,
            69.200229
          ],
          [
            22.392108,
            69.200258
          ],
          [
            22.392112,
            69.200289
          ],
          [
            22.392116,
            69.200321
          ],
          [
            22.392117,
            69.20035
          ],
          [
            22.392118,
            69.200381
          ],
          [
            22.392125,
            69.200411
          ],
          [
            22.392136,
            69.200439
          ],
          [
            22.392148,
            69.200469
          ],
          [
            22.392162,
            69.2005
          ],
          [
            22.392176,
            69.200532
          ],
          [
            22.392193,
            69.20056
          ],
          [
            22.392209,
            69.200589
          ],
          [
            22.392227,
            69.200619
          ],
          [
            22.392247,
            69.20065
          ],
          [
            22.392274,
            69.200679
          ],
          [
            22.392298,
            69.200705
          ],
          [
            22.392327,
            69.200731
          ],
          [
            22.392361,
            69.200757
          ],
          [
            22.39241,
            69.200782
          ],
          [
            22.392465,
            69.200811
          ],
          [
            22.392497,
            69.200841
          ],
          [
            22.392524,
            69.200868
          ],
          [
            22.392557,
            69.200896
          ],
          [
            22.392587,
            69.200923
          ],
          [
            22.392618,
            69.200948
          ],
          [
            22.392652,
            69.200978
          ],
          [
            22.392675,
            69.201003
          ],
          [
            22.392693,
            69.201031
          ],
          [
            22.39271,
            69.201058
          ],
          [
            22.392728,
            69.201089
          ],
          [
            22.392745,
            69.201121
          ],
          [
            22.392762,
            69.201152
          ],
          [
            22.392774,
            69.201183
          ],
          [
            22.392793,
            69.201213
          ],
          [
            22.392815,
            69.201238
          ],
          [
            22.392841,
            69.201264
          ],
          [
            22.392873,
            69.201293
          ],
          [
            22.392902,
            69.201319
          ],
          [
            22.392931,
            69.201347
          ],
          [
            22.39296,
            69.201372
          ],
          [
            22.392995,
            69.201396
          ],
          [
            22.393033,
            69.201421
          ],
          [
            22.393068,
            69.201446
          ],
          [
            22.393083,
            69.201457
          ],
          [
            22.393104,
            69.201471
          ],
          [
            22.393141,
            69.201496
          ],
          [
            22.39318,
            69.20152
          ],
          [
            22.393219,
            69.201545
          ],
          [
            22.393258,
            69.201571
          ],
          [
            22.393299,
            69.201597
          ],
          [
            22.393341,
            69.201626
          ],
          [
            22.393379,
            69.201656
          ],
          [
            22.393416,
            69.201685
          ],
          [
            22.393447,
            69.201714
          ],
          [
            22.393469,
            69.20174
          ],
          [
            22.393494,
            69.20177
          ],
          [
            22.393522,
            69.201799
          ],
          [
            22.393541,
            69.20183
          ],
          [
            22.393558,
            69.20186
          ],
          [
            22.393578,
            69.201891
          ],
          [
            22.393602,
            69.201917
          ],
          [
            22.393625,
            69.201943
          ],
          [
            22.393652,
            69.201972
          ],
          [
            22.393678,
            69.202003
          ],
          [
            22.393697,
            69.202033
          ],
          [
            22.393712,
            69.20206
          ],
          [
            22.393721,
            69.202088
          ],
          [
            22.393736,
            69.202117
          ],
          [
            22.39375,
            69.202144
          ],
          [
            22.393755,
            69.202174
          ],
          [
            22.393756,
            69.202201
          ],
          [
            22.393757,
            69.202229
          ],
          [
            22.39376,
            69.20226
          ],
          [
            22.393767,
            69.202289
          ],
          [
            22.393778,
            69.202318
          ],
          [
            22.393791,
            69.202348
          ],
          [
            22.393798,
            69.202379
          ],
          [
            22.393811,
            69.202408
          ],
          [
            22.393832,
            69.202439
          ],
          [
            22.393858,
            69.20247
          ],
          [
            22.393876,
            69.202496
          ],
          [
            22.3939,
            69.202527
          ],
          [
            22.393925,
            69.202556
          ],
          [
            22.393954,
            69.202584
          ],
          [
            22.393984,
            69.202611
          ],
          [
            22.394013,
            69.202641
          ],
          [
            22.394035,
            69.20267
          ],
          [
            22.39406,
            69.202696
          ],
          [
            22.394091,
            69.202725
          ],
          [
            22.394115,
            69.202751
          ],
          [
            22.394139,
            69.202777
          ],
          [
            22.394168,
            69.202803
          ],
          [
            22.394204,
            69.202831
          ],
          [
            22.394233,
            69.202857
          ],
          [
            22.394263,
            69.202883
          ],
          [
            22.394297,
            69.202908
          ],
          [
            22.394332,
            69.202932
          ],
          [
            22.394367,
            69.202958
          ],
          [
            22.394401,
            69.202983
          ],
          [
            22.394437,
            69.203009
          ],
          [
            22.394474,
            69.203037
          ],
          [
            22.394503,
            69.203062
          ],
          [
            22.39453,
            69.203088
          ],
          [
            22.394563,
            69.203117
          ],
          [
            22.394596,
            69.203143
          ],
          [
            22.394631,
            69.203169
          ],
          [
            22.394657,
            69.203196
          ],
          [
            22.394677,
            69.203227
          ],
          [
            22.394695,
            69.203253
          ],
          [
            22.394706,
            69.203283
          ],
          [
            22.394712,
            69.203312
          ],
          [
            22.394721,
            69.203342
          ],
          [
            22.394732,
            69.203372
          ],
          [
            22.394736,
            69.203402
          ],
          [
            22.394749,
            69.203431
          ],
          [
            22.394768,
            69.20346
          ],
          [
            22.39479,
            69.203491
          ],
          [
            22.394807,
            69.203518
          ],
          [
            22.394822,
            69.203548
          ],
          [
            22.394839,
            69.203577
          ],
          [
            22.394857,
            69.203607
          ],
          [
            22.394877,
            69.203634
          ],
          [
            22.394894,
            69.203664
          ],
          [
            22.394917,
            69.203695
          ],
          [
            22.394945,
            69.203725
          ],
          [
            22.394977,
            69.203754
          ],
          [
            22.395009,
            69.203783
          ],
          [
            22.395049,
            69.203813
          ],
          [
            22.395078,
            69.203842
          ],
          [
            22.3951,
            69.203868
          ],
          [
            22.395119,
            69.203897
          ],
          [
            22.395133,
            69.203925
          ],
          [
            22.39515,
            69.203956
          ],
          [
            22.395171,
            69.203986
          ],
          [
            22.39519,
            69.204015
          ],
          [
            22.395204,
            69.204045
          ],
          [
            22.395221,
            69.204076
          ],
          [
            22.395234,
            69.204104
          ],
          [
            22.395258,
            69.204134
          ],
          [
            22.395288,
            69.204161
          ],
          [
            22.395323,
            69.204185
          ],
          [
            22.395363,
            69.204211
          ],
          [
            22.395389,
            69.20424
          ],
          [
            22.395413,
            69.204268
          ],
          [
            22.395431,
            69.204296
          ],
          [
            22.39545,
            69.204325
          ],
          [
            22.39547,
            69.204356
          ],
          [
            22.395481,
            69.204386
          ],
          [
            22.3955,
            69.204421
          ],
          [
            22.395497,
            69.204448
          ],
          [
            22.395501,
            69.204476
          ],
          [
            22.395507,
            69.204503
          ],
          [
            22.395511,
            69.204533
          ],
          [
            22.395514,
            69.204563
          ],
          [
            22.395525,
            69.204591
          ],
          [
            22.395543,
            69.204622
          ],
          [
            22.395559,
            69.204644
          ],
          [
            22.395563,
            69.204649
          ],
          [
            22.395564,
            69.204651
          ],
          [
            22.395581,
            69.204678
          ],
          [
            22.395604,
            69.204707
          ],
          [
            22.395632,
            69.204734
          ],
          [
            22.395657,
            69.204761
          ],
          [
            22.395659,
            69.204763
          ],
          [
            22.395686,
            69.204791
          ],
          [
            22.395713,
            69.204819
          ],
          [
            22.395746,
            69.204845
          ],
          [
            22.395783,
            69.204872
          ],
          [
            22.395817,
            69.204896
          ],
          [
            22.395855,
            69.20492
          ],
          [
            22.39589,
            69.204945
          ],
          [
            22.395922,
            69.204971
          ],
          [
            22.395955,
            69.204998
          ],
          [
            22.395992,
            69.205024
          ],
          [
            22.396025,
            69.20505
          ],
          [
            22.396057,
            69.205079
          ],
          [
            22.396089,
            69.205107
          ],
          [
            22.396122,
            69.205136
          ],
          [
            22.396147,
            69.205162
          ],
          [
            22.396167,
            69.205189
          ],
          [
            22.39619,
            69.205216
          ],
          [
            22.396208,
            69.205244
          ],
          [
            22.396213,
            69.205278
          ],
          [
            22.396213,
            69.205308
          ],
          [
            22.396213,
            69.205339
          ],
          [
            22.396212,
            69.205366
          ],
          [
            22.396211,
            69.205396
          ],
          [
            22.396202,
            69.205428
          ],
          [
            22.39619,
            69.205457
          ],
          [
            22.396185,
            69.205487
          ],
          [
            22.39618,
            69.205516
          ],
          [
            22.396179,
            69.205545
          ],
          [
            22.396179,
            69.205575
          ],
          [
            22.396178,
            69.205606
          ],
          [
            22.396178,
            69.205637
          ],
          [
            22.396177,
            69.205668
          ],
          [
            22.396177,
            69.205697
          ],
          [
            22.396177,
            69.205724
          ],
          [
            22.396176,
            69.205753
          ],
          [
            22.396176,
            69.205781
          ],
          [
            22.396179,
            69.205809
          ],
          [
            22.396191,
            69.205835
          ],
          [
            22.396201,
            69.205865
          ],
          [
            22.396209,
            69.205892
          ],
          [
            22.396217,
            69.205924
          ],
          [
            22.396228,
            69.205953
          ],
          [
            22.396234,
            69.205981
          ],
          [
            22.396241,
            69.206012
          ],
          [
            22.396253,
            69.206039
          ],
          [
            22.396269,
            69.206071
          ],
          [
            22.396286,
            69.2061
          ],
          [
            22.39629,
            69.206107
          ],
          [
            22.396304,
            69.206129
          ],
          [
            22.396317,
            69.206158
          ],
          [
            22.39633,
            69.206185
          ],
          [
            22.396348,
            69.206213
          ],
          [
            22.396364,
            69.206235
          ],
          [
            22.39637,
            69.206244
          ],
          [
            22.396394,
            69.206273
          ],
          [
            22.39642,
            69.2063
          ],
          [
            22.396447,
            69.206326
          ],
          [
            22.396474,
            69.206352
          ],
          [
            22.396501,
            69.206377
          ],
          [
            22.396532,
            69.206402
          ],
          [
            22.396578,
            69.206428
          ],
          [
            22.396596,
            69.206438
          ],
          [
            22.396621,
            69.206452
          ],
          [
            22.396668,
            69.20648
          ],
          [
            22.396708,
            69.206504
          ],
          [
            22.396742,
            69.206531
          ],
          [
            22.39677,
            69.206557
          ],
          [
            22.3968,
            69.206583
          ],
          [
            22.396831,
            69.206612
          ],
          [
            22.396861,
            69.206638
          ],
          [
            22.396892,
            69.206664
          ],
          [
            22.396926,
            69.206693
          ],
          [
            22.396954,
            69.206719
          ],
          [
            22.396981,
            69.206748
          ],
          [
            22.397004,
            69.206774
          ],
          [
            22.397027,
            69.206801
          ],
          [
            22.397051,
            69.206827
          ],
          [
            22.397083,
            69.206858
          ],
          [
            22.397109,
            69.206882
          ],
          [
            22.39711,
            69.206883
          ],
          [
            22.397145,
            69.206913
          ],
          [
            22.397179,
            69.20694
          ],
          [
            22.39722,
            69.206966
          ],
          [
            22.397263,
            69.206992
          ],
          [
            22.397301,
            69.207018
          ],
          [
            22.397341,
            69.207045
          ],
          [
            22.397383,
            69.207075
          ],
          [
            22.397421,
            69.2071
          ],
          [
            22.397459,
            69.20713
          ],
          [
            22.397495,
            69.207157
          ],
          [
            22.397532,
            69.207182
          ],
          [
            22.397564,
            69.207208
          ],
          [
            22.397603,
            69.207238
          ],
          [
            22.397641,
            69.207267
          ],
          [
            22.39768,
            69.207296
          ],
          [
            22.397718,
            69.207322
          ],
          [
            22.397762,
            69.207348
          ],
          [
            22.397802,
            69.207373
          ],
          [
            22.397845,
            69.207398
          ],
          [
            22.39788,
            69.207415
          ],
          [
            22.397895,
            69.207423
          ],
          [
            22.397941,
            69.207447
          ],
          [
            22.397986,
            69.207469
          ],
          [
            22.398041,
            69.207494
          ],
          [
            22.398098,
            69.20752
          ],
          [
            22.398157,
            69.207544
          ],
          [
            22.398214,
            69.207569
          ],
          [
            22.398269,
            69.207592
          ],
          [
            22.398328,
            69.207618
          ],
          [
            22.39839,
            69.207643
          ],
          [
            22.398441,
            69.207664
          ],
          [
            22.398456,
            69.207669
          ],
          [
            22.398503,
            69.207685
          ],
          [
            22.398578,
            69.207708
          ],
          [
            22.398641,
            69.207727
          ],
          [
            22.398712,
            69.20775
          ],
          [
            22.39878,
            69.207773
          ],
          [
            22.39884,
            69.207798
          ],
          [
            22.398891,
            69.207821
          ],
          [
            22.398944,
            69.207842
          ],
          [
            22.399005,
            69.207867
          ],
          [
            22.399056,
            69.20789
          ],
          [
            22.399112,
            69.207916
          ],
          [
            22.399165,
            69.20794
          ],
          [
            22.399219,
            69.207966
          ],
          [
            22.399274,
            69.207991
          ],
          [
            22.399328,
            69.208016
          ],
          [
            22.399376,
            69.208038
          ],
          [
            22.399429,
            69.20806
          ],
          [
            22.399489,
            69.208083
          ],
          [
            22.399545,
            69.208105
          ],
          [
            22.399606,
            69.208128
          ],
          [
            22.399676,
            69.208155
          ],
          [
            22.399735,
            69.208178
          ],
          [
            22.399793,
            69.208201
          ],
          [
            22.39985,
            69.208223
          ],
          [
            22.399902,
            69.208244
          ],
          [
            22.399962,
            69.208269
          ],
          [
            22.4,
            69.208286
          ],
          [
            22.400011,
            69.208291
          ],
          [
            22.400068,
            69.208318
          ],
          [
            22.40012,
            69.208344
          ],
          [
            22.40017,
            69.20837
          ],
          [
            22.400211,
            69.20839
          ],
          [
            22.400221,
            69.208395
          ],
          [
            22.400279,
            69.208421
          ],
          [
            22.400336,
            69.208446
          ],
          [
            22.400384,
            69.208468
          ],
          [
            22.400444,
            69.208494
          ],
          [
            22.400505,
            69.208519
          ],
          [
            22.400562,
            69.208545
          ],
          [
            22.400615,
            69.208568
          ],
          [
            22.40068,
            69.208591
          ],
          [
            22.400747,
            69.208614
          ],
          [
            22.400798,
            69.208635
          ],
          [
            22.40085,
            69.208656
          ],
          [
            22.400902,
            69.208678
          ],
          [
            22.400956,
            69.208701
          ],
          [
            22.401006,
            69.208722
          ],
          [
            22.401059,
            69.208745
          ],
          [
            22.401106,
            69.208767
          ],
          [
            22.401152,
            69.208793
          ],
          [
            22.401192,
            69.208818
          ],
          [
            22.401229,
            69.208844
          ],
          [
            22.401271,
            69.208872
          ],
          [
            22.401308,
            69.208898
          ],
          [
            22.401352,
            69.208923
          ],
          [
            22.401397,
            69.208948
          ],
          [
            22.401443,
            69.208972
          ],
          [
            22.40149,
            69.208997
          ],
          [
            22.401531,
            69.20902
          ],
          [
            22.401576,
            69.209042
          ],
          [
            22.401628,
            69.209067
          ],
          [
            22.401678,
            69.20909
          ],
          [
            22.401727,
            69.209111
          ],
          [
            22.401785,
            69.209136
          ],
          [
            22.401846,
            69.209161
          ],
          [
            22.401901,
            69.209185
          ],
          [
            22.401948,
            69.209208
          ],
          [
            22.401962,
            69.209214
          ],
          [
            22.401996,
            69.20923
          ],
          [
            22.402049,
            69.209255
          ],
          [
            22.402101,
            69.20928
          ],
          [
            22.402148,
            69.209303
          ],
          [
            22.402198,
            69.209327
          ],
          [
            22.402243,
            69.20935
          ],
          [
            22.402296,
            69.209375
          ],
          [
            22.402346,
            69.209397
          ],
          [
            22.402394,
            69.209419
          ],
          [
            22.40244,
            69.209442
          ],
          [
            22.402485,
            69.209467
          ],
          [
            22.402536,
            69.209494
          ],
          [
            22.402587,
            69.209524
          ],
          [
            22.402631,
            69.209549
          ],
          [
            22.402678,
            69.209574
          ],
          [
            22.402727,
            69.2096
          ],
          [
            22.402774,
            69.209624
          ],
          [
            22.402822,
            69.209647
          ],
          [
            22.402867,
            69.209669
          ],
          [
            22.402912,
            69.209696
          ],
          [
            22.402955,
            69.209725
          ],
          [
            22.402981,
            69.209753
          ],
          [
            22.402986,
            69.209757
          ],
          [
            22.403009,
            69.20978
          ],
          [
            22.403045,
            69.209808
          ],
          [
            22.403099,
            69.209834
          ],
          [
            22.403157,
            69.209853
          ],
          [
            22.403182,
            69.209861
          ],
          [
            22.403215,
            69.209872
          ],
          [
            22.403273,
            69.209896
          ],
          [
            22.403323,
            69.209919
          ],
          [
            22.403369,
            69.209942
          ],
          [
            22.403419,
            69.209965
          ],
          [
            22.403467,
            69.209989
          ],
          [
            22.403513,
            69.210012
          ],
          [
            22.403561,
            69.210039
          ],
          [
            22.403603,
            69.210067
          ],
          [
            22.403644,
            69.210091
          ],
          [
            22.403656,
            69.210098
          ],
          [
            22.403687,
            69.210117
          ],
          [
            22.403731,
            69.210142
          ],
          [
            22.403774,
            69.210165
          ],
          [
            22.403817,
            69.210189
          ],
          [
            22.403865,
            69.210215
          ],
          [
            22.403912,
            69.210237
          ],
          [
            22.403957,
            69.21026
          ],
          [
            22.404,
            69.210283
          ],
          [
            22.404044,
            69.210307
          ],
          [
            22.404086,
            69.210332
          ],
          [
            22.404123,
            69.210357
          ],
          [
            22.404161,
            69.210381
          ],
          [
            22.404199,
            69.210406
          ],
          [
            22.404241,
            69.210431
          ],
          [
            22.404283,
            69.210456
          ],
          [
            22.404326,
            69.210481
          ],
          [
            22.404368,
            69.210506
          ],
          [
            22.404407,
            69.210529
          ],
          [
            22.404442,
            69.210554
          ],
          [
            22.404475,
            69.210581
          ],
          [
            22.4045,
            69.210608
          ],
          [
            22.404522,
            69.210637
          ],
          [
            22.404539,
            69.210666
          ],
          [
            22.40455,
            69.210695
          ],
          [
            22.404559,
            69.210723
          ],
          [
            22.404568,
            69.210754
          ],
          [
            22.404578,
            69.210782
          ],
          [
            22.40458,
            69.210808
          ],
          [
            22.40458,
            69.210811
          ],
          [
            22.404584,
            69.210839
          ],
          [
            22.404589,
            69.210868
          ],
          [
            22.404607,
            69.210898
          ],
          [
            22.404633,
            69.210924
          ],
          [
            22.404637,
            69.210927
          ],
          [
            22.404663,
            69.210949
          ],
          [
            22.404666,
            69.210951
          ],
          [
            22.404697,
            69.210978
          ],
          [
            22.404723,
            69.211004
          ],
          [
            22.404747,
            69.211032
          ],
          [
            22.40477,
            69.211061
          ],
          [
            22.404795,
            69.211091
          ],
          [
            22.404811,
            69.211119
          ],
          [
            22.404816,
            69.211148
          ],
          [
            22.404818,
            69.211179
          ],
          [
            22.404818,
            69.21121
          ],
          [
            22.40482,
            69.211217
          ],
          [
            22.404826,
            69.21124
          ],
          [
            22.404846,
            69.211268
          ],
          [
            22.404858,
            69.211279
          ],
          [
            22.404877,
            69.211297
          ],
          [
            22.404913,
            69.211322
          ],
          [
            22.404956,
            69.211349
          ],
          [
            22.404998,
            69.211375
          ],
          [
            22.405042,
            69.211402
          ],
          [
            22.40509,
            69.211429
          ],
          [
            22.405133,
            69.211453
          ],
          [
            22.405176,
            69.211477
          ],
          [
            22.405226,
            69.211502
          ],
          [
            22.405271,
            69.211526
          ],
          [
            22.40531,
            69.211545
          ],
          [
            22.405317,
            69.211549
          ],
          [
            22.405366,
            69.211576
          ],
          [
            22.40537,
            69.211579
          ],
          [
            22.405395,
            69.211601
          ],
          [
            22.405423,
            69.211632
          ],
          [
            22.405445,
            69.211663
          ],
          [
            22.40547,
            69.211694
          ],
          [
            22.405502,
            69.211722
          ],
          [
            22.405515,
            69.21173
          ],
          [
            22.405542,
            69.211746
          ],
          [
            22.405599,
            69.21177
          ],
          [
            22.405655,
            69.211788
          ],
          [
            22.405721,
            69.211803
          ],
          [
            22.405734,
            69.211805
          ],
          [
            22.405798,
            69.211812
          ],
          [
            22.405868,
            69.211825
          ],
          [
            22.405934,
            69.211842
          ],
          [
            22.405992,
            69.211862
          ],
          [
            22.406048,
            69.211883
          ],
          [
            22.406096,
            69.211905
          ],
          [
            22.406148,
            69.211927
          ],
          [
            22.406201,
            69.21195
          ],
          [
            22.406251,
            69.211973
          ],
          [
            22.406305,
            69.211994
          ],
          [
            22.406362,
            69.212016
          ],
          [
            22.406426,
            69.212035
          ],
          [
            22.406488,
            69.212053
          ],
          [
            22.406556,
            69.212072
          ],
          [
            22.406618,
            69.212088
          ],
          [
            22.406681,
            69.212106
          ],
          [
            22.406738,
            69.212128
          ],
          [
            22.406789,
            69.212149
          ],
          [
            22.406843,
            69.212172
          ],
          [
            22.406896,
            69.212193
          ],
          [
            22.406951,
            69.212214
          ],
          [
            22.407007,
            69.212236
          ],
          [
            22.407063,
            69.212255
          ],
          [
            22.407126,
            69.212276
          ],
          [
            22.407189,
            69.212298
          ],
          [
            22.407244,
            69.212318
          ],
          [
            22.407297,
            69.21234
          ],
          [
            22.407352,
            69.212359
          ],
          [
            22.407414,
            69.212379
          ],
          [
            22.407474,
            69.212397
          ],
          [
            22.407539,
            69.212413
          ],
          [
            22.407608,
            69.212429
          ],
          [
            22.407677,
            69.212446
          ],
          [
            22.407745,
            69.212462
          ],
          [
            22.407817,
            69.212478
          ],
          [
            22.407882,
            69.212493
          ],
          [
            22.407946,
            69.212512
          ],
          [
            22.408003,
            69.21253
          ],
          [
            22.408066,
            69.212549
          ],
          [
            22.408126,
            69.212565
          ],
          [
            22.40819,
            69.212584
          ],
          [
            22.408248,
            69.212602
          ],
          [
            22.408313,
            69.21262
          ],
          [
            22.408377,
            69.212639
          ],
          [
            22.408442,
            69.212657
          ],
          [
            22.408509,
            69.212675
          ],
          [
            22.408579,
            69.212694
          ],
          [
            22.408648,
            69.212711
          ],
          [
            22.408715,
            69.212728
          ],
          [
            22.408785,
            69.212743
          ],
          [
            22.408858,
            69.212758
          ],
          [
            22.408927,
            69.212771
          ],
          [
            22.409002,
            69.212785
          ],
          [
            22.40908,
            69.212799
          ],
          [
            22.409149,
            69.212811
          ],
          [
            22.409218,
            69.212824
          ],
          [
            22.409292,
            69.212839
          ],
          [
            22.409366,
            69.212854
          ],
          [
            22.409437,
            69.21287
          ],
          [
            22.409505,
            69.212885
          ],
          [
            22.409573,
            69.212901
          ],
          [
            22.40964,
            69.212918
          ],
          [
            22.4097,
            69.212935
          ],
          [
            22.409765,
            69.212951
          ],
          [
            22.409837,
            69.21297
          ],
          [
            22.409905,
            69.212986
          ],
          [
            22.409975,
            69.213004
          ],
          [
            22.410043,
            69.213024
          ],
          [
            22.410112,
            69.21304
          ],
          [
            22.410177,
            69.213056
          ],
          [
            22.410249,
            69.213073
          ],
          [
            22.410321,
            69.213088
          ],
          [
            22.410396,
            69.213102
          ],
          [
            22.41047,
            69.213117
          ],
          [
            22.41054,
            69.213132
          ],
          [
            22.410604,
            69.213147
          ],
          [
            22.41067,
            69.213162
          ],
          [
            22.410738,
            69.213174
          ],
          [
            22.410811,
            69.213189
          ],
          [
            22.410875,
            69.213204
          ],
          [
            22.410945,
            69.213218
          ],
          [
            22.411014,
            69.213234
          ],
          [
            22.411083,
            69.213251
          ],
          [
            22.411146,
            69.213269
          ],
          [
            22.411213,
            69.213283
          ],
          [
            22.411288,
            69.213296
          ],
          [
            22.411369,
            69.21331
          ],
          [
            22.411443,
            69.21332
          ],
          [
            22.411512,
            69.213332
          ],
          [
            22.411515,
            69.213333
          ],
          [
            22.411584,
            69.213346
          ],
          [
            22.411652,
            69.21336
          ],
          [
            22.411716,
            69.213376
          ],
          [
            22.411777,
            69.213395
          ],
          [
            22.41184,
            69.213412
          ],
          [
            22.411898,
            69.213432
          ],
          [
            22.411959,
            69.213448
          ],
          [
            22.412026,
            69.213462
          ],
          [
            22.412094,
            69.213476
          ],
          [
            22.412169,
            69.21349
          ],
          [
            22.412242,
            69.213501
          ],
          [
            22.412311,
            69.213512
          ],
          [
            22.41238,
            69.213527
          ],
          [
            22.412452,
            69.213541
          ],
          [
            22.412519,
            69.21356
          ],
          [
            22.412575,
            69.21358
          ],
          [
            22.412639,
            69.213596
          ],
          [
            22.412703,
            69.213612
          ],
          [
            22.412778,
            69.21363
          ],
          [
            22.412847,
            69.213643
          ],
          [
            22.412916,
            69.213657
          ],
          [
            22.412993,
            69.213676
          ],
          [
            22.413062,
            69.213696
          ],
          [
            22.413129,
            69.213717
          ],
          [
            22.413199,
            69.213734
          ],
          [
            22.413275,
            69.213751
          ],
          [
            22.413346,
            69.213766
          ],
          [
            22.413415,
            69.21378
          ],
          [
            22.413482,
            69.213795
          ],
          [
            22.413546,
            69.21381
          ],
          [
            22.413619,
            69.213829
          ],
          [
            22.413677,
            69.213847
          ],
          [
            22.41374,
            69.213871
          ],
          [
            22.413798,
            69.213892
          ],
          [
            22.413857,
            69.213913
          ],
          [
            22.413915,
            69.213931
          ],
          [
            22.413981,
            69.213949
          ],
          [
            22.414045,
            69.213964
          ],
          [
            22.414111,
            69.213979
          ],
          [
            22.414181,
            69.213994
          ],
          [
            22.414257,
            69.214009
          ],
          [
            22.414336,
            69.214025
          ],
          [
            22.414404,
            69.21404
          ],
          [
            22.414478,
            69.214055
          ],
          [
            22.414547,
            69.214069
          ],
          [
            22.414621,
            69.214085
          ],
          [
            22.414686,
            69.2141
          ],
          [
            22.414753,
            69.214117
          ],
          [
            22.414817,
            69.214135
          ],
          [
            22.414885,
            69.214156
          ],
          [
            22.414946,
            69.214174
          ],
          [
            22.415011,
            69.214191
          ],
          [
            22.415081,
            69.214209
          ],
          [
            22.41515,
            69.214224
          ],
          [
            22.415216,
            69.214239
          ],
          [
            22.415285,
            69.214253
          ],
          [
            22.415365,
            69.214264
          ],
          [
            22.415437,
            69.214273
          ],
          [
            22.41552,
            69.214284
          ],
          [
            22.415593,
            69.214293
          ],
          [
            22.415668,
            69.214303
          ],
          [
            22.415739,
            69.214313
          ],
          [
            22.415818,
            69.214319
          ],
          [
            22.415878,
            69.214329
          ],
          [
            22.415894,
            69.214331
          ],
          [
            22.415966,
            69.214347
          ],
          [
            22.416031,
            69.214363
          ],
          [
            22.416102,
            69.214381
          ],
          [
            22.416169,
            69.2144
          ],
          [
            22.416229,
            69.214417
          ],
          [
            22.416299,
            69.214436
          ],
          [
            22.416363,
            69.214454
          ],
          [
            22.416424,
            69.214472
          ],
          [
            22.416488,
            69.214488
          ],
          [
            22.416557,
            69.214508
          ],
          [
            22.416617,
            69.214526
          ],
          [
            22.416686,
            69.214546
          ],
          [
            22.416743,
            69.214564
          ],
          [
            22.416806,
            69.214584
          ],
          [
            22.416864,
            69.214602
          ],
          [
            22.416922,
            69.214621
          ],
          [
            22.416992,
            69.214641
          ],
          [
            22.417026,
            69.21465
          ],
          [
            22.417052,
            69.214658
          ],
          [
            22.417111,
            69.214675
          ],
          [
            22.417175,
            69.214694
          ],
          [
            22.417245,
            69.214713
          ],
          [
            22.41731,
            69.21473
          ],
          [
            22.417378,
            69.214749
          ],
          [
            22.417437,
            69.214766
          ],
          [
            22.417503,
            69.214783
          ],
          [
            22.417567,
            69.214801
          ],
          [
            22.417642,
            69.214823
          ],
          [
            22.417704,
            69.214841
          ],
          [
            22.417763,
            69.214859
          ],
          [
            22.41782,
            69.214878
          ],
          [
            22.417827,
            69.21488
          ],
          [
            22.417888,
            69.214898
          ],
          [
            22.417957,
            69.214918
          ],
          [
            22.418025,
            69.214939
          ],
          [
            22.41809,
            69.21496
          ],
          [
            22.418149,
            69.214979
          ],
          [
            22.41821,
            69.214999
          ],
          [
            22.418275,
            69.21502
          ],
          [
            22.418337,
            69.215039
          ],
          [
            22.418403,
            69.215059
          ],
          [
            22.41847,
            69.215079
          ],
          [
            22.418532,
            69.215098
          ],
          [
            22.418592,
            69.215117
          ],
          [
            22.418651,
            69.215137
          ],
          [
            22.418717,
            69.215157
          ],
          [
            22.418781,
            69.215178
          ],
          [
            22.418838,
            69.215197
          ],
          [
            22.418899,
            69.215217
          ],
          [
            22.41896,
            69.215237
          ],
          [
            22.419014,
            69.215258
          ],
          [
            22.419067,
            69.215279
          ],
          [
            22.41912,
            69.215301
          ],
          [
            22.419173,
            69.215321
          ],
          [
            22.419228,
            69.215341
          ],
          [
            22.419281,
            69.215361
          ],
          [
            22.419336,
            69.215381
          ],
          [
            22.419392,
            69.215403
          ],
          [
            22.419443,
            69.215424
          ],
          [
            22.419496,
            69.215446
          ],
          [
            22.419541,
            69.215468
          ],
          [
            22.419588,
            69.215491
          ],
          [
            22.41965,
            69.215513
          ],
          [
            22.419708,
            69.215532
          ],
          [
            22.419766,
            69.215549
          ],
          [
            22.419835,
            69.215568
          ],
          [
            22.419901,
            69.215585
          ],
          [
            22.419967,
            69.215601
          ],
          [
            22.420036,
            69.215618
          ],
          [
            22.420106,
            69.215634
          ],
          [
            22.420176,
            69.215648
          ],
          [
            22.420258,
            69.21566
          ],
          [
            22.420325,
            69.215673
          ],
          [
            22.42039,
            69.215691
          ],
          [
            22.420453,
            69.21571
          ],
          [
            22.420511,
            69.215731
          ],
          [
            22.420571,
            69.215754
          ],
          [
            22.420624,
            69.215774
          ],
          [
            22.420672,
            69.215796
          ],
          [
            22.42072,
            69.215818
          ],
          [
            22.42077,
            69.215842
          ],
          [
            22.420815,
            69.215866
          ],
          [
            22.420855,
            69.215891
          ],
          [
            22.420892,
            69.215915
          ],
          [
            22.42093,
            69.215942
          ],
          [
            22.420965,
            69.215969
          ],
          [
            22.420971,
            69.215972
          ],
          [
            22.421012,
            69.215995
          ],
          [
            22.421056,
            69.216016
          ],
          [
            22.421106,
            69.216037
          ],
          [
            22.421155,
            69.21606
          ],
          [
            22.4212,
            69.216083
          ],
          [
            22.421318,
            69.216132
          ],
          [
            22.421371,
            69.216155
          ],
          [
            22.42143,
            69.216178
          ],
          [
            22.421492,
            69.216203
          ],
          [
            22.421559,
            69.21623
          ],
          [
            22.421615,
            69.216253
          ],
          [
            22.421671,
            69.216275
          ],
          [
            22.421724,
            69.216295
          ],
          [
            22.421784,
            69.21632
          ],
          [
            22.42184,
            69.216344
          ],
          [
            22.421894,
            69.21637
          ],
          [
            22.421941,
            69.216392
          ],
          [
            22.421995,
            69.216419
          ],
          [
            22.422044,
            69.216441
          ],
          [
            22.422092,
            69.216464
          ],
          [
            22.422144,
            69.216491
          ],
          [
            22.422184,
            69.216515
          ],
          [
            22.422225,
            69.216542
          ],
          [
            22.422273,
            69.21657
          ],
          [
            22.422319,
            69.2166
          ],
          [
            22.422354,
            69.216627
          ],
          [
            22.422391,
            69.216658
          ],
          [
            22.422425,
            69.21669
          ],
          [
            22.422461,
            69.216721
          ],
          [
            22.422496,
            69.216748
          ],
          [
            22.422531,
            69.216779
          ],
          [
            22.422556,
            69.216811
          ],
          [
            22.422588,
            69.216842
          ],
          [
            22.422625,
            69.216874
          ],
          [
            22.422658,
            69.216898
          ],
          [
            22.422692,
            69.216923
          ],
          [
            22.422728,
            69.21695
          ],
          [
            22.42276,
            69.216975
          ],
          [
            22.422793,
            69.216999
          ],
          [
            22.422828,
            69.217026
          ],
          [
            22.422861,
            69.217051
          ],
          [
            22.422893,
            69.217075
          ],
          [
            22.422924,
            69.2171
          ],
          [
            22.422959,
            69.217127
          ],
          [
            22.422991,
            69.217151
          ],
          [
            22.423028,
            69.217183
          ],
          [
            22.423066,
            69.217214
          ],
          [
            22.423099,
            69.217241
          ],
          [
            22.423135,
            69.217272
          ],
          [
            22.42317,
            69.217303
          ],
          [
            22.423204,
            69.217335
          ],
          [
            22.423232,
            69.217366
          ],
          [
            22.423261,
            69.217398
          ],
          [
            22.423289,
            69.217429
          ],
          [
            22.423315,
            69.217461
          ],
          [
            22.423338,
            69.217487
          ],
          [
            22.423364,
            69.217519
          ],
          [
            22.42339,
            69.21755
          ],
          [
            22.423417,
            69.217582
          ],
          [
            22.423442,
            69.217613
          ],
          [
            22.423465,
            69.217644
          ],
          [
            22.423493,
            69.21768
          ],
          [
            22.423515,
            69.217707
          ],
          [
            22.423537,
            69.217734
          ],
          [
            22.423571,
            69.217765
          ],
          [
            22.423601,
            69.21779
          ],
          [
            22.423632,
            69.217815
          ],
          [
            22.423669,
            69.217846
          ],
          [
            22.423701,
            69.217873
          ],
          [
            22.42374,
            69.217904
          ],
          [
            22.423778,
            69.217935
          ],
          [
            22.423815,
            69.217967
          ],
          [
            22.423853,
            69.217998
          ],
          [
            22.423886,
            69.218022
          ],
          [
            22.423923,
            69.218049
          ],
          [
            22.423969,
            69.218077
          ],
          [
            22.424008,
            69.218101
          ],
          [
            22.424055,
            69.21813
          ],
          [
            22.424099,
            69.218161
          ],
          [
            22.424138,
            69.218191
          ],
          [
            22.424176,
            69.218217
          ],
          [
            22.424219,
            69.218245
          ],
          [
            22.424268,
            69.218268
          ],
          [
            22.424317,
            69.218292
          ],
          [
            22.424368,
            69.218317
          ],
          [
            22.424406,
            69.218346
          ],
          [
            22.424429,
            69.218373
          ],
          [
            22.424459,
            69.218401
          ],
          [
            22.424481,
            69.218429
          ],
          [
            22.424505,
            69.218458
          ],
          [
            22.424531,
            69.218485
          ],
          [
            22.424556,
            69.218514
          ],
          [
            22.424583,
            69.218542
          ],
          [
            22.424614,
            69.218567
          ],
          [
            22.424643,
            69.218592
          ],
          [
            22.424678,
            69.218618
          ],
          [
            22.424717,
            69.218646
          ],
          [
            22.424758,
            69.218672
          ],
          [
            22.424804,
            69.218698
          ],
          [
            22.424855,
            69.218725
          ],
          [
            22.4249,
            69.218748
          ],
          [
            22.424955,
            69.218772
          ],
          [
            22.425016,
            69.218795
          ],
          [
            22.42508,
            69.21882
          ],
          [
            22.425136,
            69.218842
          ],
          [
            22.425191,
            69.218865
          ],
          [
            22.425242,
            69.218889
          ],
          [
            22.425299,
            69.218911
          ],
          [
            22.42535,
            69.218931
          ],
          [
            22.425401,
            69.218952
          ],
          [
            22.425455,
            69.218974
          ],
          [
            22.425507,
            69.218994
          ],
          [
            22.425569,
            69.219019
          ],
          [
            22.425631,
            69.219045
          ],
          [
            22.425685,
            69.219069
          ],
          [
            22.425741,
            69.219096
          ],
          [
            22.425795,
            69.219124
          ],
          [
            22.425845,
            69.219149
          ],
          [
            22.425902,
            69.219173
          ],
          [
            22.425953,
            69.219196
          ],
          [
            22.426,
            69.219218
          ],
          [
            22.426045,
            69.219239
          ],
          [
            22.426091,
            69.219261
          ],
          [
            22.426143,
            69.219288
          ],
          [
            22.426188,
            69.219313
          ],
          [
            22.426228,
            69.219336
          ],
          [
            22.426268,
            69.219361
          ],
          [
            22.42631,
            69.219387
          ],
          [
            22.426347,
            69.219412
          ],
          [
            22.426384,
            69.219437
          ],
          [
            22.426423,
            69.219463
          ],
          [
            22.426459,
            69.219488
          ],
          [
            22.426496,
            69.219512
          ],
          [
            22.426532,
            69.219538
          ],
          [
            22.426571,
            69.219565
          ],
          [
            22.426608,
            69.21959
          ],
          [
            22.426644,
            69.219614
          ],
          [
            22.42668,
            69.219639
          ],
          [
            22.426722,
            69.219665
          ],
          [
            22.42677,
            69.219695
          ],
          [
            22.426821,
            69.219723
          ],
          [
            22.426873,
            69.219751
          ],
          [
            22.426925,
            69.219779
          ],
          [
            22.426979,
            69.219807
          ],
          [
            22.427024,
            69.219828
          ],
          [
            22.427083,
            69.219855
          ],
          [
            22.427142,
            69.219881
          ],
          [
            22.427203,
            69.219905
          ],
          [
            22.427257,
            69.219925
          ],
          [
            22.427319,
            69.219948
          ],
          [
            22.427385,
            69.219972
          ],
          [
            22.427447,
            69.219991
          ],
          [
            22.427514,
            69.220008
          ],
          [
            22.42758,
            69.220023
          ],
          [
            22.427631,
            69.220033
          ],
          [
            22.427947,
            69.220121
          ],
          [
            22.428484,
            69.22027
          ],
          [
            22.428581,
            69.220297
          ],
          [
            22.428655,
            69.220304
          ],
          [
            22.428742,
            69.220309
          ],
          [
            22.428829,
            69.220309
          ],
          [
            22.428916,
            69.220304
          ],
          [
            22.429001,
            69.2203
          ],
          [
            22.429089,
            69.2203
          ],
          [
            22.429175,
            69.220308
          ],
          [
            22.429249,
            69.220315
          ],
          [
            22.429336,
            69.220322
          ],
          [
            22.429423,
            69.220323
          ],
          [
            22.429509,
            69.220318
          ],
          [
            22.429581,
            69.220297
          ],
          [
            22.429625,
            69.220266
          ],
          [
            22.429662,
            69.220235
          ],
          [
            22.429699,
            69.220204
          ],
          [
            22.429736,
            69.220173
          ],
          [
            22.429768,
            69.220147
          ],
          [
            22.429802,
            69.220123
          ],
          [
            22.429844,
            69.220099
          ],
          [
            22.429899,
            69.220073
          ],
          [
            22.429951,
            69.220052
          ],
          [
            22.430015,
            69.220032
          ],
          [
            22.430073,
            69.22001
          ],
          [
            22.430135,
            69.219989
          ],
          [
            22.4302,
            69.219967
          ],
          [
            22.43027,
            69.219949
          ],
          [
            22.430341,
            69.219937
          ],
          [
            22.430419,
            69.219925
          ],
          [
            22.430493,
            69.219916
          ],
          [
            22.430581,
            69.219907
          ],
          [
            22.430669,
            69.219899
          ],
          [
            22.430756,
            69.21989
          ],
          [
            22.430831,
            69.219883
          ],
          [
            22.430917,
            69.219879
          ],
          [
            22.431004,
            69.21988
          ],
          [
            22.431091,
            69.21988
          ],
          [
            22.431178,
            69.21988
          ],
          [
            22.431265,
            69.21988
          ],
          [
            22.431352,
            69.219875
          ],
          [
            22.43144,
            69.219867
          ],
          [
            22.431514,
            69.219858
          ],
          [
            22.431601,
            69.219854
          ],
          [
            22.431688,
            69.219855
          ],
          [
            22.431769,
            69.219863
          ],
          [
            22.431861,
            69.219875
          ],
          [
            22.431948,
            69.219885
          ],
          [
            22.432034,
            69.219894
          ],
          [
            22.432121,
            69.219901
          ],
          [
            22.432208,
            69.219906
          ],
          [
            22.432282,
            69.219913
          ],
          [
            22.432362,
            69.21992
          ],
          [
            22.432456,
            69.219924
          ],
          [
            22.432542,
            69.219924
          ],
          [
            22.432629,
            69.219925
          ],
          [
            22.432716,
            69.219925
          ],
          [
            22.432803,
            69.219924
          ],
          [
            22.43289,
            69.219921
          ],
          [
            22.432984,
            69.219917
          ],
          [
            22.433069,
            69.219916
          ],
          [
            22.433152,
            69.219916
          ],
          [
            22.433226,
            69.219923
          ],
          [
            22.433295,
            69.219942
          ],
          [
            22.433349,
            69.219963
          ],
          [
            22.433403,
            69.219986
          ],
          [
            22.433566,
            69.220039
          ],
          [
            22.433615,
            69.220049
          ],
          [
            22.433655,
            69.220054
          ],
          [
            22.4337,
            69.220059
          ],
          [
            22.433787,
            69.220061
          ],
          [
            22.433874,
            69.220061
          ],
          [
            22.43396,
            69.220067
          ],
          [
            22.434047,
            69.220075
          ],
          [
            22.434121,
            69.220083
          ],
          [
            22.434206,
            69.220094
          ],
          [
            22.43429,
            69.220106
          ],
          [
            22.434373,
            69.220118
          ],
          [
            22.434453,
            69.220134
          ],
          [
            22.434532,
            69.220151
          ],
          [
            22.434615,
            69.220165
          ],
          [
            22.434688,
            69.220175
          ],
          [
            22.434773,
            69.220186
          ],
          [
            22.434852,
            69.220197
          ],
          [
            22.434925,
            69.220206
          ],
          [
            22.435001,
            69.220216
          ],
          [
            22.435075,
            69.220223
          ],
          [
            22.435162,
            69.220225
          ],
          [
            22.435248,
            69.220226
          ],
          [
            22.435335,
            69.220226
          ],
          [
            22.435422,
            69.220226
          ],
          [
            22.435509,
            69.220227
          ],
          [
            22.435596,
            69.22023
          ],
          [
            22.435683,
            69.220237
          ],
          [
            22.435769,
            69.220245
          ],
          [
            22.435843,
            69.220253
          ],
          [
            22.43593,
            69.220261
          ],
          [
            22.436018,
            69.220267
          ],
          [
            22.436104,
            69.220268
          ],
          [
            22.436195,
            69.220269
          ],
          [
            22.43628,
            69.220266
          ],
          [
            22.436366,
            69.220256
          ],
          [
            22.436455,
            69.220246
          ],
          [
            22.43654,
            69.220235
          ],
          [
            22.436603,
            69.220217
          ],
          [
            22.436675,
            69.220195
          ],
          [
            22.436746,
            69.220178
          ],
          [
            22.436819,
            69.220168
          ],
          [
            22.436907,
            69.220161
          ],
          [
            22.437,
            69.220164
          ],
          [
            22.437086,
            69.220169
          ],
          [
            22.437173,
            69.220173
          ],
          [
            22.43726,
            69.220174
          ],
          [
            22.437362,
            69.220175
          ],
          [
            22.437443,
            69.220177
          ],
          [
            22.437523,
            69.220183
          ],
          [
            22.43761,
            69.220192
          ],
          [
            22.437696,
            69.220198
          ],
          [
            22.437782,
            69.220204
          ],
          [
            22.437856,
            69.22021
          ],
          [
            22.437943,
            69.220215
          ],
          [
            22.438031,
            69.220218
          ],
          [
            22.438118,
            69.220222
          ],
          [
            22.438205,
            69.220226
          ],
          [
            22.438291,
            69.220233
          ],
          [
            22.438378,
            69.220242
          ],
          [
            22.438465,
            69.22025
          ],
          [
            22.438551,
            69.220257
          ],
          [
            22.438638,
            69.220263
          ],
          [
            22.438731,
            69.220268
          ],
          [
            22.438818,
            69.220272
          ],
          [
            22.438904,
            69.220276
          ],
          [
            22.43899,
            69.22028
          ],
          [
            22.439077,
            69.220284
          ],
          [
            22.439166,
            69.220287
          ],
          [
            22.439252,
            69.220293
          ],
          [
            22.439339,
            69.2203
          ],
          [
            22.439432,
            69.220305
          ],
          [
            22.439519,
            69.220305
          ],
          [
            22.439606,
            69.220305
          ],
          [
            22.439693,
            69.220306
          ],
          [
            22.439716,
            69.220306
          ],
          [
            22.43978,
            69.220306
          ],
          [
            22.439866,
            69.220306
          ],
          [
            22.439953,
            69.220308
          ],
          [
            22.440038,
            69.220316
          ],
          [
            22.440119,
            69.220326
          ],
          [
            22.440191,
            69.220338
          ],
          [
            22.440277,
            69.220346
          ],
          [
            22.440355,
            69.220352
          ],
          [
            22.440431,
            69.22036
          ],
          [
            22.440509,
            69.220368
          ],
          [
            22.440581,
            69.220376
          ],
          [
            22.440657,
            69.220381
          ],
          [
            22.44074,
            69.220392
          ],
          [
            22.440819,
            69.220405
          ],
          [
            22.440899,
            69.220409
          ],
          [
            22.440978,
            69.220407
          ],
          [
            22.441058,
            69.220403
          ],
          [
            22.441137,
            69.220396
          ],
          [
            22.441208,
            69.220387
          ],
          [
            22.44128,
            69.220377
          ],
          [
            22.441363,
            69.220366
          ],
          [
            22.441456,
            69.220361
          ],
          [
            22.441543,
            69.220361
          ],
          [
            22.44163,
            69.220361
          ],
          [
            22.44171,
            69.220361
          ],
          [
            22.441804,
            69.220362
          ],
          [
            22.44189,
            69.220362
          ],
          [
            22.441977,
            69.220363
          ],
          [
            22.442065,
            69.220363
          ],
          [
            22.442151,
            69.220363
          ],
          [
            22.442239,
            69.220364
          ],
          [
            22.442331,
            69.220365
          ],
          [
            22.442419,
            69.220367
          ],
          [
            22.442505,
            69.220378
          ],
          [
            22.442583,
            69.22039
          ],
          [
            22.442652,
            69.220403
          ],
          [
            22.442729,
            69.220421
          ],
          [
            22.442777,
            69.220456
          ],
          [
            22.442811,
            69.220481
          ],
          [
            22.442824,
            69.220476
          ],
          [
            22.44325,
            69.220327
          ],
          [
            22.443843,
            69.219966
          ],
          [
            22.444523,
            69.219446
          ],
          [
            22.444727,
            69.219289
          ],
          [
            22.445257,
            69.218804
          ],
          [
            22.445434,
            69.218642
          ],
          [
            22.445936,
            69.217938
          ],
          [
            22.446249,
            69.217626
          ],
          [
            22.446313,
            69.217562
          ],
          [
            22.446481,
            69.217394
          ],
          [
            22.446767,
            69.217109
          ],
          [
            22.447958,
            69.216066
          ],
          [
            22.44822,
            69.215907
          ],
          [
            22.449086,
            69.215379
          ],
          [
            22.45,
            69.214932
          ],
          [
            22.450518,
            69.214678
          ],
          [
            22.450554,
            69.214668
          ],
          [
            22.452048,
            69.214259
          ],
          [
            22.454302,
            69.213963
          ],
          [
            22.456594,
            69.213776
          ],
          [
            22.458909,
            69.213602
          ],
          [
            22.459373,
            69.213567
          ],
          [
            22.461236,
            69.213401
          ],
          [
            22.461449,
            69.213382
          ],
          [
            22.462203,
            69.213354
          ],
          [
            22.462882,
            69.213348
          ],
          [
            22.46317,
            69.21334
          ],
          [
            22.463344,
            69.213336
          ],
          [
            22.463575,
            69.213309
          ],
          [
            22.463554,
            69.21326
          ]
        ]
      }
    }
  ]
}
