{"type":"FeatureCollection","crs":{"type":"name","properties":{"name":"EPSG:3006"}},"features":[{"type":"Feature","geometry":{"type":"MultiLineString","coordinates":[[[562283.5801,7344120.1457],[562274.335,7344116.1622],[562266.3275,7344113.7859],[562260.3521,7344112.38],[562256.7786,7344109.8023],[562253.3223,7344106.8147],[562250.2174,7344104.6471],[562245.9409,7344103.124],[562240.8443,7344101.718],[562238.4905,7344101.0471],[562235.4547,7344096.8557],[562232.0569,7344094.3366],[562229.4207,7344092.462],[562226.9603,7344091.4075],[562223.3867,7344090.2945],[562220.5989,7344089.5376],[562218.6305,7344087.9567],[562215.9293,7344085.3886],[562214.3475,7344083.4847],[562211.4696,7344078.796],[562209.1814,7344077.076],[562204.4668,7344074.3885],[562201.2418,7344072.73],[562193.7113,7344069.4532],[562188.0386,7344066.4648],[562184.7353,7344063.4969],[562175.9796,7344056.943],[562171.0728,7344053.2119],[562166.7963,7344050.81],[562162.7541,7344049.0525],[562146.0795,7344043.0603],[562141.1579,7344041.3039],[562134.9603,7344039.0092],[562130.9204,7344034.9115],[562129.6348,7344032.9992],[562113.883,7344022.5119],[562111.4076,7344020.4891],[562107.4405,7344017.9027],[562097.7376,7344012.163],[562075.494,7344001.749],[562069.3992,7344000.1173],[562055.1827,7344000.0845],[562049.1456,7343999.2821],[562044.54,7343996.566],[562036.8861,7343995.059],[562026.4566,7343993.943],[562018.939,7343994.5936],[562015.5069,7343995.7099],[562011.5945,7343997.0459],[562008.1152,7343997.1899],[562004.9478,7343996.518],[562001.1326,7343993.9745],[561996.0398,7343990.4217]]]},"properties":{"GmlID":"LED.2800832","OBJECTID":2800832,"Geometrikvalitet":"<= 20 meter","Led_ID":"30467012","Lednamn":"Vandringsled BD88 mellan Adolfström och Länsgränsen","Beskrivning":"Vandringsled BD88 mellan Adolfström och Länsgränsen","Ledmarkering":"Målade fläckar på stenar och rösen ","Typ_av_led":"Vandringsled","Ledkategori":"Barmarksled","Statlig_led":"Adolfström - Länsgränsen (BD 88)","Statlig_led_ID":"BD 88","Skyddat_område":null,"Skyddat_område_ID":null,"Längd_på_led_m":36040,"Kommun":"Arjeplog","Län":"Norrbottens Län","Längd_på_delsträcka_m":326.52380518}},{"type":"Feature","geometry":{"type":"MultiLineString","coordinates":[[[562283.5801,7344120.1457],[562280.187,7344134.89],[562276.7203,7344145.6005],[562273.6097,7344153.2042],[562271.2054,7344162.4406],[562269.7435,7344168.9092],[562265.7307,7344177.582],[562258.9572,7344188.1085],[562246.5419,7344204.4731],[562245.2456,7344208.8501],[562239.8339,7344217.3622],[562235.8879,7344225.2543],[562231.5399,7344229.0466],[562223.67,7344242.446],[562197.677,7344276.691],[562185.732,7344290.075],[562182.306,7344300.224],[562161.068,7344323.514],[562157.8651,7344328.9079],[562155.5242,7344331.875],[562153.6223,7344335.6965],[562152.803,7344343.5251],[562151.6102,7344347.6482],[562148.4198,7344355.7647],[562147.6627,7344359.9816],[562147.8042,7344364.3398],[562148.9399,7344372.7292],[562149.1241,7344377.0416],[562148.0375,7344381.3073],[562148.9686,7344390.7577],[562136.0549,7344414.7436],[562134.7414,7344418.1605],[562130.1784,7344420.2198],[562124.4039,7344426.1998],[562114.1,7344432.577],[562105.0898,7344446.4061],[562099.6113,7344467.4347],[562098.1362,7344469.9708],[562093.5538,7344474.7955],[562086.0479,7344482.4844],[562084.3803,7344486.4583],[562082.5887,7344491.0966],[562081.0555,7344498.8571],[562077.4939,7344508.3965],[562072.7822,7344519.9262],[562067.5347,7344528.3532],[562064.7863,7344531.8441],[562061.5551,7344534.8102],[562057.0696,7344542.3001],[562052.6751,7344551.2102],[562050.5753,7344554.7668],[562045.2909,7344559.8062],[562043.2896,7344563.0243],[562038.6666,7344570.0813],[562033.4449,7344581.368],[562031.0191,7344585.4641],[562026.0011,7344591.2694],[562016.5542,7344609.379],[562013.9024,7344612.0869],[562006.2121,7344623.4221],[562002.0295,7344633.4514],[561998.3867,7344643.6081],[561995.4981,7344649.7502],[561991.0714,7344664.0043],[561987.6085,7344670.8252],[561986.0852,7344674.5486],[561984.3227,7344681.2924],[561981.9512,7344685.2893],[561977.704,7344692.7143],[561974.6583,7344700.1848],[561973.7507,7344704.9605],[561973.2067,7344711.3828],[561971.9873,7344716.635],[561969.3411,7344736.3104],[561964.979,7344756.0471],[561965.1167,7344761.7403],[561963.9078,7344765.0689],[561959.8665,7344772.2883],[561954.4821,7344778.8239],[561948.1349,7344792.2542],[561943.1123,7344798.2932],[561939.1975,7344805.9454],[561938.1142,7344809.9122],[561936.6876,7344816.9648],[561937.6569,7344821.3445],[561942.9019,7344825.964],[561950.197,7344834.912],[561949.7806,7344836.1403],[561950.436,7344838.7622],[561949.7515,7344841.5789],[561950.3558,7344845.1529],[561948.647,7344851.2253],[561949.2309,7344856.5998],[561949.9263,7344861.9682],[561947.6966,7344876.0006],[561948.6166,7344891.5703],[561947.1173,7344895.6511],[561940.4748,7344914.9721],[561940.0793,7344922.6642],[561936.3344,7344929.1144],[561932.4202,7344934.4799],[561931.5179,7344937.6366],[561929.7778,7344948.0444],[561928.5447,7344952.1842],[561926.6069,7344956.7644],[561926.2545,7344962.3135],[561924.9405,7344971.1624],[561924.4079,7344974.2816],[561921.5919,7344980.5279],[561921.1727,7344983.8084],[561920.5553,7344985.5911],[561920.659,7344988.0213],[561919.8624,7344991.5425],[561918.3832,7344993.8154],[561915.2573,7344998.0427],[561908.6144,7345006.0423],[561905.1065,7345012.2874],[561891.8585,7345040.8175],[561887.1035,7345053.236],[561886.9704,7345056.5603],[561888.1154,7345062.9022],[561887.0585,7345070.1248],[561884.8868,7345074.9817],[561881.8619,7345080.4833],[561881.295,7345089.2779],[561882.233,7345093.8598],[561881.8362,7345097.7923],[561880.9342,7345105.8016],[561879.924,7345110.6361],[561879.4189,7345118.7897],[561877.6511,7345127.1598],[561878.1562,7345132.4272],[561877.9758,7345135.2413],[561873.6707,7345148.4562],[561872.8166,7345159.8104],[561872.2033,7345164.212],[561865.601,7345184.7043],[561863.7768,7345193.0473],[561863.4386,7345196.2041],[561864.3969,7345201.2776],[561864.2221,7345208.0118],[561866.4413,7345216.2287],[561866.4113,7345219.8075],[561867.5321,7345223.0563],[561867.508,7345226.7286],[561867.7503,7345230.8087],[561868.3723,7345234.6074],[561869.4314,7345238.2568],[561870.7927,7345241.7165],[561871.0182,7345244.0856],[561872.4018,7345247.5026],[561872.5709,7345253.8726],[561873.999,7345277.632],[561874.37,7345300.773],[561874.0929,7345302.8034],[561882.9997,7345334.259],[561882.8306,7345344.6878],[561884.6373,7345348.1547],[561884.6345,7345352.3543],[561885.0291,7345357.7661],[561884.6345,7345362.3322],[561884.9727,7345367.6311],[561885.0291,7345374.734],[561885.1564,7345381.3831],[561886.2129,7345387.5868],[561885.1618,7345393.1117],[561885.2049,7345402.584],[561886.1565,7345407.9371],[561884.0707,7345425.807],[561883.9016,7345432.9662],[561883.1124,7345438.0397],[561882.376,7345443.8468],[561881.8667,7345450.0318],[561880.3289,7345456.3251],[561878.8896,7345476.5081],[561878.9687,7345484.4677],[561877.5955,7345495.4047],[561877.1477,7345509.5221],[561876.9037,7345524.4825],[561875.3331,7345550.6707],[561874.4687,7345562.3444],[561873.6718,7345572.1772],[561873.3297,7345575.3846],[561872.6149,7345578.2194],[561869.2245,7345588.8363],[561868.4059,7345592.7903],[561867.2299,7345599.4466],[561866.5565,7345606.2354],[561866.8279,7345609.8488],[561867.4767,7345613.106],[561866.6063,7345617.1897],[561867.3162,7345621.0766],[561872.2249,7345632.1915],[561874.3175,7345634.7981],[561882.3149,7345641.7868],[561885.003,7345645.2758],[561891.915,7345658.9136],[561894.5105,7345663.6444],[561895.825,7345667.8965],[561896.131,7345675.0807],[561896.8355,7345679.8223],[561895.9546,7345690.7444],[561894.7729,7345701.5058],[561891.3613,7345712.7605],[561887.4108,7345728.6193],[561886.4419,7345738.9248],[561887.5156,7345748.7315],[561888.2332,7345762.7565],[561889.2749,7345767.013],[561893.4858,7345778.0817],[561894.8786,7345783.0145],[561906.097,7345808.6814],[561914.7215,7345830.5155],[561917.2018,7345842.7679],[561920.7389,7345854.2738],[561924.4544,7345860.7667],[561928.0162,7345868.9325],[561928.9851,7345876.7717],[561927.6605,7345882.8743],[561928.7503,7345894.543],[561930.7384,7345902.0633],[561933.1608,7345914.8734],[561937.0969,7345925.7355],[561937.9634,7345929.549],[561942.4615,7345947.0604],[561946.6013,7345969.7854],[561945.7875,7345975.9074],[561945.856,7345980.1613],[561953.1755,7345998.023],[561954.1796,7346006.8955],[561959.1969,7346016.7326],[561957.6193,7346027.8811],[561959.4611,7346031.0898],[561959.4611,7346036.2866],[561958.833,7346041.5302],[561961.1016,7346046.3168],[561961.7898,7346050.0328],[561962.053,7346058.5261],[561965.0928,7346062.6944],[561964.3823,7346070.2409],[561963.4413,7346085.1276],[561959.6574,7346096.9973],[561957.6053,7346116.8223],[561954.4865,7346125.7607],[561955.2071,7346129.6924],[561954.4447,7346137.9465],[561952.0183,7346154.2162],[561947.5991,7346160.6453],[561944.9112,7346169.6523],[561940.946,7346186.5275],[561931.7702,7346203.1979],[561908.5502,7346231.034],[561905.0428,7346239.6804],[561903.4415,7346249.2667],[561900.3587,7346258.6914],[561898.9677,7346269.2854],[561901.0189,7346278.3346],[561900.9527,7346285.5158],[561902.0499,7346293.923],[561902.6108,7346302.5427],[561902.6096,7346307.2248],[561902.2314,7346313.7959],[561904.047,7346325.546],[561904.7324,7346333.6451],[561907.3199,7346341.6738],[561909.228,7346354.8745],[561913.3548,7346366.9839],[561913.6279,7346371.5413],[561914.4035,7346375.1937],[561916.1183,7346379.3529],[561917.3574,7346386.7913],[561919.9827,7346396.6607],[561921.2156,7346400.2816],[561922.6832,7346405.413],[561924.7415,7346412.9815],[561926.292,7346416.3801],[561926.9619,7346419.6938],[561929.0509,7346422.4407],[561929.465,7346423.8601],[561931.7762,7346431.124],[561932.6855,7346432.913],[561934.3736,7346434.6791],[561935.4456,7346437.8896],[561937.4671,7346440.6163],[561938.6637,7346442.9301],[561939.4241,7346444.636],[561942.9558,7346450.6248],[561944.4202,7346454.3299],[561947.8838,7346461.4341],[561953.6554,7346471.027],[561957.5832,7346480.5726],[561958.5403,7346484.715],[561960.5056,7346488.4499],[561963.587,7346496.6392],[561967.1006,7346501.2075],[561969.3454,7346507.6213],[561970.5829,7346511.9839],[561971.555,7346515.478],[561972.816,7346518.8932],[561975.6533,7346527.1949],[561981.6615,7346537.4946],[561986.2674,7346540.8341],[561987.7295,7346544.1667],[561996.71,7346554.0083],[562003.9207,7346569.1069],[562005.769,7346572.8476],[562007.2965,7346575.0234],[562010.9489,7346577.7795],[562013.2163,7346580.996],[562017.5777,7346588.372],[562023.1578,7346596.5817],[562025.4831,7346602.8992],[562032.6914,7346613.8735],[562038.9677,7346628.3356],[562040.5282,7346635.0386],[562044.6169,7346648.6741],[562046.7315,7346655.1793],[562052.0725,7346670.6521],[562054.3141,7346678.9444],[562055.5691,7346682.0469],[562057.7967,7346690.4604],[562060.4856,7346696.9307],[562061.0013,7346703.8112],[562061.8864,7346707.6158],[562063.0426,7346715.8842],[562064.7866,7346723.9457],[562070.3092,7346737.5489],[562072.7202,7346755.2925],[562073.4528,7346758.0779],[562072.9785,7346767.6449],[562073.7812,7346771.5829],[562073.7812,7346778.397],[562072.796,7346782.1735],[562072.243,7346787.761],[562071.7277,7346789.6761],[562071.7208,7346790.2056],[562070.5383,7346798.593],[562066.6637,7346806.9671],[562064.599,7346818.5806],[562061.7616,7346824.1868],[562060.3309,7346829.113],[562059.7196,7346832.5575],[562059.9414,7346840.2818],[562059.5962,7346842.265],[562058.9134,7346847.2378],[562055.6584,7346855.89],[562054.3292,7346861.5387],[562037.8456,7346878.0865],[562034.1215,7346879.5067],[562030.4055,7346883.6666],[562026.1723,7346886.617],[562020.0791,7346892.646],[562017.2472,7346894.0754],[562010.4826,7346897.2939],[562000.3238,7346905.6499],[561998.7623,7346907.7182],[561997.3272,7346908.9947],[561992.3435,7346914.2774],[561987.1395,7346918.4431],[561979.3065,7346928.8219],[561978.452,7346931.6722],[561978.4414,7346934.5504],[561976.8782,7346943.7309],[561977.085,7346946.8382],[561978.2131,7346950.9097],[561979.6853,7346954.4187],[561981.5097,7346958.029],[561982.9192,7346962.1627],[561986.6712,7346969.6565],[561997.0356,7346996.3913],[562007.7643,7347012.6255],[562010.6884,7347018.3696],[562013.8704,7347026.1992],[562014.9963,7347035.7333],[562015.7913,7347041.1891],[562018.2832,7347048.5031],[562018.5398,7347053.1852],[562016.6532,7347057.6527],[562016.3236,7347062.4822],[562015.617,7347068.1551],[562016.4232,7347075.8262],[562016.2686,7347083.1464],[562015.8745,7347087.3498],[562015.5855,7347090.082],[562015.9533,7347103.5329],[562015.7694,7347112.649],[562014.3245,7347123.0786],[562013.0701,7347132.6069],[562011.8796,7347135.7676],[562011.0176,7347139.5852],[562010.2182,7347144.0334],[562008.8749,7347151.6206],[562008.7432,7347155.5429],[562006.9805,7347159.0647],[562004.9232,7347165.3311],[562004.2523,7347170.4139],[562003.4633,7347176.8562],[562005.8613,7347184.998],[562006.6547,7347191.8143],[562006.2521,7347196.5254],[562005.6559,7347203.2687],[562005.9686,7347209.2988],[562005.1348,7347213.7244],[562004.3895,7347217.4075],[562004.2099,7347221.5457],[562004.1443,7347224.7532],[562005.3914,7347229.5025],[562005.7121,7347233.7998],[562005.3914,7347238.7385],[562005.1821,7347243.611],[562002.3186,7347248.8127],[562000.9909,7347251.9908],[562001.4253,7347254.3822],[562002.266,7347258.2703],[562002.3186,7347261.5805],[562002.4236,7347266.1254],[562003.0131,7347276.7291],[562003.6699,7347281.4498],[562004.9075,7347298.3075],[562005.7541,7347302.1392],[562006.9476,7347305.801],[562009.8208,7347313.4577],[562010.8742,7347316.4668],[562011.9341,7347320.3687],[562013.3984,7347324.1815],[562014.8762,7347330.9956],[562015.0048,7347334.3066],[562016.8675,7347341.2215],[562017.9549,7347343.5155],[562018.2012,7347346.6352],[562019.1453,7347353.4904],[562019.6313,7347362.8035],[562020.4112,7347367.9974],[562020.32,7347375.779],[562019.4493,7347381.5857],[562020.1086,7347386.2959],[562020.9109,7347392.3984],[562021.4098,7347396.8665],[562022.3564,7347400.2612],[562023.2055,7347405.1257],[562023.1575,7347411.2881],[562024.1363,7347414.7369],[562025.6592,7347424.2918],[562025.1461,7347428.6532],[562025.2205,7347436.9836],[562025.4257,7347447.492],[562025.672,7347454.5524],[562025.3436,7347458.37],[562024.2563,7347462.776],[562024.1943,7347466.5797],[562023.127,7347470.5615],[562020.3767,7347475.2821],[562019.9252,7347479.3459],[562015.4647,7347487.6065],[562014.2194,7347491.2911],[562008.0621,7347511.3639],[562006.0918,7347517.6855],[562004.9424,7347523.0654],[562004.4088,7347529.7948],[562003.2137,7347536.5683],[562003.1684,7347538.385],[562003.9983,7347547.8563],[562004.5375,7347558.037],[562003.4371,7347565.7503],[562001.9706,7347570.9972],[562001.1703,7347574.8114],[561998.7863,7347585.6746],[561998.6247,7347601.3307],[561997.5536,7347613.7806],[561997.5255,7347614.3428],[561997.9247,7347629.3054],[561993.7987,7347639.2558],[561993.9971,7347646.676],[561994.1886,7347648.2456],[561993.6348,7347656.7822],[561994.6474,7347661.7699],[561994.9134,7347667.6914],[561995.4195,7347671.581],[561995.6654,7347674.2865],[561995.8296,7347678.4735],[561996.1169,7347682.4963],[561995.4601,7347687.2169],[561996.3632,7347691.8554],[561996.6002,7347705.2329],[561999.8011,7347709.106],[562000.8472,7347712.1042],[562001.2493,7347715.1496],[562001.3232,7347718.2917],[562002.825,7347720.6737],[562004.5574,7347722.7635],[562005.8746,7347724.3089],[562007.6487,7347726.1376],[562007.68,7347731.2521],[562007.7217,7347732.5522],[562008.6499,7347741.0827],[562009.3067,7347744.5505],[562009.727,7347750.9344],[562010.4364,7347756.0311],[562010.7303,7347759.7911],[562011.8386,7347767.7546],[562013.3163,7347775.8002],[562014.3527,7347778.2809],[562015.0925,7347783.9558],[562016.1586,7347786.6905],[562016.6507,7347788.8087],[562016.698,7347791.6957],[562016.6182,7347794.5335],[562016.0986,7347797.1608],[562016.1066,7347799.8908],[562015.9428,7347804.9772],[562016.2091,7347807.2111],[562014.7797,7347810.8475],[562016.0239,7347817.3235],[562017.3418,7347820.9693],[562017.49,7347824.6736],[562018.1442,7347828.1645],[562019.3047,7347831.0873],[562020.4913,7347836.6527],[562022.6624,7347842.8996],[562025.8379,7347848.9602],[562026.9481,7347852.4519],[562029.4305,7347855.5727],[562029.9066,7347856.9003],[562037.3709,7347884.1689],[562037.8635,7347885.4825],[562040.3618,7347886.7942],[562043.0357,7347888.9716],[562044.965,7347890.6546],[562050.6707,7347894.2259],[562055.9875,7347902.3349],[562058.8624,7347906.4815],[562061.0971,7347910.2759],[562063.7618,7347912.9449],[562065.2076,7347914.9858],[562066.5977,7347919.1425],[562070.6204,7347923.9041],[562075.0948,7347927.1059],[562077.3935,7347930.1846],[562079.1586,7347932.5654],[562081.5394,7347936.9576],[562083.3866,7347939.0101],[562086.6144,7347941.803],[562091.159,7347947.0359],[562094.0541,7347952.2471],[562096.9002,7347958.8572],[562098.2348,7347963.3898],[562100.1308,7347966.3605],[562100.956,7347968.2769],[562102.6483,7347974.45],[562105.2836,7347979.5583],[562107.7712,7347988.2423],[562110.2772,7347993.4341],[562111.8536,7348004.3708],[562113.0298,7348007.9389],[562114.3916,7348010.6254],[562116.4933,7348015.1703],[562116.9016,7348018.7999],[562117.954,7348023.1054],[562118.1139,7348025.7461],[562117.4571,7348030.3847],[562116.861,7348035.132],[562115.882,7348042.5687],[562115.8588,7348045.6709],[562117.6623,7348047.3378],[562119.9611,7348049.7186],[562122.7524,7348052.7152],[562122.9987,7348054.6855],[562122.9987,7348057.9284],[562123.245,7348060.0629],[562124.5653,7348064.0658],[562126.7124,7348067.5583],[562131.7421,7348073.1575],[562132.7683,7348076.8108],[562134.4102,7348080.7105],[562135.7648,7348083.4197],[562136.4019,7348086.8189],[562137.4478,7348090.3093],[562138.3302,7348091.9243],[562141.3475,7348095.0775],[562143.0305,7348097.6636],[562146.1177,7348106.9306],[562147.3582,7348109.4253],[562149.0937,7348113.4636],[562151.4472,7348116.6184],[562156.391,7348121.4192],[562158.3944,7348124.2111],[562159.2379,7348127.4821],[562162.748,7348133.0363],[562166.3951,7348138.8738],[562168.843,7348141.1615],[562173.9747,7348149.2324],[562176.2077,7348151.229],[562178.3357,7348153.6985],[562181.6459,7348159.7146],[562182.723,7348163.5502],[562187.4781,7348193.1578],[562188.6078,7348198.307],[562188.7748,7348200.8408],[562188.7917,7348204.0604],[562189.3171,7348206.5036],[562190.2776,7348210.2604],[562190.6881,7348215.1041],[562190.9754,7348218.7575],[562191.7964,7348223.5602],[562192.7405,7348227.0904],[562193.2742,7348230.7848],[562194.0541,7348234.1918],[562194.1516,7348239.6872],[562195.8833,7348243.0866],[562197.2303,7348246.6784],[562197.4868,7348252.4508],[562197.8075,7348256.9405],[562199.1544,7348260.6606],[562199.9882,7348263.0337],[562200.7451,7348264.9045],[562202.0323,7348267.5054],[562203.4949,7348273.3754],[562205.6866,7348287.4145],[562206.5329,7348292.399],[562207.1897,7348297.9406],[562207.1487,7348300.4035],[562206.6561,7348302.4149],[562206.0403,7348306.3556],[562204.8499,7348308.8185],[562203.208,7348310.2963],[562202.1407,7348312.0203],[562202.0176,7348314.6064],[562202.1818,7348317.1514],[562203.3396,7348320.1476],[562204.5502,7348323.0732],[562206.8705,7348326.8226],[562207.4312,7348329.0637],[562207.7884,7348330.7456],[562208.3718,7348334.1745],[562209.0416,7348337.4509],[562213.9593,7348343.066],[562215.6149,7348345.2225],[562216.7416,7348347.2661],[562217.568,7348349.9385],[562219.0559,7348351.8406],[562220.2231,7348353.7542],[562221.8626,7348355.6129],[562222.6872,7348358.5377],[562224.0785,7348361.0545],[562225.6871,7348362.9499],[562227.5658,7348365.7484],[562229.3049,7348369.0673],[562230.4934,7348372.2337],[562233.0904,7348377.1416],[562234.25,7348380.2513],[562235.6955,7348382.7039],[562237.749,7348385.0951],[562239.7264,7348388.0267],[562240.9596,7348390.8765],[562242.0714,7348393.9384],[562243.4208,7348396.6411],[562244.4086,7348399.6816],[562245.6184,7348401.6551],[562247.9651,7348404.48],[562249.4064,7348407.2875],[562251.2178,7348409.5519],[562255.2897,7348413.8756],[562257.7584,7348415.2107],[562258.8624,7348416.4034],[562260.2181,7348418.9941],[562262.3294,7348420.8165],[562265.7644,7348425.9953],[562267.5216,7348427.9781],[562268.6372,7348430.6944],[562270.7509,7348431.5544],[562272.5916,7348434.3614],[562273.7288,7348437.6295],[562277.7969,7348446.8878],[562279.4744,7348449.7474],[562281.7689,7348455.5889],[562283.0891,7348459.3975],[562283.4037,7348463.0586],[562285.8325,7348468.8862],[562287.54,7348474.6055],[562287.7685,7348479.3351],[562288.5697,7348483.9802],[562290.4087,7348490.4692],[562290.3562,7348493.9895],[562291.0918,7348499.559],[562290.5138,7348505.7328],[562290.9604,7348509.3319],[562291.159,7348515.241],[562282.9967,7348562.9898],[562282.3802,7348569.8629],[562281.3725,7348572.6321],[562281.4778,7348574.5428],[562281.6477,7348578.4426],[562281.9359,7348584.9819],[562281.7009,7348586.9984],[562278.8147,7348594.7591],[562278.8147,7348599.5695],[562279.8409,7348602.9048],[562280.5464,7348606.9455],[562280.6106,7348618.0415],[562282.5274,7348622.6922],[562282.7901,7348627.421],[562283.1677,7348629.8454],[562285.6839,7348636.912],[562287.8737,7348649.8109],[562287.8913,7348655.9888],[562288.2576,7348661.567],[562288.338,7348666.3434],[562287.9469,7348672.953],[562286.5375,7348678.7427],[562284.424,7348686.3137],[562281.8955,7348693.6408],[562279.7637,7348699.9518],[562277.4732,7348709.0756],[562277.2416,7348715.4536],[562274.1463,7348726.4317],[562272.9186,7348728.7877],[562271.2076,7348731.0208],[562270.1454,7348733.558],[562269.2415,7348736.267],[562268.8976,7348739.2033],[562269.0173,7348741.9629],[562268.5234,7348745.0454],[562266.0569,7348750.4301],[562265.9765,7348754.4686],[562264.0488,7348758.4229],[562262.6987,7348764.2622],[562261.0521,7348770.0575],[562257.1828,7348782.6446],[562253.2257,7348790.1832],[562245.7191,7348814.9473],[562238.227,7348832.923],[562237.291,7348836.3388],[562235.1362,7348848.556],[562235.3928,7348853.3023],[562235.5955,7348856.1328],[562236.8038,7348861.2555],[562240.6522,7348869.4652],[562243.8591,7348876.8412],[562244.6853,7348881.1142],[562247.4811,7348884.9341],[562249.2893,7348888.3479],[562251.9971,7348896.0526],[562255.685,7348904.0128],[562261.273,7348920.151],[562278.4744,7348950.7634],[562280.8824,7348957.6725],[562285.2842,7348967.8308],[562291.8596,7348981.4753],[562294.9799,7348985.5765],[562296.4347,7348989.9335],[562301.1119,7348997.3269],[562304.9724,7349005.079],[562311.9462,7349016.2121],[562315.3532,7349022.3694],[562319.4581,7349028.4446],[562320.3201,7349031.0307],[562321.7568,7349033.822],[562323.3988,7349039.3636],[562324.9176,7349042.6475],[562328.0784,7349047.9017],[562329.1456,7349050.5288],[562330.9928,7349056.8503],[562332.5937,7349059.3543],[562335.2208,7349062.3509],[562337.6838,7349067.6872],[562340.1877,7349072.8183],[562340.6587,7349077.6703],[562341.2909,7349081.9712],[562341.773,7349098.291],[562337.897,7349136.886],[562334.031,7349178.161],[562331.523,7349224.253],[562330.854,7349260.693],[562328.649,7349316.43],[562328.456,7349336.793],[562329.344,7349359.563],[562332.354,7349376.431],[562336.4757,7349390.0751],[562340.1666,7349397.4137],[562341.9419,7349405.146],[562342.8079,7349409.7975],[562355.106,7349443.06],[562370.802,7349485.334],[562399.788,7349564.293],[562411.112,7349583.542],[562426.465,7349605.455],[562432.945,7349618.827],[562437.808,7349629.794],[562444.571,7349647.452],[562451.898,7349672.61],[562456.8,7349694.025],[562463.557,7349709.808],[562467.354,7349722.386],[562475.167,7349733.878],[562482.711,7349745.371],[562490.532,7349759.274],[562497.025,7349776.129],[562500.301,7349792.728],[562503.311,7349809.596],[562505.572,7349841.471],[562508.298,7349854.053],[562513.747,7349862.8457],[562518.067,7349887.508],[562519.505,7349914.027],[562525.484,7349936.778],[562526.358,7349955.798],[562527.329,7349988.224],[562529.001,7350005.633],[562530.656,7350018.353],[562531.5725,7350030.2617],[562532.212,7350040.719],[562532.14,7350055.193],[562532.1324,7350056.6073],[562533.495,7350061.613],[562534.717,7350065.895],[562538.483,7350070.168],[562545.199,7350074.966],[562556.208,7350081.355],[562574.757,7350098.166],[562582.811,7350102.69],[562586.8584,7350106.4658],[562600.429,7350121.38],[562605.008,7350127.927],[562610.917,7350131.924],[562625.275,7350138.435],[562634.15,7350147.244],[562642.704,7350156.842],[562650.991,7350166.842],[562660.21,7350174.171],[562666.624,7350180.302],[562671.2729,7350183.1389],[562678.7601,7350185.3913],[562700.265,7350186.4],[562711.745,7350187.186],[562724.699,7350193.443],[562744.333,7350204.629],[562752.88,7350208.89],[562762.9,7350216.752],[562777.9997,7350227.4426],[562788.1327,7350236.0213],[562796.9375,7350242.9137],[562798.7436,7350246.0744],[562800.0161,7350248.7015],[562802.6843,7350252.8475],[562805.5167,7350256.9934],[562811.407,7350263.403],[562818.0217,7350267.4835],[562821.7045,7350269.6779],[562822.5664,7350270.0651],[562829.9717,7350270.9562],[562832.9356,7350272.63],[562835.1782,7350274.5587],[562841.9622,7350277.8412],[562849.521,7350281.4995],[562858.5106,7350285.1118],[562865.1708,7350287.957],[562888.5173,7350296.744],[562900.1905,7350303.9917],[562909.4799,7350306.9637],[562928.4681,7350315.4278],[562934.5488,7350316.3023],[562956.1754,7350324.5342],[562962.001,7350325.564],[562970.148,7350329.424],[562980.829,7350332.481],[562998.321,7350338.198],[563009.9645,7350344.5471],[563025.7979,7350352.8181],[563042.1795,7350366.0267],[563044.4126,7350369.2077],[563047.4,7350372.5083],[563054.0384,7350378.3956],[563056.695,7350381.3337],[563061.1151,7350387.0685],[563063.7816,7350390.9289],[563067.5965,7350396.4288],[563071.4437,7350401.5153],[563073.4614,7350404.3924],[563074.3662,7350407.366],[563075.8286,7350413.6792],[563075.4561,7350415.7954],[563076.2645,7350420.0695],[563078.2859,7350422.8091],[563080.9334,7350427.3946],[563084.957,7350430.5851],[563090.4384,7350433.5594],[563092.2218,7350436.0533],[563094.146,7350438.1699],[563095.3005,7350440.992],[563098.1867,7350444.1348],[563101.738,7350447.6919],[563105.728,7350448.5095],[563114.0878,7350450.3328],[563120.8719,7350451.077],[563138.2093,7350453.05],[563157.8357,7350452.7935],[563169.916,7350457.662],[563176.3718,7350462.0936],[563180.7333,7350466.8399],[563185.7104,7350470.0365],[563220.684,7350491.5461],[563227.3749,7350495.1173],[563230.9872,7350497.0466],[563236.0773,7350498.8938],[563242.604,7350502.6703],[563245.929,7350504.5996],[563251.4706,7350506.4878],[563254.6705,7350506.7838],[563266.615,7350513.3404],[563273.7344,7350516.4832],[563279.6993,7350519.5619],[563284.9587,7350521.9992],[563288.2939,7350524.1799],[563292.3988,7350525.7192],[563297.3374,7350527.5151],[563305.6113,7350530.8503],[563314.9114,7350534.6986],[563319.9784,7350537.2642],[563323.0571,7350538.1621],[563334.0248,7350541.5615],[563336.2696,7350543.2932],[563340.8876,7350546.5643],[563347.8146,7350549.6429],[563353.2664,7350553.4271],[563360.5782,7350555.223],[563365.9891,7350555.4468],[563373.4059,7350556.1209],[563376.8506,7350557.7588],[563383.6444,7350559.167],[563390.7326,7350559.9995],[563395.6134,7350560.8856],[563402.297,7350561.0458],[563408.2416,7350560.6933],[563415.9299,7350559.7769],[563418.3672,7350558.4299],[563422.4079,7350556.2492],[563428.6294,7350554.774],[563434.466,7350554.4533],[563437.925,7350553.895],[563445.1772,7350555.2871],[563448.1917,7350556.7623],[563451.3345,7350558.5582],[563455.0545,7350562.5348],[563459.125,7350568.056],[563473.6011,7350589.6785],[563483.019,7350605.3153],[563488.2784,7350612.114],[563504.044,7350629.649],[563510.747,7350634.8058],[563517.5928,7350639.1456],[563521.5959,7350641.1147],[563525.4177,7350642.444],[563526.6992,7350643.0928],[563530.3534,7350646.6848],[563534.2145,7350648.7219],[563538.1552,7350650.9385],[563543.6147,7350653.6477],[563551.8655,7350657.8347],[563555.9293,7350660.0924],[563560.5206,7350663.7481],[563564.3854,7350666.4139],[563567.7822,7350667.8131],[563579.2861,7350673.4332],[563588.2758,7350678.6464],[563598.7432,7350683.6544],[563604.449,7350686.6509],[563609.0464,7350689.3191],[563613.0282,7350691.6589],[563618.8571,7350694.327],[563620.9916,7350695.6406],[563625.2197,7350698.3088],[563633.3855,7350704.1018],[563638.5925,7350706.6691],[563645.7493,7350710.1629],[563654.159,7350715.1388],[563656.9504,7350716.9039],[563659.4954,7350718.6279],[563662.4934,7350721.1295],[563664.8614,7350722.546],[563669.385,7350725.252],[563679.3679,7350729.8014],[563684.0442,7350731.4039],[563689.5086,7350732.5336],[563694.7366,7350734.3463],[563700.3586,7350737.2624],[563705.4552,7350740.2836],[563721.5332,7350751.7641],[563735.5096,7350760.0533],[563739.5524,7350762.5844],[563751.6109,7350767.9422],[563756.9554,7350770.5367],[563760.8654,7350771.7859],[563772.1316,7350775.093],[563778.0426,7350777.2209],[563785.4511,7350780.1633],[563800.228,7350786.344],[563806.9147,7350788.8854],[563820.3393,7350794.7176],[563830.885,7350800.3827],[563835.3971,7350803.7565],[563848.8435,7350809.4557],[563859.2732,7350814.1057],[563869.6651,7350818.828],[563876.2329,7350821.9477],[563886.1667,7350826.2989],[563894.8691,7350830.65],[563902.3399,7350834.6728],[563913.2179,7350839.8039],[563925.2928,7350846.6558],[563932.8047,7350850.7859],[563948.3852,7350856.4024],[563960.181,7350860.8159],[563979.0174,7350868.2507],[563984.7445,7350869.9321],[563989.8937,7350872.4016],[563998.1103,7350877.0966],[564013.6642,7350884.6292],[564020.7657,7350888.1594],[564037.062,7350896.9027],[564049.5409,7350903.9631],[564058.2842,7350907.4523],[564081.7904,7350919.6897],[564088.3582,7350923.8406],[564091.7209,7350926.0211],[564094.0591,7350926.9669],[564097.8159,7350928.0177],[564109.9113,7350932.799],[564121.212,7350936.9253],[564127.6977,7350939.4703],[564131.4332,7350941.3586],[564139.241,7350946.29],[564145.8823,7350949.9788],[564151.0237,7350953.1396],[564156.5396,7350956.4748],[564162.5045,7350961.0928],[564168.8543,7350965.5825],[564180.4651,7350974.0449],[564189.0579,7350978.7951],[564197.1394,7350983.6696],[564205.734,7350988.2876],[564212.8534,7350992.3925],[564218.0461,7350994.9272],[564228.5546,7350999.1552],[564236.7643,7351002.6444],[564245.2204,7351007.0366],[564250.762,7351010.6079],[564256.9193,7351014.2201],[564260.901,7351015.9442],[564265.2839,7351017.6093],[564269.2166,7351020.0684],[564293.411,7351035.1971],[564305.1337,7351041.1011],[564307.9931,7351042.5262],[564313.0329,7351044.2679],[564323.0216,7351049.017],[564334.5836,7351054.7763],[564343.6553,7351058.9633],[564348.5812,7351060.5232],[564355.713,7351061.8874],[564361.9509,7351063.8042],[564365.5372,7351065.3464],[564369.7524,7351067.9571],[564377.1511,7351074.7671],[564384.0473,7351080.3908],[564397.5524,7351089.0521],[564402.8066,7351096.6871],[564409.0377,7351104.4067],[564412.4451,7351108.1147],[564417.0695,7351111.1447],[564423.6183,7351116.2264],[564429.474,7351119.8495],[564439.1989,7351126.4424],[564443.6825,7351130.3254],[564460.43,7351144.6632],[564468.7669,7351150.6227],[564479.0932,7351156.78],[564491.1364,7351164.211],[564498.524,7351170.286],[564503.373,7351183.8646],[564506.3934,7351187.2785],[564523.148,7351224.965],[564534.6093,7351250.8234],[564541.7247,7351267.76],[564543.3281,7351274.1739],[564545.8616,7351280.3753],[564549.2609,7351288.6492],[564554.6486,7351301.4769],[564559.2024,7351317.4064],[564561.505,7351324.661],[564575.089,7351352.333],[564581.9366,7351360.3258],[564589.1971,7351368.523],[564592.6759,7351371.815],[564601.5966,7351376.9574],[564604.8994,7351379.51],[564608.0019,7351381.4294],[564611.7511,7351383.2472],[564615.9616,7351384.3066],[564619.832,7351384.1153],[564627.5683,7351385.7232],[564631.1777,7351387.3857],[564634.9505,7351389.4726],[564643.0417,7351392.1822],[564653.8712,7351398.134],[564658.7457,7351399.7374],[564662.6582,7351399.8016],[564667.0838,7351400.1223],[564676.897,7351401.7257],[564683.375,7351402.0464],[564689.1475,7351402.2388],[564692.8795,7351401.0867],[564696.3428,7351399.4468],[564700.083,7351398.2058],[564704.0196,7351396.7731],[564707.8144,7351395.1222],[564711.5755,7351393.5108],[564715.5983,7351391.951],[564719.2516,7351389.8164],[564726.8046,7351387.2304],[564730.1706,7351386.3683],[564736.2458,7351385.5474],[564746.9015,7351383.8479],[564752.6653,7351382.4687],[564759.6847,7351380.17],[564767.6071,7351378.6922],[564771.5478,7351377.5839],[564778.8725,7351376.8903],[564787.8953,7351376.4162],[564791.9559,7351377.4444],[564798.3406,7351379.3862],[564801.8403,7351380.9062],[564805.5279,7351383.4118],[564809.9213,7351385.3543],[564818.6949,7351386.7646],[564837.6583,7351391.5839],[564845.029,7351393.7739],[564851.8858,7351395.482],[564856.7472,7351395.7344],[564862.0022,7351394.2444],[564864.3238,7351393.5101],[564877.7795,7351393.4785],[564892.0824,7351394.0291],[564900.9976,7351394.5422],[564907.4419,7351396.3727],[564911.2366,7351397.0117],[564913.8928,7351398.3148],[564916.6049,7351402.7512],[564919.3253,7351406.3732],[564923.1297,7351408.9421],[564926.5428,7351410.24],[564928.8016,7351411.3813],[564929.8529,7351411.7601],[564934.2984,7351415.6761],[564940.9328,7351420.5183],[564943.5371,7351421.815],[564947.9847,7351423.6842],[564951.9712,7351424.9821],[564952.9123,7351425.3783],[564955.565,7351426.4951],[564959.3763,7351427.8824],[564961.936,7351429.4544],[564966.2632,7351432.6772],[564968.6353,7351436.0686],[564971.4641,7351437.9947],[564974.2084,7351439.4501],[564975.6562,7351440.2778],[564977.902,7351440.9933],[564980.6385,7351441.4866],[564986.5382,7351440.1371],[564998.6724,7351440.0533],[565007.1792,7351440.7268],[565015.7915,7351441.0664],[565019.8696,7351440.6841],[565028.071,7351440.9633],[565034.9443,7351440.5751],[565039.043,7351440.2774],[565042.8388,7351441.5149],[565049.2471,7351445.0279],[565055.6061,7351450.0164],[565063.822,7351455.2816],[565079.6817,7351461.5837],[565099.507,7351465.3513],[565107.1475,7351468.0933],[565119.4741,7351472.1019],[565123.1822,7351474.2065],[565133.4545,7351478.5216],[565143.0366,7351481.4823],[565153.0098,7351484.7795],[565159.9761,7351487.5953],[565166.427,7351491.0105],[565176.281,7351499.1524],[565190.7798,7351512.0736],[565196.2392,7351516.8458],[565201.1007,7351527.9289],[565209.7763,7351541.6123],[565216.7992,7351549.7586],[565222.2401,7351561.4389],[565229.913,7351575.5319],[565235.3017,7351581.6174],[565240.5732,7351585.5903],[565242.8504,7351588.0265],[565245.9878,7351593.9407],[565249.2518,7351599.4278],[565253.4007,7351616.8892],[565258.1542,7351629.8692],[565260.448,7351636.446],[565262.9693,7351639.0654],[565269.6632,7351642.5668],[565277.0822,7351643.0477],[565293.0991,7351645.5976],[565301.2308,7351645.3754],[565305.8624,7351644.8102],[565314.3486,7351645.5309],[565318.405,7351646.2327],[565322.1511,7351647.9741],[565339.6562,7351653.4074],[565345.8393,7351654.3944],[565349.8139,7351653.9168],[565361.5284,7351650.8061],[565373.7852,7351648.3342],[565386.9058,7351645.1349],[565398.9577,7351641.2752],[565408.2381,7351639.7342],[565417.1721,7351639.0077],[565425.8823,7351639.4816],[565438.124,7351637.3368],[565440.8801,7351637.1393],[565443.3212,7351636.0255],[565447.6558,7351634.0541],[565450.8315,7351632.0066],[565455.7539,7351629.7334],[565458.6569,7351628.7912],[565461.5317,7351629.9314],[565464.0153,7351632.2391],[565472.1529,7351643.5287],[565478.3102,7351648.5315],[565484.1569,7351650.3166],[565495.9821,7351653.4428],[565507.0393,7351658.8317],[565522.6301,7351665.9246],[565526.0785,7351667.8368],[565528.849,7351668.9576],[565530.0445,7351670.4715],[565532.734,7351672.1605],[565537.064,7351672.9064],[565544.3907,7351674.7597],[565547.9101,7351674.7577],[565550.786,7351674.1051],[565554.2261,7351674.1107],[565557.7596,7351674.4735],[565560.6946,7351673.3832],[565563.0194,7351673.1197],[565569.7781,7351675.2775],[565578.0718,7351676.9852],[565581.5626,7351678.3658],[565582.7843,7351679.4037],[565585.9201,7351680.3554],[565588.3255,7351680.4703],[565594.5628,7351680.4918],[565602.7122,7351680.9626],[565614.9111,7351683.8738],[565618.8747,7351683.7047],[565639.1447,7351687.5336],[565643.1091,7351688.9441],[565651.31,7351689.9488],[565655.6106,7351690.984],[565664.1262,7351693.8187],[565676.9593,7351698.4178],[565683.7156,7351704.2115],[565687.5372,7351706.0954],[565691.6916,7351706.9402],[565695.9841,7351708.1621],[565703.7732,7351711.9613],[565710.102,7351718.4928],[565713.6084,7351721.2945],[565717.7273,7351723.0172],[565721.1172,7351725.3301],[565727.2624,7351730.2125],[565730.5393,7351732.2051],[565733.9009,7351734.7605],[565737.4033,7351736.7677],[565740.216,7351737.8523],[565742.8688,7351739.0078],[565746.9853,7351739.3846],[565751.2076,7351740.7078],[565753.0716,7351742.116],[565755.152,7351744.7349],[565757.6315,7351747.1856],[565760.4257,7351749.2137],[565764.3128,7351750.5477],[565767.7648,7351752.2921],[565771.5718,7351753.9888],[565775.415,7351756.0695],[565779.5506,7351757.8767],[565782.9486,7351760.3209],[565787.3523,7351761.611],[565791.8485,7351761.5201],[565795.8198,7351760.2205],[565800.1589,7351761.0512],[565804.0171,7351762.9734],[565812.5823,7351764.8003],[565816.9,7351765.9015],[565820.9249,7351767.2949],[565824.3016,7351767.9162],[565828.0724,7351768.425],[565831.88,7351768.4863],[565835.4894,7351769.4588],[565841.2977,7351773.4455],[565843.9737,7351775.3775],[565847.468,7351779.9736],[565848.0851,7351781.7452],[565849.7074,7351782.7085],[565851.1556,7351784.9948],[565854.9526,7351788.0746],[565857.6733,7351789.8674],[565863.0179,7351794.8434],[565868.0431,7351799.9614],[565872.9697,7351805.75],[565875.1171,7351809.0341],[565878.4318,7351815.9906],[565885.5143,7351824.6991],[565888.4418,7351826.4968],[565891.9992,7351828.3934],[565899.0131,7351830.5581],[565902.0977,7351832.0791],[565905.5939,7351833.3762],[565912.9098,7351834.3797],[565916.9559,7351834.5401],[565920.6072,7351835.6445],[565927.3737,7351838.4108],[565933.2262,7351839.8684],[565936.1571,7351842.1616],[565938.4012,7351843.7167],[565941.8684,7351844.6485],[565945.7202,7351844.9072],[565950.0427,7351844.0368],[565954.2618,7351844.2012],[565956.9545,7351844.0048],[565962.0713,7351844.7024],[565965.9058,7351845.0541],[565972.5187,7351848.1068],[565975.0074,7351850.4737],[565976.9291,7351853.2666],[565987.315,7351856.3409],[565991.4224,7351855.805],[565993.8986,7351857.4391],[565997.3475,7351860.9939],[566002.384,7351866.1572],[566005.6587,7351871.9266],[566014.3815,7351880.5212],[566021.052,7351886.3578],[566028.941,7351893.0283],[566035.9343,7351894.8791],[566049.6218,7351897.4908],[566055.4975,7351897.629],[566058.5608,7351897.1683],[566068.4176,7351898.4657],[566073.3246,7351899.7867],[566079.0274,7351899.8994],[566086.0204,7351900.5528],[566092.3174,7351900.5421],[566098.239,7351899.3731],[566100.642,7351899.4576],[566102.9298,7351899.6424],[566105.4869,7351898.4595],[566107.8952,7351898.3199],[566111.1305,7351898.8633],[566119.3852,7351901.2259],[566124.8332,7351903.2235],[566126.8727,7351904.5239],[566129.2284,7351906.6169],[566130.8659,7351908.6834],[566131.8717,7351910.4081],[566134.0657,7351913.046],[566136.0912,7351914.7071],[566138.1588,7351914.8087],[566139.5803,7351915.7744],[566142.0786,7351916.0133],[566156.3278,7351922.0967],[566159.579,7351922.9839],[566164.2054,7351926.8806],[566173.4484,7351930.7434],[566206.7342,7351942.4162],[566212.6545,7351943.1182],[566220.9603,7351944.2003],[566233.1322,7351948.3472],[566249.2315,7351955.2786],[566276.6743,7351971.4688],[566280.3021,7351971.8067],[566294.0232,7351977.5981],[566318.9038,7351992.1394],[566326.68,7351999.4448],[566331.4445,7352005.3519],[566338.066,7352017.8827],[566346.6078,7352029.5802],[566352.1159,7352037.7761],[566358.7063,7352046.0443],[566360.9972,7352049.435],[566362.3617,7352053.0095],[566365.4494,7352056.6059],[566368.9807,7352059.11],[566381.7254,7352065.8975],[566394.3871,7352071.1036],[566407.6404,7352078.5014],[566418.5718,7352083.6667],[566424.8458,7352085.8806],[566436.4698,7352086.0723],[566443.8647,7352087.3959],[566450.9839,7352087.6111],[566454.1132,7352087.059],[566456.4229,7352086.9454],[566459.8739,7352086.1578],[566462.2278,7352085.1294],[566466.0379,7352084.2757],[566469.6391,7352082.8656],[566476.1975,7352081.0206],[566479.2993,7352080.8324],[566481.9783,7352080.3817],[566484.1059,7352079.0583],[566494.5379,7352076.6976],[566507.6249,7352074.7657],[566510.7846,7352074.8113],[566518.6236,7352074.9877],[566525.5548,7352077.5818],[566531.9687,7352078.3413],[566537.205,7352077.4934],[566540.5297,7352077.7497],[566550.1045,7352076.3036],[566553.432,7352076.4385],[566555.2123,7352076.7518],[566558.3402,7352078.3213],[566562.4734,7352079.4006],[566564.3613,7352080.2492],[566568.5803,7352081.5174],[566571.285,7352081.7311],[566573.4768,7352082.4653],[566575.203,7352083.7867],[566579.6483,7352085.8268],[566583.7382,7352088.7275],[566586.0586,7352089.7546],[566592.165,7352093.7967],[566593.9187,7352095.3898],[566595.1736,7352096.9056],[566599.4913,7352100.0362],[566604.5083,7352102.5665],[566607.1669,7352103.6109],[566609.2115,7352104.9959],[566612.1408,7352104.7849],[566616.6654,7352106.8082],[566618.5302,7352108.161],[566620.4548,7352109.2067],[566624.8494,7352110.0492],[566628.3927,7352110.8311],[566631.6778,7352112.0525],[566634.1234,7352112.4002],[566646.3642,7352112.9524],[566654.11,7352112.2951],[566657.5276,7352112.1239],[566662.9462,7352111.2058],[566670.4134,7352108.8128],[566675.0789,7352107.2786],[566681.4428,7352102.2146],[566683.776,7352101.2699],[566690.7593,7352096.7533],[566692.583,7352094.7592],[566694.5645,7352093.2548],[566699.3203,7352092.0405],[566704.4608,7352089.3681],[566709.6202,7352088.1168],[566713.4199,7352085.1696],[566716.3655,7352082.2113],[566720.0611,7352080.3178],[566723.389,7352078.2192],[566728.4756,7352077.9756],[566731.0114,7352078.3255],[566735.7416,7352077.7183],[566737.9378,7352077.9481],[566742.755,7352078.586],[566751.0489,7352076.9557],[566757.2504,7352075.1826],[566762.1836,7352074.7392],[566765.3639,7352072.9923],[566767.0517,7352070.5464],[566768.7093,7352069.0529],[566770.4906,7352063.1511],[566770.9734,7352052.9753],[566773.9322,7352042.0264],[566777.6835,7352033.9538],[566780.418,7352029.0025],[566784.929,7352023.1781],[566786.0392,7352022.1078],[566788.2024,7352021.1966],[566790.218,7352020.0015],[566791.3517,7352018.5425],[566792.0872,7352016.7374],[566794.579,7352014.8246],[566795.9152,7352014.5013],[566797.8339,7352013.5843],[566800.3825,7352012.7327],[566801.7552,7352011.5466],[566802.4372,7352010.2451],[566803.8992,7352009.3826],[566805.8019,7352008.0931],[566807.2522,7352006.0789],[566811.2419,7352001.1643],[566813.3357,7351999.6907],[566815.7983,7351998.852],[566818.0025,7351997.325],[566820.5528,7351994.9269],[566826.4084,7351990.7295],[566828.49,7351987.9106],[566827.9002,7351985.0179],[566825.7434,7351983.4431],[566821.0093,7351980.8912],[566813.0106,7351981.2429],[566801.6053,7351983.196],[566798.929,7351982.4221],[566795.287,7351982.999],[566792.0285,7351982.0149],[566786.3604,7351982.9642],[566779.7657,7351985.2094],[566777.0338,7351985.1912],[566772.3518,7351984.5564],[566770.1476,7351982.7563],[566769.8916,7351980.3857],[566768.0823,7351975.7537],[566762.9284,7351969.7782],[566761.9262,7351964.6672],[566762.3407,7351958.5791],[566768.1613,7351936.9688],[566768.6862,7351931.6726],[566769.6401,7351929.7046],[566770.9796,7351927.5026],[566772.6336,7351925.5325],[566774.7266,7351923.4607],[566777.2806,7351922.5774],[566780.7132,7351922.0983],[566784.1392,7351921.8995],[566787.9287,7351922.0766],[566792.6005,7351922.2949],[566797.7177,7351923.8486],[566800.2898,7351923.6294],[566802.8973,7351923.1867],[566805.4873,7351923.3231],[566810.5983,7351924.4354],[566814.0145,7351925.283],[566817.3838,7351925.0921],[566820.7413,7351923.658],[566827.1783,7351920.7736],[566833.4525,7351920.6145],[566835.4079,7351920.3713],[566837.0972,7351919.1311],[566839.7148,7351918.1092],[566841.9123,7351916.554],[566844.9528,7351915.6263],[566851.2413,7351912.9722],[566860.4731,7351906.9954],[566865.385,7351904.3166],[566869.962,7351901.6042],[566875.3636,7351897.471],[566889.0848,7351890.274],[566892.5182,7351889.2903],[566898.7846,7351888.5143],[566902.8755,7351888.5277],[566913.3497,7351886.1654],[566926.1034,7351884.5201],[566930.4049,7351885.3329],[566936.6218,7351892.3226],[566938.1064,7351894.7786],[566940.6383,7351896.4091],[566941.767,7351899.4269],[566944.264,7351901.4116],[566948.8202,7351906.3803],[566951.7807,7351912.7596],[566955.3025,7351920.227],[566956.7052,7351922.9616],[566962.274,7351930.132],[566963.6137,7351936.2951],[566965.1264,7351942.7801],[566966.3186,7351947.7585],[566967.9722,7351952.5493],[566967.3244,7351957.4593],[566967.3847,7351959.9842],[566968.7534,7351964.5253],[566973.0993,7351973.3454],[566976.8098,7351978.4154],[566981.2515,7351981.3907],[566988.4269,7351987.4685],[566990.177,7351989.8375],[566992.6817,7351991.6543],[566995.5025,7351994.5426],[566995.9847,7351997.2381],[566995.4041,7352001.0655],[566995.3371,7352003.4005],[566996.6131,7352006.2348],[567000.5018,7352010.7764],[567002.4796,7352012.4312],[567005.012,7352014.0337],[567012.8274,7352021.2017],[567021.0155,7352027.5751],[567029.2992,7352031.5206],[567037.3088,7352039.8524],[567040.3982,7352040.1878],[567042.853,7352042.0409],[567055.791,7352049.0323],[567061.1108,7352052.8978],[567063.6104,7352055.238],[567065.613,7352057.7439],[567066.6802,7352062.0686],[567068.8889,7352063.0373],[567070.1733,7352066.3018],[567072.1362,7352069.3675],[567074.3173,7352071.1767],[567077.0518,7352072.3449],[567081.2547,7352073.8308],[567084.6401,7352074.2566],[567088.3444,7352076.3624],[567091.4659,7352078.0352],[567094.4558,7352078.9105],[567097.4051,7352078.4949],[567102.277,7352078.8918],[567104.3933,7352078.2133],[567106.1455,7352076.8626],[567107.8865,7352075.0349],[567110.6224,7352075.0442],[567115.6846,7352076.455],[567124.1891,7352076.3498],[567127.4888,7352077.1765],[567129.7519,7352078.6978],[567136.0623,7352079.6899],[567140.9912,7352082.4246],[567146.5125,7352083.5194],[567152.1535,7352081.9719],[567165.4243,7352084.1585],[567175.8214,7352089.3368],[567181.6339,7352090.4392],[567188.0478,7352090.8401],[567200.0738,7352091.3411],[567210.5966,7352092.1429],[567219.2152,7352093.7463],[567226.3306,7352094.3476],[567231.0408,7352097.1537],[567236.0516,7352097.9554],[567242.0646,7352096.352],[567247.9774,7352092.9446],[567252.6876,7352092.4435],[567263.3106,7352091.9424],[567274.6351,7352091.2409],[567280.8485,7352092.4435],[567293.036,7352097.345],[567305.0067,7352100.6881],[567311.8042,7352100.3556],[567318.2363,7352101.4444],[567335.1779,7352112.3121],[567337.8478,7352114.7246],[567342.9145,7352119.1585],[567352.3247,7352130.0856],[567357.1043,7352135.107],[567359.7985,7352137.4803],[567362.4934,7352140.6104],[567364.7007,7352142.57],[567370.7278,7352146.7336],[567374.0928,7352148.4405],[567377.2517,7352150.5818],[567387.2429,7352155.7938],[567390.6377,7352157.0435],[567393.8217,7352158.7648],[567396.3825,7352160.8918],[567399.1948,7352162.5762],[567402.7607,7352164.2227],[567405.7805,7352166.2018],[567408.5031,7352168.8],[567411.0616,7352171.8055],[567413.893,7352174.4157],[567416.1192,7352177.6282],[567418.7214,7352180.0646],[567433.2018,7352189.5248],[567437.0023,7352192.867],[567444.9507,7352200.6768],[567446.8973,7352203.3031],[567448.1552,7352206.2399],[567449.804,7352212.9621],[567450.9226,7352215.5873],[567452.8746,7352219.0829],[567456.0395,7352226.1406],[567458.9294,7352231.6403],[567464.0931,7352236.7925],[567467.197,7352242.9423],[567471.3636,7352248.3977],[567473.5264,7352250.9545],[567479.0258,7352255.1336],[567481.4503,7352257.6032],[567487.6959,7352273.0341],[567491.7146,7352277.5798],[567496.2529,7352282.7546],[567497.9383,7352285.599],[567500.2133,7352288.1772],[567502.6955,7352292.9957],[567503.6874,7352297.392],[567506.2786,7352302.4733],[567507.8071,7352309.3328],[567508.4649,7352316.0966],[567511.4372,7352321.4487],[567513.7434,7352329.6167],[567514.0732,7352333.2697],[567515.7749,7352339.8157],[567517.9104,7352342.7176],[567522.9618,7352347.0543],[567524.3838,7352349.7335],[567524.984,7352352.7855],[567526.8197,7352355.7923],[567532.7119,7352367.5702],[567533.3569,7352375.6422],[567535.4197,7352382.3463],[567536.9041,7352387.4383],[567536.0479,7352397.6893],[567535.0734,7352402.3764],[567535.0748,7352405.9187],[567536.7184,7352412.837],[567538.6372,7352415.36],[567542.1523,7352421.7626],[567546.6394,7352426.3942],[567560.5164,7352450.2247],[567564.7888,7352459.2438],[567580.0701,7352477.2479],[567582.0255,7352480.4354],[567587.4526,7352487.5555],[567590.2274,7352492.8484],[567600.1464,7352507.0879],[567603.5419,7352513.1327],[567608.8054,7352518.4839],[567614.6472,7352527.4849],[567617.4524,7352533.9734],[567618.2152,7352537.1415],[567618.4062,7352540.9312],[567620.0938,7352546.7946],[567622.1194,7352549.4043],[567622.922,7352552.1715],[567625.674,7352558.8362],[567626.4283,7352562.2004],[567627.0964,7352573.2077],[567627.6408,7352576.6976],[567628.9676,7352580.6644],[567630.5486,7352583.768],[567632.7647,7352586.5879],[567635.5932,7352588.3571],[567638.4255,7352590.1263],[567640.5184,7352591.8123],[567645.5301,7352598.5503],[567647.7305,7352600.9305],[567650.2003,7352603.0649],[567652.8268,7352604.6236],[567655.1518,7352605.4274],[567658.054,7352605.8525],[567660.8619,7352606.6023],[567666.6979,7352609.1077],[567670.1898,7352609.8928],[567676.0718,7352613.1469],[567681.9899,7352615.6822],[567691.0925,7352618.3316],[567696.3204,7352620.7757],[567699.4869,7352621.3193],[567710.8448,7352629.0609],[567712.79,7352631.5658],[567713.8362,7352632.4276],[567717.9644,7352635.4479],[567725.1674,7352642.1173],[567733.7737,7352648.1758],[567736.1543,7352650.5697],[567738.7514,7352651.9409],[567741.1719,7352654.5508],[567743.7565,7352656.9123],[567746.4146,7352658.8738],[567755.1086,7352663.4763],[567769.0138,7352667.9336],[567772.6622,7352670.0219],[567782.5103,7352674.5122],[567785.9766,7352675.4183],[567789.041,7352676.913],[567791.6339,7352678.929],[567797.3038,7352680.823],[567800.4386,7352681.4315],[567805.0146,7352685.0102],[567810.6488,7352688.5289],[567815.095,7352693.2627],[567816.668,7352695.7494],[567818.7112,7352697.9298],[567820.9466,7352699.7876],[567822.9119,7352702.0782],[567825.3442,7352704.6605],[567828.0766,7352706.5022],[567830.9846,7352707.6193],[567833.5253,7352709.2976],[567836.8479,7352710.8546],[567839.4993,7352712.3112],[567842.4279,7352713.1951],[567845.0555,7352715.0157],[567847.8535,7352716.6348],[567850.8275,7352717.5105],[567857.4808,7352716.3909],[567860.7056,7352715.3005],[567864.2818,7352715.5459],[567867.096,7352715.2577],[567870.7764,7352714.6093],[567877.4457,7352712.8266],[567880.4527,7352711.0954],[567883.686,7352708.7155],[567887.8285,7352707.6511],[567894.8909,7352706.7208],[567897.8219,7352705.3282],[567901.3554,7352704.0772],[567904.9286,7352703.3598],[567908.3858,7352703.5462],[567911.6641,7352704.1302],[567914.7991,7352705.1967],[567920.4025,7352707.6595],[567923.3916,7352708.6852],[567929.7894,7352710.5129],[567935.586,7352711.8308],[567938.5328,7352711.8087],[567941.6989,7352711.1189],[567947.6964,7352707.8714],[567950.6262,7352706.9983],[567952.9667,7352706.84],[567961.15,7352709.0475],[567963.9448,7352709.5545],[567969.5585,7352711.2792],[567972.067,7352712.7326],[567973.9166,7352714.198],[567975.6249,7352716.2208],[567977.8952,7352718.1824],[567980.6824,7352721.0258],[567984.6708,7352723.515],[567991.0014,7352727.0236],[567995.9212,7352730.9841],[567998.2259,7352731.6848],[568002.0105,7352735.5991],[568004.5988,7352741.8304],[568006.9016,7352748.5128],[568007.7052,7352751.682],[568008.6316,7352756.5004],[568011.2744,7352763.713],[568010.335,7352767.2325],[568011.078,7352771.1946],[568012.1135,7352774.5844],[568017.0139,7352787.8815],[568020.1047,7352794.6484],[568021.1568,7352797.8142],[568023.1183,7352804.6004],[568024.4102,7352807.6506],[568028.0388,7352812.5612],[568033.5874,7352823.9487],[568038.6561,7352840.6987],[568040.3556,7352850.6843],[568040.6964,7352853.7021],[568042.4903,7352863.2041],[568046.9668,7352872.2477],[568050.1105,7352877.1372],[568052.5222,7352879.6257],[568058.5731,7352883.4736],[568060.4179,7352885.9109],[568062.8563,7352888.073],[568064.7882,7352889.187],[568068.7722,7352891.7493],[568072.2896,7352893.6385],[568082.6826,7352900.891],[568090.8855,7352904.0938],[568098.5278,7352908.1355],[568108.7502,7352912.0285],[568111.8893,7352912.759],[568114.9404,7352914.7864],[568118.1321,7352916.2938],[568124.5349,7352918.5053],[568133.772,7352922.842],[568136.3146,7352924.7355],[568139.5995,7352926.1238],[568144.4483,7352928.0184],[568149.2051,7352931.0862],[568157.7952,7352936.0334],[568160.2264,7352936.6251],[568164.2889,7352938.265],[568169.4682,7352941.0741],[568172.8375,7352942.0812],[568182.5139,7352944.7463],[568187.3294,7352947.2465],[568197.5353,7352949.7937],[568204.4914,7352951.6824],[568211.9111,7352954.003],[568215.6644,7352955.3093],[568219.5403,7352955.7492],[568223.3567,7352955.5429],[568245.6285,7352955.5018],[568257.9211,7352946.8914],[568260.7592,7352942.8162],[568268.6926,7352934.8828],[568278.4927,7352929.9827],[568287.5927,7352914.1159],[568289.8802,7352901.9141],[568290.7476,7352899.0472],[568292.2645,7352896.0839],[568292.8081,7352892.7605],[568293.4674,7352889.9446],[568294.897,7352883.764],[568296.9596,7352877.8605],[568298.4165,7352875.3539],[568300.5299,7352869.8349],[568302.6498,7352862.9109],[568303.2357,7352861.4609],[568304.8807,7352858.9587],[568307.2166,7352856.5107],[568308.7954,7352853.7919],[568311.2641,7352851.609],[568315.9409,7352847.2831],[568318.2723,7352846.1062],[568321.0946,7352844.2402],[568324.0195,7352843.2552],[568330.3791,7352840.2884],[568337.2421,7352839.0535],[568341.342,7352837.7378],[568346.3195,7352834.9564],[568349.7637,7352833.6663],[568352.6722,7352832.4286],[568354.9657,7352830.4937],[568357.1558,7352828.1637],[568359.6053,7352826.3074],[568360.6187,7352823.9395],[568362.1844,7352821.912],[568362.9831,7352820.4828],[568366.1589,7352812.597],[568366.9327,7352811.569],[568369.428,7352809.5363],[568372.6496,7352804.5582],[568374.4227,7352801.1247],[568376.7764,7352796.8733],[568377.8973,7352795.4986],[568381.4111,7352793.6682],[568383.758,7352790.1551],[568387.6849,7352780.7922],[568388.2219,7352777.5901],[568389.1856,7352773.743],[568392.0936,7352768.9551],[568394.7299,7352765.7516],[568397.9754,7352764.5486],[568407.8136,7352765.3463],[568413.074,7352766.3861],[568417.9674,7352767.6706],[568420.118,7352769.2642],[568436.5011,7352781.8615],[568453.1606,7352793.426],[568464.8547,7352801.3098],[568465.996,7352808.6652],[568466.5639,7352814.2307],[568466.513,7352816.1642],[568467.1781,7352820.6761],[568468.2117,7352821.6453],[568470.1591,7352824.6463],[568472.6302,7352827.4636],[568473.7257,7352829.6026],[568475.2368,7352831.3593],[568476.892,7352831.222],[568479.5314,7352831.8005],[568481.4057,7352832.6687],[568483.2212,7352834.1336],[568485.0016,7352835.4948],[568488.5423,7352836.572],[568491.6682,7352836.7604],[568494.7232,7352837.2368],[568497.5733,7352838.3999],[568500.6164,7352839.2032],[568503.6765,7352839.3152],[568507.7362,7352840.405],[568510.1546,7352842.296],[568514.9503,7352844.6748],[568516.6665,7352846.9691],[568519.11,7352848.7579],[568522.0573,7352850.2504],[568523.8544,7352852.3131],[568525.8259,7352854.0156],[568528.3764,7352855.4237],[568530.3135,7352857.6114],[568531.6104,7352859.9703],[568533.6011,7352861.9629],[568535.4742,7352864.7658],[568536.3527,7352867.6192],[568537.3771,7352869.7378],[568539.775,7352871.5441],[568541.3265,7352873.9559],[568542.4412,7352876.8432],[568543.6935,7352879.4907],[568545.5348,7352882.0499],[568546.8719,7352884.6154],[568547.5702,7352887.6046],[568547.9163,7352890.9965],[568548.1391,7352894.0488],[568548.9868,7352896.621],[568549.2014,7352899.5424],[568548.5912,7352902.1912],[568549.7144,7352904.2654],[568549.9919,7352906.9266],[568549.6849,7352908.9561],[568549.566,7352919.2815],[568550.0838,7352922.2663],[568552.4624,7352927.3246],[568553.3814,7352932.8334],[568553.6009,7352935.7082],[568553.3731,7352937.4769],[568553.3896,7352940.2387],[568554.4159,7352943.6258],[568553.1079,7352948.1923],[568552.7113,7352951.1827],[568551.7951,7352954.497],[568550.8778,7352956.774],[568550.0644,7352960.1934],[568549.9422,7352966.1254],[568548.1981,7352971.4476],[568547.6651,7352976.3227],[568548.4092,7352978.827],[568549.8795,7352981.1715],[568550.4415,7352983.5779],[568551.6878,7352985.8515],[568552.5726,7352990.6024],[568553.8531,7352993.017],[568558.2821,7352996.5366],[568562.6403,7353003.2603],[568563.2474,7353005.9762],[568563.4584,7353008.7385],[568565.5231,7353015.7052],[568566.5447,7353016.7022],[568567.9065,7353017.1748],[568569.3801,7353017.9959],[568571.6378,7353019.9857],[568573.0572,7353021.7962],[568575.4827,7353023.0798],[568577.5318,7353024.8309],[568580.9596,7353028.6719],[568583.1239,7353029.5566],[568587.0855,7353032.6442],[568590.3151,7353033.8167],[568596.5434,7353032.9875],[568603.0921,7353033.0541],[568607.7211,7353033.9243],[568611.9595,7353034.6167],[568612.8368,7353034.283],[568617.1974,7353033.8195],[568620.0472,7353032.3656],[568622.6977,7353031.5239],[568625.0166,7353031.3189],[568627.6401,7353031.4297],[568633.5469,7353030.0507],[568639.4795,7353030.5416],[568649.1031,7353031.3377],[568660.6148,7353035.9778],[568663.8643,7353035.5955],[568667.4006,7353034.4486],[568670.2678,7353032.0592],[568676.5043,7353024.6115],[568682.2101,7353022.6166],[568687.3197,7353018.9633],[568690.7066,7353013.0925],[568692.9952,7353010.2792],[568695.5778,7353007.6039],[568700.7341,7353003.5336],[568718.7428,7352992.0951],[568724.6181,7352989.3976],[568730.9023,7352987.056],[568734.2664,7352985.5027],[568737.1542,7352983.7322],[568742.884,7352980.676],[568748.3862,7352976.6237],[568755.6369,7352969.8474],[568759.6782,7352965.2266],[568762.4654,7352961.0798],[568766.8712,7352951.4392],[568768.9308,7352948.153],[568770.8456,7352946.2652],[568778.305,7352943.616],[568783.0822,7352939.3915],[568789.2884,7352934.5481],[568799.6659,7352926.241],[568809.4117,7352916.3858],[568812.2323,7352914.4455],[568817.6062,7352910.5675],[568823.5635,7352907.4518],[568833.6246,7352906.0721],[568840.4795,7352907.016],[568843.4088,7352907.0878],[568846.5363,7352906.1364],[568852.8272,7352904.6083],[568879.3292,7352901.305],[568882.0313,7352899.5954],[568894.624,7352897.0164],[568904.9672,7352897.0273],[568938.5716,7352893.7867],[568950.1782,7352889.3891],[568956.3878,7352888.1116],[568973.0115,7352898.6609],[568985.4127,7352901.8911],[568995.2716,7352901.0865],[569001.6414,7352902.0188],[569008.0777,7352904.224],[569017.319,7352908.6476],[569030.6485,7352907.938],[569033.3938,7352906.3138],[569039.0929,7352903.3042],[569042.1032,7352902.0698],[569051.5028,7352902.9645],[569061.2024,7352904.5116],[569067.7632,7352903.028],[569086.9012,7352897.0126],[569096.594,7352893.0266],[569105.4841,7352889.703],[569107.7706,7352887.1517],[569110.6781,7352882.1482],[569111.4123,7352878.6146],[569112.0867,7352872.0046],[569115.8405,7352865.947],[569124.0807,7352859.6822],[569129.7022,7352855.2502],[569140.446,7352846.4862],[569155.9869,7352839.8778],[569161.4246,7352835.5816],[569167.1071,7352832.3381],[569177.3672,7352830.3852],[569186.9687,7352828.1356],[569196.0918,7352824.2294],[569204.1198,7352821.5486],[569213.9513,7352819.7348],[569219.8526,7352816.4782],[569237.7618,7352808.1435],[569253.5306,7352809.0932],[569259.7676,7352810.6864],[569268.2806,7352814.7378],[569271.8077,7352817.6245],[569275.8686,7352823.101],[569279.336,7352825.8294],[569283.4286,7352828.501],[569290.0792,7352831.3999],[569297.3549,7352833.901],[569310.7234,7352835.2024],[569320.594,7352834.9983],[569327.3164,7352832.0272],[569338.3244,7352832.8176],[569347.4198,7352834.5866],[569352.4381,7352834.4225],[569360.1342,7352832.4221],[569373.6388,7352832.8546],[569385.8858,7352835.877],[569395.847,7352837.9552],[569398.9548,7352837.9666],[569402.1328,7352838.634],[569411.7829,7352839.2932],[569414.9131,7352840.2211],[569420.7523,7352842.8329],[569423.8137,7352843.348],[569426.8818,7352842.5265],[569429.5337,7352840.1247],[569435.1332,7352831.8887],[569435.3832,7352829.2312],[569434.4324,7352822.338],[569435.823,7352814.451],[569435.8166,7352812.2387],[569437.1546,7352809.7538],[569439.1617,7352807.7468],[569447.1611,7352801.8602],[569466.4935,7352794.4095],[569494.1573,7352783.6359],[569500.1326,7352777.5491],[569512.1363,7352771.1543],[569516.3423,7352769.338],[569521.9217,7352768.3309],[569534.2993,7352772.3667],[569537.5588,7352772.4848],[569540.3252,7352771.6935],[569545.2431,7352767.8992],[569548.5913,7352767.0195],[569551.7393,7352766.6208],[569560.0655,7352763.0137],[569566.824,7352762.3019],[569571.9621,7352759.5352],[569573.3135,7352757.3534],[569582.9728,7352750.8129],[569605.1068,7352733.8313],[569606.8216,7352732.3598],[569621.6957,7352719.1937],[569631.6949,7352711.4303],[569637.3655,7352703.2415],[569639.0316,7352700.0232],[569645.7574,7352692.4107],[569648.5003,7352688.8862],[569667.9171,7352677.8333],[569677.955,7352671.603],[569684.0779,7352667.3342],[569705.0114,7352657.6078],[569707.0573,7352657.2216],[569708.7339,7352657.2981],[569709.3271,7352657.9509],[569716.4519,7352673.1009],[569722.6763,7352686.7241],[569731.7217,7352707.4207],[569735.2694,7352714.0879],[569739.4254,7352724.1543],[569740.6028,7352727.5286],[569741.7586,7352732.6964],[569744.3222,7352743.8153],[569747.6486,7352750.3767],[569748.3497,7352754.59],[569749.2463,7352759.9779],[569750.2542,7352762.4237],[569751.0318,7352765.0507],[569754.3309,7352767.9647],[569758.8491,7352773.0749],[569765.8161,7352780.011],[569766.6924,7352781.8113],[569767.9525,7352787.0723],[569771.921,7352796.7978],[569774.2872,7352803.7181],[569776.1545,7352806.9648],[569779.9109,7352815.884],[569782.8674,7352825.9821],[569788.1908,7352836.4561],[569787.9354,7352843.5532],[569788.6496,7352847.216],[569788.9578,7352850.8595],[569787.88,7352857.7398],[569787.8725,7352860.9174],[569789.2496,7352863.6434],[569789.6591,7352866.2425],[569789.1687,7352869.0156],[569789.2432,7352872.0738],[569791.5878,7352877.8054],[569794.491,7352883.0182],[569796.8672,7352889.1431],[569796.8736,7352892.2183],[569798.039,7352898.3131],[569795.4867,7352908.6524],[569795.5356,7352911.9809],[569794.499,7352915.3853],[569791.4369,7352920.6554],[569790.839,7352923.8183],[569787.4635,7352928.8282],[569787.2221,7352935.6639],[569786.3991,7352938.8026],[569783.1388,7352943.2639],[569782.5308,7352946.6883],[569783.1866,7352950.4245],[569782.94,7352957.3161],[569784.294,7352960.5182],[569786.5697,7352962.9675],[569792.8526,7352970.4046],[569798.7941,7352982.6467],[569803.5312,7353003.3736],[569805.8227,7353009.2721],[569807.3382,7353012.1792],[569808.304,7353015.2501],[569811.5816,7353020.5284],[569813.4922,7353029.6326],[569816.647,7353036.2162],[569818.2325,7353042.3589],[569821.502,7353048.2631],[569823.8685,7353050.6867],[569829.0305,7353059.4606],[569830.9316,7353061.5442],[569844.0034,7353067.6935],[569847.045,7353069.6011],[569851.1648,7353074.3687],[569853.22,7353078.3348],[569853.8397,7353081.8552],[569853.5873,7353087.6158],[569854.2289,7353090.4076],[569856.9481,7353097.831],[569857.1813,7353101.7904],[569858.0041,7353107.2786],[569857.4411,7353110.0965],[569857.3179,7353113.3835],[569858.0993,7353116.1507],[569858.8404,7353120.693],[569858.5872,7353123.7616],[569857.6114,7353129.5603],[569855.654,7353135.3438],[569852.1153,7353141.3215],[569850.877,7353144.2163],[569850.1862,7353150.5079],[569850.998,7353166.5667],[569850.302,7353169.288],[569849.6138,7353181.8232],[569850.3107,7353184.9622],[569853.2023,7353190.1655],[569854.0098,7353192.9428],[569854.3694,7353195.7276],[569857.6814,7353205.0538],[569859.9887,7353209.9349],[569865.1655,7353215.5959],[569866.8344,7353218.0769],[569873.4266,7353224.3911],[569875.1877,7353227.2482],[569877.6388,7353229.2907],[569879.5362,7353232.2634],[569881.1488,7353235.4907],[569882.8906,7353241.843],[569884.1913,7353244.7541],[569891.0054,7353254.2354],[569900.4431,7353266.095],[569901.7341,7353268.9404],[569904.0826,7353270.8682],[569906.5915,7353273.4542],[569909.0867,7353275.5352],[569911.2795,7353277.9732],[569914.3067,7353279.3852],[569917.1468,7353281.3626],[569921.3636,7353285.9166],[569924.0929,7353287.3585],[569926.2797,7353290.3385],[569932.7467,7353292.911],[569936.5817,7353293.0066],[569940.2021,7353293.8632],[569943.5737,7353293.6855],[569947.0955,7353293.0629],[569954.3317,7353293.7573],[569964.4812,7353296.5059],[569970.9814,7353299.855],[569973.5486,7353301.9098],[569976.9086,7353303.5545],[569990.4392,7353306.0416],[569993.6515,7353305.3085],[569996.9385,7353305.3531],[570000.1105,7353304.5817],[570003.3884,7353305.2896],[570013.71,7353305.2106],[570026.496,7353304.0622],[570029.6559,7353303.0194],[570033.0783,7353302.3103],[570039.5779,7353302.3697],[570045.2621,7353299.6702],[570054.9218,7353296.5653],[570058.7148,7353296.688],[570062.2921,7353298.5157],[570075.5943,7353302.4649],[570079.1225,7353303.0952],[570085.026,7353306.5325],[570089.5058,7353311.6915],[570089.9285,7353315.1042],[570093.9754,7353321.3273],[570098.7807,7353325.6532],[570103.275,7353330.9808],[570105.123,7353333.9617],[570105.6743,7353337.1908],[570106.6718,7353347.5623],[570107.823,7353350.124],[570110.0711,7353352.7504],[570112.9136,7353354.7748],[570116.6225,7353355.6994],[570123.5448,7353362.6205],[570125.1306,7353364.95],[570132.2507,7353368.6235],[570134.0941,7353371.3334],[570144.2456,7353378.653],[570150.4542,7353381.4627],[570153.018,7353383.798],[570156.7528,7353389.8544],[570159.1417,7353392.2601],[570161.6119,7353393.8267],[570163.9749,7353396.0634],[570165.5925,7353398.777],[570167.7755,7353400.8411],[570168.8135,7353404.1664],[570172.3199,7353409.1236],[570174.9284,7353410.5721],[570179.5702,7353413.9034],[570185.0372,7353415.9748],[570186.9688,7353418.1635],[570188.3183,7353421.2161],[570192.7403,7353426.1122],[570197.8377,7353430.025],[570202.1005,7353435.1227],[570203.8327,7353438.213],[570211.0027,7353446.1968],[570213.8142,7353447.6504],[570216.6534,7353449.9459],[570218.1626,7353453.0774],[570219.2162,7353456.3749],[570220.8701,7353459.1362],[570222.5335,7353469.4871],[570223.4975,7353475.9136],[570224.4802,7353489.8646],[570225.7217,7353493.3164],[570227.7825,7353495.7514],[570231.7761,7353500.9265],[570237.3497,7353505.6458],[570240.5623,7353510.1565],[570243.2262,7353514.4945],[570243.0654,7353521.0704],[570238.6478,7353528.6334],[570237.4428,7353532.1362],[570238.2081,7353537.0343],[570241.5116,7353541.8183],[570247.1794,7353545.1754],[570248.0901,7353548.4694],[570250.6192,7353553.8323],[570254.3666,7353558.319],[570252.6673,7353564.1367],[570254.8839,7353565.9026],[570256.1639,7353568.7199],[570258.5917,7353570.0145],[570265.3202,7353582.8382],[570268.7883,7353587.0562],[570277.9893,7353595.4836],[570280.3693,7353600.9361],[570283.0537,7353605.2254],[570286.3105,7353614.7028],[570285.4915,7353622.169],[570287.0811,7353627.0409],[570289.7484,7353631.6875],[570292.5993,7353640.4139],[570292.4686,7353643.6818],[570293.7925,7353646.6966],[570296.8346,7353648.2402],[570299.3303,7353652.6769],[570299.6497,7353655.5449],[570299.4212,7353658.2123],[570300.2204,7353661.4476],[570302.4086,7353664.4572],[570308.936,7353679.4711],[570311.3394,7353682.0362],[570314.9777,7353687.4082],[570320.272,7353690.3448],[570322.6895,7353692.9476],[570324.0934,7353695.7681],[570326.0444,7353698.6677],[570327.4153,7353701.7584],[570329.4386,7353703.8747],[570330.4961,7353711.5052],[570332.104,7353716.9986],[570332.2464,7353720.0212],[570329.9773,7353729.2081],[570332.8911,7353737.9733],[570332.6047,7353741.2936],[570331.5752,7353744.2493],[570331.0222,7353750.2547],[570330.2304,7353752.2817],[570330.5661,7353754.3464],[570328.0809,7353758.3498],[570328.2536,7353761.0647],[570327.9254,7353763.8044],[570327.0286,7353766.4176],[570325.0212,7353768.6198],[570318.0165,7353779.305],[570313.2128,7353782.4652],[570307.7514,7353789.2075],[570306.4545,7353791.4275],[570304.8823,7353792.4723],[570300.5764,7353798.1407],[570295.0024,7353806.0764],[570294.1943,7353809.0564],[570290.3939,7353814.5131],[570289.3431,7353822.3753],[570288.4973,7353824.9058],[570288.2237,7353830.1235],[570286.8517,7353833.3886],[570284.8525,7353836.6191],[570284.2389,7353842.3426],[570280.5025,7353852.0068],[570277.8125,7353857.136],[570277.5918,7353860.243],[570279.0413,7353866.1957],[570280.143,7353869.0646],[570280.5915,7353871.4312],[570280.4265,7353873.2122],[570280.5596,7353874.3558],[570283.1585,7353879.0194],[570283.8991,7353881.7392],[570286.3961,7353884.3159],[570291.3724,7353891.5253],[570294.8052,7353895.6302],[570295.2988,7353898.1476],[570295.9174,7353898.9146],[570305.8478,7353913.0766],[570316.9957,7353922.2632],[570317.2788,7353924.6256],[570320.3483,7353928.815],[570322.2354,7353930.3578],[570323.4194,7353934.2944],[570325.2902,7353936.4909],[570326.3412,7353939.1249],[570326.9659,7353941.6642],[570328.4401,7353944.0752],[570332.5628,7353947.6647],[570334.6245,7353948.8473],[570338.0242,7353954.7181],[570341.1446,7353957.9275],[570342.7569,7353960.2298],[570343.9123,7353962.9038],[570345.0184,7353963.9409],[570345.4777,7353966.476],[570348.9193,7353970.5252],[570355.5121,7353975.2049],[570361.1541,7353977.1503],[570365.489,7353980.3714],[570369.5322,7353983.5292],[570374.7384,7353985.3047],[570377.0902,7353986.9153],[570391.5221,7354000.8578],[570393.8069,7354005.7379],[570397.7531,7354008.8559],[570407.6632,7354013.9834],[570410.1224,7354013.8583],[570417.6475,7354015.7014],[570423.8745,7354015.7643],[570425.507,7354014.5621],[570430.31,7354013.963],[570435.8584,7354015.5884],[570441.9031,7354016.0206],[570444.8677,7354017.3381],[570447.1551,7354019.5639],[570468.3586,7354028.7886],[570473.7021,7354032.1287],[570475.5523,7354034.3903],[570483.3543,7354037.6333],[570496.3918,7354039.6806],[570499.0023,7354041.3165],[570502.885,7354042.4701],[570505.9353,7354043.3693],[570515.9341,7354050.3407],[570523.9407,7354058.6081],[570533.4928,7354062.699],[570539.5281,7354066.0473],[570545.7364,7354070.7365],[570554.154,7354073.5745],[570563.0496,7354075.3497],[570569.891,7354079.2418],[570573.1207,7354079.8838],[570580.6019,7354083.9134],[570583.9758,7354088.8398],[570591.2696,7354090.8927],[570592.9435,7354089.8412],[570596.7614,7354090.7224],[570599.0819,7354093.5661],[570608.672,7354102.7146],[570612.1596,7354103.868],[570614.9657,7354105.3499],[570616.5568,7354105.6423],[570618.3403,7354106.9583],[570621.7539,7354109.1099],[570622.4948,7354110.0071],[570625.6017,7354111.7957],[570627.4183,7354112.8415],[570632.3349,7354113.4046],[570635.7847,7354114.5663],[570644.5186,7354113.3468],[570648.9795,7354114.2349],[570651.6117,7354113.5067],[570653.9013,7354114.2934],[570658.7732,7354116.8884],[570659.7297,7354117.8146],[570661.299,7354119.523],[570662.5117,7354121.676],[570682.9202,7354160.6199],[570684.8235,7354164.8149],[570686.1551,7354169.7367],[570687.2505,7354174.6245],[570697.826,7354192.4065],[570702.7036,7354200.4834],[570703.9123,7354202.9627],[570707.9705,7354206.5419],[570712.7168,7354212.662],[570713.3394,7354215.2667],[570715.6653,7354217.9215],[570719.067,7354220.505],[570723.0776,7354224.1765],[570725.3268,7354225.8128],[570730.0282,7354228.3427],[570731.7834,7354229.7329],[570733.6064,7354231.564],[570735.7111,7354232.8135],[570737.3236,7354234.6394],[570739.6015,7354236.1829],[570740.9683,7354238.0586],[570742.8942,7354239.2381],[570746.046,7354242.5142],[570750.4118,7354242.8392],[570755.2581,7354244.6906],[570757.7049,7354245.3504],[570762.929,7354246.2393],[570767.4607,7354248.9333],[570771.9219,7354251.2889],[570777.1809,7354252.2816],[570779.4545,7354253.6941],[570785.1944,7354258.587],[570787.5192,7354259.4589],[570797.0103,7354263.6893],[570798.9803,7354265.2065],[570800.6598,7354267.0621],[570802.9021,7354268.2216],[570804.8186,7354269.4756],[570813.9229,7354279.1923],[570817.4214,7354282.2901],[570818.4616,7354284.139],[570823.6783,7354289.9347],[570825.6625,7354290.8915],[570828.1998,7354292.5818],[570832.3629,7354296.3134],[570839.367,7354301.0234],[570841.9013,7354302.0875],[570843.6644,7354303.3852],[570845.7966,7354305.7002],[570850.9639,7354307.4944],[570860.0665,7354313.6967],[570864.1376,7354317.7906],[570867.2015,7354321.8589],[570869.1602,7354323.3759],[570871.0445,7354325.6013],[570873.2418,7354327.3485],[570877.3479,7354329.4617],[570879.2958,7354331.1092],[570881.8507,7354332.0991],[570883.8686,7354333.3558],[570888.2346,7354334.5597],[570889.5252,7354335.8728],[570890.7205,7354337.8378],[570892.6391,7354339.5966],[570898.9096,7354345.3537],[570904.7508,7354349.0748],[570906.1548,7354350.1915],[570907.9452,7354352.265],[570913.3146,7354355.728],[570915.0791,7354357.6326],[570916.0687,7354359.6952],[570917.3038,7354361.0606],[570933.2605,7354374.6732],[570934.6555,7354376.6151],[570938.0873,7354380.7023],[570941.3775,7354382.5053],[570942.8134,7354384.1679],[570943.3376,7354385.6019],[570944.4646,7354388.7709],[570949.998,7354398.3887],[570951.6137,7354399.6001],[570967.6817,7354405.7895],[570969.9677,7354405.9594],[570973.5829,7354405.7373],[570979.6295,7354404.7551],[570982.1316,7354403.2201],[570984.604,7354402.563],[570990.0895,7354402.1561],[570992.2305,7354401.5316],[570994.9549,7354401.1705],[571002.2448,7354402],[571013.2466,7354399.7314],[571022.5914,7354398.7408],[571026.6626,7354399.5056],[571028.7684,7354399.5122],[571036.4293,7354401.2857],[571038.7907,7354402.6354],[571041.2808,7354402.9134],[571045.9569,7354401.8168],[571056.2433,7354401.638],[571058.3935,7354401.9729],[571060.6417,7354401.7027],[571065.2302,7354401.9872],[571067.2825,7354402.7682],[571068.9146,7354404.2583],[571070.573,7354405.0012],[571072.2629,7354404.9506],[571074.3982,7354404.3878],[571076.8388,7354404.244],[571077.8008,7354405.3153],[571079.7864,7354406.2067],[571081.4309,7354406.1643],[571085.9282,7354406.7829],[571093.4319,7354407.0385],[571099.0986,7354408.1074],[571101.0763,7354408.7267],[571106.6128,7354410.9149],[571111.2269,7354413.1536],[571113.6193,7354413.4292],[571118.7126,7354414.5678],[571124.7544,7354417.5997],[571137.084,7354430.2779],[571148.1064,7354439.4836],[571153.4198,7354442.1699],[571157.9288,7354448.8456],[571159.4737,7354451.1],[571163.8648,7354454.1182],[571171.3011,7354456.1388],[571173.7203,7354457.1348],[571176.3367,7354457.6218],[571178.8387,7354458.7602],[571181.254,7354459.4664],[571186.8932,7354459.5346],[571189.2607,7354458.7162],[571191.4627,7354457.1551],[571196.778,7354454.2803],[571201.7268,7354452.2188],[571205.0404,7354449.589],[571207.57,7354447.0676],[571209.5484,7354445.5756],[571211.5166,7354443.4478],[571215.6012,7354440.3176],[571218.5309,7354436.1671],[571223.5654,7354433.2479],[571229.9279,7354427.6426],[571231.4454,7354424.7557],[571232.9673,7354422.7287],[571235.042,7354420.5569],[571239.4069,7354416.0131],[571243.906,7354412.8559],[571251.8001,7354410.6263],[571256.3589,7354407.9288],[571261.372,7354405.411],[571263.7201,7354404.4705],[571268.4707,7354402.3667],[571271.6296,7354401.6338],[571274.3404,7354400.3287],[571278.8922,7354398.6305],[571282.3219,7354395.4002],[571284.4778,7354393.2865],[571287.1425,7354391.5784],[571290.5465,7354390.5246],[571293.713,7354389.1937],[571298.1527,7354384.5303],[571306.1845,7354374.2195],[571308.7807,7354372.0983],[571314.3821,7354368.7824],[571317.4511,7354367.8884],[571323.2666,7354365.9146],[571324.7698,7354363.1489],[571326.8022,7354360.7236],[571329.5629,7354359.0834],[571333.6924,7354357.4197],[571337.817,7354355.2741],[571345.2947,7354349.4638],[571351.8213,7354343.0403],[571355.4809,7354338.3012],[571357.7918,7354336.9019],[571368.6231,7354336.4577],[571374.7747,7354333.3989],[571380.6268,7354329.3978],[571382.7645,7354326.9753],[571386.2151,7354321.7263],[571387.6047,7354318.8454],[571389.3119,7354316.0475],[571390.4119,7354313.0191],[571393.1039,7354308.4704],[571394.3993,7354305.5965],[571396.6474,7354303.2703],[571398.8589,7354300.4572],[571400.5381,7354297.8735],[571403.6995,7354292.4674],[571404.8785,7354289.8804],[571405.4982,7354284.5965],[571406.8492,7354278.2097],[571409.183,7354272.976],[571412.3854,7354267.7141],[571413.4884,7354264.4242],[571417.3641,7354259.9149],[571417.4508,7354257.6926],[571417.9831,7354255.248],[571421.813,7354248.1112],[571422.366,7354245.7418],[571422.0829,7354242.6782],[571421.4492,7354239.3534],[571421.4464,7354236.974],[571422.5561,7354231.035],[571421.836,7354229.0351],[571423.5787,7354220.8544],[571424.295,7354218.4239],[571424.477,7354215.559],[571426.1788,7354210.7608],[571429.238,7354205.8288],[571432.8503,7354198.079],[571433.6585,7354195.4357],[571434.7895,7354192.8194],[571436.1185,7354190.4044],[571437.3437,7354184.678],[571442.9436,7354178.0443],[571443.5391,7354175.0404],[571443.1789,7354172.3488],[571444.8445,7354167.0542],[571448.0772,7354163.4353],[571450.4485,7354162.3274],[571454.5683,7354158.7309],[571455.8629,7354156.6329],[571457.5119,7354154.7494],[571461.2013,7354149.5303],[571461.1113,7354146.4709],[571460.8413,7354141.9716],[571459.0596,7354135.8112],[571459.8833,7354121.2244],[571459.5441,7354113.545],[571458.4213,7354109.787],[571458.4303,7354105.7401],[571461.9021,7354102.3329],[571465.9496,7354095.8185],[571468.1577,7354094.1831],[571474.9689,7354092.5702],[571481.6277,7354088.2509],[571489.0065,7354082.7619],[571494.5855,7354077.6328],[571499.3547,7354071.8738],[571502.0341,7354068.0597],[571507.1315,7354063.4721],[571513.6354,7354060.0487],[571515.678,7354059.596],[571520.2491,7354053.796],[571522.8183,7354049.506],[571526.4642,7354046.0659],[571529.404,7354041.5516],[571534.1562,7354039.4401],[571544.066,7354035.0369],[571546.3399,7354033.478],[571549.8233,7354029.3327],[571554.9986,7354026.0672],[571558.7315,7354020.129],[571562.3528,7354016.0341],[571564.3613,7354014.4123],[571567.2979,7354010.4681],[571569.9329,7354007.2823],[571571.9785,7354003.7738],[571575.5928,7353998.9215],[571576.7908,7353996.0453],[571581.0626,7353991.3687],[571586.3574,7353988.4661],[571591.5846,7353986.7395],[571595.0696,7353982.2392],[571597.7549,7353981.3637],[571600.8867,7353981.2753],[571605.4968,7353978.5236],[571610.0505,7353971.9827],[571611.3692,7353968.4669],[571618.6082,7353961.2663],[571621.9792,7353957.715],[571622.6447,7353955.4836],[571624.2889,7353952.7825],[571628.8299,7353947.9674],[571630.4034,7353945.4177],[571633.5711,7353940.8252],[571635.6452,7353938.8499],[571642.4451,7353934.1632],[571652.4925,7353931.6345],[571654.7446,7353930.3461],[571666.3934,7353927.7087],[571668.9839,7353926.4289],[571673.5579,7353922.3023],[571676.5122,7353921.2095],[571679.9164,7353921.2552],[571685.943,7353922.0579],[571691.2818,7353922.4467],[571707.5803,7353916.5541],[571713.4216,7353916.5632],[571716.4826,7353917.1835],[571720.7946,7353919.6304],[571725.9957,7353918.9315],[571730.56,7353917.1041],[571739.4758,7353918.5284],[571747.353,7353921.0011],[571752.8343,7353920.6739],[571758.4331,7353922.8078],[571761.2948,7353922.5446],[571766.592,7353921.9137],[571771.7065,7353923.867],[571774.4152,7353924.2916],[571780.1894,7353924.4205],[571782.458,7353926.1703],[571788.0015,7353926.7888],[571792.7896,7353924.5934],[571795.2467,7353924.8525],[571804.1349,7353920.1542],[571809.607,7353918.2753],[571816.1986,7353914.6866],[571818.8857,7353915.5126],[571822.5475,7353916.6456],[571831.0595,7353918.8856],[571837.6303,7353919.1843],[571847.1877,7353916.9443],[571856.0792,7353914.1051],[571860.268,7353911.6388],[571862.308,7353908.6775],[571865.8492,7353906.4896],[571867.283,7353903.9653],[571872.0754,7353900.284],[571877.7699,7353898.8315],[571881.1518,7353897.4974],[571883.8438,7353895.9307],[571886.5676,7353895.0285],[571891.1509,7353890.407],[571897.043,7353889.0252],[571900.1676,7353888.7781],[571903.1414,7353889.4244],[571906.3227,7353889.02],[571911.6297,7353885.3705],[571920.5624,7353881.0008],[571928.0966,7353876.0158],[571931.5583,7353874.9456],[571934.3674,7353874.8308],[571937.024,7353873.179],[571939.537,7353869.2057],[571939.2316,7353866.1508],[571940.2904,7353863.8786],[571942.8356,7353859.5322],[571945.3829,7353857.4479],[571947.5112,7353853.2215],[571947.7268,7353850.0959],[571950.2278,7353845.1008],[571953.4261,7353842.0075],[571956.6571,7353840.3987],[571959.7131,7353839.4583],[571961.8481,7353837.3165],[571963.3608,7353831.4295],[571968.2949,7353827.6585],[571970.702,7353828.1127],[571973.0832,7353825.1735],[571973.2231,7353817.8119],[571973.4874,7353815.4259],[571973.9225,7353812.6891],[571974.7709,7353810.2621],[571976.6297,7353808.188],[571977.8018,7353805.4608],[571980.4451,7353802.8648],[571982.2611,7353800.4064],[571988.3351,7353788.4208],[571990.688,7353785.8547],[571992.1651,7353783.1167],[571994.0041,7353777.1259],[572000.453,7353766.3649],[572006.0909,7353760.0978],[572010.6752,7353754.1307],[572013.7495,7353751.6019],[572017.247,7353750.1681],[572020.7111,7353748.1352],[572026.0501,7353742.6643],[572035.242,7353731.4505],[572038.19,7353725.3385],[572039.2568,7353722.4685],[572041.0536,7353717.3926],[572042.569,7353715.6556],[572045.0982,7353714.4307],[572046.2959,7353712.9099],[572047.2079,7353710.7929],[572049.2039,7353707.6289],[572051.5147,7353704.9496],[572053.8006,7353703.2418],[572056.0372,7353698.0276],[572056.9999,7353697.1644],[572058.7148,7353697.6197],[572061.3892,7353696.6041],[572064.4137,7353694.99],[572066.7571,7353692.9472],[572069.4512,7353692.3341],[572072.0079,7353691.3623],[572074.4143,7353689.6482],[572076.9444,7353686.339],[572079.792,7353683.5614],[572083.4506,7353682.0103],[572089.6429,7353677.898],[572091.5578,7353675.6945],[572094.2993,7353675.7276],[572096.8401,7353675.0826],[572102.4122,7353671.973],[572105.4824,7353671.9491],[572114.2251,7353675.0152],[572114.9783,7353676.3454],[572116.5892,7353678.8988],[572118.1689,7353680.6684],[572119.3994,7353682.4105],[572120.9273,7353683.7023],[572126.9951,7353685.4814],[572130.1549,7353687.9492],[572131.674,7353689.8763],[572133.8074,7353691.6135],[572135.8549,7353693.7691],[572138.2536,7353695.4291],[572142.8913,7353699.5488],[572145.2789,7353700.0308],[572147.8928,7353700.0512],[572151.2277,7353702.025],[572154.5391,7353703.0074],[572157.3422,7353702.9861],[572160.7589,7353703.3824],[572163.9479,7353703.1278],[572166.7471,7353702.0876],[572169.102,7353699.746],[572170.5159,7353698.1561],[572172.4555,7353696.6077],[572175.6862,7353696.1953],[572178.0898,7353695.0327],[572181.7954,7353691.5109],[572184.5743,7353690.5261],[572187.7058,7353690.3169],[572189.8542,7353689.5684],[572190.1118,7353688.5001],[572192.6048,7353686.4706],[572193.7732,7353685.3604],[572196.8704,7353684.1408],[572199.3752,7353682.9902],[572202.2999,7353682.7757],[572204.3186,7353682.9771],[572206.9697,7353684.4755],[572208.8819,7353686.4781],[572209.6264,7353687.3665],[572210.6886,7353687.4593],[572215.5726,7353685.2203],[572218.2445,7353683.7187],[572227.8979,7353674.7793],[572235.6155,7353669.2195],[572241.3669,7353665.3587],[572245.646,7353661.0478],[572248.9267,7353660.45],[572252.1165,7353659.289],[572259.8683,7353652.3289],[572261.6255,7353650.4113],[572263.3605,7353649.2128],[572266.4208,7353645.0483],[572269.4261,7353642.4338],[572272.7226,7353634.8786],[572276.1031,7353630.7634],[572278.6917,7353624.4649],[572281.982,7353615.0246],[572282.2154,7353611.9469],[572283.7522,7353607.6403],[572287.9904,7353604.3379],[572290.6925,7353598.4536],[572293.292,7353596.4082],[572297.0878,7353590.8605],[572299.4552,7353589.7905],[572300.6549,7353586.8866],[572301.774,7353581.5597],[572305.7334,7353572.7262],[572306.202,7353564.4664],[572307.766,7353558.665],[572306.3305,7353551.8889],[572308.5799,7353546.3482],[572309.4231,7353541.2198],[572314.825,7353534.5172],[572321.1452,7353532.764],[572330.708,7353522.5513],[572346.5096,7353507.4804],[572353.78,7353497.6201],[572368.7954,7353487.2211],[572391.3917,7353466.3156],[572406.3467,7353453.457],[572432.9568,7353430.2533],[572463.1809,7353402.6625],[572488.477,7353379.4324],[572497.2621,7353367.6731],[572501.6384,7353357.0094],[572503.0998,7353354.3273],[572503.8229,7353351.0933],[572504.1005,7353344.2773],[572501.8565,7353332.9844],[572499.9676,7353319.4482],[572498.6113,7353316.1699],[572494.4006,7353304.8357],[572488.5928,7353294.4416],[572486.7618,7353288.4217],[572484.7588,7353285.7061],[572483.9961,7353281.7328],[572483.2489,7353274.9744],[572482.1826,7353271.9747],[572481.6905,7353268.8868],[572482.4284,7353265.513],[572481.9346,7353262.4906],[572482.2409,7353259.2272],[572482.4496,7353255.6621],[572482.0594,7353251.8292],[572481.1546,7353247.3847],[572481.928,7353243.8062],[572479.6782,7353239.1401],[572479.5991,7353234.7732],[572481.0858,7353232.1291],[572481.6477,7353229.6012],[572481.4736,7353225.9982],[572481.9872,7353222.7214],[572482.6805,7353220.4961],[572483.681,7353218.1759],[572484.375,7353215.6328],[572491.2608,7353208.4734],[572494.333,7353207.3751],[572499.089,7353201.3945],[572501.9451,7353199.0474],[572503.3531,7353196.6816],[572508.8137,7353192.411],[572511.829,7353191.0402],[572517.8669,7353186.5601],[572524.4972,7353184.1984],[572529.2799,7353179.2281],[572533.5505,7353177.9084],[572535.2114,7353177.4091],[572539.5796,7353176.6958],[572544.7637,7353175.1044],[572551.5503,7353173.1513],[572554.4959,7353172.1855],[572556.8811,7353170.5024],[572558.6489,7353168.3223],[572561.4496,7353164.8938],[572562.1414,7353157.4021],[572564.1373,7353155.2946],[572566.9038,7353153.3659],[572569.4729,7353152.2266],[572570.7796,7353149.8582],[572572.0341,7353146.5912],[572578.0977,7353139.6725],[572584.3328,7353138.4878],[572587.2447,7353136.8994],[572589.0615,7353134.8808],[572590.5066,7353132.8338],[572592.4454,7353131.1922],[572596.8434,7353126.6979],[572598.5923,7353125.4159],[572601.4569,7353124.6394],[572603.5103,7353123.8046],[572604.9476,7353122.4958],[572607.0464,7353120.9238],[572609.1045,7353119.7619],[572610.9592,7353118.3144],[572611.5098,7353116.0855],[572612.4134,7353113.4449],[572614.0154,7353111.1497],[572618.9171,7353106.3881],[572621.2927,7353104.2999],[572622.5925,7353101.9033],[572624.9116,7353099.9631],[572626.8192,7353097.9281],[572629.1364,7353096.0626],[572631.2145,7353093.546],[572632.7342,7353091.0897],[572634.8053,7353089.8628],[572637.0089,7353087.873],[572639.0197,7353084.9059],[572640.8521,7353083.3083],[572642.7972,7353081.4238],[572643.7657,7353079.7665],[572646.2005,7353076.6984],[572648.9855,7353074.6394],[572651.7527,7353072.393],[572653.8989,7353070.1585],[572657.409,7353065.6695],[572659.815,7353063.7129],[572661.0317,7353061.4825],[572662.0088,7353058.9093],[572663.7628,7353056.8517],[572666.9759,7353052.9344],[572669.534,7353051.2155],[572674.7791,7353048.4537],[572677.7224,7353047.5485],[572683.0147,7353046.6013],[572685.8806,7353044.7594],[572688.226,7353042.6797],[572692.6195,7353038.952],[572694.9532,7353037.6104],[572700.5199,7353036.8199],[572703.6439,7353036.0595],[572709.478,7353031.4812],[572712.758,7353030.0707],[572714.3525,7353028.2146],[572714.8964,7353026.2472],[572714.9827,7353023.6416],[572716.6332,7353017.7398],[572716.4902,7353014.689],[572716.4731,7353011.7163],[572717.6999,7353008.9534],[572719.4626,7353006.2698],[572724.9761,7353004.777],[572727.5793,7353003.349],[572729.8719,7353001.1277],[572735.7566,7352997.9433],[572741.8292,7352996.3622],[572744.4679,7352994.2901],[572747.5119,7352993.1352],[572750.3824,7352990.9758],[572753.1266,7352988.8971],[572754.5279,7352986.3725],[572755.3774,7352983.067],[572757.0992,7352980.5133],[572759.4191,7352978.2553],[572765.0231,7352975.0171],[572767.9222,7352974.5127],[572769.7254,7352974.521],[572773.2411,7352974.286],[572774.8212,7352972.1743],[572784.4313,7352962.5468],[572785.3229,7352959.2144],[572787.5438,7352956.8606],[572793.0925,7352953.434],[572798.905,7352952.6033],[572805.3158,7352952.7883],[572807.9025,7352951.8552],[572812.7014,7352948.6148],[572815.4289,7352947.6201],[572822.8359,7352946.0672],[572829.6816,7352944.0267],[572833.973,7352940.6236],[572840.5024,7352938.5592],[572844.2049,7352936.2438],[572847.2066,7352933.9663],[572856.8975,7352928.3948],[572863.4152,7352923.7409],[572869.5895,7352920.5738],[572871.9882,7352920.7949],[572877.5872,7352914.4256],[572881.3591,7352911.1773],[572884.0231,7352910.022],[572886.5291,7352908.143],[572890.2544,7352904.3701],[572891.6381,7352901.6581],[572893.1874,7352899.67],[572902.3407,7352894.5239],[572907.1797,7352893.0794],[572913.0278,7352892.9135],[572914.8651,7352891.8582],[572919.7064,7352885.9833],[572921.6028,7352885.4064],[572926.5983,7352880.5449],[572930.5397,7352878.8485],[572935.3057,7352874.462],[572937.8591,7352869.8924],[572942.2187,7352866.6221],[572945.8732,7352859.7911],[572948.8311,7352856.017],[572952.6521,7352847.7042],[572953.7516,7352842.4611],[572954.8917,7352840.2943],[572955.6211,7352835.7906],[572956.9323,7352832.0006],[572958.7102,7352825.8498],[572958.1322,7352816.5255],[572957.4791,7352813.5032],[572959.3932,7352808.8377],[572963.5403,7352801.2998],[572965.3955,7352799.1234],[572968.6629,7352793.8714],[572968.6305,7352791.0665],[572970.6747,7352785.5302],[572973.0693,7352783.452],[572976.5679,7352778.2807],[572977.7934,7352775.4337],[572980.3005,7352773.5173],[572987.413,7352770.1786],[572994.9498,7352763.6915],[572995.8321,7352761.4525],[572999.6395,7352756.7099],[573001.8502,7352755.1971],[573007.0602,7352753.3885],[573011.7232,7352750.1822],[573015.0084,7352749.604],[573019.8842,7352747.0483],[573022.3804,7352746.5618],[573032.1908,7352742.5175],[573037.7943,7352741.4948],[573045.3126,7352739.1949],[573052.0058,7352736.1322],[573056.2824,7352733.8348],[573061.2568,7352729.2254],[573069.9353,7352718.0668],[573076.1757,7352715.2756],[573079.2192,7352714.8782],[573081.5857,7352713.1639],[573086.3315,7352708.0545],[573089.2418,7352705.867],[573092.8685,7352700.6992],[573094.9239,7352698.6497],[573096.6702,7352696.0406],[573096.6543,7352695.938],[573101.3659,7352688.5545],[573105.2619,7352684.6089],[573108.0291,7352683.55],[573118.0745,7352680.3158],[573125.7588,7352679.4598],[573128.0471,7352678.4352],[573133.795,7352672.6029],[573139.1469,7352672.7236],[573155.6913,7352669.93],[573161.7023,7352667.4322],[573167.9692,7352668.6891],[573171.0425,7352667.5821],[573178.2811,7352656.8257],[573179.0394,7352651.2654],[573180.0845,7352648.5632],[573185.6664,7352645.7832],[573203.8163,7352643.63],[573209.2412,7352639.799],[573215.1533,7352637.6352],[573221.7338,7352631.4883],[573227.1509,7352628.2461],[573231.7398,7352623.1408],[573238.116,7352616.026],[573239.9778,7352613.0368],[573242.501,7352611.093],[573248.5731,7352608.5689],[573256.3889,7352609.0251],[573267.9476,7352609.5418],[573274.7428,7352606.7095],[573280.0709,7352602.6476],[573293.2031,7352594.7273],[573304.0742,7352587.2485],[573309.0506,7352586.9111],[573313.6141,7352584.8057],[573319.9525,7352583.616],[573322.3656,7352581.8563],[573326.7902,7352572.3913],[573330.0882,7352567.7293],[573334.1457,7352564.1058],[573341.4513,7352561.3338],[573343.8327,7352557.1898],[573357.8776,7352543.9384],[573363.2134,7352541.5169],[573367.9861,7352541.7817],[573384.0811,7352539.5198],[573394.6176,7352534.5236],[573396.2767,7352530.8002],[573399.9717,7352527.373],[573404.8385,7352526.0515],[573408.0257,7352523.9102],[573413.814,7352517.4254],[573418.4872,7352513.8649],[573423.8943,7352513.4735],[573429.5235,7352512.0691],[573445.6878,7352509.1831],[573450.7632,7352505.5023],[573451.9305,7352503.6074],[573456.0345,7352500.2284],[573461.544,7352498.2228],[573466.3154,7352495.0856],[573471.2859,7352491.963],[573473.9723,7352486.6682],[573485.3516,7352482.414],[573491.8624,7352477.9577],[573507.8091,7352472.4938],[573520.5212,7352463.8831],[573542.5023,7352447.5697],[573563.466,7352428.0037],[573571.2255,7352419.6344],[573579.2058,7352412.2641],[573589.3462,7352403.1211],[573592.9869,7352400.8207],[573598.5689,7352395.6826],[573615.6366,7352380.5934],[573618.5274,7352378.5967],[573630.7695,7352370.7891],[573636.5357,7352361.0956],[573649.1958,7352352.28],[573651.8965,7352346.7428],[573655.8985,7352342.1089],[573658.5572,7352340.328],[573664.1373,7352338.0909],[573671.3812,7352329.6724],[573680.6933,7352322.9066],[573685.2271,7352320.6702],[573686.5319,7352317.7041],[573687.6346,7352316.5912],[573689.8852,7352312.9784],[573693.6976,7352308.6854],[573695.5725,7352305.5099],[573698.9397,7352301.8607],[573702.7562,7352299.5389],[573709.381,7352297.3667],[573717.7314,7352291.8283],[573721.1422,7352288.2865],[573734.0209,7352276.214],[573737.3596,7352270.6728],[573741.3688,7352268.09],[573745.4176,7352266.8358],[573747.591,7352265.3819],[573754.2611,7352262.6333],[573758.4705,7352262.3156],[573764.2797,7352260.2431],[573772.9508,7352259.9848],[573775.8303,7352258.5463],[573778.914,7352257.7861],[573781.8898,7352256.4062],[573787.832,7352253.861],[573793.4944,7352251.2245],[573799.2117,7352249.1024],[573804.2705,7352246.8991],[573809.0389,7352245.5015],[573811.9525,7352245.7743],[573815.3418,7352246.7047],[573821.8516,7352246.6234],[573831.7538,7352247.7904],[573838.2901,7352247.5604],[573847.0018,7352249.6215],[573853.2046,7352250.1959],[573856.363,7352250.606],[573869.8572,7352248.428],[573873.0478,7352248.6147],[573875.4244,7352247.6958],[573879.7968,7352243.3057],[573889.799,7352238.3813],[573892.3318,7352236.1019],[573894.0406,7352233.8102],[573897.6659,7352230.3537],[573899.0726,7352227.1006],[573906.8724,7352219.9125],[573911.1898,7352211.4644],[573920.3567,7352204.6768],[573924.7629,7352200.2969],[573927.9969,7352194.6897],[573934.9725,7352184.3582],[573936.8087,7352179.3778],[573939.7754,7352173.2029],[573943.1324,7352168.7861],[573947.5579,7352165.5377],[573949.6278,7352163.1153],[573954.8087,7352154.3347],[573956.7962,7352146.0403],[573955.0349,7352140.0306],[573955.0357,7352132.4223],[573955.99,7352125.5016],[573953.8022,7352118.5189],[573953.539,7352110.9317],[573958.4978,7352105.155],[573959.9388,7352101.8935],[573960.2699,7352096.3221],[573961.4819,7352090.0356],[573963.1331,7352084.368],[573962.8533,7352081.5567],[573958.3035,7352065.9396],[573958.1663,7352058.8604],[573962.1899,7352049.8625],[573966.9108,7352041.9765],[573971.0684,7352032.7805],[573972.3662,7352028.6419],[573975.2988,7352023.055],[573977.1253,7352020.8785],[573981.4901,7352017.6566],[573989.1957,7352009.2138],[573989.579,7352008.0929],[573992.4388,7352001.8277],[573995.834,7352001.6514],[574000.7775,7351999.7001],[574006.2685,7351995.8879],[574010.8437,7351993.7373],[574015.1849,7351992.5138],[574021.0824,7351990.2603],[574025.5439,7351988.367],[574030.2644,7351985.9006],[574036.1661,7351981.6161],[574031.6048,7351976.6652],[574027.304,7351974.5903],[574010.2093,7351965.8661],[574004.6683,7351963.1545],[574000.6377,7351958.6867],[574004.0135,7351948.5688],[574009.77,7351931.8213],[574019.3484,7351916.508]]]},"properties":{"GmlID":"LED.2800833","OBJECTID":2800833,"Geometrikvalitet":"<= 20 meter","Led_ID":"30467012","Lednamn":"Vandringsled BD88 mellan Adolfström och Länsgränsen","Beskrivning":"Vandringsled BD88 mellan Adolfström och Länsgränsen","Ledmarkering":"Målade fläckar på stenar och rösen ","Typ_av_led":"Vandringsled","Ledkategori":"Barmarksled","Statlig_led":"Adolfström - Länsgränsen (BD 88)","Statlig_led_ID":"BD 88","Skyddat_område":null,"Skyddat_område_ID":null,"Längd_på_led_m":36040,"Kommun":"Arjeplog","Län":"Norrbottens Län","Längd_på_delsträcka_m":22681.83617443}},{"type":"Feature","geometry":{"type":"MultiLineString","coordinates":[[[560000,7332761.651],[560028.952,7332793.03],[560052.382,7332811.858],[560083.343,7332843.238],[560120.999,7332876.71],[560154.47,7332901.813],[560206.7906,7332943.2024],[560233.8587,7332966.0722],[560255.4027,7332980.9872],[560282.1095,7333001.6311],[560327.686,7333040.302],[560355.3709,7333064.8909],[560372.3107,7333079.0407],[560382.1255,7333086.9924],[560397.6106,7333100.9927],[560416.2776,7333118.6698],[560428.8638,7333129.9125],[560447.955,7333150.2765],[560460.3997,7333162.1555],[560462.5563,7333170.1323],[560471.3949,7333177.7556],[560487.3043,7333196.0956],[560500.3412,7333210.0163],[560516.2057,7333228.596],[560522.1339,7333235.1577],[560543.2672,7333263.2601],[560562.5027,7333289.2893],[560568.0887,7333295.9359],[560578.2707,7333311.0675],[560594.1157,7333331.6386],[560600.4899,7333340.1524],[560605.2813,7333351.442],[560609.6653,7333360.4927],[560609.9672,7333366.5805],[560610.3954,7333367.6455],[560613.4265,7333375.1845],[560618.5568,7333382.8101],[560620.9874,7333388.3342],[560623.1971,7333394.8526],[560626.843,7333401.2606],[560628.6107,7333408.1104],[560641.979,7333432.7479],[560644.0782,7333441.9179],[560648.0555,7333448.8783],[560653.2482,7333458.0483],[560657.0046,7333463.9038],[560660.9819,7333467.7707],[560661.0924,7333472.3004],[560663.744,7333476.4988],[560671.4644,7333487.9093],[560676.5554,7333495.1923],[560680.8687,7333502.6874],[560685.0405,7333509.1219],[560690.2022,7333515.4856],[560695.576,7333520.6473],[560701.7984,7333526.4454],[560726.1663,7333546.6548],[560756.7475,7333578.7022],[560784.8322,7333604.3264],[560808.6963,7333622.6664],[560822.653,7333636.5419],[560841.7304,7333649.624],[560846.3706,7333653.4908],[560852.3366,7333663.4342],[560856.2035,7333672.8252],[560863.2744,7333678.4598],[560868.7985,7333685.4201],[560872.9968,7333692.27],[560879.8467,7333700.3352],[560886.6965,7333708.1794],[560892.8835,7333716.2446],[560900.5068,7333724.7517],[560904.3781,7333728.3888],[560907.7721,7333737.1566],[560911.5196,7333743.3083],[560916.1157,7333751.4397],[560923.8936,7333761.1268],[560926.7926,7333766.7127],[560931.318,7333771.733],[560934.1463,7333776.5412],[560937.6817,7333780.5009],[560939.7323,7333785.2384],[560941.3902,7333787.4784],[560948.9951,7333794.9961],[560955.6417,7333804.8953],[560965.0631,7333820.8911],[560978.127,7333842.088],[560984.915,7333847.1083],[560989.9353,7333853.5427],[560996.5819,7333862.6641],[561006.3453,7333880.6523],[561017.7944,7333891.3774],[561028.2479,7333901.0164],[561031.9587,7333906.4015],[561035.3527,7333909.886],[561037.4796,7333912.918],[561039.9233,7333917.0813],[561045.3537,7333922.1497],[561049.4265,7333925.1364],[561054.3592,7333928.802],[561059.8488,7333933.0175],[561061.97,7333935.669],[561066.077,7333941.8985],[561069.8811,7333949.4375],[561072.6377,7333955.5485],[561074.7232,7333959.9816],[561078.2077,7333964.1449],[561084.1893,7333969.3715],[561089.9736,7333979.2143],[561097.1236,7333990.5729],[561107.5172,7334004.5327],[561111.3417,7334007.6871],[561115.1599,7334013.061],[561121.0995,7334019.4954],[561126.4733,7334028.1926],[561130.5037,7334037.1019],[561133.1453,7334040.9852],[561137.3992,7334047.7279],[561144.7755,7334056.4166],[561146.0128,7334059.5726],[561154.0072,7334067.5942],[561159.9806,7334074.6989],[561165.4563,7334086.4648],[561171.656,7334095.425],[561176.5434,7334100.4934],[561188.044,7334116.2804],[561190.1109,7334122.0934],[561193.4342,7334126.6895],[561202.274,7334137.0774],[561205.7843,7334144.5883],[561212.3008,7334152.0895],[561219.6246,7334162.4906],[561226.5637,7334175.6701],[561227.9227,7334177.8303],[561233.6099,7334183.3623],[561246.8334,7334206.2938],[561252.6127,7334212.9714],[561254.0663,7334218.1029],[561255.861,7334221.146],[561268.857,7334257.475],[561275.945,7334279.331],[561285.987,7334292.326],[561292.78,7334308.571],[561293.076,7334322.452],[561299.4867,7334343.2885],[561304.8707,7334358.6971],[561305.9478,7334367.8616],[561313.455,7334385.658],[561327.4813,7334407.6171],[561342.5329,7334431.7031],[561343.981,7334434.4183],[561346.2436,7334437.2692],[561353.8915,7334445.8221],[561356.4257,7334449.7139],[561358.4621,7334454.6465],[561360.0459,7334465.2358],[561362.4274,7334475.5649],[561363.2052,7334485.252],[561363.9123,7334499.4644],[561364.9022,7334502.1513],[561367.0941,7334505.8282],[561373.3165,7334511.9798],[561378.0816,7334517.9641],[561384.1968,7334526.1878],[561388.1741,7334534.9158],[561389.186,7334541.276],[561396.6007,7334555.1411],[561398.6471,7334562.5307],[561398.4661,7334566.4677],[561399.6615,7334570.5716],[561400.593,7334574.206],[561401.0003,7334577.6001],[561400.412,7334580.9036],[561400.412,7334586.0624],[561402.6746,7334590.09],[561405.9329,7334593.8008],[561407.8788,7334596.5612],[561410.0509,7334602.6252],[561411.9063,7334604.8426],[561417.0652,7334608.8702],[561425.3727,7334618.7367],[561425.7822,7334622.4971],[561425.9943,7334630.0629],[561425.7822,7334637.063],[561425.4993,7334643.5682],[561424.1294,7334651.4315],[561423.6756,7334657.1939],[561420.6034,7334662.1383],[561419.7124,7334665.6856],[561418.1087,7334670.8874],[561417.9776,7334676.1974],[561417.2916,7334679.8272],[561416.4989,7334682.1362],[561417.7123,7334693.4056],[561420.8768,7334709.1459],[561419.903,7334715.524],[561417.5408,7334742.6027],[561415.8123,7334751.3986],[561415.5786,7334762.0017],[561414.1857,7334771.4035],[561414.5793,7334778.4181],[561412.2216,7334784.6609],[561410.591,7334795.667],[561408.6747,7334809.718],[561406.1827,7334818.1916],[561405.4093,7334825.1519],[561405.511,7334832.916],[561396.6771,7334877.5633],[561394.1048,7334882.3506],[561393.9634,7334885.0376],[561393.7446,7334890.9032],[561391.7714,7334899.5328],[561392.2664,7334902.067],[561392.4474,7334906.2303],[561392.2211,7334909.0813],[561390.9088,7334911.3439],[561384.3836,7334915.565],[561383.8486,7334921.0605],[561384.328,7334922.1082],[561386.7454,7334924.1506],[561389.1439,7334925.5082],[561392.4021,7334927.0469],[561394.529,7334929.9431],[561395.3068,7334933.6143],[561396.2967,7334936.584],[561395.8725,7334939.7659],[561396.0846,7334942.2407],[561397.4281,7334946.5539],[561399.6907,7334958.4329],[561400.8221,7334967.625],[561401.9534,7334976.0393],[561401.261,7334982.7366],[561404.665,7335009.287],[561406.7616,7335015.9896],[561407.4687,7335020.02],[561409.8728,7335031.404],[561413.0546,7335045.3336],[561413.4789,7335054.6671],[561414.1153,7335073.7584],[561417.1557,7335092.0012],[561417.9335,7335100.4862],[561417.5093,7335107.2742],[561417.8569,7335116.1473],[561418.6981,7335121.7144],[561419.057,7335130.348],[561420.1339,7335142.954],[561420.3687,7335148.6528],[561420.414,7335152.5898],[561420.0519,7335160.9165],[561420.5045,7335168.7001],[561421.6579,7335174.7914],[561421.0666,7335175.7448],[561421.0122,7335178.4939],[561420.2094,7335180.7974],[561419.9623,7335182.8845],[561420.596,7335186.704],[561422.0016,7335189.6761],[561423.1772,7335192.359],[561425.6741,7335196.2078],[561428.964,7335203.5791],[561430.5903,7335210.8621],[561432.038,7335218.956],[561431.3681,7335226.0644],[561431.9338,7335231.6504],[561435.4692,7335238.3677],[561438.8632,7335243.5294],[561440.9664,7335246.3212],[561440.7016,7335247.7719],[561442.6108,7335252.4387],[561443.1764,7335254.4892],[561444.4492,7335258.9438],[561446.7826,7335262.4085],[561447.2775,7335265.3076],[561449.1159,7335269.1258],[561451.1665,7335275.7724],[561452.4392,7335282.5605],[561453.712,7335287.7222],[561454.4898,7335297.0557],[561454.7726,7335303.278],[561455.6918,7335307.5205],[561456.8232,7335314.3793],[561456.2575,7335317.2783],[561455.3383,7335321.5208],[561453.8534,7335328.2381],[561454.5605,7335331.2079],[561453.4999,7335337.8545],[561452.0857,7335343.6525],[561449.8196,7335348.3724],[561448.969,7335362.028],[561448.621,7335371.1581],[561447.9139,7335380.8452],[561445.9341,7335387.3504],[561444.3078,7335391.8757],[561439.641,7335400.0072],[561439.7824,7335407.9265],[561438.5793,7335410.5014],[561437.93,7335412.221],[561437.4947,7335415.6587],[561436.6982,7335418.6109],[561436.9156,7335421.3882],[561436.065,7335426.7977],[561433.8429,7335432.6038],[561432.7116,7335439.7453],[561432.4995,7335446.7455],[561429.498,7335451.9779],[561428.6105,7335458.4831],[561429.4528,7335465.548],[561430.9439,7335475.5238],[561431.0146,7335482.0997],[561430.3782,7335494.403],[561428.3984,7335500.2056],[561426.6705,7335504.6967],[561426.5965,7335506.8916],[561426.3478,7335510.2417],[561425.6407,7335516.1105],[561423.4488,7335523.9591],[561418.6332,7335534.9735],[561414.824,7335547.711],[561413.3375,7335558.4648],[561408.6,7335571.8994],[561408.333,7335576.777],[561406.956,7335585.4887],[561406.8456,7335594.5482],[561408.1134,7335601.3936],[561408.051,7335608.383],[561407.5499,7335616.3297],[561405.7407,7335620.9534],[561405.0778,7335625.2622],[561406.6496,7335630.6087],[561407.8399,7335636.7523],[561407.0742,7335641.2033],[561411.3753,7335644.4861],[561411.6465,7335648.0617],[561414.542,7335652.405],[561426.958,7335677.238],[561433.166,7335707.997],[561434.5162,7335724.6471],[561436.6757,7335730.7725],[561437.2281,7335735.8546],[561436.3884,7335742.83],[561436.6005,7335771.8629],[561434.8328,7335777.7317],[561434.3538,7335780.8067],[561431.95,7335785.0931],[561431.5155,7335787.5838],[561432.0369,7335789.5533],[561434.0063,7335791.9571],[561435.706,7335794.631],[561437.1662,7335797.6715],[561437.6612,7335801.914],[561437.6612,7335809.4798],[561438.5804,7335815.3486],[561437.6612,7335822.6316],[561439.7117,7335826.0256],[561440.5425,7335835.1779],[561441.8683,7335843.4641],[561445.7352,7335851.8607],[561446.1771,7335856.3904],[561447.7239,7335861.9145],[561448.3868,7335867.1072],[561450.3754,7335871.6369],[561449.568,7335877.2401],[561450.662,7335881.263],[561456.1715,7335901.8735],[561464.3586,7335931.9024],[561465.3069,7335943.9591],[561466.0991,7335950.2957],[561470.3727,7335968.7506],[561470.1316,7335976.515],[561471.6985,7335978.473],[561474.6815,7335983.5552],[561476.2282,7335990.626],[561476.6701,7335999.2436],[561475.8968,7336007.1983],[561477.775,7336013.9377],[561478.3274,7336020.8981],[561481.1999,7336028.6318],[561481.5313,7336033.272],[561479.1718,7336043.1417],[561477.84,7336050.6909],[561471.2137,7336080.7909],[561463.8121,7336102.5024],[561462.8252,7336111.1729],[561461.6269,7336126.681],[561461.0968,7336148.1195],[561459.6939,7336152.5091],[561460.0107,7336155.4506],[561460.78,7336158.2563],[561461.0515,7336161.1073],[561460.7348,7336164.818],[561459.7844,7336169.0266],[561459.7929,7336173.4869],[561459.8636,7336179.0729],[561458.308,7336185.8609],[561457.5302,7336190.3862],[561457.024,7336195.2736],[561456.3452,7336200.6135],[561455.3043,7336205.0936],[561453.5847,7336208.5781],[561452.3176,7336212.6056],[561451.3673,7336218.6696],[561450.5075,7336222.1088],[561449.9644,7336226.1364],[561450.3265,7336236.8615],[561450.9148,7336243.2422],[561451.0505,7336247.5413],[561450.8333,7336252.311],[561448.5743,7336261.0576],[561448.6322,7336265.2281],[561448.1978,7336270.644],[561448.1688,7336274.6119],[561447.1551,7336278.5217],[561444.662,7336283.8033],[561443.81,7336287.9526],[561443.7195,7336290.7583],[561443.6742,7336294.3333],[561444.1268,7336297.7725],[561442.9502,7336302.0264],[561441.4087,7336305.9238],[561441.9744,7336308.6814],[561442.6108,7336313.4896],[561442.5401,7336318.5099],[561442.0451,7336327.1363],[561441.968,7336331.8552],[561442.0038,7336335.2578],[561441.4125,7336341.9176],[561440.5326,7336344.6181],[561438.7485,7336349.7474],[561438.7271,7336354.4316],[561439.1036,7336357.1541],[561439.4996,7336365.8139],[561439.4289,7336375.3595],[561440.2911,7336382.8725],[561440.6055,7336387.4034],[561441.3627,7336392.4879],[561441.2468,7336397.035],[561441.1599,7336405.2023],[561440.8233,7336417.4678],[561439.641,7336425.6332],[561439.4222,7336430.4573],[561438.4917,7336437.031],[561438.1638,7336441.636],[561435.7726,7336448.7815],[561434.3308,7336453.6576],[561433.2773,7336459.0644],[561432.2739,7336463.622],[561430.8722,7336473.4958],[561428.4166,7336481.6335],[561427.8084,7336485.1379],[561425.9548,7336489.5402],[561425.4335,7336491.5965],[561425.1149,7336493.9714],[561424.9701,7336498.1709],[561423.0296,7336508.1049],[561420.8665,7336516.256],[561419.6899,7336528.0671],[561417.2342,7336533.9043],[561414.712,7336542.0504],[561413.626,7336547.2546],[561411.5896,7336551.7347],[561410.7297,7336556.3505],[561409.5984,7336564.8582],[561408.3172,7336569.737],[561405.1349,7336583.795],[561403.3464,7336587.915],[561402.4247,7336592.3714],[561400.8703,7336596.6927],[561399.3994,7336605.8754],[561398.3493,7336610.3198],[561397.8185,7336615.0745],[561395.4546,7336623.9107],[561394.6875,7336628.5668],[561394.2576,7336634.9166],[561392.3054,7336646.4304],[561387.5773,7336661.1441],[561384.7643,7336672.9107],[561383.2411,7336687.1026],[561381.1452,7336695.1212],[561379.215,7336706.0422],[561377.643,7336712.9979],[561374.6404,7336721.6333],[561372.9058,7336728.6425],[561372.9431,7336733.6081],[561372.5359,7336737.0021],[561371.6761,7336742.9303],[561369.6849,7336747.6367],[561369.3681,7336752.3883],[561368.3273,7336756.6873],[561366.3796,7336761.6688],[561364.8446,7336769.8651],[561361.8036,7336778.2062],[561360.7609,7336783.5353],[561358.6467,7336787.7927],[561358.1847,7336791.437],[561355.7505,7336800.2175],[561355.508,7336802.7446],[561355.2292,7336805.228],[561351.2668,7336812.6658],[561348.9588,7336820.6757],[561348.7048,7336831.4846],[561345.1214,7336843.7477],[561341.9645,7336858.4025],[561341.349,7336862.5592],[561341.1753,7336871.1332],[561339.6819,7336878.3285],[561338.8221,7336880.5007],[561336.6955,7336883.0846],[561335.7108,7336886.3779],[561335.7448,7336894.2124],[561332.8939,7336905.7068],[561327.1182,7336919.0811],[561327.4748,7336929.024],[561324.5924,7336938.7648],[561324.1328,7336942.68],[561322.6718,7336950.0312],[561320.13,7336957.6768],[561318.9396,7336965.632],[561317.5726,7336972.1235],[561315.2559,7336983.1871],[561313.8414,7336987.175],[561313.1884,7336990.8511],[561312.1359,7336994.4147],[561311.5173,7337001.4121],[561310.6688,7337005.9374],[561305.6749,7337019.5771],[561305.2404,7337027.1362],[561304.4295,7337030.4089],[561301.93,7337035.0004],[561300.0852,7337040.4588],[561299.5349,7337044.3687],[561299.3159,7337049.1601],[561297.1437,7337054.5453],[561297.0079,7337057.9845],[561290.729,7337078.6964],[561289.7391,7337085.4845],[561288.0421,7337089.5148],[561282.4363,7337112.0623],[561280.3094,7337123.964],[561277.3651,7337132.7177],[561274.6255,7337139.4363],[561272.6277,7337143.8189],[561271.7084,7337147.7786],[561270.9655,7337154.3162],[561268.5679,7337160.7709],[561266.5083,7337166.1772],[561265.7875,7337172.0468],[561262.6982,7337180.079],[561260.7417,7337183.0139],[561259.4544,7337186.0517],[561257.2919,7337188.935],[561255.9178,7337191.8441],[561255.2742,7337197.3952],[561253.6652,7337206.5665],[561251.7344,7337213.1635],[561250.6886,7337218.071],[561249.0795,7337222.3348],[561246.7465,7337227.5641],[561245.2217,7337231.2498],[561244.0716,7337233.5238],[561243.0938,7337236.9231],[561241.4141,7337240.2417],[561240.1087,7337243.4349],[561238.4373,7337246.1583],[561238.0269,7337249.9063],[561236.2958,7337253.8148],[561234.6321,7337256.4308],[561233.9044,7337259.4616],[561232.2134,7337265.5743],[561230.6343,7337268.0914],[561229.1075,7337272.7311],[561226.2262,7337277.734],[561223.6046,7337280.0042],[561217.9256,7337292.2639],[561208.1101,7337321.7214],[561206.267,7337328.7773],[561204.9283,7337332.9478],[561202.045,7337339.5898],[561199.0586,7337348.6518],[561196.0723,7337354.7274],[561194.1158,7337363.7379],[561191.1809,7337369.2986],[561189.1729,7337375.5802],[561185.9291,7337384.6421],[561184.0241,7337389.0701],[561183.3032,7337392.6228],[561179.699,7337403.6413],[561177.3981,7337411.2326],[561174.341,7337417.91],[561173.0538,7337423.3002],[561171.2839,7337435.4482],[561167.3418,7337446.7917],[561165.0764,7337457.807],[561163.6347,7337459.3002],[561161.6781,7337461.9776],[561160.8543,7337465.8392],[561159.3611,7337470.0612],[561157.4561,7337477.3726],[561155.8599,7337483.1393],[561153.6974,7337492.2527],[561151.3805,7337497.8134],[561151.226,7337502.2929],[561148.6516,7337508.42],[561143.6057,7337520.6228],[561143.3111,7337526.8108],[561139.4352,7337539.0556],[561140.6194,7337542.1449],[561140.5164,7337544.1529],[561138.938,7337548.4024],[561138.2418,7337553.8568],[561136.8608,7337558.7756],[561136.2462,7337562.805],[561137.5715,7337567.2598],[561137.5082,7337571.8152],[561137.0152,7337575.8842],[561136.455,7337578.6851],[561134.0523,7337587.173],[561133.642,7337592.5572],[561130.6307,7337622.4152],[561129.9725,7337637.209],[561129.4865,7337647.7869],[561129.7249,7337651.278],[561127.9937,7337658.9246],[561127.1522,7337666.1173],[561125.61,7337679.403],[561123.1012,7337689.9465],[561121.883,7337700.0975],[561122.0143,7337712.7354],[561120.5904,7337719.4707],[561119.9954,7337727.9063],[561120.6899,7337731.8183],[561120.1162,7337739.6281],[561117.9269,7337747.2909],[561119.357,7337755.1439],[561119.202,7337759.1591],[561116.5149,7337765.3057],[561113.3935,7337774.1452],[561112.5668,7337781.7626],[561114.6407,7337796.905],[561115.2159,7337805.2958],[561112.8131,7337814.2652],[561112.3137,7337824.6677],[561112.2332,7337831.2647],[561111.2551,7337838.4402],[561109.8453,7337842.4399],[561109.0939,7337847.022],[561109.4688,7337850.6748],[561109.2115,7337853.8552],[561104.9865,7337863.9054],[561101.3853,7337879.1359],[561101.032,7337883.8428],[561101.3853,7337888.3524],[561098.502,7337899.9887],[561097.8841,7337906.1673],[561097.1118,7337909.8745],[561095.5156,7337915.2807],[561095.2406,7337918.6827],[561095.1249,7337923.8576],[561093.4576,7337927.562],[561092.4381,7337930.1083],[561092.2719,7337935.8246],[561092.1174,7337939.1198],[561089.4915,7337945.0925],[561088.9251,7337948.6967],[561087.4391,7337952.3746],[561088.0981,7337957.6524],[561086.5377,7337961.6119],[561087.8567,7337966.9847],[561087.8567,7337978.0064],[561085.9059,7337988.4168],[561085.6093,7337992.7006],[561086.1695,7337997.0174],[561086.3811,7338009.8902],[561086.3087,7338027.234],[561087.3692,7338036.0791],[561088.1528,7338046.1641],[561088.0561,7338061.6819],[561088.8644,7338064.6993],[561090.5705,7338069.0537],[561091.9057,7338073.9059],[561092.0414,7338077.2816],[561091.3219,7338079.2313],[561090.7754,7338081.2057],[561090.2123,7338086.5309],[561088.8221,7338091.0619],[561085.5746,7338096.1579],[561081.7682,7338100.6902],[561081.1243,7338102.9369],[561075.7235,7338108.5947],[561073.9111,7338112.3183],[561070.6159,7338116.4044],[561067.3536,7338120.4246],[561064.7833,7338127.2128],[561061.8835,7338131.7603],[561058.8189,7338139.57],[561056.6934,7338143.477],[561055.0973,7338145.8454],[561041.5044,7338161.3949],[561033.0603,7338169.7875],[561015.7731,7338192.0852],[561011.4288,7338199.6475],[561009.6589,7338205.6813],[561006.4408,7338211.0715],[561003.786,7338216.9444],[561000.8093,7338223.5413],[560998.9494,7338230.5282],[560990.8744,7338254.329],[560989.7473,7338261.1293],[560987.7977,7338265.4034],[560987.6102,7338268.2904],[560986.5229,7338272.0396],[560984.9857,7338281.4503],[560984.7608,7338284.3372],[560984.1609,7338288.7614],[560983.2986,7338292.3607],[560981.5871,7338295.5986],[560981.6489,7338299.3343],[560980.8615,7338303.421],[560980.4866,7338308.295],[560978.7245,7338312.8691],[560978.19,7338314.8495],[560977.1847,7338338.6392],[560977.7513,7338349.4066],[560977.9223,7338352.6555],[560978.4995,7338354.9734],[560978.3045,7338358.659],[560977.922,7338360.5119],[560976.4643,7338366.3692],[560976.2762,7338378.5578],[560975.2785,7338387.8385],[560974.2834,7338394.0858],[560970.9635,7338409.2627],[560970.7731,7338416.1234],[560969.8092,7338423.5365],[560969.6573,7338431.6776],[560968.3604,7338438.1886],[560965.9755,7338445.7821],[560965.7671,7338449.8035],[560963.504,7338454.7323],[560962.9478,7338457.6116],[560960.4117,7338472.3137],[560957.2684,7338483.1799],[560957.2033,7338487.4212],[560953.4404,7338494.3992],[560952.5616,7338499.7887],[560947.9341,7338512.8839],[560946.7548,7338517.0912],[560946.5308,7338519.2167],[560945.988,7338523.5146],[560943.5758,7338527.182],[560942.2451,7338529.6706],[560941.7192,7338534.3007],[560941.3396,7338538.8157],[560939.6391,7338542.6199],[560934.4679,7338549.3867],[560928.1255,7338556.1001],[560925.5232,7338559.9971],[560923.8232,7338564.3061],[560918.282,7338571.747],[560914.3446,7338578.8115],[560911.215,7338582.7226],[560906.0637,7338590.2023],[560902.4147,7338596.8807],[560898.1051,7338606.6055],[560887.9454,7338627.7324],[560882.7664,7338639.5585],[560872.7784,7338659.4734],[560869.4245,7338667.1952],[560864.9608,7338673.7811],[560858.1704,7338692.709],[560853.9913,7338700.4785],[560850.5046,7338708.048],[560838.6586,7338731.5677],[560836.3471,7338740.2278],[560832.0183,7338752.8445],[560827.6793,7338768.0743],[560826.142,7338777.9788],[560824.7252,7338782.1444],[560822.2027,7338794.9869],[560822.226,7338799.1742],[560820.7836,7338807.6849],[560819.7022,7338828.932],[560818.6932,7338841.9004],[560819.1146,7338854.9839],[560818.5586,7338858.8597],[560817.7052,7338879.9877],[560817.0854,7338908.5711],[560817.0945,7338908.5835],[560817.0349,7338925.3948],[560816.3049,7338942.6122],[560816.3592,7338946.127],[560816.8411,7338955.8103],[560816.2201,7338960.0677],[560815.5738,7338969.1196],[560814.9858,7338981.9189],[560814.6931,7338995.3329],[560814.2584,7338999.8934],[560814.4243,7339004.8539],[560811.4609,7339015.6831],[560809.2365,7339019.4388],[560808.3264,7339022.2211],[560806.7907,7339028.0279],[560803.8684,7339034.8167],[560800.8427,7339043.6578],[560795.6711,7339054.4705],[560792.5961,7339063.0281],[560784.992,7339083.2969],[560783.8239,7339086.5886],[560782.9415,7339092.1188],[560782.6845,7339097.0984],[560781.3594,7339109.4806],[560779.2032,7339120.4052],[560777.1649,7339133.6326],[560777.4606,7339141.0678],[560776.8422,7339150.2045],[560776.558,7339163.592],[560770.4487,7339178.1435],[560763.3813,7339194.2368],[560760.8919,7339198.3136],[560756.1334,7339208.1588],[560755.7446,7339216.0381],[560757.1455,7339223.8437],[560760.7805,7339235.4676],[560764.3179,7339245.5136],[560765.3771,7339250.0567],[560767.8774,7339256.43],[560770.6942,7339265.1075],[560772.0758,7339269.4365],[560772.0039,7339272.3818],[560774.0604,7339277.4688],[560774.2416,7339281.8743],[560776.8841,7339290.4181],[560779.9669,7339299.0501],[560784.99,7339309.901],[560809.5622,7339348.6398],[560827.3273,7339390.0319],[560831.114,7339399.173],[560840.5139,7339410.8673],[560847.2785,7339421.9726],[560852.6338,7339427.8352],[560856.1852,7339433.6416],[560868.4975,7339448.908],[560877.4274,7339457.605],[560880.7634,7339460.7564],[560887.6145,7339469.8804],[560894.8185,7339480.0086],[560903.6882,7339485.8621],[560936.531,7339501.9202],[560940.0487,7339501.7517],[560948.1278,7339503.7118],[560957.091,7339505.4594],[560968.6472,7339513.0696],[560977.2721,7339519.2705],[560983.473,7339521.9763],[560993.3501,7339524.8031],[561001.963,7339528.0645],[561008.6229,7339533.1451],[561025.1882,7339541.7629],[561037.7908,7339547.6211],[561053.3043,7339556.9292],[561065.8234,7339571.5047],[561075.4393,7339581.5249],[561079.2562,7339583.9537],[561085.6302,7339587.8841],[561095.2909,7339591.2574],[561098.1335,7339592.554],[561110.0844,7339600.9534],[561114.307,7339604.997],[561129.6454,7339619.7816],[561140.8493,7339629.6641],[561147.8535,7339635.002],[561151.6868,7339637.1442],[561154.6745,7339640.8083],[561158.7333,7339642.9505],[561164.9906,7339645.4872],[561174.0101,7339647.6857],[561184.5789,7339649.1369],[561192.3732,7339648.5937],[561195.578,7339647.6894],[561202.3466,7339648.1112],[561208.4127,7339648.0011],[561211.4545,7339648.0079],[561215.2128,7339643.927],[561220.1607,7339638.8967],[561224.7455,7339637.6886],[561242.8301,7339633.9918],[561249.5644,7339632.7708],[561252.9855,7339634.5293],[561257.4177,7339638.438],[561269.3235,7339638.3341],[561274.0027,7339635.8526],[561276.4255,7339635.3193],[561279.3885,7339635.0243],[561284.3476,7339634.3108],[561291.8782,7339633.0351],[561305.846,7339629.8431],[561309.743,7339629.4979],[561317.3233,7339628.075],[561332.8368,7339628.1111],[561336.1921,7339628.3276],[561338.5733,7339629.1213],[561340.7019,7339630.7448],[561342.8665,7339633.6671],[561344.6704,7339635.5432],[561348.0618,7339638.3573],[561351.3809,7339640.4498],[561356.3315,7339642.5622],[561360.5589,7339645.3617],[561362.8438,7339647.3907],[561367.8731,7339651.5754],[561371.6679,7339656.1137],[561375.1063,7339658.7772],[561377.7796,7339661.34],[561379.4493,7339663.6765],[561381.9376,7339668.3274],[561383.8685,7339672.5994],[561388.7592,7339680.4365],[561391.7147,7339685.6022],[561394.7164,7339690.1047],[561398.8957,7339693.4297],[561405.4836,7339699.4492],[561404.951,7339707.1166],[561405.9762,7339710.5501],[561408.5095,7339713.4649],[561411.8854,7339715.5196],[561414.1879,7339718.6163],[561417.466,7339721.1736],[561419.1109,7339725.1409],[561419.6051,7339741.1636],[561420.299,7339745.4346],[561424.6399,7339750.1763],[561430.5683,7339757.0466],[561435.1812,7339768.6598],[561437.9998,7339771.9294],[561439.9728,7339778.3558],[561441.3257,7339782.9783],[561444.4825,7339788.5591],[561445.8355,7339791.265],[561446.8502,7339794.1963],[561447.3011,7339797.8041],[561451.5854,7339804.1178],[561453.6229,7339808.5633],[561469.2124,7339835.681],[561471.0337,7339839.5193],[561474.867,7339845.1565],[561476.3327,7339849.8354],[561478.9258,7339854.2888],[561479.715,7339857.4456],[561481.4062,7339861.9554],[561484.4397,7339868.1422],[561486.8179,7339874.8363],[561488.9318,7339877.4788],[561489.8126,7339879.857],[561491.1338,7339886.463],[561495.8744,7339898.2738],[561503.064,7339912.653],[561506.0248,7339918.9828],[561512.5234,7339930.0526],[561513.82,7339932.9276],[561514.3671,7339936.8178],[561516.3728,7339941.1058],[561521.4302,7339950.2901],[561526.9168,7339960.63],[561531.6989,7339970.8163],[561537.6518,7339979.4029],[561542.1485,7339989.1815],[561545.5529,7339994.7721],[561547.3207,7340000.1477],[561559.4028,7340023.8297],[561568.5571,7340042.6837],[561572.351,7340047.454],[561575.8291,7340052.4924],[561578.158,7340058.0451],[561581.9455,7340065.7962],[561586.9661,7340074.4282],[561594.1332,7340092.7944],[561600.9135,7340108.6131],[561612.6307,7340134.6977],[561615.7434,7340146.6922],[561623.9161,7340158.6447],[561625.915,7340172.772],[561628.2917,7340178.9716],[561635.4768,7340191.2622],[561637.4436,7340198.1011],[561651.1574,7340233.4964],[561656.287,7340245.604],[561668.8,7340269.426],[561675.51,7340284.131],[561677.1344,7340288.2283],[561684.0315,7340298.6827],[561686.4977,7340304.8484],[561688.964,7340311.9829],[561693.8966,7340319.3817],[561697.8863,7340329.2306],[561699.929,7340332.519],[561701.0795,7340334.7736],[561707.6514,7340345.1258],[561711.1605,7340352.4122],[561717.5904,7340367.3859],[561725.1654,7340381.3028],[561727.8959,7340386.8519],[561730.522,7340395.345],[561731.0178,7340396.5075],[561742.9155,7340422.574],[561747.8198,7340432.5519],[561752.0477,7340442.417],[561753.1752,7340447.2649],[561754.5281,7340452.2257],[561758.756,7340458.1447],[561766.7396,7340475.0211],[561770.351,7340498.0102],[561772.4476,7340512.8886],[561772.5157,7340518.806],[561773.1592,7340522.6795],[561774.3174,7340529.6519],[561777.0768,7340538.8129],[561780.9665,7340553.1314],[561782.1503,7340560.1779],[561781.7557,7340568.5209],[561781.8121,7340575.0037],[561783.165,7340583.5159],[561785.8709,7340593.8319],[561786.2655,7340600.4838],[561786.2056,7340605.0288],[561783.0943,7340619.43],[561783.2793,7340627.2478],[561786.931,7340637.8277],[561790.4746,7340644.5542],[561795.6303,7340656.9967],[561801.4436,7340665.9809],[561803.9099,7340672.587],[561805.0549,7340677.8719],[561805.3192,7340684.566],[561804.815,7340701.029],[561806.0238,7340717.2441],[561805.8558,7340731.4493],[561805.1375,7340740.1058],[561805.3643,7340746.1131],[561805.2064,7340764.3401],[561803.9099,7340777.1534],[561803.5862,7340786.899],[561795.0332,7340797.5024],[561786.8642,7340807.1582],[561781.4042,7340812.662],[561768.8355,7340822.2398],[561754.2321,7340831.3973],[561743.1339,7340839.0603],[561708.0869,7340864.7765],[561700.8425,7340874.1787],[561695.0371,7340879.6311],[561686.7085,7340887.645],[561680.6506,7340892.3817],[561668.8963,7340903.1151],[561656.5855,7340919.9579],[561647.7536,7340928.8862],[561638.467,7340931.888],[561627.774,7340937.79],[561625.0895,7340940.7833],[561616.1514,7340947.1394],[561608.63,7340953.828],[561598.3235,7340961.46],[561592.5743,7340966.9512],[561587.5327,7340972.7382],[561573.6897,7340982.4879],[561558.6443,7340994.5366],[561551.082,7341003.448],[561541.734,7341014.431],[561535.2279,7341021.8631],[561525.7797,7341034.6856],[561511.559,7341054.07],[561501.7706,7341072.2314],[561498.6351,7341086.6504],[561494.6497,7341095.2197],[561488.2778,7341105.871],[561477.3932,7341126.1167],[561476.4243,7341133.6036],[561475.6562,7341151.3502],[561475.8253,7341164.9358],[561476.0508,7341173.7298],[561475.9513,7341198.9807],[561475.944,7341216.249],[561476.2481,7341229.612],[561480.1709,7341242.552],[561484.3917,7341255.473],[561488.5972,7341262.1907],[561490.2417,7341269.0674],[561493.5303,7341274.3446],[561495.2435,7341277.8959],[561496.1412,7341281.9434],[561500.7442,7341293.6417],[561504.3912,7341300.6743],[561505.5897,7341302.9906],[561510.638,7341306.3065],[561511.7906,7341309.4734],[561517.9915,7341321.8188],[561520.8101,7341329.429],[561523.8665,7341336.6799],[561528.0356,7341348.2916],[561529.1236,7341352.1004],[561530.7286,7341355.5839],[561534.8583,7341362.3],[561539.1109,7341370.8382],[561546.2297,7341385.4698],[561550.093,7341393.4843],[561554.881,7341404.478],[561556.5612,7341410.287],[561557.8957,7341419.6855],[561559.6917,7341426.9058],[561563.9651,7341435.4755],[561571.3376,7341450.5801],[561573.4152,7341453.8683],[561583.3267,7341466.8694],[561591.5202,7341480.0931],[561599.0332,7341491.5652],[561608.634,7341504.6012],[561617.0017,7341514.9948],[561621.9343,7341523.9791],[561629.1449,7341538.6934],[561635.0584,7341550.0511],[561637.5004,7341558.7401],[561647.979,7341579.845],[561651.837,7341589.5441],[561665.0659,7341617.5459],[561671.4359,7341630.2859],[561678.466,7341643.8825],[561683.6122,7341650.3543],[561687.671,7341655.3714],[561690.546,7341662.4743],[561693.0827,7341668.5061],[561694.2665,7341675.609],[561695.1685,7341686.3625],[561695.8403,7341689.6988],[561698.5084,7341696.2434],[561701.0954,7341704.3043],[561711.7286,7341730.8658],[561716.4744,7341739.4467],[561717.9389,7341746.6523],[561724.8816,7341757.854],[561735.2511,7341789.1127],[561742.0064,7341805.3779],[561747.9889,7341817.1025],[561749.4562,7341823.5708],[561753.1678,7341832.3885],[561757.5703,7341839.8679],[561761.1812,7341843.6854],[561766.1994,7341849.2342],[561768.5647,7341854.2516],[561772.3416,7341858.0285],[561779.7821,7341862.8275],[561784.3057,7341866.2073],[561801.0045,7341876.8408],[561806.7492,7341880.1114],[561816.3928,7341883.8282],[561827.6946,7341890.4029],[561832.9735,7341894.0981],[561846.0663,7341900.6791],[561849.8288,7341902.4215],[561856.939,7341907.4649],[561865.0214,7341916.4177],[561867.036,7341920.158],[561876.0355,7341938.0702],[561878.0029,7341946.001],[561878.7531,7341948.1296],[561879.5638,7341955.4183],[561880.5569,7341959.384],[561881.1544,7341963.3129],[561882.9442,7341971.4174],[561886.5185,7341983.2246],[561889.857,7341996.1197],[561891.6131,7342004.7588],[561896.8719,7342022.5225],[561897.8924,7342028.6839],[561904.421,7342058.4306],[561904.8156,7342062.7149],[561905.4921,7342080.7539],[561908.1098,7342091.9261],[561909.2832,7342108.9205],[561913.8351,7342120.1121],[561917.8016,7342132.4602],[561919.3327,7342141.0331],[561920.7661,7342152.2197],[561921.395,7342164.795],[561923.0411,7342170.9669],[561923.5869,7342174.8387],[561924.4539,7342178.6895],[561926.2684,7342182.8485],[561927.5408,7342190.3178],[561927.8697,7342191.3705],[561931.6461,7342197.6976],[561932.9789,7342201.4931],[561933.6393,7342205.4702],[561935.3638,7342209.3118],[561938.3319,7342217.872],[561943.3343,7342234.8297],[561944.7241,7342244.5156],[561948.1647,7342252.0851],[561952.1727,7342258.9877],[561953.4098,7342265.6966],[561958.7072,7342279.9159],[561961.6949,7342288.9354],[561963.8934,7342296.7711],[561965.6409,7342300.2098],[561967.1159,7342305.8712],[561977.5295,7342360.8715],[561980.295,7342365.8791],[561982.3551,7342368.351],[561984.9345,7342372.2259],[561996.092,7342393.707],[561997.8872,7342396.6061],[562001.1491,7342400.093],[562003.7735,7342405.2294],[562012.1719,7342416.1773],[562015.4712,7342422.4386],[562019.153,7342427.7055],[562022.4496,7342432.2991],[562024.2055,7342436.8241],[562031.5871,7342445.8983],[562033.6342,7342450.8435],[562034.869,7342456.6694],[562036.0406,7342458.8955],[562041.4888,7342464.5194],[562046.4097,7342471.1978],[562051.5508,7342477.0257],[562060.9308,7342486.2176],[562070.6835,7342499.8059],[562072.84,7342502.0216],[562080.1015,7342508.873],[562088.061,7342517.8051],[562093.9907,7342528.2065],[562097.4454,7342535.7685],[562100.9799,7342547.7621],[562103.5453,7342555.6897],[562106.6307,7342567.1692],[562107.216,7342568.282],[562108.7681,7342574.1864],[562113.6031,7342583.7711],[562114.1316,7342589.0559],[562115.846,7342597.152],[562119.9111,7342614.2435],[562123.504,7342622.6329],[562124.7342,7342628.7841],[562125.8473,7342633.2363],[562128.5436,7342638.6297],[562134.0037,7342650.4414],[562136.1797,7342659.2589],[562143.4379,7342680.382],[562148.5078,7342694.2464],[562150.0898,7342697.7445],[562153.6608,7342699.9393],[562154.6594,7342703.9707],[562154.7376,7342708.1312],[562156.8644,7342716.1313],[562162.7263,7342731.4566],[562168.201,7342742.8706],[562172.4,7342753.774],[562186.111,7342781.829],[562193.2418,7342798.1891],[562193.9844,7342799.8432],[562203.1225,7342817.1644],[562205.9585,7342824.9724],[562209.6199,7342833.3936],[562215.5697,7342844.8355],[562217.4004,7342851.0598],[562219.3226,7342857.1011],[562224.3994,7342862.2034],[562226.2792,7342870.3737],[562228.293,7342875.3165],[562237.4049,7342884.9619],[562239.1998,7342891.1958],[562239.3024,7342896.1657],[562239.1856,7342905.0654],[562241.8151,7342910.2402],[562247.4676,7342920.7715],[562249.9623,7342924.5767],[562250.6633,7342927.6788],[562251.0524,7342930.6922],[562251.2162,7342933.5409],[562251.8645,7342937.6543],[562253.3167,7342942.8452],[562254.8849,7342956.9731],[562254.4146,7342960.3178],[562254.4831,7342962.5156],[562254.5388,7342964.5282],[562253.8568,7342970.0214],[562255.0212,7342973.4418],[562255.1045,7342979.3421],[562255.958,7342983.0899],[562255.3243,7342986.1413],[562255.7473,7342991.7768],[562254.9075,7342999.5431],[562254.9051,7343003.7704],[562254.0189,7343010.0375],[562253.9055,7343013.633],[562255.0527,7343022.6945],[562254.846,7343027.8031],[562255.5832,7343039.3419],[562261.6975,7343074.9547],[562263.173,7343080.5414],[562262.7765,7343083.7626],[562263.8922,7343087.946],[562263.7387,7343090.6249],[562262.4286,7343094.0444],[562262.527,7343101.3159],[562264.6323,7343107.7234],[562268.2232,7343124.1441],[562271.7348,7343139.3243],[562271.0235,7343142.6449],[562270.3586,7343148.3844],[562270.8547,7343151.8657],[562270.399,7343162.1866],[562272.5958,7343168.1363],[562275.3419,7343174.7269],[562274.335,7343180.7681],[562274.1977,7343189.0168],[562273.9004,7343194.7546],[562276.1581,7343202.2623],[562275.9625,7343210.4354],[562277.4208,7343215.0525],[562279.7942,7343222.5667],[562282.9652,7343230.5993],[562283.4222,7343234.8617],[562283.5116,7343239.359],[562283.8895,7343243.442],[562286.1192,7343246.9211],[562290.146,7343267.1314],[562291.1376,7343279.6578],[562288.817,7343287.298],[562288.2393,7343290.8927],[562285.5365,7343297.8889],[562283.7528,7343300.7093],[562282.207,7343304.2078],[562282.0098,7343308.0072],[562282.4486,7343316.1663],[562279.6349,7343327.6741],[562278.3665,7343331.0946],[562278.1891,7343334.5112],[562277.4074,7343338.1107],[562278.069,7343341.8262],[562275.4277,7343353.7302],[562274.0843,7343357.981],[562272.0324,7343363.8888],[562272.7091,7343370.1653],[562272.434,7343374.2433],[562273.5747,7343377.9694],[562277.5408,7343385.3748],[562281.6219,7343396.8012],[562291.4994,7343415.9913],[562293.5339,7343424.8773],[562300.3083,7343436.2137],[562302.1657,7343440.1333],[562303.7272,7343444.2892],[562305.7311,7343448.24],[562308.9678,7343456.19],[562309.8976,7343460.2292],[562311.4852,7343463.8904],[562313.791,7343467.5021],[562323.5391,7343481.0651],[562324.8047,7343485.6238],[562326.1642,7343488.0091],[562327.7192,7343489.8939],[562330.1904,7343492.1728],[562332.4643,7343495.8586],[562335.2177,7343498.6858],[562335.9142,7343501.8448],[562336.4554,7343507.3647],[562340.2796,7343512.4517],[562343.3463,7343516.4564],[562345.3666,7343520.7136],[562348.2168,7343525.079],[562351.2113,7343530.166],[562354.6026,7343535.722],[562360.808,7343542.8294],[562362.6119,7343547.1227],[562362.9366,7343556.6834],[562364.3181,7343560.404],[562364.7562,7343564.647],[562366.3791,7343575.9164],[562367.4124,7343578.1729],[562367.0765,7343582.6047],[562367.3741,7343586.3869],[562366.9313,7343590.0219],[562369.5086,7343606.0881],[562368.066,7343614.3084],[562368.5943,7343622.3293],[562370.7813,7343632.2158],[562373.338,7343646.7612],[562372.5074,7343650.7715],[562372.5946,7343655.1091],[562374.797,7343660.42],[562376.802,7343667.4451],[562377.3418,7343672.0458],[562378.2669,7343676.2905],[562380.1024,7343679.9947],[562381.295,7343684.0958],[562383.4858,7343687.6022],[562384.663,7343691.7124],[562384.7213,7343695.9005],[562385.4152,7343700.0186],[562387.1496,7343703.6831],[562389.6563,7343707.075],[562390.9544,7343711.1784],[562391.2596,7343715.2974],[562391.0642,7343719.5173],[562388.6719,7343731.9315],[562386.9893,7343735.8195],[562386.6992,7343740.0559],[562385.4053,7343751.9617],[562385.4606,7343760.1186],[562386.3927,7343767.7124],[562384.6021,7343774.9437],[562383.8311,7343781.3004],[562384.0459,7343783.5294],[562377.9225,7343799.1134],[562376.9755,7343803.1858],[562376.5098,7343812.5981],[562374.8762,7343827.0924],[562374.637,7343835.6851],[562373.3618,7343843.5072],[562368.6014,7343852.1537],[562367.609,7343853.915],[562365.5037,7343861.1463],[562361.5935,7343874.3287],[562358.0744,7343889.4876],[562353.775,7343902.15],[562351.2086,7343909.4528],[562348.5697,7343917.5317],[562347.1422,7343934.7609],[562341.7046,7343949.7519],[562339.7856,7343963.9563],[562335.273,7343975.571],[562331.8136,7343982.6507],[562329.5555,7343992.633],[562322.6177,7344010.4052],[562320.8114,7344021.4626],[562316.5747,7344030.6108],[562313.9877,7344042.3085],[562305.1729,7344060.2395],[562302.07,7344071.6763],[562298.8497,7344082.0658],[562298.0908,7344094.7983],[562291.7546,7344106.9084],[562290.1541,7344112.2152],[562283.5801,7344120.1457]]]},"properties":{"GmlID":"LED.2800834","OBJECTID":2800834,"Geometrikvalitet":"<= 20 meter","Led_ID":"30467012","Lednamn":"Vandringsled BD88 mellan Adolfström och Länsgränsen","Beskrivning":"Vandringsled BD88 mellan Adolfström och Länsgränsen","Ledmarkering":"Målade fläckar på stenar och rösen ","Typ_av_led":"Vandringsled","Ledkategori":"Barmarksled","Statlig_led":"Adolfström - Länsgränsen (BD 88)","Statlig_led_ID":"BD 88","Skyddat_område":null,"Skyddat_område_ID":null,"Längd_på_led_m":36040,"Kommun":"Arjeplog, Sorsele","Län":"Norrbottens Län, Västerbottens Län","Längd_på_delsträcka_m":13031.47354456}}]}
