{"type":"FeatureCollection","crs":{"type":"name","properties":{"name":"EPSG:3006"}},"features":[{"type":"Feature","geometry":{"type":"MultiLineString","coordinates":[[[594475.6068,7375871.1442],[594470.8704,7375863.3719],[594467.997,7375859.9465],[594467.3256,7375859.3719],[594458.0168,7375851.4542],[594456.3112,7375850.7699],[594453.217,7375847.9814],[594451.9324,7375846.5541],[594450.2112,7375843.8029],[594446.4485,7375836.9525],[594434.4621,7375823.1004],[594432.2851,7375819.0343],[594431.7573,7375817.754],[594429.2603,7375813.4338],[594426.505,7375809.5723],[594419.7006,7375804.6476],[594411.7123,7375796.1018],[594408.6796,7375791.9412],[594405.7357,7375786.3715],[594399.1118,7375780.6397],[594394.0751,7375778.8604],[594389.6548,7375778.5048],[594373.4245,7375769.7541],[594368.2853,7375766.4849],[594365.1009,7375762.936],[594363.9833,7375757.0265],[594359.9294,7375750.4937],[594359.5865,7375742.6657],[594359.4547,7375742.0347],[594356.9683,7375732.5539],[594357.9182,7375725.5833],[594350.0676,7375718.2484],[594347.1958,7375715.3929],[594336.3659,7375706.3862],[594336.0669,7375705.5159],[594331.9755,7375701.4036],[594322.4022,7375694.8706],[594320.7875,7375694.2548],[594313.9453,7375694.3966],[594307.912,7375690.2837],[594307.579,7375689.8611],[594296.0302,7375686.8515],[594279.8354,7375682.3192],[594276.8643,7375681.9473],[594259.638,7375678.7546],[594242.4363,7375672.8515],[594229.2413,7375671.142],[594212.3867,7375669.2152],[594198.3184,7375663.4091],[594195.1199,7375661.4868],[594183.2273,7375653.0713],[594174.7387,7375638.9744],[594168.3297,7375627.977],[594161.5334,7375608.2341],[594158.8269,7375595.857],[594155.0863,7375591.8502],[594150.613,7375588.9686],[594147.6156,7375586.6138],[594142.7111,7375581.025],[594133.6762,7375571.9117],[594127.3085,7375563.2161],[594115.1187,7375550.5459],[594108.5867,7375537.5439],[594102.8336,7375523.8108],[594101.0819,7375513.3359],[594092.2859,7375498.1445],[594086.2207,7375486.5698],[594077.9151,7375474.6485],[594067.2263,7375463.7404],[594056.808,7375453.44],[594047.8003,7375440.962],[594039.7083,7375427.9074],[594030.6197,7375413.6222],[594020.5023,7375394.5247],[594013.0981,7375383.6532],[594004.555,7375370.5646],[593997.0987,7375360.3458],[593991.4938,7375349.3857],[593986.7291,7375338.3135],[593983.5265,7375319.3659],[593975.7107,7375304.6378],[593970.7956,7375291.4943],[593963.2543,7375275.9341],[593958.1625,7375264.3648],[593952.1773,7375251.0545],[593949.8629,7375245.2731],[593946.8515,7375240.216],[593939.5264,7375225.7663],[593931.0225,7375210.2767],[593923.5487,7375198.7859],[593923.6376,7375198.6953],[593918.5072,7375190.6966],[593914.5796,7375179.924],[593914.4067,7375179.9555],[593910.2327,7375167.632],[593905.2154,7375152.1852],[593902.4931,7375137.5733],[593894.0775,7375125.0971],[593885.1524,7375114.6515],[593880.7441,7375106.7145],[593880.9338,7375106.5152],[593874.418,7375095.8425],[593868.5564,7375087.4729],[593861.8086,7375074.4829],[593854.0053,7375066.8708],[593853.0096,7375063.9481],[593850.4262,7375056.6057],[593842.7958,7375045.3063],[593841.6862,7375035.5734],[593838.3977,7375026.8793],[593833.8792,7375020.4253],[593832.0425,7375012.6498],[593827.7992,7375004.466],[593824.4323,7374992.4411],[593820.0302,7374980.9887],[593816.9672,7374968.0391],[593816.0524,7374954.8534],[593814.8698,7374950.9334],[593810.326,7374936.2601],[593805.2097,7374920.8384],[593801.4634,7374908.0993],[593797.8814,7374893.5895],[593796.9005,7374881.6917],[593796.0692,7374862.0052],[593793.9794,7374831.3218],[593791.3378,7374811.2136],[593786.7711,7374798.816],[593784.1145,7374787.81],[593784.172,7374784.3208],[593782.8849,7374774.1322],[593781.6704,7374764.2952],[593781.3061,7374751.6649],[593780.3345,7374749.7219],[593779.363,7374741.585],[593779.3638,7374733.9347],[593779.1551,7374732.8834],[593774.5053,7374715.5958],[593773.8348,7374706.9171],[593767.7043,7374690.6996],[593765.7191,7374684.397],[593758.8685,7374671.025],[593753.0142,7374656.8593],[593744.5239,7374637.9955],[593738.9192,7374625.5119],[593729.6587,7374608.0995],[593728.1887,7374600.0653],[593725.6026,7374597.3229],[593719.7695,7374585.7292],[593714.6702,7374569.8782],[593709.4692,7374555.2672],[593702.2017,7374538.5671],[593696.9279,7374523.0093],[593696.4945,7374522.0131],[593693.1531,7374504.5383],[593692.0223,7374499.542],[593687.2544,7374491.2287],[593685.1557,7374487.7311],[593681.6581,7374483.4562],[593676.3728,7374476.6943],[593674.1965,7374471.7975],[593673.9052,7374468.0717],[593671.3984,7374466.0459],[593666.8904,7374460.2943],[593661.6051,7374452.755],[593651.9114,7374444.842],[593650.3885,7374444.0449],[593643.1018,7374437.6083],[593629.257,7374426.0712],[593625.4922,7374423.885],[593619.9058,7374420.4846],[593613.7539,7374414.1692],[593605.7987,7374410.1619],[593600.2248,7374406.6331],[593597.231,7374404.8962],[593589.779,7374398.2422],[593587.1448,7374394.0727],[593581.5486,7374390.3421],[593573.3098,7374387.9325],[593570.2008,7374385.3676],[593567.0266,7374381.0619],[593563.8367,7374378.4097],[593558.5141,7374373.3358],[593554.2361,7374369.3065],[593548.8141,7374365.0784],[593542.7453,7374359.8552],[593540.9545,7374356.7712],[593538.6306,7374352.0263],[593528.6043,7374338.9454],[593528.0063,7374338.3027],[593522.6284,7374335.5946],[593517.7706,7374326.7292],[593512.7663,7374318.7508],[593506.5977,7374313.7346],[593502.4685,7374305.8406],[593498.7037,7374293.9391],[593498.5087,7374286.1093],[593496.3623,7374279.5843],[593493.8751,7374271.5785],[593492.3983,7374266.3711],[593485.8694,7374258.21],[593482.7604,7374251.9919],[593479.1851,7374246.3957],[593472.5785,7374240.955],[593471.3651,7374238.606],[593468.6371,7374236.21],[593465.7415,7374233.4512],[593457.8982,7374228.2374],[593451.7045,7374223.1367],[593443.8106,7374217.4288],[593438.1415,7374209.1029],[593433.7052,7374203.9371],[593428.4465,7374197.543],[593425.4613,7374192.4055],[593421.8956,7374185.0833],[593418.7959,7374179.4264],[593416.6071,7374171.7654],[593412.3121,7374167.594],[593406.896,7374157.71],[593384.926,7374140.2649],[593365.551,7374130.4334],[593343.7008,7374124.4362],[593321.4733,7374116.7627],[593317.3423,7374115.1655],[593311.6477,7374112.8429],[593291.9515,7374106.0023],[593287.6022,7374101.107],[593286.8594,7374096.1827],[593283.6435,7374088.3522],[593277.7608,7374085.0603],[593272.8514,7374082.3807],[593258.3372,7374066.2898],[593245.2323,7374051.7327],[593230.1853,7374037.3725],[593213.1494,7374021.4779],[593193.6344,7374001.1713],[593182.6475,7373985.0494],[593167.4039,7373964.9329],[593156.3395,7373952.7915],[593150.2919,7373945.82],[593139.6632,7373938.293],[593115.0839,7373934.8525],[593102.1562,7373933.2698],[593102.1979,7373933.477],[593102.1239,7373933.3434],[593095.1718,7373929.1655],[593077.4437,7373916.9416],[593076.7984,7373916.2374],[593075.646,7373914.834],[593070.2165,7373909.3697],[593054.0639,7373897.5167],[593041.4092,7373890.5581],[593024.5445,7373879.878],[593001.9754,7373863.6782],[592983.7208,7373852.2039],[592962.42,7373837.7298],[592960.5959,7373836.7432],[592940.1644,7373820.6247],[592930.0118,7373813.4697],[592922.0681,7373810.3248],[592918.0877,7373807.5554],[592890.0393,7373788.0041],[592867.2124,7373772.9841],[592846.357,7373755.9921],[592833.9977,7373749.6456],[592824.1303,7373742.8143],[592806.6726,7373729.1518],[592781.8143,7373707.7091],[592759.9922,7373689.3026],[592744.6446,7373673.2036],[592738.6615,7373667.7505],[592738.1673,7373667.2198],[592717.0036,7373646.1983],[592694.3754,7373625.6049],[592671.1114,7373602.2136],[592648.9728,7373580.2532],[592623.3342,7373556.4376],[592606.1427,7373536.0446],[592584.11,7373511.994],[592561.1463,7373486.0333],[592538.5104,7373460.2054],[592536.8276,7373458.5508],[592519.5782,7373436.941],[592502.0075,7373415.8817],[592480.2095,7373390.8954],[592461.8253,7373370.3423],[592448.0817,7373355.8897],[592440.99,7373348.0811],[592436.1264,7373340.814],[592413.8496,7373316.364],[592409.9162,7373313.4941],[592408.2345,7373311.1289],[592407.3692,7373310.2868],[592402.4818,7373304.7486],[592378.6707,7373278.3128],[592358.3048,7373256.2829],[592338.7182,7373232.0444],[592318.8056,7373210.1793],[592296.9684,7373184.6978],[592280.7527,7373165.8447],[592259.9913,7373142.2785],[592238.7898,7373119.1278],[592220.8434,7373098.6751],[592202.7266,7373078.1702],[592184.6506,7373057.5545],[592166.9397,7373034.2582],[592146.3712,7373008.1936],[592125.7868,7372984.5128],[592103.8039,7372958.1307],[592083.4863,7372933.3746],[592065.5915,7372909.9327],[592049.1039,7372889.1461],[592032.2652,7372869.8824],[592027.3984,7372866.2324],[592021.3262,7372861.3746],[592001.7735,7372842.6721],[591990.8435,7372832.9565],[591985.8642,7372826.3985],[591980.0349,7372822.8765],[591969.2263,7372812.918],[591959.5108,7372804.417],[591949.7951,7372795.9158],[591942.1781,7372787.502],[591939.691,7372785.0149],[591935.0274,7372780.5068],[591926.4778,7372773.2007],[591914.6635,7372763.6405],[591905.3365,7372755.0131],[591901.2948,7372750.5051],[591890.3357,7372741.5667],[591882.33,7372734.4938],[591875.7234,7372728.1203],[591867.4069,7372721.3584],[591861.2666,7372715.6845],[591856.3699,7372710.0882],[591853.1401,7372708.445],[591847.8344,7372702.2393],[591845.5498,7372700.6651],[591828.4716,7372683.7766],[591812.9218,7372669.2051],[591806.7815,7372664.0751],[591797.1616,7372654.9334],[591782.9663,7372639.8065],[591770.6334,7372627.0711],[591766.762,7372621.6985],[591755.4127,7372609.2357],[591742.1795,7372588.5957],[591730.2585,7372567.4942],[591723.4768,7372548.114],[591722.903,7372547.1509],[591720.428,7372543.3016],[591718.6471,7372536.4274],[591709.5529,7372516.0829],[591702.5583,7372499.1826],[591699.8404,7372491.8101],[591692.0091,7372475.3404],[591687.3365,7372458.1895],[591683.6155,7372444.2674],[591682.4234,7372441.0774],[591677.3667,7372423.1006],[591674.7575,7372411.4027],[591672.212,7372402.8765],[591669.0901,7372393.4618],[591667.4391,7372388.5364],[591663.2206,7372373.71],[591662.3528,7372367.5949],[591656.0718,7372346.371],[591652.1943,7372332.5371],[591650.5428,7372330.9215],[591649.9092,7372330.1808],[591646.3314,7372324.5003],[591644.1691,7372320.5678],[591637.5785,7372313.0583],[591635.4899,7372306.6602],[591631.4453,7372301.5346],[591630.4496,7372301.1186],[591629.6661,7372300.5037],[591627.6824,7372299.5502],[591628.5192,7372299.6806],[591626.3961,7372298.5355],[591621.5468,7372294.4586],[591617.2649,7372292.3356],[591607.2826,7372283.9389],[591605.1344,7372281.9608],[591594.1739,7372277.8419],[591594.0338,7372278.4636],[591582.062,7372274.8536],[591562.723,7372270.6275],[591555.3832,7372266.4501],[591551.0507,7372263.9329],[591548.7066,7372262.9115],[591546.799,7372261.6895],[591544.3733,7372259.394],[591526.3463,7372248.3488],[591524.2616,7372247.0556],[591518.4608,7372242.1155],[591505.3351,7372231.5214],[591499.5656,7372225.2921],[591493.9703,7372221.6023],[591482.2069,7372209.0244],[591467.3287,7372195.886],[591456.9888,7372182.5322],[591445.2685,7372170.4513],[591429.8153,7372155.7984],[591424.0468,7372150.6632],[591408.6402,7372140.5089],[591396.8157,7372127.8358],[591383.8794,7372118.2676],[591366.0466,7372102.8546],[591359.7903,7372097.8813],[591359.5644,7372098.0422],[591359.2243,7372098.0402],[591359.641,7372097.6425],[591359.1746,7372097.8423],[591359.0802,7372097.3064],[591358.8512,7372097.2147],[591358.9522,7372096.8721],[591352.6379,7372090.4757],[591337.3443,7372080.6153],[591324.9357,7372073.5331],[591310.8738,7372066.3591],[591291.558,7372057.1525],[591275.7581,7372045.0509],[591271.9104,7372042.896],[591266.6392,7372038.5442],[591246.8516,7372029.8084],[591225.3177,7372017.3043],[591214.8366,7372007.4059],[591213.1746,7372005.1825],[591195.5407,7371996.658],[591193.3219,7371995.1082],[591192.421,7371993.05],[591176.0846,7371981.4361],[591167.3541,7371975.2696],[591167.0687,7371975.0826],[591154.0851,7371967.5541],[591147.5128,7371965.7569],[591144.6544,7371961.129],[591144.0969,7371960.5687],[591141.8682,7371958.1769],[591138.5061,7371956.4869],[591127.8332,7371944.7783],[591115.341,7371940.5644],[591098.9787,7371933.1481],[591096.1908,7371931.505],[591084.8323,7371924.4019],[591065.6134,7371918.0143],[591055.4278,7371913.8013],[591050.8163,7371908.8075],[591045.4302,7371907.2665],[591041.1128,7371905.0593],[591030.2298,7371896.7846],[591029.3648,7371893.8487],[591022.8452,7371882.3698],[591023.215,7371878.8386],[591022.549,7371872.7866],[591022.0163,7371867.5803],[591021.1862,7371859.8027],[591021.2414,7371853.7651],[591021.8097,7371850.7919],[591016.5954,7371832.5495],[591016.3552,7371824.3425],[591015.944,7371819.9909],[591011.9017,7371808.3312],[591010.3915,7371802.1394],[591001.5832,7371785.855],[590992.1835,7371774.8524],[590981.417,7371765.3946],[590968.4927,7371753.4261],[590956.0237,7371745.7171],[590947.1949,7371737.6035],[590939.7406,7371728.1606],[590933.0745,7371721.2581],[590926.5221,7371711.5642],[590923.2649,7371702.7538],[590919.6463,7371692.0709],[590917.0565,7371682.8616],[590911.095,7371672.9253],[590902.1143,7371661.2073],[590892.9697,7371648.0911],[590890.0783,7371638.7224],[590887.9572,7371633.6343],[590881.2011,7371624.7388],[590869.0567,7371605.9529],[590863.1742,7371594.1878],[590855.5839,7371583.7511],[590850.4339,7371566.5465],[590843.6667,7371550.8685],[590841.5542,7371544.0964],[590841.8798,7371527.1194],[590842.5592,7371515.689],[590841.7163,7371500.8336],[590838.7567,7371471.5303],[590830.6983,7371459.824],[590820.0252,7371446.0694],[590813.3811,7371438.4669],[590804.8497,7371431.7377],[590798.9957,7371419.3931],[590791.6105,7371408.0174],[590785.6304,7371401.6053],[590782.7002,7371395.8161],[590778.836,7371385.752],[590771.9365,7371375.7668],[590765.6644,7371367.1761],[590756.5575,7371353.884],[590745.926,7371340.5516],[590736.0166,7371318.5949],[590728.9844,7371306.2399],[590723.4582,7371293.3451],[590715.784,7371280.3709],[590707.6586,7371262.3056],[590703.5178,7371244.6412],[590696.7726,7371227.8267],[590694.9445,7371222.404],[590688.2177,7371212.9647],[590679.8682,7371195.6967],[590674.6059,7371181.8483],[590664.4669,7371184.1804],[590659.7952,7371185.0005],[590655.1163,7371184.6615],[590645.5221,7371186.0191],[590623.1307,7371187.5371],[590601.3085,7371191.1424],[590573.4142,7371193.799],[590549.1251,7371193.564],[590534.7534,7371190.4323],[590510.7933,7371183.474],[590500.0608,7371183.4432],[590484.4619,7371176.1768],[590471.2779,7371161.2295],[590452.3841,7371140.5995],[590443.2384,7371132.2342],[590421.6593,7371117.3511],[590398.836,7371101.5022],[590395.9073,7371099.7804],[590392.1462,7371094.5537],[590390.88,7371094.6156],[590389.5161,7371094.6928],[590380.1998,7371089.1549],[590364.0895,7371096.364],[590343.5625,7371103.3365],[590327.1079,7371106.4022],[590316.4457,7371103.6163],[590293.2113,7371104.2376],[590286.3695,7371100.9307],[590282.772,7371099.533],[590282.7735,7371099.4864],[590279.7259,7371098.7801],[590255.1213,7371089.7461],[590251.3125,7371090.249],[590235.1942,7371091.5967],[590232.6406,7371090.4202],[590228.7651,7371090.2105],[590228.1973,7371089.9583],[590224.1963,7371087.5102],[590219.4419,7371087.188],[590206.5649,7371085.2283],[590183.9262,7371085.8135],[590172.475,7371083.8254],[590165.2844,7371084.4715],[590150.7701,7371080.636],[590131.6111,7371077.9554],[590127.9797,7371076.5129],[590116.9863,7371069.4492],[590114.0481,7371067.8737],[590109.1268,7371065.0718],[590095.308,7371056.965],[590080.6736,7371047.2361],[590060.7772,7371029.5121],[590048.3978,7371004.0471],[590030.3528,7370982.2601],[590010.3782,7370960.2146],[590007.4047,7370937.4097],[589988.0064,7370924.1432],[589969.5532,7370920.1722],[589953.2722,7370906.0342],[589942.3517,7370894.3038],[589917.0795,7370875.9678],[589894.9079,7370863.1922],[589885.8089,7370855.5033],[589873.5441,7370845.1977],[589870.2974,7370843.3448],[589864.9287,7370837.3565],[589855.9681,7370825.9515],[589855.521,7370820.2154],[589849.4193,7370802.9753],[589847.0749,7370798.4216],[589845.4525,7370796.7705],[589842.439,7370791.7465],[589831.6747,7370780.592],[589817.1779,7370760.37],[589802.7164,7370737.195],[589794.9286,7370718.0495],[589789.6874,7370706.6994],[589786.3439,7370704.4787],[589775.0302,7370688.8845],[589768.2715,7370675.0546],[589757.7574,7370661.6833],[589746.1163,7370647.6494],[589732.1193,7370629.1738],[589717.7516,7370617.7913],[589713.777,7370616.3452],[589712.0772,7370608.9608],[589711.9394,7370608.5917],[589707.7276,7370603.1272],[589700.036,7370595.952],[589695.3902,7370584.4434],[589693.8102,7370582.2796],[589693.0806,7370579.9657],[589692.3137,7370575.4347],[589684.8016,7370562.6745],[589684.9941,7370560.5305],[589678.7825,7370538.7438],[589680.3717,7370520.5176],[589684.3155,7370515.7176],[589680.103,7370507.1306],[589677.6435,7370504.0503],[589666.6838,7370486.589],[589663.5347,7370476.6899],[589657.5265,7370449.3844],[589646.0264,7370431.27],[589623.1773,7370417.4278],[589598.7227,7370414.0702],[589578.3619,7370408.6944],[589554.0627,7370403.0613],[589536.5976,7370401.163],[589518.3941,7370400.0079],[589500.1753,7370399.7966],[589479.7667,7370408.247],[589461.7207,7370405.4519],[589444.6191,7370409.8298],[589423.4285,7370413.5155],[589404.2663,7370415.7802],[589391.9201,7370408.9427],[589378.4357,7370401.6666],[589360.2414,7370385.4142],[589342.2126,7370377.1793],[589318.7893,7370367.8834],[589293,7370362.6162],[589269.989,7370362.6361],[589252.9173,7370353.0023],[589232.5948,7370345.3488],[589214.375,7370336.632],[589198.1197,7370322.7518],[589196.1858,7370322.9799],[589196.2878,7370323.423],[589185.6694,7370317.6229],[589183.7384,7370316.1214],[589172.9251,7370307.7631],[589158.4203,7370306.3921],[589146.635,7370302.8084],[589129.3615,7370293.2623],[589119.0945,7370282.2013],[589116.9466,7370280.3469],[589115.3992,7370279.6057],[589093.3807,7370260.7273],[589090.3787,7370258.911],[589078.717,7370251.5639],[589072.5477,7370243.8504],[589066.1541,7370238.1207],[589065.0965,7370237.9654],[589063.0189,7370236.9546],[589052.8483,7370229.6553],[589038.262,7370223.0937],[589020.4428,7370217.018],[589019.1002,7370217.2369],[589015.4442,7370217.5033],[589003.2151,7370211.279],[588985.1817,7370203.1211],[588978.6569,7370201.7255],[588978.1665,7370201.6163],[588966.683,7370192.658],[588962.0583,7370187.8735],[588956.6156,7370187.0358],[588952.2375,7370183.0818],[588934.8988,7370172.955],[588906.0254,7370166.602],[588893.0012,7370163.4754],[588875.4818,7370156.8958],[588860.5576,7370152.5775],[588847.5745,7370146.9844],[588843.2944,7370141.5937],[588840.3697,7370140.2758],[588836.4114,7370133.1192],[588830.5809,7370124.9589],[588815.3305,7370108.2149],[588801.4139,7370090.3454],[588785.1685,7370070.999],[588771.9902,7370064.0069],[588754.3852,7370052.3305],[588734.7889,7370048.2004],[588711.4604,7370041.6708],[588694.9045,7370036.8714],[588676.902,7370030.2685],[588661.8703,7370021.6568],[588648.6309,7370019.3845],[588645.638,7370019.024],[588641.2854,7370019.8013],[588627.1395,7370022.1331],[588622.7869,7370020.5785],[588610.4394,7370011.3101],[588605.4958,7370006.6071],[588597.9645,7370003.3106],[588580.6817,7369998.3018],[588558.6806,7369993.8912],[588539.2716,7369990.4417],[588521.8075,7369985.007],[588506.6759,7369982.3481],[588481.7677,7369976.2844],[588467.9177,7369966.4865],[588455.5639,7369963.299],[588446.4608,7369957.1765],[588440.4556,7369949.2918],[588419.403,7369939.0227],[588414.4498,7369934.7613],[588401.8429,7369919.3752],[588390.1283,7369908.4114],[588378.1715,7369897.7673],[588353.6585,7369876.965],[588338.7476,7369860.3562],[588316.1091,7369841.5393],[588289.8071,7369821.9057],[588274.2964,7369808.7374],[588274.2342,7369808.8102],[588270.7889,7369806.663],[588262.1215,7369802.116],[588257.6592,7369800.1797],[588255.6024,7369797.0764],[588252.8068,7369787.4053],[588251.4422,7369785.8381],[588249.1486,7369784.064],[588246.7268,7369782.6786],[588236.7925,7369775.9507],[588224.1142,7369762.891],[588218.7876,7369755.6268],[588211.0375,7369751.2961],[588210.2169,7369750.6249],[588194.4744,7369737.0665],[588185.0782,7369733.0765],[588178.081,7369725.5163],[588172.62,7369715.172],[588157.3329,7369705.4238],[588139.8353,7369688.9027],[588124.6264,7369676.203],[588108.3066,7369662.1874],[588097.801,7369651.7305],[588092.1378,7369647.0548],[588081.1982,7369640.1463],[588064.1987,7369620.388],[588059.8337,7369618.0906],[588059.0425,7369616.953],[588056.1012,7369617.3181],[588042.0655,7369611.8732],[588042.4396,7369603.8158],[588040.4731,7369596.9787],[588039.6958,7369589.517],[588033.4778,7369570.7853],[588030.6124,7369562.5708],[588020.5285,7369555.3247],[588018.5676,7369553.6735],[587997.6785,7369543.7774],[587977.9535,7369541.8085],[587973.8426,7369540.6973],[587969.3227,7369534.7584],[587960.809,7369529.0955],[587938.4569,7369513.1329],[587920.9191,7369498.6407],[587900.0037,7369481.0132],[587884.0444,7369472.4605],[587863.9569,7369466.9006],[587858.1621,7369465.7831],[587838.776,7369455.6552],[587819.1135,7369449.6601],[587798.3128,7369444.5174],[587786.4117,7369438.2716],[587783.0951,7369437.5969],[587770.2617,7369433.8553],[587753.3428,7369424.9837],[587749.6791,7369424.9897],[587728.6352,7369419.2416],[587715.6777,7369415.7582],[587692.8341,7369424.6313],[587670.2044,7369431.9407],[587655.1945,7369446.3612],[587647.2058,7369458.4878],[587639.1585,7369473.3143],[587630.5765,7369481.9351],[587617.3697,7369492.5794],[587614.6377,7369495.0925],[587609.4791,7369498.7352],[587606.5978,7369499.0935],[587603.3404,7369500.7019],[587590.7198,7369504.4843],[587574.4925,7369502.1795],[587572.986,7369502.9641],[587561.6411,7369507.7121],[587552.4648,7369510.3687],[587550.1506,7369511.2591],[587537.3713,7369514.7374],[587533.0088,7369513.6468],[587529.909,7369515.0079],[587525.599,7369515.9382],[587502.5162,7369511.9788],[587494.6417,7369506.0664],[587493.0571,7369504.8108],[587484.0126,7369496.9544],[587475.3132,7369488.8284],[587474.9015,7369488.7127],[587470.9714,7369487.6731],[587462.7068,7369488.2273],[587456.0657,7369494.0487],[587445.918,7369494.2725],[587422.6976,7369490.5154],[587399.9793,7369495.2063],[587377.6808,7369499.1629],[587356.8666,7369489.7883],[587344.1794,7369483.4075],[587325.89,7369480.5067],[587307.7268,7369455.893],[587289.1087,7369437.5568],[587289.1179,7369423.6369],[587291.828,7369403.7716],[587292.2896,7369400.8599],[587292.8665,7369390.4449],[587291.7526,7369380.8464],[587288.8269,7369371.7813],[587290.013,7369367.0372],[587295.6463,7369355.1774],[587298.6113,7369338.2771],[587298.6113,7369299.436],[587293.2743,7369275.1233],[587291.7919,7369262.0775],[587293.9261,7369244.9162],[587283.7034,7369228.463],[587282.6752,7369227.8326],[587279.1439,7369222.8889],[587275.5694,7369221.7111],[587264.5142,7369210.9693],[587252.4981,7369203.2774],[587246.3923,7369201.5329],[587239.9406,7369195.6505],[587238.6123,7369185.024],[587246.0128,7369178.0031],[587248.243,7369175.709],[587248.784,7369170.2403],[587240.5889,7369159.7003],[587221.694,7369155.3883],[587196.4434,7369150.7562],[587171.3761,7369139.4176],[587164.5704,7369135.2971],[587144.3773,7369120.671],[587140.9982,7369118.144],[587130.5196,7369103.8963],[587127.7478,7369097.2657],[587123.9706,7369088.5561],[587118.5943,7369081.7654],[587110.7004,7369075.0861],[587103.354,7369072.5834],[587091.992,7369063.2692],[587085.8427,7369061.1482],[587080.9464,7369055.6548],[587067.466,7369044.9676],[587056.9003,7369036.1021],[587046.3118,7369023.2847],[587042.9602,7369015.6212],[587031.3741,7368993.1779],[587026.9288,7368974.5662],[587024.1642,7368963.6168],[587024.3709,7368956.2752],[587030.0346,7368948.9264],[587031.4641,7368930.8253],[587030.1265,7368910.4876],[587040.1305,7368901.0213],[587052.4438,7368886.2794],[587051.658,7368867.2117],[587048.6424,7368848.5981],[587044.6335,7368838.8998],[587042.9399,7368829.489],[587041.9978,7368818.1852],[587041.7391,7368793.0198],[587042.3304,7368790.1496],[587041.454,7368778.563],[587043.7035,7368770.1396],[587043.8085,7368765.3237],[587045.6287,7368754.8433],[587053.8717,7368746.3139],[587056.6313,7368743.4584]]]},"properties":{"GmlID":"LED.2800725","OBJECTID":2800725,"Geometrikvalitet":"<= 20 meter","Led_ID":"30466987","Lednamn":"Vandringsled BD78 mellan Västerfjäll och Jäkkvik","Beskrivning":"Vandringsled BD78 mellan Västerfjäll och Jäkkvik","Ledmarkering":"Målade fläckar på stenar och rösen","Typ_av_led":"Vandringsled","Ledkategori":"Barmarksled","Statlig_led":"Västerfjäll - Jäckvik (BD 78)","Statlig_led_ID":"BD 78","Skyddat_område":null,"Skyddat_område_ID":null,"Längd_på_led_m":48552,"Kommun":"Arjeplog","Län":"Norrbottens Län","Längd_på_delsträcka_m":11417.18540325}},{"type":"Feature","geometry":{"type":"MultiLineString","coordinates":[[[587066.2295,7368418.8264],[587062.4269,7368414.051],[587059.9507,7368409.4524],[587058.5037,7368405.1445],[587057.9821,7368400.9867],[587055.3327,7368398.8006],[587052.9789,7368396.8574],[587050.8505,7368395.2486],[587049.134,7368393.0353],[587047.707,7368390.5415],[587045.3662,7368389.1408],[587042.6275,7368387.1763],[587038.9088,7368380.8716],[587037.2408,7368377.3418],[587037.8671,7368373.7059],[587038.4142,7368370.8061],[587037.1358,7368367.5131],[587034.6381,7368363.8265],[587032.9758,7368360.8297],[587030.3244,7368357.8677],[587028.0613,7368354.8149],[587025.5144,7368352.9404],[587023.0584,7368351.9944],[587020.3634,7368350.7884],[587018.5088,7368350.955],[587015.073,7368351.0534],[587011.7957,7368351.4745],[587008.8211,7368352.2699],[587006.2649,7368354.0505],[587004.2281,7368354.3049],[587001.9497,7368354.262],[586999.3889,7368354.7522],[586996.9338,7368355.4517],[586994.0439,7368355.2119],[586988.5379,7368356.5172],[586985.4388,7368356.2617],[586982.4178,7368356.8686],[586979.606,7368356.7622],[586977.4073,7368355.2445],[586976.4638,7368352.1301],[586976.5456,7368349.5056],[586979.4112,7368347.0429],[586982.8963,7368345.4875],[586986.8002,7368343.5806],[586989.5702,7368342.7415],[586991.7598,7368342.0339],[586993.3835,7368339.4203],[586996.9477,7368337.8486],[587000.7985,7368336.5663],[587004.3456,7368334.3399],[587007.5711,7368332.7016],[587010.4876,7368329.932],[587013.3482,7368327.7496],[587015.4085,7368324.2239],[587016.4785,7368321.0041],[587017.1822,7368318.2495],[587017.4517,7368315.0139],[587018.0928,7368312.0984],[587018.8681,7368309.3275],[587020.3971,7368306.3928],[587021.7979,7368304.09],[587024.2018,7368301.7905],[587028.1407,7368298.5291],[587031.8669,7368295.8408],[587033.0502,7368292.8301],[587034.5477,7368289.8291],[587037.3621,7368286.2523],[587039.2009,7368282.1497],[587040.0123,7368278.342],[587040.8047,7368274.5431],[587040.4835,7368270.6815],[587041.3303,7368267.5387],[587041.2615,7368264.704],[587041.8185,7368261.8512],[587040.5979,7368258.9806],[587040.5304,7368255.7438],[587039.5923,7368252.8165],[587038.2686,7368250.008],[587038.8896,7368247.5032],[587040.2087,7368245.1791],[587041.3649,7368242.4388],[587042.8444,7368239.7737],[587041.9179,7368237.5573],[587040.4445,7368234.1459],[587039.1671,7368230.6937],[587038.0625,7368228.4249],[587037.9901,7368227.9832],[587038.0606,7368226.4429],[587040.1712,7368222.1523],[587041.1342,7368219.6021],[587041.334,7368218.1882],[587041.3813,7368219.0023],[587041.4374,7368219.0039],[587041.9328,7368218.3649],[587043.1714,7368217.422],[587044.564,7368215.6238],[587044.8741,7368213.3618],[587045.6583,7368210.9089],[587044.9579,7368208.2787],[587045.0151,7368205.7284],[587044.1476,7368203.0556],[587043.5596,7368199.3446],[587044.7782,7368196.1666],[587047.6511,7368193.4799],[587050.2897,7368190.0189],[587053.2341,7368186.7173],[587056.4835,7368183.6028],[587059.6345,7368180.4011],[587062.4038,7368177.6735],[587064.6356,7368174.6582],[587066.9192,7368172.14],[587068.6234,7368169.5943],[587071.1243,7368166.232],[587073.4912,7368164.0435],[587076.1525,7368161.6586],[587077.8203,7368158.1208],[587080.2478,7368155.0742],[587081.7243,7368151.5491],[587084.1861,7368148.84],[587086.0076,7368146.4942],[587087.9373,7368144.2827],[587089.5882,7368140.6884],[587090.7852,7368137.6033],[587090.966,7368134.9259],[587091.2178,7368134.4195],[587093.1267,7368132.2729],[587095.4012,7368129.6889],[587098.3216,7368128.2376],[587099.159,7368125.7584],[587099.7918,7368123.4783],[587101.7944,7368120.9699],[587103.5546,7368118.0707],[587105.9786,7368114.6595],[587108.604,7368112.3483],[587110.8107,7368109.5378],[587113.5369,7368107.5943],[587117.2206,7368107.2418],[587120.7222,7368109.2397],[587124.8494,7368110.1444],[587128.3378,7368110.7677],[587132.0464,7368111.2948],[587134.1769,7368111.0437],[587134.2467,7368111.2046],[587136.3813,7368109.7475],[587140.127,7368108.8455],[587143.5527,7368107.5221],[587146.9642,7368106.2919],[587151.0524,7368104.4938],[587156.0244,7368102.8075],[587160.0997,7368101.4204],[587162.8321,7368099.5238],[587166.6918,7368097.7281],[587169.9441,7368094.8849],[587173.7768,7368093.2376],[587178.0935,7368093.354],[587181.6,7368092.6783],[587184.915,7368090.8281],[587187.9859,7368088.2783],[587191.832,7368086.2016],[587195.9949,7368085.3688],[587200.0264,7368083.2326],[587204.3222,7368081.1418],[587208.4695,7368081.0471],[587212.04,7368080.3641],[587216.4161,7368078.9397],[587220.2441,7368076.2454],[587223.3118,7368073.4433],[587225.1676,7368070.6033],[587228.9701,7368068.488],[587232.0711,7368066.416],[587234.7821,7368064.2477],[587236.4909,7368063.357],[587236.5532,7368063.1625],[587236.5581,7368063.1254],[587236.5886,7368063.1075],[587236.626,7368063.1087],[587236.7045,7368063.1112],[587236.8723,7368063.0136],[587237.6012,7368061.737],[587237.9729,7368061.4588],[587238.7169,7368061.4914],[587238.7915,7368061.5032],[587238.8542,7368061.5331],[587238.9255,7368061.5261],[587238.9563,7368061.4989],[587239.0112,7368061.538],[587239.0446,7368061.5484],[587239.1177,7368061.6067],[587239.1236,7368061.5416],[587239.187,7368061.5435],[587239.2146,7368061.6192],[587239.778,7368061.1974],[587240.4146,7368059.7589],[587240.3612,7368056.8031],[587240,7368053.2674],[587239.7893,7368050.3065],[587239.8329,7368047.5969],[587240.2738,7368044.75],[587240.5363,7368041.6263],[587240.6798,7368038.2372],[587241.6108,7368035.1626],[587242.6746,7368031.6715],[587244.708,7368029.0239],[587246.9781,7368026.9448],[587250.1277,7368024.6406],[587252.8895,7368021.4457],[587254.6542,7368018.6496],[587257.0815,7368015.9769],[587259.4449,7368013.9101],[587262.6944,7368011.525],[587266.0482,7368008.5542],[587269.8348,7368006.2327],[587273.5848,7368003.8819],[587276.0118,7368001.9385],[587279.0586,7368000.7625],[587282.2835,7367999.162],[587285.3584,7367997.2109],[587288.6352,7367994.7892],[587291.9855,7367992.052],[587295.191,7367989.6376],[587297.6998,7367987.1171],[587298.8573,7367984.5825],[587299.2681,7367982.3423],[587299.2619,7367982.0617],[587299.2721,7367981.7348],[587299.1977,7367981.0033],[587298.9485,7367978.0787],[587298.5106,7367973.8861],[587298.3129,7367969.9162],[587297.5684,7367966.1907],[587297.4019,7367965.4096],[587297.4069,7367965.3724],[587297.4371,7367965.3639],[587297.4342,7367965.3358],[587297.4492,7367965.3363],[587297.4279,7367965.2983],[587297.4138,7367965.2697],[587297.4365,7367965.2611],[587297.4809,7367965.2812],[587297.4794,7367965.2063],[587297.4968,7367965.1861],[587297.4151,7367964.9894],[587296.6577,7367962.2733],[587296.5561,7367961.6904],[587296.4023,7367962.181],[587295.9725,7367961.3169],[587295.6961,7367960.1023],[587293.8961,7367957.8023],[587292.2231,7367954.6741],[587290.4196,7367951.7663],[587288.9691,7367949.1876],[587287.6105,7367946.4245],[587286.2856,7367943.6534],[587284.1545,7367942.9603],[587283.305,7367940.9144],[587282.1724,7367938.8223],[587282.4169,7367937.1097],[587282.907,7367934.4886],[587283.8152,7367931.3105],[587284.6334,7367929.9754],[587284.7437,7367929.9934],[587286.0839,7367929.3998],[587289.2908,7367927.7798],[587292.6216,7367926.2668],[587295.8067,7367924.5059],[587299.1266,7367923.1048],[587302.2288,7367921.2387],[587305.3747,7367919.7759],[587308.84,7367918.5101],[587312.3191,7367916.9269],[587315.7995,7367915.4186],[587319.5595,7367913.7132],[587323.3705,7367911.3365],[587327,7367909.2533],[587330.5635,7367907.3641],[587334.4136,7367905.5309],[587338.3063,7367903.5305],[587341.6025,7367901.9322],[587345.0452,7367900.6751],[587348.5628,7367899.1774],[587352.0259,7367897.3879],[587355.4438,7367895.1298],[587358.8574,7367893.367],[587362.3459,7367891.3634],[587365.9205,7367889.0073],[587369.5644,7367887.42],[587373.2418,7367885.2448],[587376.7957,7367883.7855],[587380.5056,7367881.7702],[587384.2008,7367880.222],[587387.7102,7367878.6304],[587391.1912,7367876.8697],[587394.7328,7367875.326],[587398.3476,7367873.9527],[587402.0839,7367873.0042],[587405.854,7367870.9814],[587409.5945,7367869.1821],[587413.4867,7367867.9204],[587417.398,7367866.5285],[587421.2404,7367865.3028],[587425.2897,7367864.6444],[587429.6431,7367863.36],[587433.5709,7367862.2769],[587437.556,7367861.6354],[587441.6756,7367860.8856],[587445.6616,7367860.0944],[587449.5255,7367859.1406],[587453.7088,7367858.5051],[587457.7708,7367857.8004],[587462.0593,7367857.3926],[587466.1923,7367856.9332],[587470.3024,7367856.4824],[587474.4289,7367856.2287],[587478.5972,7367855.8357],[587482.9597,7367856.4119],[587486.8674,7367855.7306],[587490.8397,7367855.4999],[587494.8531,7367855.2706],[587498.7872,7367855.3005],[587502.506,7367855.5106],[587506.2598,7367855.3197],[587510.1458,7367855.0959],[587513.9496,7367854.9815],[587517.6477,7367855.1349],[587521.2574,7367855.3603],[587524.7431,7367855.3669],[587528.0773,7367855.1817],[587531.7405,7367855.0161],[587535.4809,7367855.2551],[587539.2027,7367855.2503],[587543.0654,7367854.9321],[587547.0527,7367855.0573],[587551.1822,7367855.0653],[587555.3809,7367854.7766],[587559.6877,7367854.6218],[587564.0837,7367854.1334],[587568.3561,7367854.2395],[587572.6156,7367854.4012],[587576.9326,7367854.0413],[587581.2582,7367853.8873],[587585.5073,7367853.4224],[587589.6673,7367853.179],[587593.9981,7367853.3338],[587598.2139,7367853.2138],[587602.4187,7367852.8503],[587606.5812,7367852.6444],[587610.7566,7367852.8597],[587614.9676,7367852.4218],[587619.0501,7367852.0172],[587623.021,7367851.7118],[587626.8479,7367851.1029],[587630.3899,7367850.9804],[587634.2181,7367850.6893],[587637.9071,7367850.1789],[587659.8262,7367848.7173],[587663.6754,7367848.4738],[587667.4296,7367848.1523],[587671.2917,7367847.9746],[587675.0022,7367847.6144],[587678.7831,7367846.9199],[587682.8191,7367846.4484],[587686.7457,7367846.2447],[587689.6883,7367845.7763],[587693.6197,7367845.1799],[587697.6232,7367844.6701],[587701.7721,7367844.894],[587705.5935,7367843.6306],[587709.5148,7367842.8751],[587713.4347,7367842.2878],[587717.1155,7367842.1605],[587721.0436,7367841.6671],[587724.7954,7367841.0652],[587728.5602,7367840.5291],[587732.5704,7367840.1691],[587735.143,7367840.035],[587737.5953,7367839.8037],[587741.6997,7367838.9417],[587745.7,7367838.1795],[587749.6477,7367838.0139],[587753.5436,7367837.5942],[587757.2923,7367836.9735],[587760.8365,7367836.3092],[587764.4606,7367836.3203],[587768.337,7367835.6851],[587772.2672,7367834.7711],[587775.9355,7367833.8487],[587779.486,7367832.745],[587782.8795,7367832.3471],[587786.4957,7367832.1337],[587790.0216,7367831.4501],[587793.6873,7367831.0885],[587797.2976,7367830.3421],[587800.5098,7367829.8823],[587803.7936,7367829.5183],[587806.7855,7367828.9113],[587809.8763,7367828.4944],[587812.826,7367827.5683],[587816.0038,7367826.6492],[587819.4485,7367825.9351],[587822.8061,7367824.5357],[587826.3777,7367824.0684],[587829.8732,7367823.524],[587833.2863,7367823.0986],[587836.9004,7367822.9507],[587840.9183,7367822.2264],[587844.9414,7367822.1662],[587848.9495,7367821.8717],[587853.154,7367821.1628],[587857.0666,7367820.8092],[587860.8836,7367820.1628],[587864.7075,7367819.4139],[587868.3557,7367818.6593],[587872.4539,7367818.592],[587876.5374,7367818.4028],[587880.493,7367818.4619],[587884.5465,7367818.6271],[587888.7269,7367818.9272],[587892.7918,7367819.5601],[587896.8363,7367820.6036],[587900.8125,7367821.561],[587904.7379,7367823.0588],[587908.6555,7367824.4444],[587912.7131,7367825.9092],[587916.4829,7367827.234],[587920.1513,7367829.0417],[587923.9604,7367831.0223],[587927.9079,7367832.4086],[587931.5269,7367834.2429],[587935.5266,7367835.9957],[587939.133,7367838.11],[587942.9149,7367839.884],[587946.6055,7367841.5802],[587950.2851,7367843.5099],[587953.7783,7367845.0597],[587957.4279,7367846.9885],[587961.1175,7367848.9559],[587964.7966,7367851.0164],[587968.7131,7367852.9161],[587972.5353,7367854.8319],[587976.38,7367856.991],[587980.2201,7367858.4584],[587983.7302,7367860.2987],[587987.3073,7367862.2718],[587991.0026,7367863.6972],[587994.5342,7367865.3325],[587998.0802,7367867.2205],[588001.6621,7367868.9229],[588005.0038,7367870.8793],[588008.4175,7367872.6885],[588011.9238,7367874.2949],[588015.5876,7367875.5323],[588019.466,7367876.2624],[588023.4545,7367876.5846],[588027.0952,7367876.1853],[588030.3806,7367875.298],[588041.5627,7367864.4369],[588047.1339,7367859.396],[588050.4944,7367855.1512],[588050.3176,7367849.1378],[588050.5828,7367844.8929],[588048.9965,7367840.2862],[588048.4398,7367838.7255],[588046.8563,7367835.3939],[588045.0552,7367831.9623],[588042.9234,7367828.8006],[588040.8117,7367825.5927],[588038.3734,7367822.5336],[588035.8042,7367819.358],[588032.9406,7367816.2479],[588030.7043,7367812.7184],[588028.2398,7367809.303],[588025.9665,7367805.2861],[588023.975,7367801.2408],[588021.8936,7367797.7908],[588020.0936,7367793.9571],[588018.1781,7367790.232],[588016.5571,7367786.778],[588014.9578,7367783.8293],[588013.6198,7367780.431],[588012.5101,7367777.152],[588010.967,7367773.6068],[588009.5745,7367769.9168],[588008.1109,7367766.1031],[588007.0238,7367761.9928],[588005.9106,7367758.2275],[588004.4595,7367754.8535],[588002.4194,7367751.6293],[588000.2913,7367748.823],[587998.4906,7367745.7277],[587997.074,7367742.6823],[587996.6783,7367741.065],[587993.9246,7367736.4293],[587992.2664,7367727.4477],[587989.7793,7367713.9065],[587989.2265,7367697.8778],[587989.6411,7367682.9547],[587991.7748,7367672.5585],[587992.781,7367669.505],[587993.6,7367666.212],[587994.3757,7367662.7493],[587995.0968,7367659.5937],[587996.983,7367656.3063],[587998.5927,7367653.4682],[588001.2228,7367650.6906],[588004.0274,7367647.8436],[588006.6257,7367645.8313],[588008.3449,7367643.324],[588010.5053,7367640.7184],[588013.5428,7367638.3182],[588016.0612,7367635.6396],[588018.3628,7367632.8328],[588021.1036,7367630.4607],[588023.4663,7367628.3289],[588025.5082,7367627.1032],[588028.0156,7367625.7239],[588030.9642,7367624.2465],[588034.0459,7367622.1093],[588037.1873,7367620.2173],[588040.461,7367619.5914],[588043.6358,7367618.8967],[588047.1701,7367618.7932],[588050.3455,7367618.7906],[588053.9383,7367618.9696],[588058.1483,7367618.4573],[588062.3848,7367618.1704],[588065.6067,7367618.3561],[588069.3586,7367618.1195],[588071.5275,7367616.1966],[588074.3656,7367614.7811],[588078.1202,7367614.8154],[588081.1649,7367614.2104],[588084.5642,7367612.5696],[588087.8723,7367612.1599],[588091.5431,7367612.0046],[588094.7776,7367611.4337],[588098.1545,7367610.9795],[588101.5179,7367610.8332],[588104.3445,7367610.2585],[588105.8544,7367609.7548],[588108.2416,7367608.6242],[588111.5811,7367606.7478],[588115.3048,7367604.3225],[588118.4165,7367602.308],[588121.0635,7367600.8958],[588124.315,7367600.3814],[588127.8256,7367599.6043],[588131.1725,7367598.6815],[588134.5294,7367597.6751],[588138.6503,7367596.6647],[588142.2723,7367596.7511],[588145.0606,7367596.0822],[588148.7962,7367595.5364],[588153.2894,7367595.6596],[588157.2486,7367595.981],[588161.3644,7367595.4846],[588164.6692,7367594.5887],[588168.1546,7367593.4274],[588171.8581,7367593.3014],[588175.5439,7367592.081],[588177.4755,7367590.4407],[588179.8529,7367589.3846],[588182.9096,7367589.584],[588185.5868,7367588.0513],[588188.7348,7367587.0197],[588192.216,7367587.1765],[588196.0097,7367587.3992],[588199.4209,7367586.9274],[588202.5917,7367585.887],[588205.3212,7367584.7115],[588207.558,7367583.2488],[588210.1043,7367582.3009],[588212.8066,7367580.9187],[588215.5505,7367579.762],[588217.9854,7367580.9142],[588220.0738,7367582.607],[588222.7826,7367583.1507],[588224.1187,7367585.5394],[588226.6559,7367587.7232],[588230.264,7367587.8933],[588234.4353,7367588.2496],[588238.3885,7367589.1132],[588242.5722,7367588.9652],[588246.1634,7367587.7699],[588249.6382,7367585.1686],[588252.5192,7367582.1653],[588255.4827,7367578.8001],[588257.8388,7367574.8732],[588260.0145,7367572.1467],[588261.1575,7367569.6308],[588259.6538,7367565.5539],[588258.6871,7367561.1949],[588258.5753,7367556.5636],[588258.2816,7367552.9457],[588256.9322,7367549.0793],[588255.5064,7367544.7899],[588255.362,7367540.9524],[588255.3138,7367538.6885],[588255.2092,7367536.3105],[588254.5274,7367533.718],[588254.5749,7367530.4382],[588255.2193,7367527.9437],[588256.7521,7367523.8787],[588258.3769,7367519.9849],[588259.5929,7367515.8726],[588260.4242,7367511.9724],[588260.1058,7367507.7086],[588261.0416,7367503.9333],[588262.1921,7367500.4733],[588263.2134,7367496.5978],[588264.2248,7367492.5632],[588265.812,7367488.9112],[588267.0539,7367485.8747],[588267.7498,7367483.0546],[588269.318,7367480.122],[588271.9894,7367476.5232],[588275.2045,7367475.0356],[588278.3972,7367473.4257],[588281.5594,7367471.5999],[588284.0663,7367469.7721],[588285.167,7367468.3579],[588285.2666,7367466.8652],[588285.7744,7367464.6657],[588285.8746,7367463.8648],[588285.7819,7367463.9556],[588285.9792,7367463.4006],[588287.5411,7367461.73],[588290.1866,7367459.785],[588290.6605,7367456.9953],[588289.1166,7367453.366],[588288.1421,7367449.9602],[588288.1841,7367449.9333],[588288.4597,7367449.3906],[588288.8471,7367447.5612],[588290.0703,7367445.2347],[588290.9655,7367442.6267],[588290.9417,7367440.0642],[588291.5193,7367436.2495],[588292.2788,7367432.7211],[588292.6774,7367429.2373],[588292.944,7367425.665],[588292.7854,7367422.1543],[588292.6012,7367419.2223],[588292.9163,7367415.0627],[588293.7264,7367411.5918],[588295.0272,7367406.6969],[588295.2054,7367402.8414],[588294.976,7367398.7301],[588295.82,7367394.7835],[588298.1622,7367391.5295],[588300.3279,7367387.2322],[588300.5384,7367383.303],[588300.9015,7367379.6405],[588301.4757,7367375.3396],[588301.0113,7367370.8467],[588300.6596,7367367.0494],[588299.7221,7367363.542],[588299.2583,7367359.9748],[588298.7834,7367356.9961],[588297.8507,7367354.751],[588297.7141,7367352.0915],[588297.7704,7367347.9425],[588297.8918,7367344.4593],[588299.2803,7367341.5303],[588301.6327,7367336.3039],[588303.8082,7367332.2873],[588306.5832,7367328.0279],[588309.3152,7367324.1787],[588310.4842,7367320.018],[588312.0411,7367316.6176],[588313.8292,7367314.3183],[588315.7957,7367310.987],[588314.6171,7367307.7617],[588313.5142,7367304.034],[588313.0268,7367300.1482],[588312.6934,7367298.2586],[588310.1497,7367286.221],[588309.1803,7367283.4791],[588308.4244,7367280.6225],[588306.7687,7367278.2703],[588305.451,7367276.0036],[588304.695,7367272.0812],[588304.8536,7367269.6742],[588303.6248,7367266.8494],[588302.391,7367264.0618],[588301.0961,7367261.1976],[588299.5497,7367256.4555],[588299.431,7367254.8812],[588299.8144,7367254.4819],[588299.9308,7367254.2332],[588300.5192,7367253.8685],[588300.4716,7367252.8854],[588300.3451,7367251.3202],[588300.4587,7367248.4442],[588299.5799,7367246.0326],[588299.5591,7367245.9955],[588299.5435,7367246.0033],[588299.5325,7367245.9938],[588299.529,7367245.9842],[588299.5328,7367245.9843],[588299.5293,7367245.9749],[588299.5411,7367245.9566],[588299.5083,7367245.9274],[588299.5171,7367245.8904],[588299.5424,7367245.7977],[588299.5516,7367245.742],[588299.5765,7367245.6678],[588299.5371,7367245.2552],[588299.5046,7367244.2725],[588299.1317,7367242.3256],[588299.6623,7367239.8837],[588299.6951,7367236.5939],[588300.0883,7367233.0446],[588299.0216,7367229.3554],[588296.467,7367226.4139],[588294.2286,7367224.249],[588292.8011,7367221.7824],[588291.2505,7367219.0688],[588288.456,7367215.7738],[588285.3489,7367212.8896],[588283.7178,7367210.7065],[588281.7044,7367208.1747],[588280.1235,7367206.1801],[588277.7118,7367203.3366],[588274.9978,7367200.2218],[588271.9688,7367197.5924],[588269.0018,7367194.778],[588266.7459,7367191.5094],[588265.7592,7367187.4207],[588265.4504,7367183.9241],[588264.3108,7367181.7096],[588263.4782,7367178.4299],[588262.5202,7367175.8007],[588262.0365,7367172.9807],[588261.3441,7367170.7151],[588261.3111,7367169.1528],[588262.2307,7367166.3681],[588263.5729,7367162.8859],[588265.7117,7367158.971],[588266.8183,7367155.36],[588268.0606,7367151.0146],[588268.5913,7367146.4319],[588269.177,7367143.3092],[588270.9791,7367139.2622],[588272.098,7367136.2123],[588273.2821,7367132.9965],[588275.4755,7367128.4195],[588275.4999,7367124.9239],[588274.852,7367121.1358],[588274.3282,7367117.2115],[588273.6687,7367113.554],[588272.606,7367110.4446],[588272.098,7367106.6141],[588272.0941,7367102.9493],[588272.3122,7367098.7773],[588272.1024,7367095.2275],[588271.5387,7367092.6857],[588271.1734,7367090.6172],[588270.9325,7367089.3569],[588269.8451,7367086.789],[588268.1272,7367083.9112],[588266.2349,7367080.9813],[588264.6027,7367077.1715],[588264.2439,7367074.1872],[588264.0764,7367070.6014],[588264.896,7367066.1212],[588264.3265,7367063.1677],[588264.3076,7367060.3343],[588265.7279,7367056.7521],[588266.6778,7367052.5378],[588267.1606,7367048.7574],[588267.3929,7367044.8476],[588266.0579,7367041.823],[588265.4876,7367038.7761],[588264.628,7367036.1125],[588265.6291,7367033.9472],[588266.4588,7367031.0474],[588268.0198,7367029.2924],[588269.5104,7367026.4508],[588269.5324,7367022.7962],[588269.3589,7367019.5185],[588269.182,7367015.8762],[588269.3541,7367013.0397],[588269.4916,7367010.7068],[588270.048,7367007.9199],[588270.2516,7367004.5607],[588269.7737,7367001.7877],[588270.6756,7366999.5632],[588270.6927,7366997.9557],[588270.7015,7366996.7313],[588270.7383,7366996.7511],[588270.7433,7366996.714],[588270.7556,7366996.6769],[588270.8027,7366996.613],[588270.8112,7366996.5759],[588270.8358,7366996.5112],[588270.817,7366996.5107],[588270.8135,7366996.5011],[588270.8546,7366996.3902],[588270.9336,7366996.1403],[588270.9766,7366996.0855],[588270.9735,7366996.1042],[588270.9803,7366996.0856],[588270.9662,7366996.0573],[588270.9475,7366996.0566],[588271.0073,7366995.9464],[588271.0357,7366995.8723],[588270.8668,7366995.5306],[588270.8932,7366995.2885],[588270.9359,7366995.1214],[588271.0294,7366994.7692],[588271.0406,7366994.4142],[588271.0629,7366993.5923],[588270.7191,7366993.2167],[588271.619,7366991.0482],[588272.4584,7366987.3633],[588272.3316,7366983.2084],[588271.5966,7366979.4457],[588270.8204,7366977.2242],[588269.7273,7366974.7215],[588269.3618,7366971.8306],[588268.314,7366968.0111],[588267.2934,7366963.6878],[588268.0067,7366959.494],[588268.7636,7366955.2176],[588267.6506,7366951.686],[588266.766,7366947.5632],[588265.7174,7366943.8933],[588264.4455,7366941.2355],[588263.5887,7366938.0111],[588262.7419,7366934.9459],[588262.7367,7366932.7394],[588262.629,7366930.9318],[588261.0847,7366927.5361],[588259.682,7366924.5189],[588258.7431,7366921.2824],[588258.7722,7366917.6374],[588257.1804,7366913.9689],[588255.1475,7366910.2682],[588253.9586,7366906.5284],[588252.369,7366903.6174],[588250.7585,7366899.8268],[588249.5366,7366895.2354],[588247.7089,7366891.2044],[588246.4195,7366888.2749],[588244.5239,7366886.3919],[588242.3325,7366883.0879],[588241.0026,7366880.3721],[588239.461,7366878.0704],[588237.1047,7366875.238],[588234.5476,7366871.6513],[588219.3495,7366860.8712],[588212.6574,7366849.8289],[588208.0957,7366836.9729],[588202.4971,7366821.8362],[588196.8986,7366812.5053],[588192.1296,7366805.6628],[588188.1898,7366797.3687],[588186.9962,7366786.8034],[588186.685,7366785.0928],[588186.0028,7366781.3131],[588185.1246,7366777.3401],[588184.6024,7366773.2382],[588183.6202,7366769.0002],[588183.1174,7366764.7585],[588183.3903,7366760.7473],[588183.477,7366757.0573],[588183.1898,7366753.9351],[588182.3937,7366750.7969],[588181.8061,7366747.9361],[588180.8911,7366745.7198],[588180.2103,7366742.0147],[588179.035,7366737.9578],[588177.8555,7366734.5082],[588176.6274,7366731.7675],[588175.7115,7366728.9808],[588175.1138,7366727.036],[588174.3972,7366724.2275],[588173.0184,7366721.1548],[588172.2408,7366718.0264],[588171.7052,7366714.9432],[588171.0382,7366711.9867],[588169.2735,7366708.9205],[588167.3816,7366705.3737],[588165.5184,7366701.5098],[588163.0533,7366698.0852],[588161.0344,7366695.3571],[588159.2579,7366691.7109],[588157.9636,7366688.2204],[588156.4063,7366685.5816],[588153.7146,7366682.5705],[588152.653,7366678.704],[588151.2905,7366675.5945],[588149.0063,7366672.3717],[588146.9603,7366669.0726],[588145.106,7366666.7047],[588143.2667,7366662.9164],[588142.3214,7366659.3996],[588142.7557,7366656.0851],[588143.0958,7366652.5528],[588142.9677,7366648.7811],[588142.4131,7366644.8746],[588141.951,7366641.5971],[588142.2823,7366638.5786],[588144.0591,7366634.6242],[588144.8462,7366630.6945],[588145.5376,7366627.6593],[588145.315,7366624.3895],[588144.62,7366621.4881],[588144.3204,7366618.7584],[588145.0923,7366616.7352],[588147.1178,7366613.0877],[588149.7389,7366611.226],[588152.1339,7366608.4504],[588153.3931,7366604.9936],[588154.3306,7366601.2838],[588154.8893,7366596.7579],[588155.5341,7366591.8795],[588156.2142,7366587.1892],[588156.6923,7366583.7919],[588157.0914,7366579.1023],[588157.3396,7366574.9218],[588157.0365,7366572.304],[588157.431,7366569.2967],[588157.5621,7366566.3373],[588157.3253,7366564.2263],[588157.3856,7366561.7228],[588157.2381,7366558.923],[588156.6106,7366556.6126],[588155.7697,7366554.2957],[588154.5741,7366551.472],[588153.8402,7366548.9714],[588153.4407,7366543.2372],[588153.4596,7366542.2844],[588152.9773,7366540.4742],[588150.6228,7366536.3891],[588148.698,7366531.9812],[588147.3293,7366527.9929],[588145.3292,7366524.1901],[588144.1806,7366520.592],[588143.569,7366517.1791],[588143.4172,7366513.5656],[588141.9995,7366510.062],[588140.4082,7366506.1225],[588139.6729,7366502.3599],[588138.5897,7366498.9414],[588137.7657,7366495.7368],[588134.8203,7366486.3978],[588134.6347,7366483.2602],[588133.9707,7366480.3224],[588133.8173,7366477.2326],[588132.6342,7366474.1286],[588131.6355,7366469.9276],[588130.8801,7366466.5663],[588129.9231,7366463.1799],[588129.0515,7366460.4132],[588127.688,7366457.0886],[588126.2993,7366453.6139],[588125.122,7366450.0896],[588123.9149,7366446.6766],[588123.0452,7366443.3771],[588122.1949,7366440.0503],[588120.9913,7366436.4037],[588119.8359,7366432.8986],[588119.3912,7366429.3041],[588118.101,7366425.6734],[588116.6557,7366421.6171],[588115.4277,7366418.1566],[588114.9416,7366414.8039],[588113.8283,7366409.8419],[588112.244,7366404.9681],[588110.5769,7366399.3903],[588108.9751,7366395.6656],[588107.5071,7366391.8518],[588106.6791,7366387.7028],[588105.2081,7366383.9823],[588103.2998,7366379.2852],[588101.8399,7366373.9103],[588101.2168,7366369.3192],[588100.5898,7366365.4476],[588100.6365,7366361.4758],[588098.26,7366357.9606],[588094.6966,7366332.8215],[588093.019,7366329.3563],[588091.7053,7366325.9959],[588090.4963,7366322.2838],[588088.8865,7366318.9235],[588086.9495,7366315.8428],[588086.0096,7366313.4571],[588085.0008,7366310.761],[588083.843,7366307.443],[588082.3475,7366303.7871],[588080.926,7366300.3955],[588080.0074,7366297.216],[588078.6743,7366293.8739],[588077.1691,7366290.8816],[588075.8557,7366287.7456],[588074.0982,7366285.2688],[588071.8172,7366282.0463],[588070.7088,7366278.945],[588069.5583,7366275.8704],[588068.3579,7366272.8316],[588067.9947,7366270.3334],[588067.1264,7366267.9314],[588065.8797,7366264.5826],[588063.9137,7366261.3513],[588060.8996,7366259.0405],[588057.9217,7366257.2451],[588056.1002,7366254.1867],[588054.9368,7366250.9249],[588052.9796,7366247.7685],[588051.252,7366244.4606],[588050.3987,7366240.8718],[588049.6137,7366237.0142],[588048.5345,7366234.1755],[588047.2939,7366231.2196],[588046.6411,7366227.8054],[588046.1857,7366224.9024],[588045.2582,7366221.2924],[588044.9756,7366217.0672],[588044.946,7366214.0841],[588044.5538,7366211.7906],[588043.1475,7366208.8669],[588043.0622,7366205.0406],[588042.4147,7366202.8793],[588041.7801,7366200.1949],[588041.9184,7366198.423],[588041.3949,7366196.1347],[588040.8908,7366193.3515],[588039.9877,7366190.7429],[588038.6271,7366188.746],[588036.5885,7366186.1483],[588035.3901,7366183.6425],[588035.9692,7366179.8931],[588038.987,7366176.8566],[588041.3056,7366174.0221],[588043.0007,7366170.0464],[588044.6418,7366166.3586],[588046.8346,7366162.6415],[588049.438,7366159.919],[588051.7289,7366157.3736],[588057.2685,7366150.8979],[588060.4313,7366144.9885],[588062.6378,7366141.428],[588063.6564,7366139.4731],[588065.7022,7366135.5458],[588066.4406,7366130.7824],[588066.8341,7366127.4574],[588068.1871,7366124.5926],[588068.1206,7366120.0471],[588067.0941,7366115.7704],[588065.4951,7366112.5413],[588063.3252,7366108.7614],[588061.5845,7366105.8645],[588060.3975,7366102.2838],[588059.5859,7366098.5563],[588058.8847,7366095.608],[588057.9868,7366091.7652],[588056.7878,7366088.8013],[588055.3821,7366085.6159],[588053.968,7366082.5798],[588052.2888,7366079.6379],[588050.8682,7366076.8073],[588049.3236,7366073.3929],[588047.4156,7366070.2196],[588045.9679,7366067.7712],[588044.3703,7366065.3277],[588042.4149,7366063.1812],[588041.3139,7366060.3139],[588039.9187,7366058.2226],[588036.4084,7366055.8402],[588033.1323,7366053.7547],[588030.1062,7366052.2943],[588027.0347,7366050.3653],[588023.5254,7366047.7117],[588021.4732,7366044.833],[588019.0736,7366042.869],[588016.3254,7366040.5573],[588013.4253,7366037.8295],[588010.2763,7366034.5611],[588007.3091,7366031.9432],[588004.4888,7366029.3022],[588001.0513,7366025.9125],[587997.275,7366024.2415],[587993.6187,7366022.5651],[587990.2631,7366018.7198],[587988.1183,7366016.6329],[587986.3293,7366013.8373],[587983.4965,7366010.4012],[587981.1019,7366006.2591],[587979.1317,7366002.3173],[587976.6843,7365997.8274],[587974.9515,7365994.5569],[587973.88,7365991.4661],[587973.2138,7365987.6402],[587971.7922,7365983.5286],[587970.8427,7365980.367],[587969.1598,7365976.2286],[587967.1833,7365971.4172],[587965.3112,7365967.5719],[587963.8411,7365963.6926],[587960.7473,7365959.0237],[587958.5069,7365954.8583],[587955.7242,7365952.0875],[587952.8319,7365948.8739],[587950.439,7365945.7414],[587949.0923,7365943.2964],[587946.6134,7365940.3952],[587944.6423,7365936.0044],[587942.3544,7365931.8003],[587940.3941,7365928.8497],[587938.3905,7365925.7296],[587937.3946,7365922.6131],[587936.7196,7365918.4691],[587934.8786,7365915.4196],[587933.6535,7365912.3239],[587932.4711,7365909.4166],[587930.6819,7365906.5089],[587929.0476,7365902.6058],[587928.2626,7365898.9818],[587927.9275,7365895.6992],[587927.1198,7365892.6728],[587926.3439,7365890.0681],[587924.182,7365885.7838],[587924.0098,7365882.4503],[587925.0662,7365879.361],[587925.0067,7365875.9001],[587924.8116,7365873.0521],[587925.1101,7365869.1629],[587925.3499,7365865.0011],[587925.2589,7365860.6323],[587924.7053,7365857.5113],[587923.7959,7365853.6681],[587923.3388,7365850.335],[587922.6343,7365846.7697],[587921.9625,7365843.8317],[587921.2091,7365841.9382],[587920.9221,7365839.1526],[587920.8652,7365833.4668],[587921.1193,7365831.1096],[587922.4125,7365827.7567],[587922.8804,7365823.9666],[587922.3858,7365820.2769],[587920.6629,7365817.3994],[587921.1004,7365814.2159],[587922.587,7365813.0568],[587923.0923,7365809.1463],[587922.9087,7365805.4571],[587922.0906,7365800.8597],[587920.745,7365796.4702],[587919.373,7365792.9213],[587918.491,7365789.0418],[587917.7205,7365784.5956],[587916.4254,7365780.0299],[587916.1578,7365776.2729],[587914.9868,7365773.2443],[587913.9027,7365768.6385],[587912.9025,7365765.064],[587912.309,7365760.7075],[587910.5297,7365756.7624],[587909.8355,7365753.2253],[587908.6774,7365749.7861],[587906.4572,7365745.0885],[587906.522,7365741.9587],[587907.1375,7365738.2386],[587906.9943,7365734.4572],[587906.3672,7365730.0998],[587904.2414,7365724.7788],[587903.8117,7365721.7645],[587903.516,7365718.4268],[587902.7156,7365714.9239],[587902.5851,7365711.5731],[587901.3595,7365706.4674],[587900.8078,7365702.4489],[587900.7851,7365699.2415],[587901.0043,7365695.6117],[587901.0336,7365692.1817],[587901.0512,7365688.1718],[587900.4957,7365684.153],[587899.7893,7365681.1204],[587899.5279,7365677.8775],[587899.4727,7365675.1086],[587900.6311,7365670.6857],[587901.3248,7365665.678],[587902.2387,7365660.3312],[587902.0534,7365656.4551],[587900.4279,7365652.384],[587899.7101,7365648.8836],[587899.427,7365644.78],[587897.9346,7365642.6763],[587896.497,7365640.3686],[587895.2352,7365637.8422],[587894.3425,7365634.6541],[587893.259,7365632.2922],[587891.7989,7365630.227],[587889.4163,7365627.1136],[587887.874,7365624.0924],[587887.0241,7365621.5693],[587885.8393,7365618.6152],[587883.6566,7365615.1063],[587882.0739,7365611.3357],[587880.2563,7365608.2495],[587879.4101,7365604.0626],[587878.8238,7365599.5942],[587877.9373,7365596.6869],[587877.7928,7365592.9428],[587876.8957,7365588.5861],[587876.1385,7365584.3087],[587875.3153,7365579.7486],[587874.8841,7365575.3505],[587873.9769,7365572.1436],[587873.5866,7365569.7846],[587874.3625,7365566.7988],[587875.1728,7365563.3185],[587876.7348,7365560.1236],[587877.0111,7365557.0567],[587879.27,7365553.3883],[587881.9877,7365550.0241],[587884.6519,7365546.9295],[587887.0022,7365544.0493],[587889.9404,7365540.823],[587891.2522,7365537.4799],[587893.4714,7365534.7173],[587896.8026,7365530.9142],[587899.8576,7365527.6636],[587903.4091,7365525.1951],[587906.8989,7365523.136],[587910.1905,7365521.7814],[587911.9413,7365517.8258],[587914.1494,7365513.9878],[587916.364,7365508.9905],[587919.3648,7365505.3267],[587921.9069,7365501.5924],[587924.4208,7365498.5119],[587928.1828,7365496.0219],[587931.0688,7365493.626],[587933.7819,7365490.8882],[587937.5071,7365488.3786],[587940.3827,7365485.356],[587942.7299,7365481.7465],[587945.3798,7365478.6327],[587947.3483,7365476.5725],[587949.9982,7365473.7018],[587951.3553,7365473.0901],[587952.6297,7365472.719],[587955.476,7365471.7055],[587959.0326,7365470.7424],[587961.3216,7365469.5711],[587963.5123,7365467.7143],[587964.9719,7365464.0863],[587965.0713,7365463.7871],[587966.1341,7365462.7495],[587968.29,7365462.1479],[587971.5794,7365461.3214],[587974.1694,7365460.2344],[587976.4963,7365457.9801],[587979.0423,7365455.9101],[587981.459,7365453.7797],[587983.6134,7365450.8187],[587985.4858,7365447.8861],[587987.2957,7365445.391],[587989.6015,7365442.5001],[587992.4309,7365439.8781],[587995.0318,7365437.492],[587997.7028,7365435.1455],[588000.408,7365433.0151],[588003.1375,7365431.3064],[588006.3291,7365429.4436],[588009.2965,7365427.2],[588011.3,7365424.7483],[588013.4684,7365423.1246],[588017.5762,7365421.9171],[588021.9608,7365421.3168],[588025.9202,7365421.0115],[588030.2785,7365422.3175],[588034.37,7365423.0542],[588038.5025,7365421.539],[588042.2671,7365420.0405],[588044.7161,7365418.7901],[588047.6754,7365417.64],[588048.6428,7365417.1472],[588049.5983,7365416.3171],[588051.6596,7365414.2881],[588053.7063,7365411.5385],[588055.8952,7365408.6721],[588059.0468,7365406.294],[588060.9198,7365403.5859],[588063.3735,7365402.3077],[588066.2787,7365400.6137],[588069.7363,7365398.3949],[588071.748,7365396.6355],[588074.4413,7365395.3649],[588077.5067,7365393.5823],[588080.5428,7365392.1356],[588082.4027,7365389.9598],[588084.472,7365388.1556],[588086.5019,7365385.5831],[588088.3889,7365383.2588],[588089.1473,7365379.8892],[588089.9992,7365376.1671],[588090.5886,7365372.4556],[588089.5376,7365368.8231],[588089.0682,7365363.9843],[588088.14,7365359.9071],[588088.2277,7365356.0582],[588087.3915,7365350.9648],[588085.6524,7365348.8346],[588084.899,7365344.4449],[588083.7321,7365339.3785],[588082.1937,7365335.7589],[588080.5673,7365332.6692],[588079.5484,7365330.9917],[588078.3786,7365328.281],[588077.318,7365325.5458],[588076.3887,7365321.5058],[588075.7895,7365317.4483],[588075.7978,7365314.3355],[588075.3643,7365311.9192],[588074.8224,7365310.5652],[588073.2945,7365307.7965],[588072.3179,7365305.0173],[588071.9947,7365301.8378],[588071.2968,7365296.7581],[588070.3134,7365293.3616],[588068.7025,7365290.1324],[588067.0568,7365286.5838],[588065.7576,7365284.047],[588064.2683,7365281.2421],[588064.4194,7365278.4702],[588064.0974,7365274.4214],[588064.0982,7365270.3547],[588063.9188,7365266.301],[588063.1167,7365263.0971],[588062.9887,7365259.9053],[588063.0725,7365257.0097],[588064.1748,7365253.5481],[588065.051,7365250.8366],[588066.7529,7365247.8519],[588068.2664,7365245.2539],[588070.0538,7365242.2907],[588071.1153,7365239.1736],[588071.6496,7365235.7783],[588071.7126,7365231.405],[588071.4541,7365227.0029],[588071.9917,7365222.6727],[588072.3027,7365217.8025],[588072.3376,7365212.774],[588072.6825,7365208.1385],[588073.2858,7365204.1003],[588073.8449,7365199.7987],[588075.4993,7365196.4201],[588076.8273,7365192.6944],[588077.5644,7365188.3331],[588078.19,7365184.66],[588078.4193,7365179.8902],[588077.8654,7365176.8904],[588077.2976,7365173.8623],[588077.2568,7365170.4018],[588077.5275,7365166.8112],[588077.8134,7365163.6884],[588077.3785,7365162.0292],[588077.3901,7365158.9258],[588078.5103,7365155.4928],[588079.3177,7365151.2833],[588080.3192,7365147.8091],[588082.0984,7365143.92],[588082.4569,7365142.8539],[588083.9964,7365137.4725],[588086.2535,7365129.9489],[588087.1953,7365125.1498],[588087.0672,7365122.2009],[588087.2259,7365119.663],[588086.8088,7365116.4898],[588086.3038,7365111.8278],[588086.197,7365107.1312],[588087.7042,7365103.9068],[588089.0332,7365101.2188],[588089.9403,7365098.6017],[588090.7042,7365095.2977],[588091.2165,7365090.8172],[588091.5684,7365085.1255],[588093.5079,7365079.2503],[588095.6944,7365075.6357],[588096.8505,7365071.5402],[588098.6651,7365067.8392],[588101.7146,7365063.7193],[588103.5891,7365057.5241],[588106.0577,7365053.5257],[588108.4974,7365048.4237],[588111.1142,7365044.9537],[588112.9178,7365042.1966],[588114.4855,7365039.6658],[588115.8901,7365034.9423],[588116.7554,7365030.5663],[588118.362,7365027.6348],[588118.861,7365023.8174],[588119.6929,7365020.3754],[588120.2003,7365017.7176],[588120.3513,7365014.8337],[588120.4901,7365013.1646],[588120.634,7365010.86],[588120.4877,7365010.1542],[588121.1264,7364999.414],[588120.4651,7364996.8504],[588119.8701,7364993.6156],[588119.2636,7364989.0811],[588118.5665,7364983.375],[588117.58,7364978.5292],[588116.2391,7364973.5135],[588115.0236,7364969.0346],[588114.8302,7364965.6628],[588115.208,7364962.1222],[588115.2566,7364957.6083],[588116.5593,7364953.0311],[588117.9249,7364949.1852],[588119.2705,7364944.9085],[588120.3452,7364941.1376],[588120.8637,7364937.0591],[588121.8737,7364933.0804],[588123.1486,7364930.4561],[588123.5768,7364927.095],[588124.043,7364924.9126],[588124.6525,7364922.4638],[588123.8819,7364918.971],[588123.2164,7364915.9491],[588122.6624,7364912.6036],[588123.3573,7364909.8209],[588123.5635,7364906.9665],[588122.4274,7364903.4156],[588121.6396,7364899.0437],[588120.0901,7364895.1711],[588118.8133,7364890.6155],[588117.1761,7364885.3658],[588117.2704,7364881.5452],[588117.7115,7364878.4928],[588117.619,7364874.4138],[588117.5941,7364870.5706],[588118.0012,7364867.1713],[588119.2313,7364863.2275],[588119.9511,7364858.473],[588120.5511,7364854.7805],[588120.8418,7364852.3403],[588121.4469,7364850.0316],[588121.6647,7364847.7574],[588121.3448,7364844.4752],[588121.4212,7364840.9813],[588120.4107,7364837.4903],[588118.9763,7364833.8925],[588118.2714,7364830.5702],[588117.9941,7364827.4764],[588117.5911,7364825.1638],[588117.6275,7364822.5847],[588117.0034,7364820.0315],[588115.8815,7364817.93],[588115.1716,7364815.7201],[588114.6927,7364813.91],[588113.8323,7364812.3124],[588111.8681,7364809.4643],[588109.4732,7364806.9584],[588107.5726,7364804.9266],[588099.9255,7364800.9998],[588081.9247,7364793.2851],[588075.1285,7364783.3663],[588074.0968,7364768.6517],[588073.1943,7364764.9882],[588072.1005,7364758.073],[588071.5785,7364750.6151],[588071.5155,7364748.3319],[588071.4974,7364748.3159],[588071.7799,7364747.9104],[588070.7943,7364744.8129],[588063.9195,7364741.7352],[588050.0892,7364741.3459],[588033.2152,7364740.2438],[588015.3108,7364737.9408],[588000.4096,7364730.0203],[587992.6858,7364714.2676],[587987.8484,7364696.8387],[587981.2146,7364679.4376],[587973.1342,7364662.2618],[587961.3182,7364648.9606],[587933.532,7364640.831],[587889.3935,7364652.7795],[587880.4248,7364650.0888],[587875.0434,7364630.8058],[587873.2496,7364579.6835],[587864.2808,7364541.566],[587847.4047,7364503.9062],[587835.0498,7364469.5866],[587824.0675,7364427.0306],[587809.8821,7364420.1666],[587791.5784,7364417.421],[587780.1386,7364412.8451],[587750.395,7364377.6104],[587717.9059,7364324.9872],[587696.399,7364283.804],[587677.1801,7364246.7388],[587676.2649,7364216.0802],[587678.7888,7364202.8878],[587672.3112,7364199.8888],[587658.2765,7364191.3721],[587637.884,7364178.1769],[587633.2677,7364169.6183],[587628.9255,7364168.2106],[587624.2441,7364167.456],[587620.031,7364167.0714],[587615.08,7364166.6639],[587609.7731,7364165.5345],[587605.1746,7364164.7641],[587600.2554,7364164.1796],[587595.3444,7364161.0622],[587592.5485,7364158.8804],[587589.6753,7364158.5658],[587586.1896,7364159.373],[587582.957,7364158.9256],[587579.5564,7364159.5295],[587577.9321,7364158.8429],[587575.2942,7364157.601],[587571.291,7364155.6618],[587567.3499,7364154.4913],[587563.4437,7364150.4143],[587560.052,7364145.2318],[587557.1222,7364139.9047],[587555.5778,7364135.4718],[587553.3861,7364130.7569],[587551.3862,7364127.9362],[587549.3945,7364124.9759],[587547.42,7364121.5859],[587545.5346,7364118.4604],[587543.5661,7364115.1174],[587541.2511,7364112.7825],[587539.104,7364109.9947],[587537.0481,7364107.883],[587534.9391,7364104.8346],[587532.3147,7364101.2467],[587529.5754,7364096.7764],[587526.8354,7364092.5678],[587524.5253,7364088.8775],[587522.0639,7364087.0241],[587519.9451,7364085.1255],[587518.0806,7364083.0104],[587515.2054,7364080.0036],[587513.9251,7364077.3083],[587511.8808,7364074.8325],[587509.5621,7364072.488],[587507.4661,7364070.5807],[587506.0381,7364069.489],[587505.3029,7364069.2602],[587505.3776,7364069.1503],[587506.6027,7364069.0579],[587508.2077,7364069.2857],[587509.331,7364069.2182],[587511.2579,7364068.9794],[587514.4735,7364067.9395],[587517.9309,7364067.4401],[587521.6037,7364066.8916],[587525.8299,7364066.5004],[587530.0145,7364065.8835],[587534.0873,7364065.0109],[587537.9686,7364063.6647],[587540.7647,7364062.6118],[587543.9584,7364061.1974],[587546.9929,7364059.9555],[587550.1196,7364058.7635],[587553.5618,7364057.4317],[587557.7185,7364055.7949],[587562.0697,7364054.0523],[587566.454,7364052.4509],[587570.7316,7364050.9021],[587575.2813,7364049.2873],[587579.6738,7364047.5459],[587583.9563,7364045.9599],[587587.7231,7364044.4419],[587591.5261,7364043.0842],[587624.569,7364031.7115],[587626.9045,7364029.6749],[587627.4945,7364029.1513]]]},"properties":{"GmlID":"LED.2800726","OBJECTID":2800726,"Geometrikvalitet":"<= 20 meter","Led_ID":"30466987","Lednamn":"Vandringsled BD78 mellan Västerfjäll och Jäkkvik","Beskrivning":"Vandringsled BD78 mellan Västerfjäll och Jäkkvik","Ledmarkering":"Målade fläckar på stenar och rösen","Typ_av_led":"Vandringsled","Ledkategori":"Barmarksled","Statlig_led":"Västerfjäll - Jäckvik (BD 78)","Statlig_led_ID":"BD 78","Skyddat_område":null,"Skyddat_område_ID":null,"Längd_på_led_m":48552,"Kommun":"Arjeplog","Län":"Norrbottens Län","Längd_på_delsträcka_m":6365.54220212}},{"type":"Feature","geometry":{"type":"MultiLineString","coordinates":[[[603601.5792,7401956.3091],[603594.9366,7401953.4765],[603580.2966,7401953.0465],[603568.8077,7401949.8281],[603549.3679,7401957.669],[603548.0489,7401958.2085],[603546.7758,7401958.8057],[603545.4929,7401959.2717],[603544.2868,7401959.7593],[603542.0461,7401960.7972],[603536.1291,7401962.7811],[603535.8661,7401962.79],[603530.6248,7401958.029],[603528.9813,7401956.3774],[603527.7064,7401955.4504],[603524.0968,7401949.3202],[603503.7281,7401955.1179],[603501.2337,7401956.2116],[603497.4849,7401957.5293],[603497.721,7401959.8854],[603498.4222,7401961.8884],[603497.1711,7401965.6416],[603490.4935,7401970.9285],[603489.8491,7401971.6336],[603486.5758,7401972.3894],[603479.7987,7401969.2075],[603475.0824,7401965.6815],[603471.2391,7401963.0393],[603457.6838,7401953.6746],[603451.2287,7401962.4838],[603450.9114,7401963.0517],[603448.144,7401962.9476],[603444.6163,7401958.6627],[603439.1771,7401952.2768],[603438.2205,7401951.446],[603437.1922,7401950.6498],[603436.1479,7401949.7876],[603435.2054,7401948.7797],[603434.3443,7401947.8681],[603433.2894,7401947.0896],[603432.1183,7401946.3536],[603431.1189,7401945.5772],[603430.215,7401944.6268],[603429.1129,7401943.7251],[603426.846,7401942.4147],[603423.2246,7401935.7044],[603422.3945,7401934.8503],[603421.6224,7401933.9329],[603420.9659,7401932.9917],[603420.3529,7401931.9773],[603419.6179,7401930.9585],[603416.9335,7401927.173],[603416.0199,7401926.2783],[603412.0673,7401919.3218],[603411.7411,7401918.0565],[603411.3749,7401916.8737],[603410.8658,7401915.7511],[603410.3962,7401914.5645],[603410.2447,7401905.2991],[603406.1358,7401896.2163],[603400.0806,7401887.5661],[603395.7213,7401882.3112],[603390.3592,7401873.0761],[603389.7769,7401863.1791],[603384.6696,7401852.5791],[603382.8667,7401839.223],[603374.6062,7401831.4966],[603372.4653,7401830.6681],[603365.1373,7401823.9212],[603363.9671,7401823.6528],[603349.9008,7401814.1561],[603335.4508,7401807.2819],[603322.0734,7401789.395],[603317.1486,7401782.9911],[603306.924,7401772.8721],[603300.347,7401768.2861],[603291.7534,7401754.9366],[603288.4005,7401751.1075],[603287.3637,7401750.339],[603286.2772,7401749.7092],[603285.103,7401749.4499],[603283.9453,7401749.2381],[603281.8826,7401748.3938],[603280.7389,7401747.715],[603276.5847,7401744.7254],[603276.3464,7401740.8263],[603271.9766,7401728.309],[603271.8394,7401726.9385],[603271.4315,7401725.6794],[603270.9322,7401724.4919],[603270.4984,7401723.3347],[603270.2155,7401722.1926],[603270.0479,7401719.0722],[603267.2167,7401704.9948],[603266.3388,7401704.0362],[603263.3837,7401702.4195],[603262.2526,7401701.7973],[603261.2608,7401701.0119],[603258.4789,7401697.1482],[603256.6531,7401691.1789],[603253.0304,7401691.183],[603251.8369,7401690.9419],[603250.7183,7401690.3763],[603249.9524,7401689.2908],[603250.0178,7401686.5627],[603250.0949,7401685.2002],[603249.2739,7401684.2062],[603243.1722,7401684.3979],[603241.853,7401683.8526],[603240.6375,7401683.5079],[603232.6307,7401680.2334],[603231.5307,7401679.6685],[603230.2868,7401678.9952],[603229.0786,7401678.4541],[603223.9361,7401677.541],[603213.0539,7401675.1593],[603211.5432,7401675.3833],[603210.2155,7401675.165],[603208.982,7401674.7072],[603207.791,7401674.1014],[603206.6278,7401673.3472],[603205.6156,7401672.5142],[603204.6194,7401671.5511],[603203.5337,7401670.7997],[603202.3913,7401670.2798],[603201.2118,7401670.0578],[603199.7902,7401670.1728],[603198.2951,7401670.0793],[603196.9481,7401669.7856],[603195.5919,7401669.3419],[603194.3117,7401668.6486],[603192.9738,7401668.1121],[603191.4988,7401667.5799],[603190.2114,7401666.9798],[603188.9321,7401666.3613],[603186.7043,7401665.1836],[603185.7797,7401664.3822],[603184.7854,7401663.6621],[603183.5886,7401663.3087],[603182.3204,7401662.887],[603179.7627,7401657.8816],[603179.354,7401656.4448],[603174.9885,7401653.7562],[603171.5937,7401652.7124],[603169.1334,7401650.6281],[603163.2399,7401648.0318],[603161.9828,7401647.8069],[603154.3916,7401646.5682],[603140.7367,7401646.187],[603139.5716,7401646.6668],[603136.2129,7401646.8308],[603134.9447,7401646.8018],[603133.609,7401646.7985],[603125.9254,7401645.1637],[603121.132,7401636.2216],[603120.4553,7401635.2237],[603119.2097,7401633.4097],[603118.591,7401632.4419],[603113.0121,7401620.6651],[603112.4097,7401619.6606],[603110.1483,7401615.031],[603109.9463,7401613.8078],[603109.5621,7401612.6057],[603105.4852,7401606.3651],[603100.4461,7401591.6349],[603100.331,7401578.5199],[603095.5788,7401554.0656],[603094.8328,7401551.8588],[603094.3676,7401542.4524],[603090.8798,7401533.7185],[603090.9727,7401527.5875],[603086.6386,7401518.2325],[603086.9772,7401515.814],[603086.4223,7401511.0708],[603087.0445,7401506.4183],[603086.7322,7401499.4493],[603085.8816,7401498.5477],[603081.853,7401492.393],[603076.1535,7401482.0425],[603068.0337,7401473.6679],[603056.8309,7401461.1567],[603054.5708,7401458.9586],[603054.0593,7401457.8921],[603052.3069,7401456.3676],[603050.9756,7401455.8501],[603039.8636,7401450.3933],[603035.7147,7401448.723],[603034.9811,7401447.7604],[603028.0905,7401444.6968],[603025.7248,7401442.7471],[603025.2401,7401441.663],[603022.7898,7401438.9059],[603021.7567,7401438.4279],[603019.2796,7401437.0819],[603012.6006,7401433.409],[602996.4095,7401433.8219],[602979.3098,7401438.2499],[602975.7008,7401431.4477],[602973.712,7401428.2272],[602972.8668,7401426.3918],[602971.8562,7401425.5053],[602970.0912,7401423.8214],[602967.6863,7401418.7658],[602968.3549,7401417.6127],[602968.9733,7401416.3171],[602969.5421,7401414.9639],[602970.1454,7401413.6772],[602970.7816,7401409.6333],[602967.209,7401404.2347],[602957.6039,7401401.2193],[602952.0781,7401389.772],[602951.9266,7401388.5787],[602951.7039,7401387.4109],[602949.4799,7401373.2725],[602949.1813,7401372.0551],[602945.7996,7401360.5666],[602945.443,7401359.3187],[602945.2673,7401358.1808],[602944.3645,7401355.4069],[602942.3838,7401351.2744],[602942.5609,7401350.0091],[602942.8696,7401346.7012],[602943.9881,7401328.9847],[602944.0395,7401327.612],[602943.534,7401321.9355],[602942.9343,7401320.7535],[602942.4701,7401319.5111],[602942.237,7401318.1277],[602942.2686,7401316.6889],[602942.3908,7401315.5993],[602940.1267,7401312.3164],[602939.2895,7401311.3499],[602938.4744,7401310.3842],[602937.6386,7401309.3805],[602937.1672,7401308.2313],[602937.5658,7401305.8897],[602935.9323,7401301.6765],[602926.783,7401277.5723],[602919.4251,7401260.4833],[602918.4907,7401256.7732],[602918.3205,7401255.9814],[602913.5431,7401247.564],[602914.2345,7401239.4729],[602912.0717,7401236.6428],[602911.3533,7401235.765],[602910.7935,7401234.603],[602910.1663,7401229.9039],[602910.6202,7401218.9611],[602907.5127,7401216.0335],[602904.3892,7401212.2244],[602892.8095,7401198.8163],[602886.7068,7401188.8139],[602884.5443,7401185.9946],[602883.9668,7401184.8134],[602883.3146,7401183.6482],[602881.5817,7401181.8907],[602880.5737,7401181.133],[602879.6596,7401180.1449],[602878.8442,7401179.0857],[602878.4078,7401177.8912],[602874.0914,7401168.5187],[602874.2831,7401166.0664],[602874.4268,7401164.8],[602874.4613,7401163.8756],[602872.5838,7401153.2196],[602872.0157,7401151.9827],[602871.4721,7401149.5965],[602871.8119,7401148.328],[602872.3717,7401147.1146],[602874.6186,7401141.9619],[602876.1959,7401131.7533],[602875.8327,7401130.1873],[602875.5749,7401128.7655],[602875.6091,7401127.3548],[602875.5936,7401125.9889],[602875.2886,7401124.5468],[602874.7415,7401123.2452],[602872.7775,7401116.3826],[602872.1076,7401099.0671],[602875.3505,7401086.7791],[602879.6704,7401073.3066],[602882.1304,7401066.9087],[602882.3517,7401065.8416],[602882.8214,7401062.7826],[602883.0216,7401061.6867],[602888.266,7401054.0745],[602890.8367,7401048.2793],[602891.4101,7401047.0009],[602892.1255,7401045.7841],[602892.9006,7401044.6535],[602893.2518,7401043.479],[602893.0765,7401042.2288],[602892.776,7401040.8616],[602892.421,7401039.5671],[602892.5385,7401037.1215],[602892.9766,7401035.6977],[602893.2364,7401034.2953],[602893.1322,7401033.1226],[602894.548,7401025.3578],[602897.9018,7401008.6229],[602898.0233,7401007.3557],[602898.3582,7401006.2181],[602898.6935,7401005.071],[602898.4236,7400998.833],[602898.985,7400997.4792],[602905.3171,7400979.6962],[602905.7665,7400978.5629],[602906.0277,7400977.4224],[602911.9466,7400963.6543],[602916.3866,7400948.1663],[602918.8215,7400927.6099],[602919.627,7400923.3944],[602919.5396,7400921.9697],[602919.4444,7400911.1653],[602919.1526,7400909.7611],[602918.6786,7400901.2618],[602919.8127,7400890.7372],[602920.9192,7400888.6652],[602923.8237,7400886.0246],[602928.8682,7400872.785],[602934.1569,7400856.3842],[602940.852,7400836.7259],[602941.2781,7400835.5261],[602941.6075,7400834.3415],[602944.0735,7400828.1871],[602944.7686,7400826.9227],[602945.0326,7400825.4082],[602948.6103,7400819.9126],[602957.6367,7400802.8477],[602961.2754,7400790.9769],[602970.1507,7400777.8527],[602974.0903,7400765.3665],[602975.4044,7400763.3865],[602976.8536,7400758.6902],[602982.0943,7400750.6012],[602984.0396,7400745.7085],[602984.247,7400744.2199],[602984.4038,7400742.8044],[602987.3332,7400734.8532],[602989.5149,7400720.2814],[602989.8833,7400718.8457],[602990.0058,7400717.1579],[602990.3708,7400715.5162],[602991.1691,7400710.3094],[602987.1972,7400700.426],[602982.5785,7400696.3441],[602983.624,7400691.9507],[602984.3522,7400690.5941],[602984.8191,7400689.1994],[602984.6712,7400688.0063],[602991.1663,7400673.0162],[602991.4198,7400671.9783],[602991.8775,7400668.5542],[602992.2043,7400664.7697],[602992.72,7400659.1034],[602993.4276,7400658.1013],[602993.9562,7400656.9335],[602994.3297,7400655.6571],[602998.6836,7400645.6552],[602997.023,7400638.1026],[603000.7711,7400617.3894],[603006.3665,7400608.5376],[603017.9132,7400584.4975],[603018.4285,7400583.2918],[603018.714,7400581.9934],[603021.3474,7400574.9382],[603030.2694,7400559.7024],[603039.6013,7400546.1746],[603039.7199,7400542.1206],[603040.8404,7400538.9925],[603047.7489,7400524.9344],[603050.0991,7400521.095],[603061.1449,7400507.1824],[603061.4695,7400506.0257],[603062.7467,7400501.8749],[603065.9501,7400494.1397],[603066.5799,7400492.9383],[603067.3948,7400491.8373],[603068.4317,7400490.9409],[603069.4475,7400490.1093],[603070.4348,7400489.3515],[603081.6896,7400475.9893],[603089.5782,7400460.3877],[603096.623,7400450.9077],[603096.8264,7400449.7277],[603096.9416,7400448.4323],[603097.1846,7400447.0853],[603097.6621,7400445.8034],[603098.2201,7400444.6461],[603099.3098,7400441.3485],[603100.8898,7400437.3212],[603101.2357,7400435.894],[603101.4949,7400434.5104],[603101.9355,7400433.2271],[603102.4508,7400432.0212],[603102.6989,7400430.8337],[603102.9438,7400429.5336],[603103.2234,7400428.1975],[603102.4767,7400426.3928],[603102.2912,7400408.0293],[603103.7543,7400386.7723],[603106.9363,7400381.4865],[603113.6413,7400376.4355],[603119.1066,7400362.2861],[603121.085,7400343.9756],[603129.3421,7400329.1266],[603142.7967,7400317.3527],[603147.6253,7400309.2297],[603163.6083,7400298.5514],[603165.4719,7400284.3978],[603166.33,7400279.6795],[603167.4467,7400274.4846],[603168.8043,7400271.0569],[603169.4084,7400268.377],[603177.0549,7400253.7297],[603180.4942,7400245.4426],[603184.9729,7400231.6489],[603188.1925,7400224.8776],[603191.8673,7400217.123],[603198.8164,7400208.341],[603203.5001,7400198.7633],[603208.0314,7400192.0599],[603212.5176,7400187.4497],[603217.7713,7400179.2586],[603230.3899,7400163.5449],[603235.4386,7400149.4735],[603236.051,7400148.3462],[603236.8602,7400147.2077],[603237.7663,7400146.1476],[603239.2014,7400144.3124],[603239.6031,7400143.1774],[603240.0005,7400142.0608],[603243.5445,7400139.2762],[603247.8817,7400139.6258],[603257.3277,7400135.2581],[603258.4299,7400135.1871],[603261.8322,7400131.9389],[603268.8583,7400118.6526],[603269.3093,7400117.6878],[603270.9792,7400114.1315],[603271.5678,7400113.0501],[603272.2719,7400112.0479],[603278.6789,7400099.8696],[603278.9715,7400098.6836],[603288.0551,7400080.4996],[603296.4414,7400065.31],[603306.5652,7400053.0563],[603306.9294,7400051.8356],[603307.3894,7400050.6279],[603307.6743,7400049.451],[603307.6366,7400048.1871],[603307.5101,7400046.9199],[603307.662,7400045.6352],[603319.0869,7400031.5695],[603333.2953,7400019.9933],[603347.1348,7400013.7051],[603350.7837,7400013.2626],[603352.1376,7400013.2946],[603353.4364,7400013.1189],[603362.8852,7400011.8469],[603368.5126,7400010.5807],[603369.5556,7400010.0213],[603370.6061,7400009.3596],[603381.4827,7400006.1492],[603400.1865,7400005.4119],[603401.3393,7400005.2777],[603411.3019,7400000.7799],[603416.3136,7399998.1629],[603422.7357,7399988.6601],[603423.701,7399987.9015],[603426.2857,7399975.1873],[603426.4429,7399974.0618],[603427.4342,7399966.702],[603425.9988,7399956.427],[603425.5967,7399955.2992],[603427.7629,7399948.1052],[603428.4423,7399947.074],[603429.7916,7399944.3754],[603429.9325,7399942.3982],[603435.877,7399937.628],[603441.4974,7399929.6569],[603457.0881,7399907.8372],[603457.6274,7399906.6885],[603458.0872,7399905.4901],[603458.3719,7399904.2197],[603458.5572,7399902.9362],[603458.8418,7399901.7687],[603466.9573,7399889.6832],[603467.4787,7399888.6182],[603467.9697,7399887.4769],[603472.2187,7399885.8507],[603477.6105,7399885.3426],[603481.9488,7399884.8886],[603486.1603,7399881.8956],[603486.3144,7399881.0853],[603486.0574,7399876.0922],[603485.1365,7399872.8892],[603484.3693,7399866.015],[603482.962,7399859.4255],[603481.7132,7399848.718],[603481.5185,7399847.495],[603481.4883,7399840.8169],[603482.0808,7399825.2597],[603483.9867,7399810.1262],[603484.0618,7399808.7169],[603484.3919,7399807.523],[603488.088,7399801.1067],[603496.3597,7399790.5889],[603496.614,7399789.4389],[603496.9328,7399788.3473],[603497.3826,7399787.3171],[603498.022,7399786.2656],[603501.0083,7399780.2155],[603501.5509,7399779.1791],[603502.3438,7399778.1803],[603502.9925,7399776.3904],[603507.7485,7399768.0876],[603508.8811,7399764.8479],[603509.1024,7399763.5938],[603509.634,7399762.4543],[603510.2743,7399761.4777],[603511.0929,7399760.4892],[603511.9024,7399759.2478],[603512.6955,7399758.1462],[603513.5582,7399757.0659],[603514.7447,7399753.8749],[603515.9873,7399750.0782],[603521.3284,7399742.265],[603530.9999,7399727.2272],[603531.3939,7399726.2039],[603531.8574,7399725.2022],[603532.5798,7399724.2101],[603533.553,7399723.4424],[603534.5886,7399722.593],[603535.4543,7399721.6251],[603535.8471,7399720.5362],[603537.856,7399714.1874],[603538.7073,7399713.3124],[603539.4495,7399712.3864],[603540.0174,7399711.2669],[603540.4483,7399710.0487],[603547.848,7399702.7432],[603549.6395,7399699.8088],[603550.5612,7399699.03],[603553.478,7399695.3244],[603554.2932,7399694.5228],[603559.8065,7399686.5665],[603561.4762,7399684.6094],[603563.266,7399682.8065],[603573.949,7399670.7152],[603575.0136,7399670.1754],[603580.5293,7399661.8639],[603581.1308,7399660.8392],[603581.7435,7399659.7121],[603582.4127,7399658.5589],[603583.1025,7399657.5469],[603583.5809,7399656.742],[603584.0823,7399655.4237],[603586.2404,7399654.7569],[603587.8088,7399653.5253],[603591.4333,7399649.6126],[603592.3298,7399648.9169],[603593.5913,7399647.1783],[603599.0027,7399636.9178],[603599.5062,7399635.8427],[603609.649,7399624.8252],[603610.7651,7399624.1004],[603611.783,7399623.5216],[603612.6414,7399622.6561],[603613.5903,7399621.9438],[603614.6491,7399621.46],[603615.5954,7399620.7194],[603618.0573,7399615.033],[603619.7126,7399611.1022],[603620.6882,7399610.4657],[603621.5496,7399609.619],[603622.1527,7399608.6506],[603622.4993,7399607.6069],[603625.2429,7399604.0818],[603626.1812,7399603.2568],[603626.8941,7399602.3205],[603627.4641,7399601.2478],[603628.0749,7399600.2703],[603628.7374,7399599.2946],[603629.53,7399598.2117],[603630.3706,7399597.1304],[603631.1427,7399596.1965],[603632.0469,7399595.4916],[603641.3128,7399582.7953],[603642.158,7399581.7892],[603642.9579,7399580.7065],[603643.8084,7399579.7566],[603644.4005,7399578.5913],[603644.7728,7399577.4551],[603648.7683,7399569.8907],[603659.039,7399555.1003],[603659.6213,7399553.8971],[603660.4043,7399552.9727],[603661.1876,7399552.1327],[603661.8687,7399551.1577],[603666.5069,7399543.5427],[603668.7758,7399542.001],[603669.9694,7399541.5784],[603676.0037,7399537.1113],[603681.7413,7399528.3314],[603692.2179,7399514.6711],[603697.8775,7399509.1425],[603711.9124,7399491.2772],[603716.8249,7399475.9951],[603718.4007,7399473.8849],[603719.4389,7399472.8673],[603720.0258,7399471.5429],[603722.1408,7399467.6015],[603723.0682,7399466.776],[603724.0554,7399465.9343],[603726.4459,7399463.3311],[603729.04,7399455.6205],[603729.8285,7399452.1901],[603735.9926,7399436.9179],[603743.3961,7399424.6287],[603743.9852,7399423.6409],[603744.7849,7399422.764],[603745.6439,7399421.7863],[603746.5443,7399420.7916],[603754.3435,7399415.69],[603755.3938,7399415.1404],[603757.4746,7399413.9751],[603766.86,7399403.6404],[603777.3338,7399394.6932],[603778.1435,7399393.6483],[603786.8253,7399386.0645],[603788.2467,7399384.2197],[603789.0138,7399383.3227],[603796.3065,7399377.0238],[603801.0251,7399369.6552],[603801.8162,7399368.6096],[603807.9744,7399364.213],[603809.2327,7399363.746],[603810.268,7399363.1024],[603811.2063,7399362.3805],[603812.2198,7399361.7265],[603813.1814,7399360.9773],[603813.8678,7399359.8625],[603814.4847,7399358.6326],[603815.2015,7399357.3971],[603816.1525,7399356.5353],[603821.3962,7399354.096],[603834.5502,7399342.9309],[603850.691,7399332.4119],[603852.0632,7399331.9679],[603854.6058,7399329.6606],[603855.159,7399328.6435],[603855.7741,7399327.5538],[603856.6591,7399326.5773],[603857.6647,7399325.8391],[603858.5881,7399325.0229],[603859.4333,7399323.9234],[603860.2938,7399322.7121],[603861.3689,7399321.7988],[603862.4015,7399321.0336],[603864.0971,7399317.1232],[603864.7555,7399315.9697],[603865.3115,7399314.878],[603865.9273,7399311.9087],[603865.7417,7399310.7421],[603865.9227,7399309.4771],[603866.5139,7399308.237],[603867.3023,7399307.1726],[603868.5262,7399298.1947],[603868.4607,7399296.7896],[603868.5099,7399295.3886],[603874.804,7399289.5572],[603875.7254,7399288.6941],[603876.6747,7399287.8789],[603877.5174,7399287.0411],[603878.1796,7399285.9813],[603878.7194,7399284.7299],[603879.2604,7399283.6469],[603879.9785,7399282.6734],[603884.5154,7399276.6915],[603889.3392,7399266.9328],[603890.0747,7399265.6982],[603890.863,7399264.4375],[603891.7223,7399263.2635],[603892.3615,7399262.2215],[603893.0499,7399261.2564],[603894.1827,7399253.6123],[603897.0401,7399250.5219],[603905.2004,7399236.8589],[603906.2401,7399236.2996],[603907.1718,7399235.5586],[603908.0485,7399234.7034],[603908.6108,7399232.4616],[603918.7212,7399223.3609],[603922.9095,7399221.0222],[603927.1375,7399222.5379],[603933.6654,7399220.8206],[603934.7024,7399220.0368],[603935.7406,7399219.3186],[603936.8537,7399218.6779],[603937.9253,7399217.9609],[603939.1508,7399216.5016],[603940.1896,7399215.4748],[603942.8079,7399215.8729],[603944.002,7399215.6375],[603945.1048,7399215.2677],[603947.2818,7399214.9944],[603953.2992,7399213.5572],[603967.2827,7399212.2338],[603979.5612,7399207.4141],[603980.6534,7399206.8383],[603981.6678,7399206.2593],[603982.6833,7399205.8487],[603983.7743,7399205.4038],[603993.7407,7399200.5155],[604000.9182,7399197.682],[604010.6048,7399188.1488],[604017.2342,7399183.4361],[604019.734,7399181.779],[604027.7265,7399178.1793],[604030.038,7399176.6083],[604035.0736,7399175.6841],[604038.8354,7399175.1004],[604039.7793,7399174.5282],[604043.0421,7399172.9684],[604055.695,7399174.6156],[604056.9511,7399174.8969],[604058.226,7399175.1695],[604070.8259,7399171.1666],[604071.9378,7399170.8533],[604072.9833,7399170.2381],[604073.9583,7399169.5269],[604074.8921,7399168.6364],[604075.9342,7399167.8157],[604089.4194,7399161.0687],[604090.5785,7399160.6824],[604091.7899,7399160.5787],[604099.9814,7399156.3063],[604103.2974,7399155.3001],[604104.3723,7399154.7889],[604106.5447,7399152.2902],[604113.7126,7399146.1931],[604114.3623,7399145.273],[604117.5485,7399142.4105],[604117.2551,7399140.473],[604111.8347,7399128.3729],[604110.5696,7399124.9024],[604111.1948,7399123.7477],[604111.8543,7399122.6691],[604112.7766,7399116.8874],[604113.0034,7399115.6896],[604113.2362,7399114.5296],[604113.311,7399113.3354],[604113.3819,7399112.0475],[604113.5744,7399110.8766],[604113.4141,7399107.8687],[604111.062,7399096.5112],[604110.5498,7399095.4632],[604110.0481,7399094.5278],[604109.8015,7399093.5085],[604107.4518,7399085.8075],[604103.6901,7399082.0462],[604102.6496,7399081.7451],[604098.6941,7399073.4128],[604098.8804,7399072.1106],[604098.958,7399070.8419],[604099.9856,7399061.7912],[604099.9658,7399060.6494],[604099.3797,7399059.6922],[604097.9124,7399058.1404],[604097.0179,7399055.3478],[604094.0044,7399045.6113],[604091.7896,7399031.8931],[604087.8847,7399023.3946],[604087.4801,7399020.6766],[604090.638,7399008.7701],[604091.6258,7399005.6654],[604086.0851,7398978.6171],[604085.8067,7398977.26],[604085.4527,7398975.9468],[604085.0361,7398973.6399],[604084.4175,7398970.6054],[604079.0326,7398962.9393],[604078.3419,7398962.006],[604076.0795,7398958.4605],[604075.0582,7398949.7157],[604074.7004,7398948.6921],[604074.0448,7398947.7136],[604073.2843,7398946.8619],[604072.376,7398933.9506],[604069.3769,7398924.121],[604066.295,7398919.123],[604064.204,7398916.7248],[604063.3556,7398915.9445],[604063.0017,7398905.3173],[604060.5364,7398890.0841],[604058.985,7398873.9035],[604058.6047,7398872.6923],[604058.2426,7398871.4908],[604058.195,7398870.3014],[604058.3444,7398869.0914],[604058.2322,7398867.9463],[604057.8669,7398866.829],[604055.0694,7398863.4222],[604039.7599,7398849.4055],[604030.5193,7398843.8756],[604021.5468,7398837.6443],[604013.5842,7398824.9348],[604004.7174,7398812.0594],[604004.7715,7398809.4524],[604004.7862,7398809.296],[604002.389,7398803.5445],[603996.482,7398798.2543],[603996.5479,7398793.8615],[603996.235,7398791.6521],[603994.4708,7398783.6367],[603994.4155,7398783.5319],[603996.1003,7398770.41],[603995.1492,7398766.0723],[603989.9939,7398761.9218],[603988.9151,7398761.3574],[603987.857,7398760.6348],[603985.3763,7398755.6972],[603984.5201,7398754.7296],[603982.9755,7398749.9207],[603981.6517,7398748.0005],[603975.9064,7398747.5028],[603974.6537,7398747.6146],[603973.3462,7398747.8083],[603972.1283,7398747.8839],[603970.8977,7398748.0992],[603966.8997,7398748.4633],[603954.6391,7398740.1309],[603952.6155,7398737.6311],[603950.1444,7398735.3077],[603947.0971,7398729.7463],[603941.0025,7398721.5186],[603937.3244,7398714.9697],[603929.1563,7398705.8257],[603915.4744,7398693.6945],[603908.4678,7398683.5269],[603907.4479,7398682.675],[603906.3444,7398682.0722],[603904.002,7398681.7126],[603902.872,7398681.5202],[603899.764,7398681.4467],[603887.2775,7398661.0999],[603885.1529,7398657.8151],[603883.3491,7398655.436],[603878.5256,7398648.5247],[603870.6457,7398640.7464],[603868.6509,7398638.9891],[603868.374,7398637.6882],[603867.2311,7398635.9712],[603866.0755,7398635.1794],[603861.7885,7398633.83],[603858.8511,7398628.5198],[603858.1647,7398627.4652],[603857.8484,7398626.9857],[603857.3155,7398624.2803],[603848.9233,7398614.8923],[603839.9621,7398604.7932],[603829.0095,7398597.2546],[603821.3285,7398594.6941],[603814.2164,7398589.7156],[603790.8889,7398569.0907],[603780.0785,7398559.1339],[603765.5699,7398549.0346],[603762.9812,7398549.1383],[603761.8739,7398548.1253],[603753.9123,7398542.336],[603752.0598,7398540.9664],[603745.0545,7398531.8186],[603739.4273,7398520.8057],[603737.048,7398518.565],[603736.0863,7398518.0332],[603729.3132,7398502.7222],[603717.1122,7398489.1894],[603706.259,7398481.3835],[603697.5697,7398467.263],[603687.8142,7398454.7947],[603686.9628,7398452.6119],[603682.9685,7398446.037],[603674.3701,7398430.9755],[603668.0261,7398418.4209],[603657.8992,7398404.7887],[603657.1583,7398403.7041],[603656.2576,7398402.6321],[603654.8044,7398400.4921],[603654.0355,7398398.2843],[603651.65,7398395.0243],[603649.3491,7398390.7015],[603648.6868,7398389.6947],[603648.2927,7398385.8925],[603646.5584,7398380.5904],[603636.5421,7398370.678],[603633.8357,7398367.3095],[603630.168,7398362.7157],[603620.439,7398347.719],[603617.7665,7398339.2865],[603617.1068,7398329.1527],[603613.4042,7398317.2774],[603610.7771,7398313.8401],[603602.0846,7398304.9004],[603595.7031,7398293.9156],[603588.017,7398283.8261],[603580.7743,7398273.5757],[603569.8668,7398264.0198],[603559.5916,7398252.926],[603547.4143,7398242.6491],[603546.4176,7398241.8635],[603545.6493,7398240.8153],[603545.1481,7398239.5621],[603537.8613,7398234.3131],[603528.9643,7398227.2549],[603528.6246,7398226.1388],[603524.3055,7398220.6928],[603513.1237,7398203.3465],[603511.5509,7398202.0156],[603500.6049,7398187.1656],[603494.7864,7398178.138],[603482.8393,7398165.3731],[603461.2071,7398145.1094],[603460.2085,7398144.1743],[603459.2162,7398143.2672],[603458.2056,7398142.3596],[603457.2324,7398141.4346],[603456.4,7398140.5149],[603454.4415,7398138.5056],[603450.34,7398132.5817],[603436.1804,7398120.3138],[603435.2764,7398119.5225],[603434.3448,7398118.7768],[603433.3175,7398117.9153],[603432.1101,7398117.3088],[603430.8193,7398116.9517],[603427.6362,7398116.0748],[603413.7851,7398106.2405],[603405.092,7398098.3675],[603389.9653,7398085.5961],[603374.3776,7398070.4875],[603371.2665,7398068.1458],[603369.2999,7398067.1642],[603366.9302,7398066.6369],[603363.337,7398065.3159],[603359.6809,7398063.6336],[603340.8434,7398049.95],[603328.7031,7398024.7852],[603326.6309,7398019.8728],[603326.0062,7398016.9692],[603325.409,7398015.8994],[603324.7266,7398014.9293],[603323.7049,7398013.6192],[603320.3487,7398003.5247],[603320.0523,7398002.2419],[603319.7292,7398000.9766],[603319.3836,7397999.7199],[603319.0389,7397998.5381],[603318.6979,7397997.3564],[603318.4578,7397996.1504],[603317.3749,7397992.6218],[603313.8015,7397984.4643],[603312.8869,7397983.5602],[603312.0187,7397982.602],[603311.1687,7397981.6537],[603310.3243,7397980.7523],[603307.8492,7397979.2757],[603304.2874,7397976.0967],[603304.1575,7397975.1351],[603304.2176,7397973.2191],[603300.6877,7397969.8969],[603292.5174,7397964.1855],[603284.585,7397957.9191],[603277.446,7397952.9217],[603269.5763,7397944.2828],[603265.2861,7397940.5354],[603252.058,7397928.182],[603250.9219,7397927.7466],[603249.7761,7397927.47],[603247.064,7397925.7878],[603236.3732,7397921.553],[603234.8196,7397921.1861],[603232.1865,7397918.7777],[603231.7767,7397917.3502],[603224.1992,7397909.3421],[603207.393,7397901.1936],[603206.4335,7397900.2973],[603204.4802,7397899.2235],[603203.6237,7397898.3499],[603200.9451,7397895.6685],[603192.0654,7397889.8745],[603175.2385,7397866.2492],[603173.914,7397864.4136],[603171.7089,7397861.8529],[603171.0063,7397860.3304],[603165.4838,7397843.4501],[603163.3497,7397828.408],[603162.0577,7397826.8916],[603155.4797,7397815.7321],[603154.8731,7397805.2172],[603154.7784,7397803.9885],[603154.7488,7397802.6971],[603155.0332,7397799.5562],[603150.6922,7397789.1166],[603142.5438,7397775.9533],[603135.6874,7397764.3067],[603131.4481,7397759.1637],[603129.8032,7397757.8677],[603128.7504,7397757.2859],[603127.6918,7397756.4608],[603126.3435,7397754.7645],[603124.0482,7397751.8357],[603122.9565,7397750.0181],[603122.1075,7397748.9477],[603104.9279,7397736.9666],[603102.8973,7397734.936],[603100.0949,7397732.8241],[603081.9918,7397722.4692],[603065.5379,7397708.827],[603049.1043,7397693.4464],[603048.1844,7397691.3117],[603045.9368,7397687.5577],[603045.4519,7397680.9035],[603043.401,7397677.8034],[603038.1498,7397662.458],[603038.1215,7397661.2318],[603038.2119,7397659.9072],[603038.2499,7397658.6931],[603038.1503,7397657.4923],[603038.0896,7397656.1435],[603038.1625,7397654.9867],[603038.0706,7397649.9149],[603028.148,7397637.8919],[603019.2051,7397623.5492],[603011.1134,7397607.7514],[602998.9788,7397591.2509],[602998.0536,7397590.3279],[602997.2304,7397589.2498],[602988.4072,7397585.0764],[602987.2402,7397584.7709],[602972.6028,7397577.5188],[602962.4611,7397571.0426],[602960.1191,7397570.1043],[602957.6357,7397568.5901],[602954.7891,7397566.7126],[602942.2516,7397558.4753],[602939.7726,7397553.5306],[602937.2094,7397548.6377],[602936.4725,7397547.7312],[602934.6964,7397545.6728],[602932.3255,7397542.6759],[602925.2911,7397530.3967],[602920.045,7397524.3094],[602916.5585,7397522.4023],[602913.9,7397519.6125],[602905.8998,7397517.0245],[602891.2311,7397512.4819],[602884.3226,7397508.6964],[602871.3574,7397503.3022],[602866.7203,7397499.8006],[602862.856,7397496.8124],[602860.8723,7397493.6618],[602857.5155,7397490.4692],[602848.1663,7397482.6016],[602847.5616,7397481.6253],[602843.9641,7397477.6288],[602835.6039,7397467.5914],[602826.0552,7397460.502],[602818.3744,7397454.2024],[602811.1004,7397449.9098],[602804.9719,7397446.3053],[602795.2901,7397439.2017],[602784.5057,7397435.5263],[602770.3835,7397430.0244],[602765.5394,7397427.7491],[602764.4082,7397427.2768],[602755.1183,7397420.3936],[602745.2366,7397413.1798],[602734.2272,7397406.8874],[602720.757,7397400.9892],[602710.5891,7397399.1608],[602700.6075,7397391.5413],[602691.2516,7397385.8249],[602682.4601,7397379.6806],[602670.9625,7397369.3772],[602664.3451,7397361.3783],[602654.3532,7397349.6535],[602648.5775,7397341.3402],[602644.7784,7397329.3132],[602643.8496,7397328.3808],[602641.284,7397323.0392],[602635.3085,7397309.6408],[602631.9289,7397302.866],[602627.7995,7397293.1366],[602617.1789,7397281.3604],[602612.6734,7397277.9477],[602607.3899,7397275.8152],[602596.653,7397270.8427],[602594.0378,7397269.2115],[602585.1386,7397260.6698],[602576.4638,7397252.0708],[602569.9389,7397242.1681],[602562.132,7397230.3661],[602554.9037,7397216.0608],[602554.9349,7397214.1262],[602554.9689,7397213.0148],[602550.1821,7397203.4105],[602547.7825,7397195.0922],[602546.6604,7397191.6839],[602546.9123,7397189.1965],[602543.0846,7397180.3791],[602540.4464,7397177.4027],[602534.33,7397167.588],[602530.3473,7397163.6053],[602528.6404,7397156.6354],[602525.9378,7397150.8036],[602522.0973,7397144.9718],[602519.8214,7397141.1312],[602519.2525,7397136.2951],[602519.3624,7397134.3518],[602514.1318,7397128.7562],[602511.5714,7397126.6226],[602508.0154,7397121.7863],[602503.037,7397114.9588],[602498.912,7397109.1269],[602497.3473,7397105.2864],[602491.5154,7397098.6011],[602486.6975,7397093.3108],[602483.2638,7397090.7927],[602479.4932,7397087.6926],[602474.2145,7397085.9329],[602469.7736,7397082.6651],[602463.9922,7397080.0676],[602460.2216,7397077.7215],[602454.6915,7397074.0349],[602445.8098,7397069.5101],[602442.961,7397067.0802],[602438.9391,7397064.4828],[602435.0011,7397062.6394],[602431.7332,7397059.5393],[602428.2141,7397056.6903],[602421.5946,7397053.4225],[602414.4725,7397049.652],[602408.8622,7397046.4218],[602403.9891,7397044.248],[602386.8493,7397038.0937],[602369.3971,7397034.06],[602351.0945,7397028.3676],[602332.7482,7397024.8528],[602311.0432,7397019.7544],[602287.6693,7397013.2852],[602265.8893,7397007.3053],[602247.827,7397000.1264],[602233.797,7396993.1224],[602232.8926,7396992.9387],[602226.0649,7396991.118],[602217.9628,7396991.5731],[602203.4883,7396991.8463],[602196.4787,7396991.391],[602192.2911,7396992.3013],[602185.0085,7396987.4764],[602180.0015,7396985.6558],[602176.2691,7396984.6545],[602164.7987,7396976.6434],[602159.7008,7396972.638],[602155.7863,7396967.631],[602153.2374,7396963.8987],[602152.9094,7396963.1817],[602147.5932,7396960.8946],[602141.1298,7396956.798],[602137.4885,7396951.7],[602134.4844,7396943.1428],[602133.1188,7396939.2283],[602130.4788,7396934.9498],[602126.6553,7396932.2187],[602124.3795,7396927.1207],[602122.8319,7396924.5718],[602122.8667,7396924.5374],[602117.5633,7396918.4763],[602112.9167,7396914.778],[602110.5461,7396914.0194],[602105.9944,7396906.7176],[602101.8219,7396901.7866],[602097.0571,7396896.0688],[602094.3029,7396893.4685],[602091.8816,7396892.4442],[602087.9729,7396890.1563],[602083.3969,7396885.7709],[602077.1049,7396879.3835],[602072.0522,7396875.4747],[602070.8538,7396874.3429],[602070.7185,7396874.2865],[602063.6064,7396868.6918],[602056.5892,7396862.6229],[602048.8134,7396855.5108],[602043.598,7396849.6316],[602037.8134,7396842.1401],[602034.8807,7396838.073],[602033.7063,7396836.8418],[602029.848,7396834.2695],[602024.9168,7396829.2436],[602020.3651,7396824.1229],[602013.6324,7396813.0282],[602009.3651,7396803.166],[602001.4945,7396786.4764],[601999.1239,7396776.4247],[601999.1917,7396776.339],[601998.2822,7396773.8583],[601995.467,7396760.2271],[601995.3188,7396755.6338],[601991.911,7396750.448],[601991.6146,7396740.6689],[601989.6884,7396727.4819],[601988.2068,7396720.0736],[601988.6513,7396712.2208],[601988.7994,7396693.996],[601991.8596,7396688.6407],[601995.9812,7396667.5882],[601999.322,7396655.8582],[601999.4675,7396654.4351],[601999.3193,7396646.7303],[601998.134,7396635.6178],[601997.8377,7396627.0241],[601997.2629,7396622.2694],[601992.0143,7396610.8204],[601991.2156,7396609.7621],[601986.2276,7396602.8073],[601985.5336,7396601.8279],[601985.2536,7396596.9735],[601985.3043,7396595.7037],[601984.9124,7396594.4736],[601982.1538,7396592.5853],[601978.6645,7396592.8115],[601971.4384,7396588.2333],[601966.4698,7396578.848],[601955.182,7396575.438],[601954.7277,7396575.2879],[601950.2758,7396574.8689],[601942.571,7396573.5354],[601939.7558,7396571.0165],[601935.459,7396569.683],[601932.4957,7396566.7197],[601930.7009,7396564.1157],[601922.9944,7396558.5476],[601919.3087,7396557.8296],[601915.16,7396553.3845],[601911.3076,7396548.0505],[601909.2332,7396545.3835],[601909.6378,7396540.1626],[601909.2551,7396532.9212],[601906.4181,7396530.1223],[601899.6023,7396517.2316],[601895.8981,7396507.4526],[601892.7866,7396503.3037],[601885.6745,7396501.5258],[601872.1913,7396499.8959],[601870.7337,7396499.6309],[601868.3463,7396499.7494],[601863.9807,7396498.827],[601854.7095,7396495.4077],[601851.6397,7396495.0138],[601850.5244,7396494.8977],[601840.8841,7396488.7251],[601840.3656,7396484.7972],[601840.6445,7396483.573],[601845.037,7396475.6401],[601846.8546,7396468.1881],[601847.8917,7396460.4833],[601849.3734,7396450.7042],[601850.7069,7396440.6288],[601855.0085,7396433.4083],[601859.2359,7396420.3923],[601859.5342,7396419.2438],[601861.1015,7396414.9536],[601861.6846,7396414.0669],[601861.6846,7396408.3766],[601861.1384,7396404.9779],[601855.737,7396396.542],[601853.795,7396392.2938],[601852.8813,7396390.1684],[601844.058,7396377.7702],[601830.5375,7396362.7202],[601814.8821,7396344.038],[601808.3699,7396331.1193],[601807.8605,7396329.5837],[601801.3347,7396316.0955],[601798.6327,7396310.909],[601792.4176,7396304.8087],[601788.1616,7396301.8027],[601784.0576,7396296.6526],[601780.9192,7396287.4789],[601780.8388,7396281.1215],[601781.2592,7396271.6853],[601780.8796,7396263.5971],[601780.9386,7396262.2994],[601783.7291,7396249.283],[601786.9273,7396243.9026],[601794.5401,7396231.7189],[601800.6971,7396208.9708],[601801.7603,7396205.681],[601806.4589,7396195.1102],[601808.3462,7396187.2782],[601805.8606,7396179.4143],[601804.1079,7396177.0944],[601803.4383,7396174.1074],[601804.6744,7396167.4636],[601805.3954,7396160.6139],[601807.61,7396155.7727],[601809.6186,7396152.5281],[601811.0729,7396150.9647],[601814.794,7396132.0739],[601814.3934,7396117.8269],[601806.0692,7396108.2056],[601805.5643,7396107.0182],[601804.9756,7396105.893],[601804.2504,7396104.9497],[601803.2372,7396104.1735],[601797.5291,7396098.4082],[601793.5695,7396086.5543],[601792.7119,7396084.4749],[601791.7571,7396079.0066],[601790.8979,7396057.8975],[601788.1132,7396047.8638],[601778.259,7396034.0811],[601777.3681,7396033.2066],[601773.7578,7396021.3284],[601756.7328,7396005.0275],[601755.0634,7396003.5426],[601749.1304,7395999.7285],[601745.0047,7395995.4063],[601742.0578,7395990.2982],[601741.0754,7395986.3688],[601738.9143,7395982.2432],[601738.5214,7395980.2787],[601735.378,7395975.7599],[601733.6098,7395972.0271],[601731.5138,7395968.7958],[601724.6624,7395966.3924],[601709.6259,7395962.8078],[601697.7102,7395955.2332],[601687.2087,7395952.4426],[601672.774,7395949.1234],[601662.4624,7395952.6424],[601650.2264,7395958.475],[601641.8783,7395957.2133],[601640.7659,7395957.1162],[601635.0023,7395955.1457],[601633.9571,7395954.6302],[601632.8354,7395954.3831],[601631.6683,7395954.3588],[601629.7417,7395953.9138],[601614.9198,7395949.9354],[601613.7319,7395949.4709],[601611.5683,7395948.3157],[601607.246,7395939.9368],[601600.251,7395926.4097],[601595.9343,7395915.7681],[601595.1725,7395914.9078],[601584.9545,7395909.8048],[601579.1894,7395908.5694],[601567.991,7395898.1569],[601558.3643,7395884.208],[601551.0951,7395875.76],[601545.2012,7395866.9192],[601540.3844,7395853.1253],[601540.0382,7395852.5433],[601529.1269,7395843.6504],[601522.6396,7395841.1859],[601522.0518,7395840.7472],[601519.661,7395840.593],[601513.7671,7395835.8778],[601505.1227,7395831.3592],[601498.4429,7395828.0193],[601493.7278,7395828.0193],[601486.0657,7395823.8935],[601475.2602,7395816.6244],[601473.3018,7395814.2307],[601467.8236,7395811.8906],[601465.3868,7395806.3678],[601461.8028,7395801.5885],[601461.8385,7395801.5236],[601460.8488,7395799.6381],[601455.4925,7395794.3335],[601456.8316,7395791.9643],[601459.7156,7395789.6467],[601462.0332,7395787.5352],[601462.6685,7395786.4008],[601461.4379,7395782.7487],[601460.8754,7395781.7357],[601457.4238,7395778.3357],[601453.4002,7395774.0707],[601449.4572,7395770.8519],[601442.9389,7395764.8165],[601439.9615,7395762.0805],[601435.8575,7395760.1491],[601433.1214,7395755.8842],[601430.2245,7395749.6075],[601429.232,7395747.1373],[601427.0511,7395744.0444],[601416.0762,7395739.7787],[601409.8054,7395738.3414],[601404.1517,7395738.3413],[601397.3921,7395736.0881],[601393.0466,7395730.1333],[601387.8964,7395724.1784],[601383.6315,7395720.7182],[601378.7228,7395717.097],[601373.653,7395710.0154],[601369.8708,7395704.3019],[601367.7786,7395698.347],[601366.491,7395693.7601],[601365.6669,7395691.2878],[601361.1206,7395686.6727],[601353.5728,7395684.7961],[601352.5541,7395684.2632],[601349.36,7395683.5939],[601346.1008,7395684.4933],[601344.9762,7395684.7232],[601342.8702,7395684.917],[601330.7119,7395681.7675],[601322.3688,7395682.1347],[601316.941,7395680.4198],[601314.8709,7395679.2207],[601311.8509,7395678.712],[601307.3445,7395675.5736],[601302.5162,7395668.7335],[601298.7341,7395661.5714],[601293.9058,7395656.0995],[601289.0775,7395650.9495],[601280.8694,7395641.7757],[601274.5121,7395635.2574],[601265.1775,7395629.5439],[601262.8846,7395627.1016],[601259.1022,7395624.4514],[601252.9136,7395620.9044],[601236.2666,7395611.4283],[601221.2176,7395606.0973],[601207.3493,7395596.686],[601204.6798,7395587.4801],[601205.0142,7395586.3516],[601205.0116,7395585.2106],[601204.4359,7395580.0839],[601208.6628,7395570.6075],[601209.7573,7395568.4689],[601210.4971,7395562.7639],[601214.6957,7395554.7641],[601220.6281,7395529.3415],[601220.5817,7395528.1803],[601223.4735,7395522.0401],[601224.0647,7395521.0893],[601224.5718,7395518.3867],[601224.5284,7395518.3571],[601230.8562,7395520.6468],[601238.4291,7395526.2922],[601241.2804,7395526.8084],[601245.5697,7395524.9362],[601246.9695,7395522.5184],[601246.5766,7395515.6421],[601246.5766,7395506.9978],[601245.0049,7395500.9075],[601246.773,7395492.8524],[601248.7377,7395481.8504],[601250.7023,7395471.4378],[601255.221,7395463.7759],[601257.1593,7395459.3563],[601258.1488,7395452.2072],[601256.7927,7395444.5224],[601256.0068,7395437.2532],[601256.2033,7395428.8052],[601256.9891,7395420.9467],[601259.7396,7395413.2847],[601259.7396,7395406.0155],[601258.1679,7395395.0135],[601254.6316,7395383.8151],[601249.9165,7395374.3848],[601248.3929,7395371.1684],[601243.3478,7395369.6382],[601240.7813,7395367.9263],[601236.8635,7395365.4447],[601229.4666,7395361.6387],[601216.3529,7395351.7318],[601213.873,7395344.5078],[601213.3994,7395340.4857],[601215.5444,7395332.4139],[601214.8236,7395328.6789],[601213.054,7395323.8631],[601204.1176,7395308.7299],[601195.7846,7395303.2674],[601192.8844,7395299.8378],[601195.8437,7395291.232],[601196.6118,7395286.122],[601191.0071,7395276.6649],[601178.8346,7395266.2918],[601175.199,7395263.0081],[601171.1346,7395261.0253],[601164.2583,7395259.4536],[601157.1856,7395254.1491],[601148.1483,7395242.1648],[601138.5216,7395237.4498],[601123.5904,7395227.2336],[601115.7318,7395224.4831],[601109.0521,7395224.4831],[601100.0147,7395226.6443],[601090.388,7395226.8407],[601079.5825,7395221.7327],[601071.3311,7395211.9094],[601067.9912,7395203.2651],[601067.4401,7395197.9118],[601057.7147,7395185.4177],[601051.6294,7395174.5873],[601046.1013,7395168.3713],[601042.3829,7395160.7651],[601035.2437,7395151.8643],[601031.4902,7395147.7757],[601030.6443,7395143.8616],[601027.4573,7395142.5902],[601021.9774,7395141.3669],[601017.1031,7395137.0989],[601013.5448,7395131.3744],[601012.8887,7395129.1861],[601010.0344,7395125.0726],[601005.9087,7395115.2495],[601004.7299,7395101.6934],[601004.9263,7395090.888],[601001.39,7395086.1728],[600997.0679,7395080.6718],[600992.9421,7395073.992],[600989.7987,7395060.0431],[600988.2269,7395049.434],[600986.2623,7395043.54],[600985.0835,7395033.5206],[600987.4411,7395014.6601],[600987.6692,7395014.1024],[600991.9598,7394998.9429],[600998.6395,7394982.6364],[601000.8006,7394971.438],[601003.5511,7394960.829],[601005.3193,7394944.1296],[601004.7299,7394934.8959],[601002.9617,7394921.3398],[601002.688,7394918.5118],[601000.8085,7394914.1021],[600998.7967,7394911.8388],[600997.4136,7394908.0668],[600995.0246,7394905.3005],[600992.5099,7394901.7799],[600990.2467,7394894.9901],[600985.343,7394883.9253],[600982.7024,7394873.112],[600981.5708,7394866.9509],[600979.6847,7394862.0472],[600978.3016,7394854.2515],[600977.9244,7394851.3596],[600978.0464,7394851.4342],[600976.5413,7394847.2101],[600975.5354,7394841.049],[600974.2781,7394830.9902],[600972.6435,7394825.7092],[600970.003,7394818.2907],[600967.3625,7394812.1296],[600962.7104,7394802.9509],[600959.1896,7394797.2927],[600958.3095,7394793.0177],[600956.5492,7394788.4911],[600954.1602,7394783.5875],[600952.0226,7394777.9292],[600951.363,7394774.1914],[600950.113,7394771.6345],[600948.3448,7394768.884],[600947.7554,7394762.7937],[600945.005,7394755.7211],[600942.058,7394743.7368],[600942.6474,7394734.8959],[600942.8439,7394722.5187],[600943.0403,7394713.2849],[600941.4686,7394706.0157],[600940.2898,7394699.9253],[600939.504,7394689.5126],[600937.7358,7394678.7072],[600937.3901,7394671.9662],[600936.6828,7394668.9156],[600934.671,7394664.1375],[600932.0305,7394661.12],[600917.5709,7394652.9468],[600912.6671,7394650.0551],[600908.2663,7394647.7917],[600906.2545,7394645.6542],[600904.1169,7394641.6306],[600897.3272,7394635.9724],[600892.9265,7394633.2064],[600885.8851,7394627.1709],[600880.3527,7394623.7761],[600872.8086,7394621.6385],[600867.4805,7394620.9725],[600859.664,7394621.9575],[600843.5051,7394628.8567],[600841.1668,7394629.5007],[600837.8864,7394630.3437],[600834.5809,7394632.28],[600833.441,7394632.6125],[600833.1679,7394632.6111],[600833.0757,7394632.7034],[600827.4176,7394634.3379],[600822.5138,7394633.7093],[600812.5806,7394635.2181],[600801.3901,7394634.841],[600788.3134,7394635.2181],[600781.2722,7394633.835],[600778.1288,7394631.1946],[600771.4647,7394631.1946],[600758.3881,7394631.1946],[600750.0895,7394635.3439],[600745.6887,7394633.2064],[600736.3842,7394631.5718],[600728.84,7394631.0688],[600722.8063,7394630.9417],[600715.9813,7394632.4252],[600713.9075,7394632.2278],[600701.195,7394636.2896],[600685.461,7394647.8155],[600684.0777,7394649.8035],[600678.5453,7394654.0786],[600668.7378,7394656.9705],[600661.3194,7394658.7309],[600659.5205,7394658.7309],[600655.1583,7394660.1139],[600647.1111,7394658.8566],[600643.9678,7394657.7249],[600636.675,7394656.8448],[600631.394,7394656.3418],[600626.2388,7394656.4676],[600621.2094,7394651.941],[600617.9402,7394651.8153],[600613.7909,7394649.0492],[600610.1445,7394645.5286],[600608.8872,7394640.7506],[600602.6003,7394636.4754],[600594.6789,7394632.452],[600586.6318,7394627.6739],[600581.9796,7394624.6563],[600576.5728,7394622.1415],[600573.3037,7394621.0098],[600571.6973,7394619.787],[600569.015,7394619.2501],[600563.7477,7394619.501],[600554.4433,7394619.2496],[600547.4019,7394619.3752],[600537.7202,7394620.2554],[600524.6436,7394622.6444],[600514.0817,7394623.6503],[600503.6456,7394625.5364],[600492.455,7394625.6621],[600484.9108,7394624.279],[600481.1387,7394622.896],[600477.3666,7394622.3929],[600477.2651,7394622.3001],[600475.1888,7394622.4432],[600468.5902,7394622.2019],[600466.7393,7394621.0752],[600464.7275,7394619.2245],[600462.072,7394616.4079],[600460.3016,7394613.8328],[600458.6922,7394612.4648],[600448.7942,7394603.9348],[600445.0925,7394601.2792],[600438.9767,7394597.4971],[600431.5733,7394592.9103],[600428.435,7394591.2203],[600426.1857,7394590.0749],[600410.1865,7394587.3024],[600392.0418,7394577.0521],[600379.0406,7394573.4813],[600365.5867,7394567.8232],[600357.4138,7394566.5658],[600346.2232,7394564.0511],[600341.6967,7394559.5246],[600336.4157,7394550.3458],[600332.5179,7394543.9332],[600327.4884,7394538.1493],[600320.5729,7394535.2574],[600309.3824,7394529.0963],[600304.6044,7394525.8271],[600295.4256,7394523.1868],[600288.3843,7394520.9234],[600281.0916,7394519.666],[600273.8942,7394518.4143],[600260.2088,7394518.7371],[600241,7394513.541],[600226.2509,7394509.8537],[600224.3422,7394509.1442],[600218.2232,7394508.7269],[600212.9423,7394508.7269],[600207.1584,7394505.9608],[600201.1231,7394503.4461],[600194.5847,7394500.0511],[600191.0641,7394496.7821],[600185.7832,7394489.4893],[600181.5081,7394484.5855],[600175.2213,7394478.8017],[600170.8205,7394472.6406],[600166.4197,7394464.7191],[600163.9315,7394457.0526],[600163.6639,7394456.4777],[600162.9847,7394455.4619],[600162.2504,7394454.5375],[600161.7966,7394453.4457],[600161.0424,7394450.1082],[600153.0921,7394433.6706],[600152.6323,7394432.4382],[600152.0307,7394431.3317],[600151.2125,7394430.3669],[600150.3559,7394429.4382],[600149.9722,7394428.8724],[600146.7838,7394426.6424],[600144.0387,7394425.9922],[600137.626,7394423.8547],[600132.4708,7394421.7172],[600128.1958,7394418.3223],[600122.6634,7394415.3046],[600117.3825,7394408.6405],[600112.9816,7394402.3538],[600105.9404,7394393.3008],[600100.3199,7394383.8728],[600099.5228,7394383.4009],[600093.9778,7394379.0196],[600091.6064,7394378.0865],[600082.0505,7394370.9195],[600076.1408,7394368.6564],[600072.3687,7394364.5069],[600061.3038,7394354.3224],[600051.7479,7394345.5207],[600042.5361,7394332.3091],[600040.8088,7394330.558],[600039.1742,7394327.7918],[600035.5278,7394325.4028],[600031.8815,7394319.619],[600028.4866,7394315.8468],[600024.7145,7394314.841],[600018.4276,7394310.3144],[600013.5239,7394306.5422],[600009.5003,7394301.6386],[600008.465,7394299.8132],[600008.0753,7394299.5263],[600004.4575,7394294.5327],[600002.246,7394292.2925],[599989.5995,7394275.6945],[599976.0756,7394252.9027],[599983.7294,7394232.5337],[599997.8796,7394216.7668],[600006.2842,7394208.4435],[600007.2842,7394200.3184],[600006.3019,7394192.6564],[600006.6948,7394186.5659],[600006.1054,7394180.6721],[600008.2665,7394170.4559],[600008.8559,7394157.6858],[600010.2312,7394139.8076],[600010.2312,7394133.5208],[600009.6419,7394128.6092],[600011.6065,7394112.3027],[600012.1557,7394095.5492],[600011.9549,7394094.0994],[600011.2479,7394091.9044],[600010.8109,7394090.5514],[600008.4289,7394080.3194],[600009.1434,7394078.2135],[600009.7048,7394077.1584],[600010.2029,7394076.0076],[600010.5864,7394074.8433],[600010.7831,7394073.6161],[600010.7604,7394072.2968],[600010.6495,7394071.0585],[600010.552,7394069.8581],[600010.246,7394068.5754],[600009.7596,7394067.3607],[600009.2458,7394066.2855],[600006.3214,7394057.502],[600009.9733,7394049.7985],[600006.0103,7394038.4525],[599999.6618,7394027.6092],[599994.2723,7394013.238],[599993.5988,7393996.9152],[599992.9302,7393990.7943],[599991.8985,7393982.5095],[599992.4775,7393981.3803],[599992.8639,7393977.1678],[599992.4582,7393976.0778],[599992.4291,7393973.7109],[599992.6647,7393972.2233],[599992.9227,7393970.8394],[599993.2476,7393969.5515],[599996.935,7393957.8003],[600000.594,7393937.1089],[600000.7563,7393935.9084],[600001.0317,7393934.656],[600001.5025,7393933.4388],[600002.0286,7393932.3359],[600002.5408,7393931.4099],[600006.9887,7393917.3112],[600007.3955,7393915.9142],[600007.7007,7393914.457],[600007.8326,7393912.9657],[600007.9567,7393911.4927],[600008.2246,7393910.0345],[600008.7019,7393908.2284],[600009.5529,7393893.3541],[600013.1353,7393872.4259],[600020.2346,7393853.9724],[600027.9207,7393833.053],[600035.4637,7393808.6124],[600040.5956,7393787.7312],[600042.4819,7393776.0078],[600041.4689,7393767.1163],[600041.4689,7393756.7036],[600042.8441,7393744.523],[600042.2547,7393735.682],[600044.8089,7393726.8411],[600052.8638,7393699.9257],[600065.8304,7393675.1713],[600073.2532,7393664.5962],[600075.4024,7393657.5842],[600077.056,7393654.0451],[600082.9905,7393639.211],[600083.0762,7393638.659],[600089.8465,7393625.4087],[600093.1201,7393620.3528],[600094.0479,7393618.4097],[600095.071,7393616.0645],[600096.6795,7393612.4894],[600097.6157,7393609.2774],[600100.4144,7393604.3528],[600109.0701,7393591.8289],[600114.6669,7393585.0562],[600115.6071,7393582.6685],[600119.812,7393574.9852],[600120.2614,7393573.7485],[600120.518,7393572.5047],[600121.1307,7393570.2454],[600121.0906,7393565.8304],[600121.1831,7393564.6087],[600121.4574,7393562.7767],[600121.4094,7393561.7463],[600127.8795,7393546.1503],[600133.4295,7393532.2881],[600142.3537,7393518.3987],[600142.8432,7393517.3879],[600143.3228,7393516.3394],[600143.7099,7393515.1846],[600144.0194,7393514.0175],[600149.7525,7393502.9861],[600155.0402,7393497.0719],[600155.5724,7393496.0066],[600155.8334,7393494.8473],[600160.3434,7393487.4555],[600165.3376,7393481.5495],[600168.4484,7393479.0723],[600169.3899,7393478.3864],[600170.3014,7393477.606],[600171.1948,7393476.7128],[600172.1573,7393475.7564],[600173.1518,7393474.7359],[600174.0836,7393473.7037],[600174.7942,7393472.5327],[600176.7079,7393469.292],[600177.32,7393468.2762],[600180.1485,7393464.5825],[600189.2155,7393445.4433],[600189.2775,7393444.1459],[600193.9751,7393433.0207],[600195.455,7393430.0821],[600196.0234,7393428.6348],[600199.6031,7393417.7401],[600200.0337,7393416.5121],[600202.5155,7393409.4863],[600207.4135,7393396.835],[600217.2103,7393378.1525],[600218.1029,7393377.0815],[600218.8699,7393375.9872],[600219.4333,7393374.7827],[600220.0117,7393373.5695],[600220.5848,7393372.4027],[600221.1026,7393371.2246],[600221.6622,7393370.1229],[600222.3168,7393369.1648],[600222.8638,7393368.4086],[600231.0057,7393351.8807],[600231.9175,7393347.3055],[600233.4771,7393344.9309],[600236.5417,7393338.8239],[600236.8581,7393337.6759],[600237.8752,7393328.5771],[600238.295,7393327.3394],[600238.6942,7393326.2598],[600244.7064,7393317.9877],[600245.3404,7393316.9822],[600246.1399,7393316.0201],[600247.032,7393315.1641],[600248.7148,7393312.4668],[600250.041,7393310.8972],[600259.3263,7393293.1315],[600260.0719,7393292.2234],[600262.7436,7393279.9776],[600264.6561,7393276.0635],[600267.2608,7393265.358],[600267.4902,7393264.2536],[600269.4547,7393257.3773],[600271.3613,7393250.1531],[600274.4193,7393235.2467],[600274.9634,7393234.1632],[600275.458,7393233.1151],[600282.4754,7393226.9087],[600292.0999,7393207.4816],[600296.6256,7393188.449],[600298.0279,7393182.7491],[600304.8822,7393166.8401],[600305.9162,7393164.8391],[600306.4058,7393163.6227],[600306.9688,7393162.5303],[600307.5334,7393161.7001],[600308.4771,7393159.6304],[600308.8408,7393158.4092],[600309.2585,7393157.3304],[600309.9881,7393156.2535],[600310.8799,7393155.2013],[600310.9676,7393155.0871],[600313.9639,7393142.1655],[600320.4472,7393127.0378],[600323.7871,7393117.8041],[600331.0562,7393106.2126],[600342.2546,7393089.9063],[600357.3823,7393070.6526],[600372.7065,7393053.5604],[600387.0483,7393036.0751],[600394.3328,7393029.3511],[600395.4724,7393026.0384],[600401.3266,7393021.9313],[600403.013,7393020.057],[600422.1342,7393003.9774],[600423.1713,7393003.2203],[600424.1031,7393002.4033],[600424.8844,7393001.4313],[600425.6012,7393000.4007],[600426.4674,7392999.6467],[600427.4772,7392999.029],[600429.6327,7392997.527],[600447.08,7392980.9472],[600468.0302,7392957.4633],[600487.0425,7392936.6484],[600507.5575,7392914.6355],[600525.8894,7392893.974],[600541.2729,7392871.9241],[600557.3929,7392851.5655],[600558.1206,7392850.5447],[600558.8707,7392849.6183],[600559.7077,7392848.7512],[600560.4859,7392847.8725],[600561.1687,7392846.8594],[600563.8606,7392844.1897],[600575.3735,7392821.8212],[600588.9598,7392805.3071],[600594.4533,7392800.4272],[600596.8715,7392796.9789],[600609.6416,7392781.4583],[600623.9834,7392767.5094],[600635.3783,7392757.2933],[600649.3272,7392743.7372],[600662.6868,7392728.6096],[600671.1347,7392719.5723],[600679.3862,7392708.1774],[600690.9775,7392695.6038],[600703.7477,7392682.6371],[600708.4554,7392679.7341],[600712.785,7392670.4564],[600720.0541,7392653.9535],[600726.1445,7392637.2541],[600728.5021,7392629.5919],[600730.0738,7392613.875],[600729.8773,7392608.5703],[600733.4137,7392588.7277],[600735.4418,7392568.4465],[600734.991,7392557.4962],[600731.1187,7392521.0923],[600729.989,7392497.9264],[600728.2607,7392470.7178],[600728.1658,7392469.452],[600728.0929,7392468.1964],[600728.0359,7392465.6881],[600726.8698,7392454.4059],[600724.7677,7392429.5027],[600721.395,7392404.4221],[600717.5543,7392378.4269],[600715.4983,7392354.9],[600715.3124,7392353.6869],[600715.0964,7392352.585],[600714.7238,7392351.4027],[600714.1889,7392350.289],[600712.5282,7392337.502],[600708.0282,7392311.6602],[600702.8984,7392285.1692],[600699.5359,7392256.7415],[600693.7416,7392228.4121],[600686.7591,7392198.4499],[600685.8341,7392191.8918],[600684.5035,7392182.7236],[600684.1234,7392181.5409],[600683.8397,7392180.3617],[600683.7043,7392179.188],[600682.3532,7392174.7999],[600679.708,7392157.7409],[600674.3193,7392126.0133],[600673.95,7392124.7375],[600670.9536,7392098.979],[600664.8064,7392077.6592],[600664.2334,7392076.5723],[600662.9288,7392065.5096],[600659.4301,7392037.5351],[600653.9015,7392004.1287],[600648.1976,7391977.6636],[600642.1122,7391947.8089],[600636.8843,7391920.8095],[600630.6792,7391890.1558],[600630.384,7391887.7606],[600630.2078,7391886.5853],[600630.2324,7391884.7907],[600628.4891,7391879.8461],[600628.3119,7391878.6989],[600628.1973,7391877.5632],[600628.2759,7391876.4253],[600628.2797,7391875.2006],[600628.1115,7391874.0068],[600625.4953,7391861.0261],[600625.0668,7391859.028],[600622.197,7391850.7601],[600619.2011,7391827.5076],[600616.3455,7391806.0088],[600615.0641,7391796.0317],[600609.0754,7391766.7605],[600605.3871,7391741.6125],[600601.2951,7391721.8361],[600596.4556,7391697.9086],[600592.9356,7391670.7846],[600587.7646,7391646.3682],[600587.3459,7391645.3244],[600585.3305,7391626.2314],[600583.332,7391603.7166],[600580.9115,7391586.0582],[600577.6153,7391560.1206],[600581.2877,7391536.7837],[600583.5295,7391505.6244],[600586.394,7391481.323],[600589.6878,7391457.2712],[600591.8072,7391430.8949],[600592.195,7391429.7308],[600592.4879,7391428.5259],[600592.7667,7391425.9645],[600595.7827,7391401.1826],[600599.432,7391384.2971],[600599.8387,7391383.1242],[600599.9554,7391381.9597],[600599.8813,7391380.8348],[600599.8629,7391375.9343],[600603.6085,7391352.3291],[600608.7514,7391317.591],[600608.9221,7391304.9551],[600609.1098,7391303.2693],[600614.9251,7391273.7269],[600616.8529,7391250.9904],[600617.0934,7391249.5872],[600617.2138,7391248.2172],[600617.2659,7391246.8912],[600617.3611,7391245.6042],[600617.4275,7391244.391],[600617.5117,7391243.2066],[600617.5636,7391241.8806],[600620.3523,7391227.2173],[600622.4459,7391205.6372],[600623.3457,7391179.31],[600629.267,7391148.2938],[600635.2963,7391121.658],[600639.5709,7391096.8003],[600643.6057,7391066.1925],[600644.1418,7391065.2395],[600644.6295,7391064.0885],[600644.9874,7391062.7269],[600645.4039,7391061.4891],[600646.0524,7391058.268],[600649.4756,7391043.9363],[600655.9029,7391018.0071],[600663.2966,7390995.9373],[600663.6268,7390994.8273],[600670.531,7390985.27],[600671.455,7390984.5836],[600680.7189,7390968.2768],[600686.3933,7390949.0526],[600688.2937,7390926.0627],[600688.8707,7390925.0085],[600691.3416,7390920.3016],[600691.736,7390918.7543],[600692.3896,7390913.7661],[600696.4247,7390898.8584],[600700.6685,7390881.7983],[600704.7776,7390865.5747],[600706.0685,7390863.7891],[600707.0929,7390861.1614],[600709.5235,7390845.5406],[600710.2471,7390823.5551],[600712.9041,7390803.5571],[600713.1092,7390802.3115],[600712.0694,7390797.6169],[600713.7266,7390769.7932],[600716.0053,7390758.3373],[600717.4595,7390750.7507],[600718.1977,7390747.9257],[600718.2619,7390743.9258],[600723.0725,7390723.5481],[600729.0518,7390700.7726],[600733.2518,7390678.3996],[600733.3277,7390677.2335],[600733.3743,7390676.0569],[600733.1087,7390670.8108],[600733.2683,7390669.5916],[600734.4953,7390646.437],[600734.4094,7390642.3757],[600734.771,7390640.0772],[600736.6913,7390632.0606],[600736.742,7390630.7721],[600736.8952,7390629.5246],[600736.9995,7390628.2941],[600736.8805,7390627.0742],[600736.3803,7390624.3909],[600735.8356,7390611.8223],[600737.7572,7390585.7194],[600737.7796,7390581.1451],[600737.6976,7390560.0492],[600736.9631,7390536.2808],[600740.38,7390507.6797],[600740.718,7390506.4576],[600739.8403,7390497.9256],[600739.7636,7390496.6698],[600739.7555,7390495.4633],[600739.0949,7390467.8356],[600739.3436,7390465.4975],[600739.8349,7390441.1191],[600741.7268,7390422.8605],[600744.872,7390411.8009],[600744.4684,7390410.234],[600743.6912,7390405.362],[600744.1425,7390402.917],[600745.4257,7390382.8617],[600745.7911,7390379.7706],[600744.7735,7390360.9102],[600745.1082,7390346.7373],[600743.4721,7390328.7427],[600744.7571,7390320.2991],[600750.5986,7390296.2279],[600753.2349,7390279.1559],[600757.5026,7390265.4349],[600758.8215,7390254.8418],[600757.6782,7390248.3948],[600760.9929,7390235.1348],[600762.7505,7390221.0696],[600762.9507,7390219.9642],[600762.9247,7390218.8412],[600762.7726,7390217.7135],[600764.2851,7390202.424],[600769.6295,7390188.5272],[600771.4407,7390166.0671],[600778.4753,7390139.5522],[600785.9873,7390111.1566],[600786.3244,7390110.0655],[600786.6658,7390108.956],[600787.0409,7390107.8382],[600787.2397,7390106.6672],[600788.5942,7390102.5368],[600793.5286,7390089.9061],[600793.4205,7390088.7988],[600794.4358,7390077.3623],[600796.8243,7390074.0178],[600797.4818,7390073.1066],[600797.1836,7390061.0145],[600801.9576,7390047.6861],[600806.0598,7390038.3166],[600808.6368,7390034.3897],[600809.5833,7390033.7042],[600810.5028,7390033.0458],[600811.2014,7390032.2298],[600811.5584,7390031.2048],[600811.4869,7390030.1081],[600811.0133,7390029.0343],[600810.7304,7390024.975],[600809.4677,7390015.4847],[600808.4449,7390012.5579],[600813.9928,7389995.3397],[600815.5245,7389978.8165],[600815.665,7389975.577],[600815.8621,7389974.4527],[600820.6224,7389959.2724],[600820.5526,7389955.0713],[600826.3277,7389936.8235],[600828.1961,7389928.186],[600828.1726,7389926.9976],[600828.1241,7389918.3462],[600828.5333,7389909.8799],[600830.6543,7389901.0462],[600831.4857,7389900.2535],[600834.6397,7389886.5294],[600837.4135,7389869.7804],[600837.3232,7389868.5896],[600837.0284,7389867.4005],[600837.2526,7389864.3137],[600837.4345,7389863.0953],[600838.4189,7389852.1363],[600845.7059,7389827.9959],[600846.3071,7389808.2398],[600845.3761,7389786.5026],[600844.4178,7389771.1135],[600845.0198,7389769.9947],[600846.7429,7389758.93],[600846.8391,7389757.718],[600846.3511,7389752.4544],[600846.3235,7389751.2751],[600846.2184,7389750.0837],[600846.2876,7389744.3169],[600848.4848,7389727.1822],[600855.7515,7389711.3546],[600865.5871,7389693.1616],[600876.7532,7389676.1858],[600877.5983,7389675.3284],[600878.4609,7389674.4996],[600879.3624,7389673.7283],[600880.3689,7389673.0358],[600883.2589,7389671.9443],[600883.5776,7389671.8717],[600886.4603,7389668.6387],[600889.1879,7389666.6064],[600905.0067,7389649.7446],[600907.3501,7389647.3428],[600910.8041,7389645.4679],[600929.6766,7389629.5809],[600932.3868,7389618.3191],[600938.7954,7389613.4769],[600941.0662,7389609.097],[600941.5,7389607.1262],[600943.3032,7389601.1093],[600958.1386,7389579.0124],[600975.0195,7389569.7552],[600986.9131,7389563.9961],[600993.0963,7389562.1233],[601008.9512,7389552.7104],[601016.7165,7389549.1276],[601021.8957,7389544.5529],[601025.942,7389538.8018],[601025.9044,7389526.577],[601022.0201,7389510.6392],[601020.6507,7389504.4877],[601020.6612,7389483.2492],[601018.232,7389462.9166],[601002.7136,7389438.7589],[600981.2011,7389409.6663],[600959.5986,7389371.4464],[600933.8417,7389317.4401],[600926.3639,7389249.3089],[600926.3639,7389173.6999],[600934.6726,7389124.6788],[600939.6578,7389103.0763],[600980.3703,7389020.8205],[601018.5901,7388931.0867],[601025.2371,7388910.3151],[601034.8641,7388873.0042],[601036.6014,7388846.2904],[601035.6757,7388814.0002],[601023.3676,7388726.7455],[601007.7889,7388650.1497],[600992.0561,7388593.1471],[600989.7098,7388562.9967],[600983.1225,7388421.6613],[600980.5261,7388312.6099],[600984.4207,7388261.9791],[600961.0527,7388208.7516],[600938.4958,7388129.9399],[600938.4958,7388012.6681],[600935.886,7387957.862],[600926.2518,7387901.5419],[600917.2244,7387828.5259],[600919.717,7387758.7331],[600923.8713,7387725.4984],[600922.2096,7387693.0946],[600918.0552,7387649.0586],[600908.9157,7387617.4858],[600900.1134,7387583.7435],[600901.0953,7387575.1239],[600899.5606,7387551.18],[600898.6395,7387532.7616],[600895.8768,7387519.5616],[600895.2629,7387500.5293],[600893.421,7387469.2179],[600888.8582,7387446.0069],[600893.5036,7387411.4975],[600895.3734,7387406.8193],[600895.6762,7387398.4004],[600894.6466,7387391.2535],[600893.2535,7387388.4068],[600892.1634,7387386.5473],[600890.6366,7387368.2257],[600879.0044,7387311.7266],[600878.1736,7387291.7858],[600886.4822,7387275.9994],[600883.9897,7387248.5807],[600879.0045,7387215.3459],[600877.6448,7387212.8207],[600877.4215,7387207.9826],[600879.1897,7387193.8373],[600880.9578,7387182.2459],[600881.5309,7387175.9416],[600882.3331,7387173.1914],[600882.3331,7387168.4934],[600882.3331,7387159.2597],[600886.1364,7387150.4521],[600888.9749,7387119.7963],[600884.8206,7387081.5764],[600882.0461,7387066.3167],[600883.3154,7387062.2067],[600882.7261,7387050.0259],[600881.9851,7387046.639],[600882.0128,7387045.848],[600881.5926,7387040.8051],[600881.1023,7387035.692],[600879.7459,7387032.5938],[600878.5905,7387026.3834],[600877.2812,7387024.0265],[600875.6112,7387018.3905],[600873.9412,7387014.0071],[600872.6888,7387005.6574],[600872.0626,7386998.5603],[600873.315,7386988.7495],[600874.4256,7386981.9012],[600874.8502,7386961.1006],[600878.1736,7386910.4178],[600883.9896,7386883.8299],[600890.6366,7386853.0879],[600890.6366,7386825.6693],[600894.791,7386785.7878],[600892.2984,7386756.7073],[600890.6366,7386711.8404],[600890.6366,7386681.9293],[600886.4823,7386646.202],[600882.328,7386607.9821],[600884.8437,7386591.2105],[600883.5039,7386584.5114],[600883.7043,7386577.8958],[600887.1123,7386563.2612],[600889.9191,7386553.0371],[600891.7232,7386529.7822],[600895.3317,7386504.9238],[600896.3341,7386495.9023],[600899.3296,7386489.9827],[600905.5922,7386441.8086],[600914.7318,7386401.927],[600932.438,7386361.4554],[600933.5419,7386360.5268],[600938.5457,7386351.9306],[600940.2136,7386345.6438],[600942.7797,7386343.2061],[600945.3459,7386341.0249],[600946.1156,7386335.3797],[600948.8099,7386331.0172],[600950.9911,7386325.6285],[600955.2251,7386319.0853],[600956.7745,7386313.1085],[600967.9072,7386293.9143],[600987.8481,7386242.4005],[600995.3259,7386206.6732],[600999.4802,7386146.8508],[601001.1419,7386106.9691],[600999.3504,7386062.534],[600990.941,7386041.5106],[600991.0215,7386039.2567],[600987.814,7386029.8906],[600984.863,7386022.3208],[600982.4253,7386018.7283],[600980.5008,7386011.6717],[600976.2254,7386004.0212],[600975.8819,7385999.9962],[600973.7007,7385993.966],[600970.3648,7385984.8565],[600966.9006,7385979.4678],[600962.6666,7385972.2828],[600960.6139,7385960.8638],[600957.7911,7385957.9128],[600953.6854,7385956.3732],[600953.4288,7385954.0637],[600953.0439,7385950.8561],[600952.0175,7385947.5203],[600950.6062,7385943.9278],[600946.6288,7385940.592],[600944.3193,7385937.7693],[600941.1828,7385932.1099],[600938.1704,7385921.8677],[600935.7231,7385917.754],[600934.3118,7385912.7502],[600934.0467,7385907.8471],[600932.4104,7385902.2837],[600932.4104,7385843.4577],[600918.2111,7385802.888],[600891.8408,7385764.3467],[600859.9681,7385743.6297],[600853.8659,7385741.7228],[600850.0168,7385738.2585],[600847.5791,7385734.5377],[600845.7828,7385727.9943],[600843.8583,7385722.6055],[600842.062,7385717.2169],[600841.5488,7385712.4695],[600840.9431,7385708.7141],[600839.1002,7385703.4923],[600822.8722,7385600.0396],[600822.8722,7385558.6976],[600823.9633,7385545.0586],[600825.9681,7385522.4051],[600827.5718,7385509.5749],[600825.9681,7385501.7564],[600825.7676,7385492.9357],[600826.369,7385473.6903],[600827.7724,7385456.0486],[600824.5418,7385442.7352],[600825.7676,7385429.5861],[600826.5695,7385402.9232],[600825.7676,7385385.883],[600822.8722,7385359.7087],[600822.8722,7385311.9948],[600820.365,7385299.4584],[600800.6612,7385258.3047],[600791.5602,7385236.1299],[600789.7381,7385209.2833],[600787.0002,7385194.3158],[600788.6707,7385182.4851],[600787.4772,7385172.5797],[600788.7314,7385157.7579],[600788.0967,7385152.8918],[600789.482,7385141.3059],[600792.0881,7385118.6524],[600791.4867,7385106.2232],[600794.0928,7385088.7819],[600794.6943,7385079.9611],[600794.2658,7385078.3007],[600794.4735,7385076.6906],[600786.4602,7385057.3645],[600786.0739,7385048.2864],[600782.2649,7385032.2485],[600776.4512,7385017.8145],[600768.0314,7385000.3734],[600760.0124,7384982.932],[600753.3311,7384972.2169],[600749.8468,7384961.067],[600748.5097,7384958.5262],[600748.9864,7384956.2692],[600747.984,7384944.0404],[600743.1727,7384937.6252],[600738.7623,7384931.611],[600732.3624,7384927.8464],[600729.562,7384922.5257],[600713.3341,7384892.0984],[600688.9923,7384823.13],[600688.4058,7384819.6108],[600688.644,7384817.9429],[600689.045,7384811.5277],[600689.4459,7384806.9168],[600687.2408,7384797.4946],[600686.6393,7384784.8648],[600685.236,7384779.0511],[600682.4294,7384774.6407],[600679.2218,7384759.4047],[600677.8185,7384752.5886],[600672.6062,7384734.7466],[600668.5117,7384723.6058],[600665.7406,7384712.2135],[600665.7901,7384710.8902],[600663.7855,7384693.4491],[600662.5825,7384683.2249],[600658.9739,7384668.9914],[600654.1471,7384664.412],[600638.2801,7384642.595],[600579.4541,7384573.6264],[600459.7735,7384472.2022],[600441.5173,7384449.8889],[600396.8905,7384393.0914],[600370.5202,7384364.6925],[600321.8366,7384311.9519],[600269.096,7384267.3253],[600256.5126,7384254.1126],[600242.861,7384241.0582],[600235.1289,7384231.035],[600231.1767,7384227.1705],[600211.5682,7384219.1676],[600206.9805,7384217.2332],[600193.8011,7384208.2364],[600171.7287,7384174.015],[600145.3584,7384135.4738],[600138.9179,7384086.8117],[600138.9469,7384086.6171],[600138.3455,7384073.5864],[600138.546,7384060.1547],[600136.5412,7384035.0955],[600133.7346,7384021.0624],[600132.1308,7384008.0318],[600131.9303,7383991.3924],[600129.1237,7383980.3665],[600123.9114,7383961.9229],[600120.3811,7383957.7246],[600094.6463,7383906.2551],[600084.5039,7383865.6853],[600064.2191,7383831.2012],[600023.6494,7383784.546],[600007.4215,7383750.0618],[599993.2222,7383685.1503],[599970.9088,7383593.8684],[599964.8233,7383524.9],[599956.7094,7383433.6182],[599952.6525,7383397.1055],[599930.3391,7383338.2794],[599916.1397,7383281.4818],[599910.0542,7383234.8268],[599893.8264,7383202.371],[599869.4846,7383141.5165],[599851.2282,7383080.6619],[599857.3138,7383034.0069],[599885.7124,7382979.2378],[599881.647,7382945.3594],[599882.3342,7382943.9929],[599883.9917,7382932.0092],[599881.6415,7382907.173],[599877.8415,7382886.0251],[599868.6171,7382865.87],[599866.8558,7382854.268],[599857.0268,7382831.3455],[599849.0252,7382814.9399],[599838.2297,7382800.3219],[599838.1571,7382800.3136],[599836.4362,7382796.4128],[599832.9718,7382788.5601],[599806.6017,7382756.1044],[599786.3167,7382741.9052],[599757.918,7382705.3924],[599751.8326,7382656.7086],[599759.9464,7382618.1675],[599774.1458,7382589.7687],[599787.0118,7382578.9357],[599785.5106,7382565.5756],[599780.9503,7382547.6737],[599780.3868,7382534.4502],[599771.2646,7382513.9912],[599772.1173,7382506.6009],[599798.4876,7382470.0881],[599835.0004,7382388.9488],[599858.3205,7382353.3671],[599857.9404,7382345.2664],[599852.5368,7382325.9499],[599850.3828,7382303.6179],[599843.8567,7382293.2187],[599840.4852,7382279.5483],[599833.7307,7382270.2164],[599823.9524,7382252.865],[599803.9149,7382227.6826],[599798.2699,7382219.5033],[599789.2243,7382212.221],[599777.7418,7382191.5823],[599772.0261,7382173.9753],[599773.2871,7382164.6141],[599772.1543,7382151.1266],[599772.6342,7382143.9579],[599773.234,7382119.5985],[599772.2468,7382100.329],[599761.1154,7382083.4808],[599733.4628,7382050.1797],[599727.3154,7382043.8808],[599716.8791,7382033.5938],[599709.4915,7382021.3221],[599702.0864,7382006.3193],[599698.4455,7381994.5096],[599703.1782,7381984.0389],[599712.4168,7381980.1466],[599727.7947,7381966.6978],[599732.7909,7381961.5379],[599735.7896,7381956.328],[599738.8481,7381951.5068],[599754.9303,7381944.0566],[599765.4902,7381938.181],[599775.1692,7381929.5434],[599782.3889,7381925.0532],[599784.898,7381923.4925],[599795.8047,7381913.3335],[599819.3399,7381897.9481],[599832.7181,7381878.1256],[599834.3895,7381873.1618],[599839.003,7381864.3582],[599840.7843,7381843.8646],[599841.2905,7381837.1556],[599843.7439,7381828.0031],[599856.2069,7381813.8783],[599866.1438,7381798.8004],[599883.4565,7381779.6757],[599890.9503,7381760.6464],[599889.4416,7381744.9163],[599882.7947,7381725.8065],[599878.3629,7381710.5097],[599868.6699,7381694.2334],[599855.7684,7381673.1436],[599841.2513,7381652.6901],[599828.7883,7381632.7493],[599819.0196,7381612.8289],[599801.3141,7381600.2697],[599792.1565,7381592.7926],[599782.7736,7381580.1765],[599769.132,7381567.7754],[599760.0922,7381557.6721],[599746.2667,7381546.5054],[599723.6137,7381535.9279],[599711.8411,7381527.5997],[599690.3395,7381513.9788],[599687.255,7381510.7114],[599674.5838,7381487.8815],[599662.5813,7381468.5246],[599653.4289,7381458.6478],[599640.4474,7381431.6461],[599630.8757,7381401.8679],[599630.2891,7381398.181],[599629.8124,7381395.292],[599626.7331,7381377.6621],[599622.2982,7381363.9598],[599610.7689,7381342.1984],[599602.0063,7381329.6284],[599590.5085,7381313.2676],[599589.9306,7381311.4696],[599586.7402,7381296.0487],[599585.6484,7381286.2238],[599586.6611,7381283.7265],[599594.1629,7381263.8618],[599603.2772,7381250.2382],[599607.7212,7381240.3435],[599624.4947,7381227.984],[599643.1061,7381212.0313],[599664.9081,7381193.4199],[599679.0897,7381180.1261],[599682.2802,7381172.4506],[599685.537,7381159.2421],[599688.9875,7381148.2758],[599696.2816,7381129.6093],[599699.4721,7381099.2994],[599704.2579,7381061.5447],[599706.9167,7381033.8934],[599707.9802,7381025.9172],[599715.4249,7381009.4327],[599719.6788,7380994.5436],[599720.2106,7380971.1463],[599719.9411,7380951.7469],[599717.3956,7380936.2547],[599709.2572,7380911.8824],[599694.9487,7380899.6878],[599683.6734,7380883.8459],[599674.0707,7380864.2486],[599675.6152,7380836.5741],[599678.0654,7380821.9528],[599683.0923,7380811.9574],[599687.8934,7380797.4734],[599687.7735,7380795.1355],[599676.0749,7380774.9287],[599667.5668,7380761.6348],[599657.9952,7380747.8092],[599642.0426,7380731.3248],[599619.3496,7380717.0003],[599598.0545,7380693.153],[599588.8752,7380674.3749],[599580.0228,7380657.1758],[599575.6689,7380642.4178],[599571.8801,7380627.3657],[599567.2732,7380601.9246],[599566.5154,7380577.6177],[599560.3296,7380561.1578],[599541.3194,7380540.9869],[599535.1598,7380535.1073],[599522.3977,7380522.3451],[599509.6357,7380505.3291],[599503.7863,7380491.5033],[599497.937,7380480.8683],[599490.4613,7380470.0213],[599450.0535,7380467.5743],[599435.7216,7380462.2568],[599420.3008,7380444.1771],[599385.0014,7380393.4071],[599365.5279,7380351.8637],[599349.9492,7380306.4256],[599339.5633,7380270.0752],[599322.7681,7380206.7704],[599319.6215,7380197.6323],[599314.746,7380179.5415],[599310.897,7380160.8094],[599310.2562,7380151.0912],[599308.4058,7380142.8486],[599295.4235,7380106.4981],[599282.4412,7380079.2353],[599273.3536,7380062.3583],[599268.1607,7380031.2008],[599252.5819,7379987.061],[599249.9854,7379970.184],[599253.8803,7379924.7459],[599282.4412,7379835.1682],[599298.6561,7379768.5142],[599311.0023,7379730.0115],[599318.203,7379716.7031],[599321.2523,7379707.5552],[599320.5988,7379703.4169],[599321.2522,7379696.0114],[599325.6084,7379684.9032],[599330.4001,7379677.7157],[599332.9433,7379675.7595],[599335.1215,7379671.5015],[599337.6148,7379661.1275],[599346.514,7379646.5228],[599353.9233,7379630.6695],[599355.8835,7379618.4722],[599356.9665,7379608.4859],[599357.0407,7379601.5592],[599350.0378,7379574.7533],[599345.3336,7379552.1035],[599337.813,7379530.0958],[599337.347,7379526.368],[599335.2199,7379501.9073],[599332.0294,7379463.6209],[599327.2435,7379434.3745],[599322.9896,7379408.8502],[599322.9896,7379398.215],[599325.1166,7379385.453],[599336.2835,7379370.0321],[599347.4503,7379352.4841],[599364.9982,7379334.4044],[599389.459,7379308.3485],[599403.8164,7379292.9276],[599422.6442,7379278.5238],[599426.1349,7379274.8077],[599433.5947,7379266.8715],[599450.6109,7379245.0696],[599488.3654,7379187.6402],[599511.2309,7379152.5441],[599529.8423,7379123.8294],[599546.8584,7379085.0113],[599552.1761,7379077.0351],[599550.3174,7379044.5091],[599548.0005,7379037.7753],[599541.8419,7379021.096],[599537.1471,7379003.1773],[599533.5646,7378993.5495],[599511.7626,7378953.6679],[599502.191,7378926.0166],[599483.0479,7378871.7775],[599472.4129,7378835.0865],[599462.8411,7378802.6494],[599452.7378,7378772.3395],[599448.4838,7378752.6644],[599441.0392,7378725.0132],[599441.0392,7378693.6396],[599444.6126,7378668.5622],[599449.0368,7378645.0797],[599453.1207,7378630.7862],[599450.3981,7378605.2619],[599450.7385,7378591.9893],[599452.0997,7378570.8893],[599449.7175,7378550.1297],[599446.9949,7378536.5166],[599425.2142,7378494.9973],[599428.6175,7378455.5198],[599431.4676,7378427.2303],[599430.9359,7378404.8967],[599431.4676,7378382.0312],[599426.1502,7378360.761],[599421.3643,7378345.8719],[599414.4515,7378327.2604],[599411.2609,7378311.8395],[599415.515,7378284.72],[599425.6183,7378243.2431],[599428.8089,7378218.2507],[599429.8723,7378199.6392],[599427.2136,7378183.1548],[599417.1102,7378148.059],[599410.1974,7378109.2409],[599408.6021,7378076.2721],[599408.6022,7378051.8113],[599410.1974,7378039.5811],[599410.1974,7378018.8425],[599407.5387,7377981.088],[599405.9434,7377957.1591],[599404.3482,7377935.3569],[599405.4116,7377927.3806],[599410.7293,7377917.809],[599426.6818,7377903.9834],[599443.698,7377889.0944],[599460.7141,7377876.3323],[599485.4977,7377853.5717],[599486.2868,7377852.1296],[599491.6755,7377846.4843],[599509.8945,7377838.6578],[599514.0002,7377835.322],[599516.5241,7377832.7649],[599520.8025,7377826.3473],[599542.6044,7377791.2513],[599551.6443,7377782.7433],[599562.5332,7377753.4557],[599563.7897,7377752.27],[599571.0067,7377740.2416],[599575.8181,7377729.6166],[599577.7401,7377720.3272],[599580.8908,7377714.1468],[599583.461,7377694.6559],[599587.0446,7377679.2978],[599590.4526,7377663.8613],[599590.6531,7377649.2268],[599590.3131,7377639.4809],[599596.3117,7377622.685],[599603.7562,7377595.5656],[599628.2169,7377557.2793],[599629.2814,7377554.784],[599629.9458,7377552.0776],[599636.1933,7377542.4027],[599638.7428,7377538.4097],[599641.5889,7377529.8577],[599638.0328,7377517.6586],[599632.3418,7377495.1145],[599630.5583,7377475.781],[599632.4203,7377457.0433],[599634.3932,7377425.987],[599630.8893,7377407.9553],[599630.344,7377396.6893],[599631.4075,7377390.3082],[599636.3115,7377382.6579],[599637.5093,7377382.2919],[599653.1034,7377367.9466],[599665.4398,7377346.7043],[599681.3925,7377338.728],[599697.3451,7377320.1165],[599707.4485,7377303.6321],[599710.1072,7377288.2111],[599712.8449,7377267.2346],[599709.4546,7377248.0104],[599705.3819,7377235.1195],[599704.2962,7377213.7595],[599704.9249,7377200.3195],[599707.6032,7377194.2348],[599703.4159,7377188.1751],[599703.0458,7377181.4391],[599710.639,7377165.9075],[599720.0637,7377152.7419],[599729.1356,7377136.8991],[599730.7901,7377133.1768],[599731.7617,7377128.1046],[599735.0997,7377102.6287],[599736.5689,7377094.0584],[599738.53,7377089.2415],[599749.949,7377074.9999],[599756.6207,7377067.4299],[599760.3415,7377056.6525],[599760.6292,7377056.1252],[599774.9813,7377038.818],[599786.1483,7377021.2703],[599788.2241,7377016.5649],[599797.1644,7377004.0484],[599803.4513,7376987.369],[599804.7467,7376983.8802],[599812.3987,7376957.3912],[599814.9786,7376939.4618],[599814.162,7376921.8106],[599817.0885,7376911.1158],[599818.4195,7376897.5476],[599816.4127,7376886.0371],[599820.7123,7376851.6404],[599824.4346,7376825.0525],[599829.7521,7376802.1871],[599833.4744,7376781.9804],[599834.5379,7376764.9642],[599834.5379,7376725.0826],[599833.7781,7376695.257],[599836.425,7376683.5481],[599835.6552,7376674.0537],[599832.576,7376661.4801],[599830.1377,7376655.4658],[599826.0299,7376635.7478],[599826.5784,7376625.0504],[599830.8142,7376613.9829],[599836.6064,7376605.0899],[599839.8724,7376598.0117],[599842.1889,7376581.7237],[599845.3739,7376569.6633],[599851.5541,7376547.4764],[599842.7152,7376525.5461],[599839.3051,7376508.1266],[599837.8975,7376499.799],[599834.0062,7376491.6422],[599825.2573,7376480.0934],[599819.1587,7376470.292],[599811.0998,7376462.2331],[599805.6547,7376447.6402],[599802.1698,7376435.6607],[599794.9822,7376422.3744],[599787.1411,7376408.2172],[599781.0425,7376395.3664],[599775.3795,7376386.2185],[599771.8946,7376370.972]]]},"properties":{"GmlID":"LED.2800727","OBJECTID":2800727,"Geometrikvalitet":"<= 20 meter","Led_ID":"30466987","Lednamn":"Vandringsled BD78 mellan Västerfjäll och Jäkkvik","Beskrivning":"Vandringsled BD78 mellan Västerfjäll och Jäkkvik","Ledmarkering":"Målade fläckar på stenar och rösen","Typ_av_led":"Vandringsled","Ledkategori":"Barmarksled","Statlig_led":"Västerfjäll - Jäckvik (BD 78)","Statlig_led_ID":"BD 78","Skyddat_område":null,"Skyddat_område_ID":null,"Längd_på_led_m":48552,"Kommun":"Arjeplog","Län":"Norrbottens Län","Längd_på_delsträcka_m":30769.75006701}}]}
