{
  "type": "FeatureCollection",
  "features": [
    {
      "type": "Feature",
      "geometry": {
        "type": "Point",
        "coordinates": [
          18.333,
          59.426
        ]
      },
      "properties": {
        "id": "kanotcenter-vaxholm",
        "name": "Skärgårdens Kanotcenter",
        "type": "kayak-rental",
        "area": "Vaxholm / Resarö",
        "sourceFile": "compiled/kayak-facilities.seed.json",
        "coordinateSource": "gazetteer-approximate",
        "mapConfidence": "high",
        "routes": [
          "bogesund-round-trip",
          "vaxholm-fortress-norrhamn-teno",
          "tynningo-bjornholmen-oxdjupet",
          "grinda-gallno-multiday"
        ],
        "services": "Staffed rental and guide base at Resarövägen 10, Vaxholm/Resarö. Offers kayak/canoe rental, guided tours, self-guided wild-camp packages, maps, safety briefing, route planning and gear.",
        "access": [
          "Bus 670 to Engarn, about 100 m from the kayak center.",
          "Free public parking in front according to operator FAQ."
        ],
        "parkingType": null,
        "launchCarry": null,
        "overnightSuitability": null,
        "primaryCategory": "rental_staffed",
        "categories": [
          "parking",
          "rental",
          "staffed-rental"
        ],
        "serviceTags": [
          "canoe-rental",
          "gear-rental",
          "guided-tours",
          "kayak-rental",
          "parking",
          "route-advice",
          "self-guided-packages"
        ],
        "bookingModel": "operator-booking",
        "supportsOwnKayak": "unknown",
        "sources": [
          {
            "provider": "Skärgårdens Kanotcenter",
            "url": "https://kanotcenter.com/",
            "lastAccessedAt": "2026-04-26"
          },
          {
            "provider": "Skärgårdens Kanotcenter",
            "url": "https://kanotcenter.com/kayaking-stockholm-archipelago-faq/",
            "lastAccessedAt": "2026-04-26"
          },
          {
            "provider": "Destination Vaxholm",
            "url": "https://www.destinationvaxholm.se/en/skargardens-kanotcenter",
            "lastAccessedAt": "2026-04-26"
          }
        ],
        "source": null,
        "needsFollowup": [
          "Add coordinates.",
          "Refresh hours/prices before import."
        ]
      }
    },
    {
      "type": "Feature",
      "geometry": {
        "type": "Point",
        "coordinates": [
          18.694,
          59.287
        ]
      },
      "properties": {
        "id": "getout-stavsnas",
        "name": "Get Out Kayak Stavsnäs",
        "type": "kayak-rental",
        "area": "Stavsnäs",
        "sourceFile": "compiled/kayak-facilities.seed.json",
        "coordinateSource": "gazetteer-approximate",
        "mapConfidence": "high",
        "routes": [
          "stavsnas-runmaro-runt",
          "stavsnas-sollenkroka-kanholmsfjarden",
          "stavsnas-namdo-bullero-langviksskar"
        ],
        "services": "Rental, self-guided package and route-planning base for Stavsnäs, Bullerö, Långviksskär, Runmarö, Nämdö, Sandhamn, Harö and Möja routes. Stavsnäs has stronger services than Sollenkroka, including ICA nearby and WC/shower/sauna at guest harbour per source findings.",
        "access": [
          "Bus or car from Stockholm to Stavsnäs.",
          "A-to-B logistics with Sollenkroka offered by operator."
        ],
        "parkingType": null,
        "launchCarry": null,
        "overnightSuitability": null,
        "primaryCategory": "rental_staffed",
        "categories": [
          "rental",
          "staffed-rental"
        ],
        "serviceTags": [
          "food-shop",
          "guided-tours",
          "kayak-rental",
          "route-advice",
          "sauna",
          "self-guided-packages",
          "shower",
          "toilet"
        ],
        "bookingModel": "operator-booking",
        "supportsOwnKayak": "unknown",
        "sources": [
          {
            "provider": "Get Out Kayak",
            "url": "https://getoutkayak.se/pages/our-locations",
            "lastAccessedAt": "2026-04-26"
          },
          {
            "provider": "Get Out Kayak",
            "url": "https://getoutkayak.se/pages/faq",
            "lastAccessedAt": "2026-04-26"
          }
        ],
        "source": null,
        "needsFollowup": [
          "Add coordinates.",
          "Refresh season/hours/prices."
        ]
      }
    },
    {
      "type": "Feature",
      "geometry": {
        "type": "Point",
        "coordinates": [
          18.658,
          59.439
        ]
      },
      "properties": {
        "id": "getout-sollenkroka",
        "name": "Get Out Kayak Sollenkroka",
        "type": "kayak-rental",
        "area": "Sollenkroka",
        "sourceFile": "compiled/kayak-facilities.seed.json",
        "coordinateSource": "gazetteer-approximate",
        "mapConfidence": "high",
        "routes": [
          "stavsnas-sollenkroka-kanholmsfjarden"
        ],
        "services": "Rental and route-planning base for central archipelago routes toward Hjälmö-Lådna, Träskö-Storö, Grinda, Gällnö, Lådna, Svartsö, Ingmarsö and Möja. Source findings note smaller shop/snacks, limited parking and less resupply than Stavsnäs.",
        "access": [
          "Bus/car to Sollenkroka.",
          "A-to-B logistics with Stavsnäs offered by operator."
        ],
        "parkingType": null,
        "launchCarry": null,
        "overnightSuitability": null,
        "primaryCategory": "rental_staffed",
        "categories": [
          "parking",
          "rental",
          "staffed-rental"
        ],
        "serviceTags": [
          "food-shop",
          "kayak-rental",
          "parking",
          "route-advice",
          "sup-rental"
        ],
        "bookingModel": "operator-booking",
        "supportsOwnKayak": "unknown",
        "sources": [
          {
            "provider": "Get Out Kayak",
            "url": "https://getoutkayak.se/pages/our-locations",
            "lastAccessedAt": "2026-04-26"
          },
          {
            "provider": "Get Out Kayak",
            "url": "https://getoutkayak.se/products/a-to-b-trip-different-end-location",
            "lastAccessedAt": "2026-04-26"
          }
        ],
        "source": null,
        "needsFollowup": [
          "Add coordinates.",
          "Refresh parking/resupply notes."
        ]
      }
    },
    {
      "type": "Feature",
      "geometry": {
        "type": "Point",
        "coordinates": [
          18.417,
          59.135
        ]
      },
      "properties": {
        "id": "dalaro-kajak-askfatshamnen",
        "name": "Dalarö Kajak",
        "type": "kayak-rental",
        "area": "Dalarö",
        "sourceFile": "compiled/kayak-facilities.seed.json",
        "coordinateSource": "gazetteer-approximate",
        "mapConfidence": "high",
        "routes": [
          "dalaro-day-islands",
          "dalaro-galo-overnight",
          "dalaro-fjardlang-villinge"
        ],
        "services": "Staffed kayak base in Askfatshamnen with rentals, guided tours, courses, camping gear, lodging/food packages, changing rooms, toilets, showers and sauna. Operator states day trips are often 15-20 km; Kymendö about 2 h, Gålö lodging about 2 h, Fjärdlång about 4 h and Huvudskär about 6 h in their route guidance.",
        "access": [
          "Dalarö by bus/car from Stockholm.",
          "ICA about 7 minutes walk according to operator findings."
        ],
        "parkingType": null,
        "launchCarry": null,
        "overnightSuitability": null,
        "primaryCategory": "rental_staffed",
        "categories": [
          "camping",
          "rental",
          "staffed-rental"
        ],
        "serviceTags": [
          "camping",
          "food-shop",
          "gear-rental",
          "guided-tours",
          "kayak-rental",
          "lodging",
          "route-advice",
          "sauna",
          "self-guided-packages",
          "shower",
          "toilet"
        ],
        "bookingModel": "operator-booking",
        "supportsOwnKayak": "unknown",
        "sources": [
          {
            "provider": "Dalarö Kajak",
            "url": "https://dalarokajak.se/en/about-dalaro-kayak/",
            "lastAccessedAt": "2026-04-26"
          },
          {
            "provider": "Dalarö Kajak",
            "url": "https://dalarokajak.se/en/daytrips-with-kayak-in-stockholm-archipelago/",
            "lastAccessedAt": "2026-04-26"
          },
          {
            "provider": "Dalarö Kajak",
            "url": "https://dalarokajak.se/en/accommodations/",
            "lastAccessedAt": "2026-04-26"
          }
        ],
        "source": null,
        "needsFollowup": [
          "Add coordinates.",
          "Treat paddling times as estimates, not fixed distances."
        ]
      }
    },
    {
      "type": "Feature",
      "geometry": {
        "type": "Point",
        "coordinates": [
          18.52,
          59.2
        ]
      },
      "properties": {
        "id": "kayakomat-bjorkvik",
        "name": "Kayakomat Björkviks Havsbad / Ingarö",
        "type": "self-service-rental",
        "area": "Ingarö / Björnö",
        "sourceFile": "compiled/kayak-facilities.seed.json",
        "coordinateSource": "gazetteer-approximate",
        "mapConfidence": "high",
        "routes": [
          "bjorkvik-bjorno-ingaro"
        ],
        "services": "24/7 self-service kayak/SUP rental at Björkviks Havsbad with solo/tandem options and included PFD/paddle. Good launch for Björnö, Torpesand and sheltered bay routes; longer overnight variants require reserve-rule checks.",
        "access": [
          "Bus/car to Björkviks Havsbad."
        ],
        "parkingType": null,
        "launchCarry": null,
        "overnightSuitability": null,
        "primaryCategory": "rental_self_service",
        "categories": [
          "launch-access",
          "rental",
          "self-service-rental"
        ],
        "serviceTags": [
          "gear-rental",
          "kayak-rental",
          "launch",
          "route-advice",
          "sup-rental"
        ],
        "bookingModel": "self-service-booking",
        "supportsOwnKayak": "unknown",
        "sources": [
          {
            "provider": "Kayakomat",
            "url": "https://www.kayakomat.com/en/location/6275a4f7c6e0bedcab59a5e3",
            "lastAccessedAt": "2026-04-26"
          },
          {
            "provider": "Naturkartan",
            "url": "https://www.naturkartan.se/en/stockholms-lan/kayakomat-stockholms-skargard-bjorkviks-havsbad-ingaro",
            "lastAccessedAt": "2026-04-26"
          }
        ],
        "source": null,
        "needsFollowup": [
          "Refresh booking availability.",
          "Add reserve camping/fire rules for Björnö."
        ]
      }
    },
    {
      "type": "Feature",
      "geometry": {
        "type": "Point",
        "coordinates": [
          18.425,
          59.313
        ]
      },
      "properties": {
        "id": "kayakomat-grisslinge",
        "name": "Kayakomat Grisslinge Havsbad",
        "type": "self-service-rental",
        "area": "Värmdö / Grisslinge",
        "sourceFile": "compiled/kayak-facilities.seed.json",
        "coordinateSource": "gazetteer-approximate",
        "mapConfidence": "high",
        "routes": [],
        "services": "24/7 self-service kayak/SUP rental at Grisslinge Havsbad, useful for sheltered Värmdö sampler paddles and possible longer routes toward Baggensstäket/Strömma depending weather and skill.",
        "access": [
          "Bus Ålstäket about 50 m away according to source findings.",
          "Parking and public toilet nearby per source findings."
        ],
        "parkingType": null,
        "launchCarry": null,
        "overnightSuitability": null,
        "primaryCategory": "rental_self_service",
        "categories": [
          "parking",
          "rental",
          "self-service-rental"
        ],
        "serviceTags": [
          "gear-rental",
          "kayak-rental",
          "parking",
          "route-advice",
          "sup-rental",
          "toilet"
        ],
        "bookingModel": "self-service-booking",
        "supportsOwnKayak": "unknown",
        "sources": [
          {
            "provider": "Kayakomat",
            "url": "https://www.kayakomat.com/en/location/627e64801cee69f40a66f725",
            "lastAccessedAt": "2026-04-26"
          }
        ],
        "source": null,
        "needsFollowup": [
          "Create route record if included in import.",
          "Refresh booking availability."
        ]
      }
    },
    {
      "type": "Feature",
      "geometry": {
        "type": "Point",
        "coordinates": [
          18.252,
          59.296
        ]
      },
      "properties": {
        "id": "kayakomat-lannersta",
        "name": "Kayakomat Lännerstabadet",
        "type": "self-service-rental",
        "area": "Nacka / Saltsjö-Boo",
        "sourceFile": "compiled/kayak-facilities.seed.json",
        "coordinateSource": "gazetteer-approximate",
        "mapConfidence": "high",
        "routes": [],
        "services": "24/7 self-service kayak/SUP rental at Lännerstabadet, supporting Lännerstasundet, Baggensstäket, Boobadet and Artipelag-area short trips.",
        "access": [
          "Lännersta gård bryggan / Saltsjö-Boo."
        ],
        "parkingType": null,
        "launchCarry": null,
        "overnightSuitability": null,
        "primaryCategory": "rental_self_service",
        "categories": [
          "launch-access",
          "rental",
          "self-service-rental",
          "transport"
        ],
        "serviceTags": [
          "ferry",
          "kayak-rental",
          "launch",
          "sup-rental"
        ],
        "bookingModel": "self-service-booking",
        "supportsOwnKayak": "unknown",
        "sources": [
          {
            "provider": "Kayakomat",
            "url": "https://www.kayakomat.com/en/location/64524c1d6cda2e511b5bf243",
            "lastAccessedAt": "2026-04-26"
          }
        ],
        "source": null,
        "needsFollowup": [
          "Create route record if included in import.",
          "Refresh booking availability."
        ]
      }
    },
    {
      "type": "Feature",
      "geometry": {
        "type": "Point",
        "coordinates": [
          18.057,
          59.366
        ]
      },
      "properties": {
        "id": "kayakomat-frescati",
        "name": "Kayakomat Stockholm Frescati",
        "type": "self-service-rental",
        "area": "Brunnsviken",
        "sourceFile": "compiled/kayak-facilities.seed.json",
        "coordinateSource": "gazetteer-approximate",
        "mapConfidence": "high",
        "routes": [
          "brunnsviken-loop"
        ],
        "services": "24/7 self-service launch for Brunnsviken/Hagaparken paddles near Universitetet.",
        "access": [
          "Universitetet public transport nearby."
        ],
        "parkingType": null,
        "launchCarry": null,
        "overnightSuitability": null,
        "primaryCategory": "rental_self_service",
        "categories": [
          "launch-access",
          "rental",
          "self-service-rental"
        ],
        "serviceTags": [
          "gear-rental",
          "kayak-rental",
          "launch"
        ],
        "bookingModel": "self-service-booking",
        "supportsOwnKayak": "unknown",
        "sources": [
          {
            "provider": "Kayakomat",
            "url": "https://www.kayakomat.com/sv/location/63f89860e6bac501b253f7c5",
            "lastAccessedAt": "2026-04-26"
          }
        ],
        "source": null,
        "needsFollowup": [
          "Refresh booking availability."
        ]
      }
    },
    {
      "type": "Feature",
      "geometry": {
        "type": "Point",
        "coordinates": [
          18.145,
          59.333
        ]
      },
      "properties": {
        "id": "kayakomat-djurgardskanalen",
        "name": "Kayakomat Stockholm Djurgårdskanalen",
        "type": "self-service-rental",
        "area": "Djurgården",
        "sourceFile": "compiled/kayak-facilities.seed.json",
        "coordinateSource": "gazetteer-approximate",
        "mapConfidence": "high",
        "routes": [
          "djurgardskanalen-out-and-back"
        ],
        "services": "24/7 self-service kayak/SUP rental at Djurgårdsbrunnsvägen 10, useful for canal out-and-back routes and longer Djurgården loops for confident paddlers.",
        "access": [
          "Bus/tram to Djurgården."
        ],
        "parkingType": null,
        "launchCarry": null,
        "overnightSuitability": null,
        "primaryCategory": "rental_self_service",
        "categories": [
          "rental",
          "self-service-rental"
        ],
        "serviceTags": [
          "gear-rental",
          "kayak-rental",
          "route-advice",
          "sup-rental"
        ],
        "bookingModel": "self-service-booking",
        "supportsOwnKayak": "unknown",
        "sources": [
          {
            "provider": "Kayakomat",
            "url": "https://www.kayakomat.com/en/location/668d3d73c237d92e7f6200ae",
            "lastAccessedAt": "2026-04-26"
          }
        ],
        "source": null,
        "needsFollowup": [
          "Refresh booking availability."
        ]
      }
    },
    {
      "type": "Feature",
      "geometry": {
        "type": "Point",
        "coordinates": [
          18.0305,
          59.3195
        ]
      },
      "properties": {
        "id": "langholmen-kajak",
        "name": "Långholmen Kajak",
        "type": "kayak-rental",
        "area": "Långholmen / Stockholm city",
        "sourceFile": "compiled/kayak-facilities.seed.json",
        "coordinateSource": "gazetteer-approximate",
        "mapConfidence": "high",
        "routes": [
          "langholmen-reimersholme-loop"
        ],
        "services": "Central staffed kayak/SUP rental in Pålsundskanalen with route tips, guided tours, safety briefing and bag storage.",
        "access": [
          "Hornstull metro nearby."
        ],
        "parkingType": null,
        "launchCarry": null,
        "overnightSuitability": null,
        "primaryCategory": "rental_staffed",
        "categories": [
          "rental",
          "staffed-rental"
        ],
        "serviceTags": [
          "guided-tours",
          "kayak-rental",
          "route-advice",
          "sup-rental"
        ],
        "bookingModel": "operator-booking",
        "supportsOwnKayak": "unknown",
        "sources": [
          {
            "provider": "Långholmen Kajak",
            "url": "https://langholmenkajak.se/en-dk/pages/hyra-kajak-stockholm",
            "lastAccessedAt": "2026-04-26"
          },
          {
            "provider": "Långholmen Kajak",
            "url": "https://langholmenkajak.se/en/pages/faq",
            "lastAccessedAt": "2026-04-26"
          }
        ],
        "source": null,
        "needsFollowup": [
          "Refresh prices/hours."
        ]
      }
    },
    {
      "type": "Feature",
      "geometry": {
        "type": "Point",
        "coordinates": [
          18.004,
          59.334
        ]
      },
      "properties": {
        "id": "kajakkompaniet-kristineberg",
        "name": "Kajakkompaniet",
        "type": "kayak-rental",
        "area": "Kristineberg / Kungsholmen",
        "sourceFile": "compiled/kayak-facilities.seed.json",
        "coordinateSource": "gazetteer-approximate",
        "mapConfidence": "high",
        "routes": [
          "kungsholmen-loop"
        ],
        "services": "Central staffed kayak rental and guided tour base at Kristinebergs Strand, supporting Kungsholmen and Långholmen city loops.",
        "access": [
          "Kristineberg / Kungsholmen public transport."
        ],
        "parkingType": null,
        "launchCarry": null,
        "overnightSuitability": null,
        "primaryCategory": "rental_staffed",
        "categories": [
          "launch-access",
          "rental",
          "staffed-rental"
        ],
        "serviceTags": [
          "guided-tours",
          "kayak-rental",
          "launch",
          "sup-rental"
        ],
        "bookingModel": "operator-booking",
        "supportsOwnKayak": "unknown",
        "sources": [
          {
            "provider": "Kajakkompaniet",
            "url": "https://kajakkompaniet.se/english/",
            "lastAccessedAt": "2026-04-26"
          },
          {
            "provider": "Kajakkompaniet",
            "url": "https://kajakkompaniet.se/turer/rekommenderade-turer/",
            "lastAccessedAt": "2026-04-26"
          }
        ],
        "source": null,
        "needsFollowup": [
          "Refresh prices/hours."
        ]
      }
    },
    {
      "type": "Feature",
      "geometry": {
        "type": "Point",
        "coordinates": [
          18.013,
          59.346
        ]
      },
      "properties": {
        "id": "pampas-kayak-sup",
        "name": "Pampas Kayak & SUP",
        "type": "kayak-rental",
        "area": "Pampas Marina / Solna",
        "sourceFile": "compiled/kayak-facilities.seed.json",
        "coordinateSource": "gazetteer-approximate",
        "mapConfidence": "high",
        "routes": [
          "kungsholmen-loop"
        ],
        "services": "Kayak and SUP rental at Pampas Marina for Ulvsundasjön, Kungsholmen runt, Karlbergskanalen, Bällstaån and Lillsjön city routes.",
        "access": [
          "Pampas Marina."
        ],
        "parkingType": null,
        "launchCarry": null,
        "overnightSuitability": null,
        "primaryCategory": "rental_staffed",
        "categories": [
          "rental",
          "staffed-rental"
        ],
        "serviceTags": [
          "kayak-rental",
          "route-advice",
          "sup-rental"
        ],
        "bookingModel": "operator-booking",
        "supportsOwnKayak": "unknown",
        "sources": [
          {
            "provider": "Pampas Kayak & SUP",
            "url": "https://lekmer.nu/en/pampas-kayak-sup/",
            "lastAccessedAt": "2026-04-26"
          }
        ],
        "source": null,
        "needsFollowup": [
          "Refresh prices/hours."
        ]
      }
    },
    {
      "type": "Feature",
      "geometry": {
        "type": "Point",
        "coordinates": [
          18.3,
          59.105
        ]
      },
      "properties": {
        "id": "galo-havsbad",
        "name": "Gålö Havsbad",
        "type": "kayak-rental",
        "area": "Gålö",
        "sourceFile": "compiled/kayak-facilities.seed.json",
        "coordinateSource": "gazetteer-approximate",
        "mapConfidence": "medium",
        "routes": [
          "dalaro-galo-overnight"
        ],
        "services": "Gålö service node with camping, hostel, cabins, restaurant and local kayak/canoe/SUP rental context. Reserve rules include bird-protection and marine restrictions.",
        "access": [
          "Bus/car to Gålö.",
          "Morarna ramp noted as easy launch in source findings."
        ],
        "parkingType": null,
        "launchCarry": null,
        "overnightSuitability": null,
        "primaryCategory": "rental_staffed",
        "categories": [
          "camping",
          "launch-access",
          "rental",
          "staffed-rental"
        ],
        "serviceTags": [
          "camping",
          "canoe-rental",
          "food-shop",
          "kayak-rental",
          "launch",
          "lodging",
          "sup-rental"
        ],
        "bookingModel": "operator-booking",
        "supportsOwnKayak": "unknown",
        "sources": [
          {
            "provider": "Naturkartan",
            "url": "https://www.naturkartan.se/en/stockholms-lan/galo",
            "lastAccessedAt": "2026-04-26"
          },
          {
            "provider": "Länsstyrelsen Stockholm",
            "url": "https://www.lansstyrelsen.se/stockholm/besoksmal/naturreservat/galo.html",
            "lastAccessedAt": "2026-04-26"
          }
        ],
        "source": null,
        "needsFollowup": [
          "Confirm current rental operator/details.",
          "Import exact bird-protection islands and 100 m buffer."
        ]
      }
    },
    {
      "type": "Feature",
      "geometry": {
        "type": "Point",
        "coordinates": [
          18.88,
          59.2
        ]
      },
      "properties": {
        "id": "bullero-national-park-entry",
        "name": "Bullerö / Nämdöskärgården National Park service node",
        "type": "campsite",
        "area": "Nämdöskärgården National Park",
        "sourceFile": "compiled/kayak-facilities.seed.json",
        "coordinateSource": "gazetteer-approximate",
        "mapConfidence": "high",
        "routes": [
          "stavsnas-namdo-bullero-langviksskar"
        ],
        "services": "Current national-park service node with drinking water, toilets, shower, grill/outdoor kitchen, rest cabin, sauna rental, designated tent site and guesthouse/torp booking context. The old Bullerö reserve rules are superseded by national-park rules.",
        "access": [
          "High-season tour boat from Stavsnäs vinterhamn.",
          "No regular traffic between national-park islands; year-round access needs own boat, taxi boat or charter."
        ],
        "parkingType": null,
        "launchCarry": null,
        "overnightSuitability": null,
        "primaryCategory": "overnight_service",
        "categories": [
          "camping",
          "visitor-service"
        ],
        "serviceTags": [
          "camping",
          "drinking-water",
          "lodging",
          "sauna",
          "shower",
          "sup-rental",
          "toilet"
        ],
        "bookingModel": "site-rules-or-booking",
        "supportsOwnKayak": "unknown",
        "sources": [
          {
            "provider": "Länsstyrelsen Stockholm",
            "url": "https://www.lansstyrelsen.se/stockholm/besoksmal/nationalparker/namdoskargardens-nationalpark.html",
            "lastAccessedAt": "2026-04-26"
          },
          {
            "provider": "Sveriges Nationalparker",
            "url": "https://www.sverigesnationalparker.se/upptack-nationalparkerna/namdoskargardens-nationalpark/besok-parken/overnatta-i-parken",
            "lastAccessedAt": "2026-04-26"
          },
          {
            "provider": "Naturvårdsverket",
            "url": "https://www.naturvardsverket.se/4a47fc/globalassets/nfs/2025/nfs-2025-3.pdf",
            "lastAccessedAt": "2026-04-26"
          }
        ],
        "source": null,
        "needsFollowup": [
          "Digitize/encode NFS 2025:3 appendix zones for no-landing/no-navigation/camping bans."
        ]
      }
    },
    {
      "type": "Feature",
      "geometry": {
        "type": "Point",
        "coordinates": [
          18.56,
          59.411
        ]
      },
      "properties": {
        "id": "grinda-harbor-office",
        "name": "Grinda harbour office kayak/SUP rental",
        "type": "kayak-rental",
        "area": "Grinda",
        "sourceFile": "compiled/kayak-facilities.seed.json",
        "coordinateSource": "gazetteer-approximate",
        "mapConfidence": "high",
        "routes": [
          "grinda-gallno-multiday"
        ],
        "services": "On-island kayak/SUP rental at Grinda harbour office. Grinda also has official camping at Norra Grinda, guest harbour, sauna, restaurants/café/bakery/farm shop, water pumps, dry toilets and ferry access.",
        "access": [
          "Ferry to Södra or Norra Grinda.",
          "From Stockholm just over 1 hour by boat; from northern Värmdö about 10 minutes according to Grinda source."
        ],
        "parkingType": null,
        "launchCarry": null,
        "overnightSuitability": null,
        "primaryCategory": "rental_staffed",
        "categories": [
          "camping",
          "rental",
          "staffed-rental",
          "transport"
        ],
        "serviceTags": [
          "camping",
          "drinking-water",
          "ferry",
          "food-shop",
          "kayak-rental",
          "sauna",
          "sup-rental",
          "toilet"
        ],
        "bookingModel": "operator-booking",
        "supportsOwnKayak": "unknown",
        "sources": [
          {
            "provider": "Grinda",
            "url": "https://grinda.se/en/activities/",
            "lastAccessedAt": "2026-04-26"
          },
          {
            "provider": "Grinda",
            "url": "https://grinda.se/en/accommodation/camping/",
            "lastAccessedAt": "2026-04-26"
          },
          {
            "provider": "Grinda",
            "url": "https://grinda.se/en/find-here/",
            "lastAccessedAt": "2026-04-26"
          },
          {
            "provider": "Länsstyrelsen Stockholm",
            "url": "https://www.lansstyrelsen.se/stockholm/besoksmal/naturreservat/grinda.html",
            "lastAccessedAt": "2026-04-26"
          }
        ],
        "source": null,
        "needsFollowup": [
          "Refresh prices/hours.",
          "Encode Grinda camping/fire/anchoring restrictions."
        ]
      }
    },
    {
      "type": "Feature",
      "geometry": {
        "type": "Point",
        "coordinates": [
          18.82,
          59.48
        ]
      },
      "properties": {
        "id": "finnhamns-arkipelag-ragnars-kiosk",
        "name": "Finnhamns Arkipelag kayak rental",
        "type": "kayak-rental",
        "area": "Finnhamn",
        "sourceFile": "compiled/kayak-facilities.seed.json",
        "coordinateSource": "gazetteer-approximate",
        "mapConfidence": "high",
        "routes": [],
        "services": "On-island kayak rental at Ragnar's kiosk / Finnhamns brygga. Source finding notes 11 beginner kayaks. Finnhamn has campsite, hostel, guest/natural harbours, sauna, restaurant/café, country store/kiosk, dry toilets and year-round Waxholmsbolaget service.",
        "access": [
          "Waxholmsbolaget year-round; Boda/Lillsved boat connection at some times."
        ],
        "parkingType": null,
        "launchCarry": null,
        "overnightSuitability": null,
        "primaryCategory": "rental_staffed",
        "categories": [
          "camping",
          "launch-access",
          "rental",
          "staffed-rental",
          "transport"
        ],
        "serviceTags": [
          "camping",
          "ferry",
          "food-shop",
          "kayak-rental",
          "launch",
          "lodging",
          "sauna",
          "toilet"
        ],
        "bookingModel": "operator-booking",
        "supportsOwnKayak": "unknown",
        "sources": [
          {
            "provider": "Explore Archipelago",
            "url": "https://www.explorearchipelago.com/sthlm/central-archipelago/finnhamn/finnhamns-arkipelag-kayak-rental",
            "lastAccessedAt": "2026-04-26"
          },
          {
            "provider": "Länsstyrelsen Stockholm",
            "url": "https://www.lansstyrelsen.se/stockholm/besoksmal/naturreservat/finnhamn.html",
            "lastAccessedAt": "2026-04-26"
          },
          {
            "provider": "Naturkartan",
            "url": "https://www.naturkartan.se/en/stockholms-lan/stf-finnhamns-vandrarhem",
            "lastAccessedAt": "2026-04-26"
          }
        ],
        "source": null,
        "needsFollowup": [
          "Add route records for Finnhamn/Husarö.",
          "Encode 2025 amended reserve rules."
        ]
      }
    },
    {
      "type": "Feature",
      "geometry": {
        "type": "Point",
        "coordinates": [
          18.87,
          59.41
        ]
      },
      "properties": {
        "id": "moja-outdoor",
        "name": "Möja Outdoor",
        "type": "kayak-rental",
        "area": "Möja",
        "sourceFile": "compiled/kayak-facilities.seed.json",
        "coordinateSource": "gazetteer-approximate",
        "mapConfidence": "medium",
        "routes": [],
        "services": "Möja-based kayak/SUP/boat rental and excursion node for local sheltered paddles and experienced outer-archipelago approaches. Source findings note protected water options around Bockö/Lökaö east of Möja, with Skärgårdsstiftelsen-managed saunas, sheds, bins, water and toilets in the area.",
        "access": [
          "Ferry/boats from Stockholm or Sollenkroka to Möja; exact pier depends route."
        ],
        "parkingType": null,
        "launchCarry": null,
        "overnightSuitability": null,
        "primaryCategory": "rental_staffed",
        "categories": [
          "rental",
          "staffed-rental",
          "transport"
        ],
        "serviceTags": [
          "ferry",
          "gear-rental",
          "kayak-rental",
          "route-advice",
          "sauna",
          "sup-rental",
          "toilet"
        ],
        "bookingModel": "operator-booking",
        "supportsOwnKayak": "unknown",
        "sources": [
          {
            "provider": "Möja Outdoor",
            "url": "https://mojaoutdoor.se/paddla-kajak-i-skargarden/",
            "lastAccessedAt": "2026-04-26"
          },
          {
            "provider": "Naturkartan",
            "url": "https://www.naturkartan.se/en/stockholms-lan/moja",
            "lastAccessedAt": "2026-04-26"
          },
          {
            "provider": "Visit Möja",
            "url": "https://www.visitmoja.se/en/boende-p%C3%A5-m%C3%B6ja/",
            "lastAccessedAt": "2026-04-26"
          }
        ],
        "source": null,
        "needsFollowup": [
          "Add route records for Möja/Stora Nassa/Gillöga and local Bockö/Lökaö.",
          "Encode Möja-Björndalen no-camp/no-fire and Storö-Bockö-Lökaö reserve rules."
        ]
      }
    },
    {
      "type": "Feature",
      "geometry": {
        "type": "Point",
        "coordinates": [
          18.12,
          58.87
        ]
      },
      "properties": {
        "id": "nattaro-gard-resort",
        "name": "Nåttarö Gård & Resort harbour kayak rental",
        "type": "kayak-rental",
        "area": "Nåttarö",
        "sourceFile": "compiled/kayak-facilities.seed.json",
        "coordinateSource": "gazetteer-approximate",
        "mapConfidence": "high",
        "routes": [
          "nynashamn-nattaro-rano-alo"
        ],
        "services": "Kayaks rented from the harbour office in the guest harbour, with maps to borrow. Nåttarö guest-harbour upgrades include floating piers, service house, toilets, showers, sauna and harbour office according to Skärgårdsstiftelsen project source.",
        "access": [
          "Waxholmsbolaget/boats from Nynäshamn to Nåttarö."
        ],
        "parkingType": null,
        "launchCarry": null,
        "overnightSuitability": null,
        "primaryCategory": "rental_staffed",
        "categories": [
          "rental",
          "staffed-rental",
          "transport"
        ],
        "serviceTags": [
          "ferry",
          "kayak-rental",
          "route-advice",
          "sauna",
          "shower",
          "toilet"
        ],
        "bookingModel": "operator-booking",
        "supportsOwnKayak": "unknown",
        "sources": [
          {
            "provider": "Nåttarö",
            "url": "https://nattaro.se/aktiviteter/kajak/",
            "lastAccessedAt": "2026-04-26"
          },
          {
            "provider": "Skärgårdsstiftelsen",
            "url": "https://skargardsstiftelsen.se/projekt/sustainable-gateways-english/",
            "lastAccessedAt": "2026-04-26"
          },
          {
            "provider": "Länsstyrelsen Stockholm",
            "url": "https://www.lansstyrelsen.se/stockholm/besoksmal/naturreservat/nattaro.html",
            "lastAccessedAt": "2026-04-26"
          }
        ],
        "source": null,
        "needsFollowup": [
          "Encode separate bird-protection periods for Nåttaröfladen and Bodskär/Österskär."
        ]
      }
    },
    {
      "type": "Feature",
      "geometry": {
        "type": "Point",
        "coordinates": [
          17.96,
          58.89
        ]
      },
      "properties": {
        "id": "nynashamns-kajakuthyrning",
        "name": "Nynäshamns Kajakuthyrning",
        "type": "kayak-rental",
        "area": "Nynäshamn / Lövhagen",
        "sourceFile": "compiled/kayak-facilities.seed.json",
        "coordinateSource": "gazetteer-approximate",
        "mapConfidence": "medium",
        "routes": [
          "nynashamn-nattaro-rano-alo"
        ],
        "services": "Kayak rental node at Lövhagen / Nynäshamn used as a practical launch for southern island-chain routes toward Nåttarö, Rånö, Ålö and Utö.",
        "access": [
          "Train/bus to Nynäshamn area; local transfer to Lövhagen."
        ],
        "parkingType": null,
        "launchCarry": null,
        "overnightSuitability": null,
        "primaryCategory": "rental_staffed",
        "categories": [
          "launch-access",
          "rental",
          "staffed-rental"
        ],
        "serviceTags": [
          "food-shop",
          "kayak-rental",
          "launch",
          "route-advice"
        ],
        "bookingModel": "operator-booking",
        "supportsOwnKayak": "unknown",
        "sources": [
          {
            "provider": "Naturkartan",
            "url": "https://www.naturkartan.se/sv/stockholms-lan/nynashamns-kajakuthyrning",
            "lastAccessedAt": "2026-04-26"
          },
          {
            "provider": "Nynäshamns kommun",
            "url": "https://nynashamn.se/uppleva/skargard--batliv/surfa-och-paddla",
            "lastAccessedAt": "2026-04-26"
          }
        ],
        "source": null,
        "needsFollowup": [
          "Confirm current operator/hours.",
          "Do not rely on Kayakomat Nickstabadet yet: source conflict says booking unavailable/opening June 2026."
        ]
      }
    },
    {
      "type": "Feature",
      "geometry": {
        "type": "Point",
        "coordinates": [
          18.32,
          58.97
        ]
      },
      "properties": {
        "id": "aktiv-skargard-uto",
        "name": "Aktiv Skärgård Utö",
        "type": "kayak-rental",
        "area": "Utö",
        "sourceFile": "compiled/kayak-facilities.seed.json",
        "coordinateSource": "gazetteer-approximate",
        "mapConfidence": "high",
        "routes": [
          "uto-local-loops"
        ],
        "services": "Utö rental/guide node offering K1/K2/K3 kayaks and weather-based local route advice around Kyrkviken, Järnholmssund, Ängsholmen and nearby beaches.",
        "access": [
          "Ferry to Utö."
        ],
        "parkingType": null,
        "launchCarry": null,
        "overnightSuitability": null,
        "primaryCategory": "rental_staffed",
        "categories": [
          "launch-access",
          "rental",
          "staffed-rental",
          "transport"
        ],
        "serviceTags": [
          "ferry",
          "guided-tours",
          "kayak-rental",
          "launch",
          "route-advice"
        ],
        "bookingModel": "operator-booking",
        "supportsOwnKayak": "unknown",
        "sources": [
          {
            "provider": "Aktiv Skärgård",
            "url": "https://www.aktivskargard.se/nya-aktiviteter/kajakuthyrning/",
            "lastAccessedAt": "2026-04-26"
          },
          {
            "provider": "Naturkartan",
            "url": "https://www.naturkartan.se/en/stockholms-lan/uto",
            "lastAccessedAt": "2026-04-26"
          }
        ],
        "source": null,
        "needsFollowup": [
          "Refresh hours/prices.",
          "Encode Utö/Ålö reserve camping rules."
        ]
      }
    },
    {
      "type": "Feature",
      "geometry": {
        "type": "Point",
        "coordinates": [
          19.03,
          59.76
        ]
      },
      "properties": {
        "id": "kajak-uteliv-graddo",
        "name": "Kajak & Uteliv Gräddö",
        "type": "kayak-rental",
        "area": "Gräddö / northern Roslagen",
        "sourceFile": "compiled/kayak-facilities.iteration-03-additions.json",
        "coordinateSource": "gazetteer-approximate",
        "mapConfidence": "high",
        "routes": [
          "kayak-lido-runt-graddo",
          "kayak-vattungarna-hakanskar"
        ],
        "services": [
          "Kayak rental",
          "Route suggestions",
          "Launch for Lidö and longer Håkanskär/Vattungarna trips"
        ],
        "access": null,
        "parkingType": null,
        "launchCarry": null,
        "overnightSuitability": null,
        "primaryCategory": "rental_staffed",
        "categories": [
          "launch-access",
          "rental",
          "staffed-rental"
        ],
        "serviceTags": [
          "kayak-rental",
          "launch",
          "route-advice"
        ],
        "bookingModel": "operator-booking",
        "supportsOwnKayak": "unknown",
        "sources": [
          "https://www.kajak-uteliv.com/turforslag/",
          "https://www.kajak-uteliv.com/en/"
        ],
        "source": null,
        "needsFollowup": [
          "Add exact coordinate and 2026 opening details."
        ]
      }
    },
    {
      "type": "Feature",
      "geometry": {
        "type": "Point",
        "coordinates": [
          18.92,
          59.66
        ]
      },
      "properties": {
        "id": "kajak-uteliv-furusund",
        "name": "Kajak & Uteliv Furusund",
        "type": "kayak-rental",
        "area": "Furusund / northern archipelago",
        "sourceFile": "compiled/kayak-facilities.iteration-03-additions.json",
        "coordinateSource": "gazetteer-approximate",
        "mapConfidence": "high",
        "routes": [
          "kayak-furusund-angso",
          "kayak-furusund-runt-blidosund",
          "kayak-soderarm-torskar-day"
        ],
        "services": [
          "Kayak rental",
          "Guided tours",
          "Launch for Furusund, Blidösundet, Ängsö and Söderarm products"
        ],
        "access": null,
        "parkingType": null,
        "launchCarry": null,
        "overnightSuitability": null,
        "primaryCategory": "rental_staffed",
        "categories": [
          "launch-access",
          "rental",
          "staffed-rental"
        ],
        "serviceTags": [
          "guided-tours",
          "kayak-rental",
          "launch"
        ],
        "bookingModel": "operator-booking",
        "supportsOwnKayak": "unknown",
        "sources": [
          "https://www.kajak-uteliv.com/turforslag/",
          "https://www.kajak-uteliv.com/paddla-till-angso-nationalpark/",
          "https://www.kajak-uteliv.com/turer/paddla-kajak-vid-soderarms-fyr/"
        ],
        "source": null,
        "needsFollowup": [
          "Refresh guided-tour dates and rental availability."
        ]
      }
    },
    {
      "type": "Feature",
      "geometry": {
        "type": "Point",
        "coordinates": [
          18.92,
          59.66
        ]
      },
      "properties": {
        "id": "kayakomat-furusund",
        "name": "Kayakomat Furusund",
        "type": "self-service-rental",
        "area": "Furusund",
        "sourceFile": "compiled/kayak-facilities.iteration-03-additions.json",
        "coordinateSource": "gazetteer-approximate",
        "mapConfidence": "high",
        "routes": [
          "kayak-furusund-runt-blidosund",
          "kayak-furusund-angso"
        ],
        "services": [
          "24/7 self-service kayak/SUP rental",
          "Suggested paddles north through Blidösundet or south toward Högmarsö/Ljusterö"
        ],
        "access": null,
        "parkingType": null,
        "launchCarry": null,
        "overnightSuitability": null,
        "primaryCategory": "rental_self_service",
        "categories": [
          "rental",
          "self-service-rental"
        ],
        "serviceTags": [
          "gear-rental",
          "kayak-rental",
          "sup-rental"
        ],
        "bookingModel": "self-service-booking",
        "supportsOwnKayak": "unknown",
        "sources": [
          "https://www.kayakomat.com/sv/location/66aa4b6492acb98b414580b7"
        ],
        "source": null,
        "needsFollowup": [
          "Refresh 2026 station availability."
        ]
      }
    },
    {
      "type": "Feature",
      "geometry": {
        "type": "Point",
        "coordinates": [
          19.11,
          59.86
        ]
      },
      "properties": {
        "id": "arholma-nord-kajakuthyrning",
        "name": "Arholma Nord kayak rental",
        "type": "kayak-rental",
        "area": "Arholma",
        "sourceFile": "compiled/kayak-facilities.iteration-03-additions.json",
        "coordinateSource": "gazetteer-approximate",
        "mapConfidence": "high",
        "routes": [
          "kayak-arholma-ido-runt"
        ],
        "services": [
          "Kayak rental near Arholma",
          "Supports Arholma-Idö local routes"
        ],
        "access": null,
        "parkingType": null,
        "launchCarry": null,
        "overnightSuitability": null,
        "primaryCategory": "rental_staffed",
        "categories": [
          "rental",
          "staffed-rental"
        ],
        "serviceTags": [
          "kayak-rental",
          "route-advice",
          "sup-rental"
        ],
        "bookingModel": "operator-booking",
        "supportsOwnKayak": "unknown",
        "sources": [
          "https://www.explorearchipelago.com/sv/sthlm/norra-skargarden/arholma/arholma-nord-kajakuthyrning"
        ],
        "source": null,
        "needsFollowup": [
          "Confirm 2026 rental dates and exact pickup/launch."
        ]
      }
    },
    {
      "type": "Feature",
      "geometry": {
        "type": "Point",
        "coordinates": [
          18.64,
          59.392
        ]
      },
      "properties": {
        "id": "gallno-kajak",
        "name": "Gällnö kayak rental",
        "type": "kayak-rental",
        "area": "Gällnö",
        "sourceFile": "compiled/kayak-facilities.iteration-03-additions.json",
        "coordinateSource": "gazetteer-approximate",
        "mapConfidence": "high",
        "routes": [
          "gallno-local-island-hop",
          "skt-hjalmo-ladna-runt"
        ],
        "services": [
          "Kayak rental",
          "Local routes toward Svartsö, Lådna, Grinda and small islets"
        ],
        "access": null,
        "parkingType": null,
        "launchCarry": null,
        "overnightSuitability": null,
        "primaryCategory": "rental_staffed",
        "categories": [
          "rental",
          "staffed-rental"
        ],
        "serviceTags": [
          "kayak-rental",
          "route-advice"
        ],
        "bookingModel": "operator-booking",
        "supportsOwnKayak": "unknown",
        "sources": [
          "https://gallno.se/kajaker/"
        ],
        "source": null,
        "needsFollowup": [
          "Add exact pickup coordinate and 2026 inventory."
        ]
      }
    },
    {
      "type": "Feature",
      "geometry": {
        "type": "Point",
        "coordinates": [
          18.75,
          59.53
        ]
      },
      "properties": {
        "id": "hemviken-kajak-ljustero",
        "name": "Hemviken Kajak",
        "type": "kayak-rental",
        "area": "Ljusterö / Östra Lagnö",
        "sourceFile": "compiled/kayak-facilities.iteration-03-additions.json",
        "coordinateSource": "gazetteer-approximate",
        "mapConfidence": "medium",
        "routes": [
          "ostra-lagno-finnhamn",
          "ostra-lagno-trasko-loop"
        ],
        "services": [
          "Kayak rental lead for Östra Lagnö and Finnhamn approaches"
        ],
        "access": null,
        "parkingType": null,
        "launchCarry": null,
        "overnightSuitability": null,
        "primaryCategory": "rental_staffed",
        "categories": [
          "rental",
          "staffed-rental"
        ],
        "serviceTags": [
          "kayak-rental"
        ],
        "bookingModel": "operator-booking",
        "supportsOwnKayak": "unknown",
        "sources": [
          "https://www.lansstyrelsen.se/stockholm/besoksmal/naturreservat/sjalbottna-ostra-lagno.html"
        ],
        "source": null,
        "needsFollowup": [
          "Find operator page and exact 2026 status."
        ]
      }
    },
    {
      "type": "Feature",
      "geometry": {
        "type": "Point",
        "coordinates": [
          18.72,
          59.473
        ]
      },
      "properties": {
        "id": "kayakomat-ljustero-linanas",
        "name": "Kayakomat Ljusterö Linanäs",
        "type": "self-service-rental",
        "area": "Ljusterö / Linanäs",
        "sourceFile": "compiled/kayak-facilities.iteration-03-additions.json",
        "coordinateSource": "gazetteer-approximate",
        "mapConfidence": "medium",
        "routes": [
          "ostra-lagno-finnhamn",
          "ostra-lagno-trasko-loop"
        ],
        "services": [
          "Self-service kayak station lead"
        ],
        "access": null,
        "parkingType": null,
        "launchCarry": null,
        "overnightSuitability": null,
        "primaryCategory": "rental_self_service",
        "categories": [
          "rental",
          "self-service-rental"
        ],
        "serviceTags": [
          "kayak-rental"
        ],
        "bookingModel": "self-service-booking",
        "supportsOwnKayak": "unknown",
        "sources": [
          "https://www.kayakomat.com/location/660c183e51ca1fea8158405f"
        ],
        "source": null,
        "needsFollowup": [
          "Agent reported currently unavailable; refresh before import."
        ]
      }
    },
    {
      "type": "Feature",
      "geometry": {
        "type": "Point",
        "coordinates": [
          17.996,
          59.309
        ]
      },
      "properties": {
        "id": "soderkajak-vinterviken",
        "name": "SöderKajak",
        "type": "kayak-rental",
        "area": "Vinterviken / Mälaren",
        "sourceFile": "compiled/kayak-facilities.iteration-03-additions.json",
        "coordinateSource": "gazetteer-approximate",
        "mapConfidence": "high",
        "routes": [
          "soderkajak-malaren-routes",
          "kungsholmen-loop"
        ],
        "services": [
          "Kayak rental",
          "Safety intro",
          "Changing/storage conveniences",
          "Published route suggestions"
        ],
        "access": null,
        "parkingType": null,
        "launchCarry": null,
        "overnightSuitability": null,
        "primaryCategory": "rental_staffed",
        "categories": [
          "rental",
          "staffed-rental"
        ],
        "serviceTags": [
          "kayak-rental",
          "route-advice"
        ],
        "bookingModel": "operator-booking",
        "supportsOwnKayak": "unknown",
        "sources": [
          "https://www.soderkajak.se/uthyrning",
          "https://www.soderkajak.se/sidor/rental-information",
          "https://www.visitstockholm.com/o/soderkajak/"
        ],
        "source": null,
        "needsFollowup": [
          "Confirm whether toilets/water are operator-provided or nearby café/park."
        ]
      }
    },
    {
      "type": "Feature",
      "geometry": {
        "type": "Point",
        "coordinates": [
          18.111,
          59.303
        ]
      },
      "properties": {
        "id": "sjostaden-kajak",
        "name": "Sjöstaden Kajak",
        "type": "self-service-rental",
        "area": "Hammarby / Sickla / Järla",
        "sourceFile": "compiled/kayak-facilities.iteration-03-additions.json",
        "coordinateSource": "gazetteer-approximate",
        "mapConfidence": "high",
        "routes": [
          "sicklasjon-baggensfjarden-canoe-route"
        ],
        "services": [
          "Self-service rental May-Oct",
          "Access to Sickla/Järla, inner archipelago and Mälaren"
        ],
        "access": null,
        "parkingType": null,
        "launchCarry": null,
        "overnightSuitability": null,
        "primaryCategory": "rental_self_service",
        "categories": [
          "rental",
          "self-service-rental"
        ],
        "serviceTags": [
          "kayak-rental"
        ],
        "bookingModel": "self-service-booking",
        "supportsOwnKayak": "unknown",
        "sources": [
          "https://sjostadenkajak.se/kontakt.html",
          "https://wexplore.se/sjostadenkajaksup/"
        ],
        "source": null,
        "needsFollowup": [
          "Confirm current season and exact launch details."
        ]
      }
    },
    {
      "type": "Feature",
      "geometry": {
        "type": "Point",
        "coordinates": [
          18.236,
          59.302
        ]
      },
      "properties": {
        "id": "kayakomat-saltsjo-duvnas",
        "name": "Kayakomat Saltsjö-Duvnäs",
        "type": "self-service-rental",
        "area": "Saltsjö-Duvnäs / Lännerstasundet",
        "sourceFile": "compiled/kayak-facilities.iteration-03-additions.json",
        "coordinateSource": "gazetteer-approximate",
        "mapConfidence": "high",
        "routes": [
          "sicklasjon-baggensfjarden-canoe-route"
        ],
        "services": [
          "24/7 self-service kayak/SUP rental",
          "Suggested routes to Tollare, The Old Smokehouse and Boobadet"
        ],
        "access": null,
        "parkingType": null,
        "launchCarry": null,
        "overnightSuitability": null,
        "primaryCategory": "rental_self_service",
        "categories": [
          "rental",
          "self-service-rental"
        ],
        "serviceTags": [
          "kayak-rental",
          "route-advice",
          "sup-rental"
        ],
        "bookingModel": "self-service-booking",
        "supportsOwnKayak": "unknown",
        "sources": [
          "https://www.kayakomat.com/sv/location/629f70f3e1994d1b87af891a"
        ],
        "source": null,
        "needsFollowup": [
          "No toilet/water details found on station page."
        ]
      }
    },
    {
      "type": "Feature",
      "geometry": {
        "type": "Point",
        "coordinates": [
          18.198,
          59.207
        ]
      },
      "properties": {
        "id": "kajakboden-gudo",
        "name": "Kajakboden Gudö",
        "type": "kayak-rental",
        "area": "Gudö / Tyresån",
        "sourceFile": "compiled/kayak-facilities.iteration-03-additions.json",
        "coordinateSource": "gazetteer-approximate",
        "mapConfidence": "high",
        "routes": [
          "drevviken-kalvfjarden-canoe-route"
        ],
        "services": [
          "Kayak/SUP/canoe rental",
          "Launch/strandhugg",
          "Free 24 h parking",
          "Local maps on request",
          "Guided tours"
        ],
        "access": null,
        "parkingType": null,
        "launchCarry": null,
        "overnightSuitability": null,
        "primaryCategory": "rental_staffed",
        "categories": [
          "launch-access",
          "parking",
          "rental",
          "staffed-rental"
        ],
        "serviceTags": [
          "canoe-rental",
          "guided-tours",
          "kayak-rental",
          "launch",
          "parking",
          "route-advice",
          "sup-rental"
        ],
        "bookingModel": "operator-booking",
        "supportsOwnKayak": "unknown",
        "sources": [
          "https://www.naturkartan.se/fi/stockholms-lan/kajakuthyrning-kurser-butik",
          "https://kajakboden.com/?p=kajakuthyrning&s=uthyrningsvillkor",
          "https://www.kajakboden.com/?p=guidade_kajakturer"
        ],
        "source": null,
        "needsFollowup": [
          "Confirm current opening and map availability."
        ]
      }
    },
    {
      "type": "Feature",
      "geometry": {
        "type": "Point",
        "coordinates": [
          18.23,
          59.224
        ]
      },
      "properties": {
        "id": "kanotboden-kumlabadet",
        "name": "Kanotboden Kumlabadet / Trollbäcken",
        "type": "canoe-rental",
        "area": "Trollbäcken / Tyresö",
        "sourceFile": "compiled/kayak-facilities.iteration-03-additions.json",
        "coordinateSource": "gazetteer-approximate",
        "mapConfidence": "medium",
        "routes": [
          "drevviken-kalvfjarden-canoe-route"
        ],
        "services": [
          "Canoe rental",
          "One-way transport arrangement",
          "Routes around Långsjön, Drevviken, Magelungen, Tyresö-Flaten, Albysjön and Kalvfjärden"
        ],
        "access": null,
        "parkingType": null,
        "launchCarry": null,
        "overnightSuitability": null,
        "primaryCategory": "rental_staffed",
        "categories": [
          "canoe-rental",
          "rental"
        ],
        "serviceTags": [
          "canoe-rental",
          "route-advice"
        ],
        "bookingModel": "operator-booking",
        "supportsOwnKayak": "unknown",
        "sources": [
          "https://www.kanotboden.com/"
        ],
        "source": null,
        "needsFollowup": [
          "Canoe-focused; confirm 2026 status before kayak import."
        ]
      }
    },
    {
      "type": "Feature",
      "geometry": {
        "type": "Point",
        "coordinates": [
          18.314,
          59.242
        ]
      },
      "properties": {
        "id": "kayakomat-tyreso-strandbadet",
        "name": "Kayakomat Tyresö Strandbadet",
        "type": "self-service-rental",
        "area": "Tyresö Strand / Erstaviken",
        "sourceFile": "compiled/kayak-facilities.iteration-03-additions.json",
        "coordinateSource": "gazetteer-approximate",
        "mapConfidence": "high",
        "routes": [
          "tyreso-strand-inner-archipelago"
        ],
        "services": [
          "Self-service solo/tandem kayaks",
          "Seasonal toilet",
          "Parking",
          "Bus access"
        ],
        "access": null,
        "parkingType": null,
        "launchCarry": null,
        "overnightSuitability": null,
        "primaryCategory": "rental_self_service",
        "categories": [
          "launch-access",
          "parking",
          "rental",
          "self-service-rental"
        ],
        "serviceTags": [
          "kayak-rental",
          "launch",
          "parking",
          "toilet"
        ],
        "bookingModel": "self-service-booking",
        "supportsOwnKayak": "unknown",
        "sources": [
          "https://www.kayakomat.com/sv/location/645a3d0375306e25d03e503b"
        ],
        "source": null,
        "needsFollowup": [
          "Create full route record if included; coastal paddling can become exposed quickly."
        ]
      }
    },
    {
      "type": "Feature",
      "geometry": {
        "type": "Point",
        "coordinates": [
          18.057,
          59.366
        ]
      },
      "properties": {
        "id": "brunnsvikens-kanotklubb",
        "name": "Brunnsvikens Kanotklubb",
        "type": "kayak-rental",
        "area": "Brunnsviken / Frescati",
        "sourceFile": "compiled/kayak-facilities.iteration-03-additions.json",
        "coordinateSource": "gazetteer-approximate",
        "mapConfidence": "high",
        "routes": [
          "brunnsviken-loop",
          "brunnsviken-edsviken-extension"
        ],
        "services": [
          "Kayak/canoe/SUP rental",
          "Gear included",
          "Paid parking",
          "No public changing room"
        ],
        "access": null,
        "parkingType": null,
        "launchCarry": null,
        "overnightSuitability": null,
        "primaryCategory": "rental_staffed",
        "categories": [
          "parking",
          "rental",
          "staffed-rental"
        ],
        "serviceTags": [
          "canoe-rental",
          "gear-rental",
          "kayak-rental",
          "parking",
          "sup-rental"
        ],
        "bookingModel": "operator-booking",
        "supportsOwnKayak": "unknown",
        "sources": [
          "https://www.bkk.se/uthyrning/",
          "https://www.bkk.se/uthyrning/kayak-rentals/"
        ],
        "source": null,
        "needsFollowup": [
          "Refresh opening outside June-August."
        ]
      }
    },
    {
      "type": "Feature",
      "geometry": {
        "type": "Point",
        "coordinates": [
          17.98,
          59.414
        ]
      },
      "properties": {
        "id": "kayakomat-segeludden-edsviken",
        "name": "Kayakomat Sollentuna Segeludden",
        "type": "self-service-rental",
        "area": "Edsviken / Sollentuna",
        "sourceFile": "compiled/kayak-facilities.iteration-03-additions.json",
        "coordinateSource": "gazetteer-approximate",
        "mapConfidence": "high",
        "routes": [
          "brunnsviken-edsviken-extension"
        ],
        "services": [
          "Self-service kayak rental",
          "Free parking 06-01",
          "Bajamaja at parking/beach"
        ],
        "access": null,
        "parkingType": null,
        "launchCarry": null,
        "overnightSuitability": null,
        "primaryCategory": "rental_self_service",
        "categories": [
          "launch-access",
          "parking",
          "rental",
          "self-service-rental"
        ],
        "serviceTags": [
          "kayak-rental",
          "launch",
          "parking",
          "toilet"
        ],
        "bookingModel": "self-service-booking",
        "supportsOwnKayak": "unknown",
        "sources": [
          "https://www.kayakomat.com/sv/location/62b1903407f8df1949cdb2bc",
          "https://www.sollentuna.se/uppleva--gora/idrott-motion-och-friluftsliv/segla-och-paddla/"
        ],
        "source": null,
        "needsFollowup": [
          "Wind can funnel along Edsviken; encode safety note."
        ]
      }
    },
    {
      "type": "Feature",
      "geometry": {
        "type": "Point",
        "coordinates": [
          18.43,
          59.06
        ]
      },
      "properties": {
        "id": "kayakomat-orno-kyrkviken",
        "name": "Kayakomat Ornö Kyrkviken",
        "type": "self-service-rental",
        "area": "Ornö / Kyrkviken",
        "sourceFile": "compiled/kayak-facilities.iteration-03-additions.json",
        "coordinateSource": "gazetteer-approximate",
        "mapConfidence": "high",
        "routes": [
          "orno-kyrkviken-local"
        ],
        "services": [
          "Self-service kayak rental",
          "Sheltered beginner start",
          "Nearby guest harbor, shop/restaurant and WC/showers"
        ],
        "access": null,
        "parkingType": null,
        "launchCarry": null,
        "overnightSuitability": null,
        "primaryCategory": "rental_self_service",
        "categories": [
          "rental",
          "self-service-rental"
        ],
        "serviceTags": [
          "food-shop",
          "kayak-rental",
          "shower",
          "toilet"
        ],
        "bookingModel": "self-service-booking",
        "supportsOwnKayak": "unknown",
        "sources": [
          "https://www.kayakomat.com/sv/location/62759be2e723075c0cc83b9e",
          "https://www.explorearchipelago.com/sthlm/southern-archipelago/orno",
          "https://www.orno.se/service/"
        ],
        "source": null,
        "needsFollowup": [
          "Check 2026 station status and military/local restrictions."
        ]
      }
    },
    {
      "type": "Feature",
      "geometry": {
        "type": "Point",
        "coordinates": [
          17.81,
          58.835
        ]
      },
      "properties": {
        "id": "jarflotta-natural-harbors",
        "name": "Järflotta natural harbor cluster",
        "type": "guest-harbor-natural-harbor",
        "area": "Järflotta",
        "sourceFile": "compiled/kayak-facilities.iteration-03-additions.json",
        "coordinateSource": "gazetteer-approximate",
        "mapConfidence": "medium-high",
        "routes": [
          "jarflotta-toro-nynashamn"
        ],
        "services": [
          "Natural harbor leads around Skvallerhamn, Sågviken, Karlsvik and Råholmssundet",
          "Sandy beaches"
        ],
        "access": null,
        "parkingType": null,
        "launchCarry": null,
        "overnightSuitability": null,
        "primaryCategory": "harbor_landing",
        "categories": [
          "guest-harbor",
          "landing",
          "launch-access",
          "natural-harbor"
        ],
        "serviceTags": [
          "launch"
        ],
        "bookingModel": "harbor-or-local-rules",
        "supportsOwnKayak": "unknown",
        "sources": [
          "https://www.lansstyrelsen.se/stockholm/besoksmal/naturreservat/jarflotta.html",
          "https://www.naturkartan.se/fi/stockholms-lan/jarflotta",
          "https://www.hamnkartan.se/hamnar/jarflotta-skvallerhamn"
        ],
        "source": null,
        "needsFollowup": [
          "Exact kayak landings and reserve restrictions need map validation."
        ]
      }
    },
    {
      "type": "Feature",
      "geometry": {
        "type": "Point",
        "coordinates": [
          18.146,
          59.083
        ]
      },
      "properties": {
        "id": "arsta-havsbad-launch",
        "name": "Årsta Havsbad launch candidate",
        "type": "launch",
        "area": "Årsta Havsbad / Haninge",
        "sourceFile": "compiled/kayak-facilities.iteration-03-additions.json",
        "coordinateSource": "gazetteer-approximate",
        "mapConfidence": "medium",
        "routes": [
          "galo-variants",
          "jarflotta-toro-nynashamn"
        ],
        "services": [
          "Mainland launch/access point named by Haninge tourism material",
          "Some parking"
        ],
        "access": null,
        "parkingType": null,
        "launchCarry": null,
        "overnightSuitability": null,
        "primaryCategory": "launch",
        "categories": [
          "launch",
          "launch-access",
          "parking"
        ],
        "serviceTags": [
          "launch",
          "parking"
        ],
        "bookingModel": "none-or-local-rules",
        "supportsOwnKayak": "candidate",
        "sources": [
          "https://www.haninge.se/siteassets/uppleva-och-gora/turism/skargard_vildmark_w.pdf",
          "https://arstahavsbad.nu/"
        ],
        "source": null,
        "needsFollowup": [
          "No robust operator/rental page found; confirm launch legality and parking."
        ]
      }
    },
    {
      "type": "Feature",
      "geometry": {
        "type": "Point",
        "coordinates": [
          18.55,
          59.25
        ]
      },
      "properties": {
        "id": "nordsydlinjen-sat-logistics",
        "name": "Nordsydlinjen / North-South archipelago ferry logistics",
        "type": "transport",
        "area": "Whole Stockholm archipelago",
        "sourceFile": "compiled/kayak-facilities.iteration-03-additions.json",
        "coordinateSource": "network-centroid",
        "mapConfidence": "high",
        "routes": [
          "whole-archipelago"
        ],
        "services": [
          "Seasonal ferry spine",
          "2026 season stated as June 22-August 16",
          "Many piers require raising semaphore/headlamp signal"
        ],
        "access": null,
        "parkingType": null,
        "launchCarry": null,
        "overnightSuitability": null,
        "primaryCategory": "transport",
        "categories": [
          "ferry",
          "transport"
        ],
        "serviceTags": [
          "ferry"
        ],
        "bookingModel": "timetable-ticket",
        "supportsOwnKayak": "unknown",
        "sources": [
          "https://stockholmarchipelagotrail.com/questions-and-aswers/",
          "https://assets.ctfassets.net/4l7cjdaypzcu/UrqsczDUUVXP3wS6rUTqF/084204d2cbb11957c0992e8fb7f3ac28/linjekarta-waxholmsbolaget-maj2025.pdf"
        ],
        "source": null,
        "needsFollowup": [
          "Need 2026 final timetable and per-section stop list."
        ]
      }
    },
    {
      "type": "Feature",
      "geometry": {
        "type": "Point",
        "coordinates": [
          18.333,
          59.426
        ]
      },
      "properties": {
        "id": "parking-kanotcenter-resaro",
        "name": "Skärgårdens Kanotcenter / Resarö parking",
        "type": "parking",
        "area": "Vaxholm / Resarö",
        "sourceFile": "compiled/kayak-parking.seed.json",
        "coordinateSource": "record-coordinate",
        "mapConfidence": "high",
        "routes": [
          "bogesund-round-trip",
          "vaxholm-fortress-norrhamn-teno",
          "tynningo-bjornholmen-oxdjupet",
          "grinda-gallno-multiday",
          "kanotcenter-trasko-storo"
        ],
        "services": "Close-to-water parking/launch candidate at Skärgårdens Kanotcenter. Operator FAQ says free public parking is available in front of the kayak center.",
        "access": null,
        "parkingType": "free-public-near-operator",
        "launchCarry": "short",
        "overnightSuitability": "unknown",
        "primaryCategory": "parking_launch_access",
        "categories": [
          "launch-access",
          "parking"
        ],
        "serviceTags": [
          "canoe-rental",
          "kayak-rental",
          "launch",
          "parking"
        ],
        "bookingModel": "none-or-local-parking-rules",
        "supportsOwnKayak": "candidate",
        "sources": null,
        "source": {
          "provider": "Skärgårdens Kanotcenter",
          "url": "https://kanotcenter.com/kayaking-stockholm-archipelago-faq/",
          "lastAccessedAt": "2026-04-26"
        },
        "needsFollowup": [
          "Confirm current parking limits and whether own-kayak launching is allowed without rental."
        ]
      }
    },
    {
      "type": "Feature",
      "geometry": {
        "type": "Point",
        "coordinates": [
          18.013,
          59.346
        ]
      },
      "properties": {
        "id": "parking-pampas-marina",
        "name": "Pampas Kajak & SUP guest parking",
        "type": "parking",
        "area": "Pampas Marina / Solna",
        "sourceFile": "compiled/kayak-parking.seed.json",
        "coordinateSource": "record-coordinate",
        "mapConfidence": "high",
        "routes": [
          "kungsholmen-loop"
        ],
        "services": "Naturkartan notes that parking for Kungsholmen runt is easiest at Pampas Kajak & SUP where there is a large guest parking, and own craft can be launched after checking with the dock host.",
        "access": null,
        "parkingType": "guest-parking",
        "launchCarry": "short",
        "overnightSuitability": "not-researched",
        "primaryCategory": "parking_launch_access",
        "categories": [
          "launch-access",
          "parking"
        ],
        "serviceTags": [
          "kayak-rental",
          "launch",
          "parking",
          "route-advice",
          "sup-rental"
        ],
        "bookingModel": "none-or-local-parking-rules",
        "supportsOwnKayak": "candidate",
        "sources": null,
        "source": {
          "provider": "Naturkartan",
          "url": "https://www.naturkartan.se/nl/stockholms-lan/paddla-kungsholmen-runt",
          "lastAccessedAt": "2026-04-26"
        },
        "needsFollowup": [
          "Confirm current guest parking rules and dock-host permission."
        ]
      }
    },
    {
      "type": "Feature",
      "geometry": {
        "type": "Point",
        "coordinates": [
          17.996,
          59.309
        ]
      },
      "properties": {
        "id": "parking-soderkajak-vinterviken",
        "name": "SöderKajak / Vinterviken parking",
        "type": "parking",
        "area": "Vinterviken / Mälaren",
        "sourceFile": "compiled/kayak-parking.seed.json",
        "coordinateSource": "record-coordinate",
        "mapConfidence": "medium-high",
        "routes": [
          "soderkajak-malaren-routes",
          "langholmen-reimersholme-loop"
        ],
        "services": "Close-to-water parking/launch candidate at SöderKajak. Agent research found the operator page identifies parking and launch conveniences around Vinterviksvägen 52.",
        "access": null,
        "parkingType": "operator-nearby",
        "launchCarry": "short",
        "overnightSuitability": "not-researched",
        "primaryCategory": "parking_launch_access",
        "categories": [
          "launch-access",
          "parking"
        ],
        "serviceTags": [
          "kayak-rental",
          "launch",
          "parking"
        ],
        "bookingModel": "none-or-local-parking-rules",
        "supportsOwnKayak": "candidate",
        "sources": null,
        "source": {
          "provider": "SöderKajak",
          "url": "https://www.soderkajak.se/uthyrning",
          "lastAccessedAt": "2026-04-26"
        },
        "needsFollowup": [
          "Confirm exact parking location, fees and own-kayak launch terms."
        ]
      }
    },
    {
      "type": "Feature",
      "geometry": {
        "type": "Point",
        "coordinates": [
          18.057,
          59.366
        ]
      },
      "properties": {
        "id": "parking-brunnsviken-frescati",
        "name": "Frescati / Brunnsvikens Kanotklubb parking",
        "type": "parking",
        "area": "Brunnsviken / Frescati",
        "sourceFile": "compiled/kayak-parking.seed.json",
        "coordinateSource": "record-coordinate",
        "mapConfidence": "high",
        "routes": [
          "brunnsviken-loop",
          "brunnsviken-edsviken-extension"
        ],
        "services": "Close-to-water city-nature parking/launch candidate. Brunnsvikens Kanotklubb rental info notes paid parking; Kayakomat Frescati also has a private ramp and kayak cart.",
        "access": null,
        "parkingType": "paid-near-launch",
        "launchCarry": "short",
        "overnightSuitability": "not-researched",
        "primaryCategory": "parking_launch_access",
        "categories": [
          "launch-access",
          "parking"
        ],
        "serviceTags": [
          "canoe-rental",
          "kayak-rental",
          "launch",
          "parking"
        ],
        "bookingModel": "none-or-local-parking-rules",
        "supportsOwnKayak": "candidate",
        "sources": null,
        "source": {
          "provider": "Brunnsvikens Kanotklubb",
          "url": "https://www.bkk.se/uthyrning/kayak-rentals/",
          "lastAccessedAt": "2026-04-26"
        },
        "needsFollowup": [
          "Confirm current paid parking hours and whether own-kayak launching is permitted."
        ]
      }
    },
    {
      "type": "Feature",
      "geometry": {
        "type": "Point",
        "coordinates": [
          17.98,
          59.414
        ]
      },
      "properties": {
        "id": "parking-edsviken-segeludden",
        "name": "Segeludden / Edsviken parking",
        "type": "parking",
        "area": "Edsviken / Sollentuna",
        "sourceFile": "compiled/kayak-parking.seed.json",
        "coordinateSource": "record-coordinate",
        "mapConfidence": "high",
        "routes": [
          "brunnsviken-edsviken-extension"
        ],
        "services": "Kayakomat Segeludden source notes free parking 06-01 and a toilet by parking/beach. Useful for Edsviken and Brunnsviken-Edsviken extension variants.",
        "access": null,
        "parkingType": "free-time-limited",
        "launchCarry": "short",
        "overnightSuitability": "poor-or-unverified",
        "primaryCategory": "parking_launch_access",
        "categories": [
          "launch-access",
          "parking"
        ],
        "serviceTags": [
          "kayak-rental",
          "launch",
          "parking",
          "toilet"
        ],
        "bookingModel": "none-or-local-parking-rules",
        "supportsOwnKayak": "candidate",
        "sources": null,
        "source": {
          "provider": "Kayakomat",
          "url": "https://www.kayakomat.com/sv/location/62b1903407f8df1949cdb2bc",
          "lastAccessedAt": "2026-04-26"
        },
        "needsFollowup": [
          "Check current parking time window and local launch signage."
        ]
      }
    },
    {
      "type": "Feature",
      "geometry": {
        "type": "Point",
        "coordinates": [
          18.236,
          59.302
        ]
      },
      "properties": {
        "id": "parking-saltsjo-duvnas-marina",
        "name": "Saltsjö-Duvnäs marina parking",
        "type": "parking",
        "area": "Saltsjö-Duvnäs / Lännerstasundet",
        "sourceFile": "compiled/kayak-parking.seed.json",
        "coordinateSource": "record-coordinate",
        "mapConfidence": "high",
        "routes": [
          "sicklasjon-baggensfjarden-canoe-route"
        ],
        "services": "Kayakomat Saltsjö-Duvnäs source notes parking at the marina and launch from Strandpromenaden 2A.",
        "access": null,
        "parkingType": "marina-parking",
        "launchCarry": "short",
        "overnightSuitability": "not-researched",
        "primaryCategory": "parking_launch_access",
        "categories": [
          "launch-access",
          "parking"
        ],
        "serviceTags": [
          "kayak-rental",
          "launch",
          "parking"
        ],
        "bookingModel": "none-or-local-parking-rules",
        "supportsOwnKayak": "candidate",
        "sources": null,
        "source": {
          "provider": "Kayakomat",
          "url": "https://www.kayakomat.com/sv/location/629f70f3e1994d1b87af891a",
          "lastAccessedAt": "2026-04-26"
        },
        "needsFollowup": [
          "Confirm whether marina parking is open to own-kayak users and any fee/time limits."
        ]
      }
    },
    {
      "type": "Feature",
      "geometry": {
        "type": "Point",
        "coordinates": [
          18.12,
          59.21
        ]
      },
      "properties": {
        "id": "parking-skondal-drevviken",
        "name": "Sköndalsbadet / Drevviken parking",
        "type": "parking",
        "area": "Sköndal / Drevviken",
        "sourceFile": "compiled/kayak-parking.seed.json",
        "coordinateSource": "record-coordinate",
        "mapConfidence": "high",
        "routes": [
          "drevviken-kalvfjarden-canoe-route"
        ],
        "services": "Kayakomat Sköndal source notes parking and bus 181 near the station, with toilets in summer at the beach/solbryggor and for Nice Valley guests.",
        "access": null,
        "parkingType": "beach-parking",
        "launchCarry": "short",
        "overnightSuitability": "not-researched",
        "primaryCategory": "parking_launch_access",
        "categories": [
          "launch-access",
          "parking"
        ],
        "serviceTags": [
          "kayak-rental",
          "launch",
          "parking",
          "toilet"
        ],
        "bookingModel": "none-or-local-parking-rules",
        "supportsOwnKayak": "candidate",
        "sources": null,
        "source": {
          "provider": "Kayakomat",
          "url": "https://www.kayakomat.com/sv/location/626268c03d241eeabde66e85",
          "lastAccessedAt": "2026-04-26"
        },
        "needsFollowup": [
          "Confirm current parking limits and best own-kayak launch point."
        ]
      }
    },
    {
      "type": "Feature",
      "geometry": {
        "type": "Point",
        "coordinates": [
          18.198,
          59.207
        ]
      },
      "properties": {
        "id": "parking-kajakboden-gudo",
        "name": "Kajakboden Gudö parking",
        "type": "parking",
        "area": "Gudö / Tyresån",
        "sourceFile": "compiled/kayak-parking.seed.json",
        "coordinateSource": "record-coordinate",
        "mapConfidence": "high",
        "routes": [
          "drevviken-kalvfjarden-canoe-route"
        ],
        "services": "Kajakboden source/agent research notes free 24-hour parking, launch/strandhugg and local maps on request.",
        "access": null,
        "parkingType": "free-24h-near-operator",
        "launchCarry": "short",
        "overnightSuitability": "possibly-day-or-24h-only",
        "primaryCategory": "parking_launch_access",
        "categories": [
          "launch-access",
          "parking"
        ],
        "serviceTags": [
          "kayak-rental",
          "launch",
          "parking",
          "route-advice"
        ],
        "bookingModel": "none-or-local-parking-rules",
        "supportsOwnKayak": "candidate",
        "sources": null,
        "source": {
          "provider": "Kajakboden",
          "url": "https://kajakboden.com/?p=kajakuthyrning&s=uthyrningsvillkor",
          "lastAccessedAt": "2026-04-26"
        },
        "needsFollowup": [
          "Confirm own-kayak launching and 24h parking rules."
        ]
      }
    },
    {
      "type": "Feature",
      "geometry": {
        "type": "Point",
        "coordinates": [
          18.314,
          59.242
        ]
      },
      "properties": {
        "id": "parking-tyreso-strandbadet",
        "name": "Tyresö Strandbadet parking",
        "type": "parking",
        "area": "Tyresö Strand / Erstaviken",
        "sourceFile": "compiled/kayak-parking.seed.json",
        "coordinateSource": "record-coordinate",
        "mapConfidence": "high",
        "routes": [
          "tyreso-strand-inner-archipelago"
        ],
        "services": "Kayakomat Tyresö Strandbadet source notes parking, bus access and seasonal toilet at the beach.",
        "access": null,
        "parkingType": "beach-parking",
        "launchCarry": "short",
        "overnightSuitability": "not-researched",
        "primaryCategory": "parking_launch_access",
        "categories": [
          "launch-access",
          "parking"
        ],
        "serviceTags": [
          "kayak-rental",
          "launch",
          "parking",
          "toilet"
        ],
        "bookingModel": "none-or-local-parking-rules",
        "supportsOwnKayak": "candidate",
        "sources": null,
        "source": {
          "provider": "Kayakomat",
          "url": "https://www.kayakomat.com/sv/location/645a3d0375306e25d03e503b",
          "lastAccessedAt": "2026-04-26"
        },
        "needsFollowup": [
          "Confirm current parking limits and launch signage."
        ]
      }
    },
    {
      "type": "Feature",
      "geometry": {
        "type": "Point",
        "coordinates": [
          18.52,
          59.2
        ]
      },
      "properties": {
        "id": "parking-bjorkviks-havsbad",
        "name": "Björkviks Havsbad parking",
        "type": "parking",
        "area": "Ingarö / Björnö",
        "sourceFile": "compiled/kayak-parking.seed.json",
        "coordinateSource": "record-coordinate",
        "mapConfidence": "medium-high",
        "routes": [
          "bjorkvik-bjorno-ingaro"
        ],
        "services": "Beach/launch parking candidate at Björkviks Havsbad, next to Kayakomat and Björnö/Torpesand routes.",
        "access": null,
        "parkingType": "beach-parking",
        "launchCarry": "short",
        "overnightSuitability": "not-researched",
        "primaryCategory": "parking_launch_access",
        "categories": [
          "launch-access",
          "parking"
        ],
        "serviceTags": [
          "kayak-rental",
          "launch",
          "parking",
          "route-advice"
        ],
        "bookingModel": "none-or-local-parking-rules",
        "supportsOwnKayak": "candidate",
        "sources": null,
        "source": {
          "provider": "Kayakomat",
          "url": "https://www.kayakomat.com/en/location/6275a4f7c6e0bedcab59a5e3",
          "lastAccessedAt": "2026-04-26"
        },
        "needsFollowup": [
          "Confirm parking capacity/fees and reserve overnight rules."
        ]
      }
    },
    {
      "type": "Feature",
      "geometry": {
        "type": "Point",
        "coordinates": [
          18.67,
          59.284
        ]
      },
      "properties": {
        "id": "parking-bullando-marina",
        "name": "Bullandö Marina parking",
        "type": "parking",
        "area": "Bullandö / Värmdö",
        "sourceFile": "compiled/kayak-parking.seed.json",
        "coordinateSource": "record-coordinate",
        "mapConfidence": "high",
        "routes": [
          "stavsnas-sollenkroka-kanholmsfjarden",
          "stavsnas-runmaro-runt"
        ],
        "services": "Get Out Kayak source says Bullandö can be reached by car and has plenty of free parking lots. Useful for Värmdö/Bullandö starts and local archipelago paddles.",
        "access": null,
        "parkingType": "free-marina-parking",
        "launchCarry": "short-to-medium",
        "overnightSuitability": "not-researched",
        "primaryCategory": "parking_launch_access",
        "categories": [
          "launch-access",
          "parking"
        ],
        "serviceTags": [
          "gear-rental",
          "kayak-rental",
          "parking"
        ],
        "bookingModel": "none-or-local-parking-rules",
        "supportsOwnKayak": "candidate",
        "sources": null,
        "source": {
          "provider": "Get Out Kayak",
          "url": "https://getoutkayak.se/pages/our-locations",
          "lastAccessedAt": "2026-04-26"
        },
        "needsFollowup": [
          "Confirm own-kayak launch access and overnight parking policy."
        ]
      }
    },
    {
      "type": "Feature",
      "geometry": {
        "type": "Point",
        "coordinates": [
          18.694,
          59.287
        ]
      },
      "properties": {
        "id": "parking-stavsnas-vinterhamn",
        "name": "Stavsnäs vinterhamn / gästhamn parking",
        "type": "parking",
        "area": "Stavsnäs",
        "sourceFile": "compiled/kayak-parking.seed.json",
        "coordinateSource": "record-coordinate",
        "mapConfidence": "medium-high",
        "routes": [
          "stavsnas-runmaro-runt",
          "stavsnas-sollenkroka-kanholmsfjarden",
          "stavsnas-namdo-bullero-langviksskar",
          "skt-hjalmo-ladna-runt"
        ],
        "services": "Central archipelago hub parking/launch candidate next to Get Out Kayak and Stavsnäs ferry/guest harbour. Agent findings note parking; facility sources describe Stavsnäs as a kayak base and transport hub.",
        "access": null,
        "parkingType": "paid-harbor-parking",
        "launchCarry": "short",
        "overnightSuitability": "possible-but-must-confirm",
        "primaryCategory": "parking_launch_access",
        "categories": [
          "launch-access",
          "parking",
          "transport"
        ],
        "serviceTags": [
          "ferry",
          "kayak-rental",
          "launch",
          "parking"
        ],
        "bookingModel": "none-or-local-parking-rules",
        "supportsOwnKayak": "candidate",
        "sources": null,
        "source": {
          "provider": "Get Out Kayak",
          "url": "https://getoutkayak.se/pages/our-locations",
          "lastAccessedAt": "2026-04-26"
        },
        "needsFollowup": [
          "Confirm current fees, long-stay rules and launch location."
        ]
      }
    },
    {
      "type": "Feature",
      "geometry": {
        "type": "Point",
        "coordinates": [
          18.658,
          59.439
        ]
      },
      "properties": {
        "id": "parking-sollenkroka-brygga",
        "name": "Sollenkroka brygga parking",
        "type": "parking",
        "area": "Sollenkroka",
        "sourceFile": "compiled/kayak-parking.seed.json",
        "coordinateSource": "record-coordinate",
        "mapConfidence": "medium-high",
        "routes": [
          "skt-hjalmo-ladna-runt",
          "kanotcenter-trasko-storo",
          "stavsnas-sollenkroka-kanholmsfjarden"
        ],
        "services": "Central archipelago launch candidate at Sollenkroka brygga / Get Out Kayak. Research notes limited parking and smaller resupply compared with Stavsnäs.",
        "access": null,
        "parkingType": "limited-harbor-parking",
        "launchCarry": "short",
        "overnightSuitability": "possible-but-must-confirm",
        "primaryCategory": "parking_launch_access",
        "categories": [
          "launch-access",
          "parking",
          "transport"
        ],
        "serviceTags": [
          "ferry",
          "kayak-rental",
          "launch",
          "parking",
          "sup-rental"
        ],
        "bookingModel": "none-or-local-parking-rules",
        "supportsOwnKayak": "candidate",
        "sources": null,
        "source": {
          "provider": "Get Out Kayak",
          "url": "https://getoutkayak.se/pages/our-locations",
          "lastAccessedAt": "2026-04-26"
        },
        "needsFollowup": [
          "Confirm parking capacity, fee, long-stay rules and water access."
        ]
      }
    },
    {
      "type": "Feature",
      "geometry": {
        "type": "Point",
        "coordinates": [
          18.417,
          59.135
        ]
      },
      "properties": {
        "id": "parking-dalaro-askfatshamnen",
        "name": "Dalarö Askfatshamnen parking",
        "type": "parking",
        "area": "Dalarö",
        "sourceFile": "compiled/kayak-parking.seed.json",
        "coordinateSource": "record-coordinate",
        "mapConfidence": "medium-high",
        "routes": [
          "dalaro-day-islands",
          "dalaro-galo-overnight",
          "dalaro-fjardlang-villinge"
        ],
        "services": "Southern archipelago parking/launch candidate at Dalarö Kajak / Askfatshamnen. Strong base for day islands, Gålö, Fjärdlång and Huvudskär approaches.",
        "access": null,
        "parkingType": "harbor-operator-nearby",
        "launchCarry": "short",
        "overnightSuitability": "not-researched",
        "primaryCategory": "parking_launch_access",
        "categories": [
          "launch-access",
          "parking"
        ],
        "serviceTags": [
          "kayak-rental",
          "launch",
          "parking"
        ],
        "bookingModel": "none-or-local-parking-rules",
        "supportsOwnKayak": "candidate",
        "sources": null,
        "source": {
          "provider": "Dalarö Kajak",
          "url": "https://dalarokajak.se/en/about-dalaro-kayak/",
          "lastAccessedAt": "2026-04-26"
        },
        "needsFollowup": [
          "Confirm public parking location, fees and own-kayak launch rules."
        ]
      }
    },
    {
      "type": "Feature",
      "geometry": {
        "type": "Point",
        "coordinates": [
          18.3,
          59.105
        ]
      },
      "properties": {
        "id": "parking-galo-havsbad",
        "name": "Gålö Havsbad parking",
        "type": "parking",
        "area": "Gålö",
        "sourceFile": "compiled/kayak-parking.seed.json",
        "coordinateSource": "record-coordinate",
        "mapConfidence": "medium",
        "routes": [
          "dalaro-galo-overnight"
        ],
        "services": "Parking/launch/accommodation candidate for sheltered Gålö variants and Dalarö-Gålö overnights. Gålö Havsbad is an established service node; local reserve rules apply.",
        "access": null,
        "parkingType": "camping-service-node",
        "launchCarry": "short-to-medium",
        "overnightSuitability": "likely-for-guests-but-confirm",
        "primaryCategory": "parking_launch_access",
        "categories": [
          "launch-access",
          "parking"
        ],
        "serviceTags": [
          "launch",
          "parking"
        ],
        "bookingModel": "none-or-local-parking-rules",
        "supportsOwnKayak": "candidate",
        "sources": null,
        "source": {
          "provider": "Naturkartan",
          "url": "https://www.naturkartan.se/en/stockholms-lan/galo",
          "lastAccessedAt": "2026-04-26"
        },
        "needsFollowup": [
          "Confirm public/guest parking rules, launch point and bird-protection buffers."
        ]
      }
    },
    {
      "type": "Feature",
      "geometry": {
        "type": "Point",
        "coordinates": [
          18.29,
          59.085
        ]
      },
      "properties": {
        "id": "parking-galo-morarna",
        "name": "Morarna / Gålö launch parking candidate",
        "type": "parking",
        "area": "Gålö / Morarna",
        "sourceFile": "compiled/kayak-parking.seed.json",
        "coordinateSource": "record-coordinate",
        "mapConfidence": "medium",
        "routes": [
          "dalaro-galo-overnight"
        ],
        "services": "Agent findings identified Morarna ramp as an easy launch on Gålö. Useful for bring-your-own kayak starts after checking parking and current access.",
        "access": null,
        "parkingType": "launch-ramp-candidate",
        "launchCarry": "short",
        "overnightSuitability": "unknown",
        "primaryCategory": "parking_launch_access",
        "categories": [
          "launch-access",
          "parking"
        ],
        "serviceTags": [
          "kayak-rental",
          "launch",
          "parking"
        ],
        "bookingModel": "none-or-local-parking-rules",
        "supportsOwnKayak": "candidate",
        "sources": null,
        "source": {
          "provider": "Länsstyrelsen Gålö marina/friluftsliv report",
          "url": "https://www.lansstyrelsen.se/download/18.3fcb6f8319931f7a95f95985/1758553617553/R2025-31%2520G%25C3%25A5l%25C3%25B6s%2520marina%2520friluftsliv.pdf",
          "lastAccessedAt": "2026-04-26"
        },
        "needsFollowup": [
          "Confirm legal parking, ramp status and seasonal bird restrictions."
        ]
      }
    },
    {
      "type": "Feature",
      "geometry": {
        "type": "Point",
        "coordinates": [
          17.96,
          58.89
        ]
      },
      "properties": {
        "id": "parking-nynashamn-lovhagen",
        "name": "Nynäshamn / Lövhagen parking",
        "type": "parking",
        "area": "Nynäshamn / Lövhagen",
        "sourceFile": "compiled/kayak-parking.seed.json",
        "coordinateSource": "record-coordinate",
        "mapConfidence": "medium",
        "routes": [
          "nynashamn-nattaro-rano-alo"
        ],
        "services": "Parking/launch candidate at Nynäshamns Kajakuthyrning / Lövhagen for southern routes toward Nåttarö, Rånö and Ålö.",
        "access": null,
        "parkingType": "operator-nearby",
        "launchCarry": "short-to-medium",
        "overnightSuitability": "not-researched",
        "primaryCategory": "parking_launch_access",
        "categories": [
          "launch-access",
          "parking"
        ],
        "serviceTags": [
          "kayak-rental",
          "launch",
          "parking",
          "route-advice"
        ],
        "bookingModel": "none-or-local-parking-rules",
        "supportsOwnKayak": "candidate",
        "sources": null,
        "source": {
          "provider": "Naturkartan",
          "url": "https://www.naturkartan.se/sv/stockholms-lan/nynashamns-kajakuthyrning",
          "lastAccessedAt": "2026-04-26"
        },
        "needsFollowup": [
          "Confirm exact launch, parking fees and long-stay policy."
        ]
      }
    },
    {
      "type": "Feature",
      "geometry": {
        "type": "Point",
        "coordinates": [
          17.84,
          58.82
        ]
      },
      "properties": {
        "id": "parking-ankarudden-toro",
        "name": "Ankarudden / Torö parking",
        "type": "parking",
        "area": "Torö / Ankarudden",
        "sourceFile": "compiled/kayak-parking.seed.json",
        "coordinateSource": "record-coordinate",
        "mapConfidence": "medium",
        "routes": [
          "ankarudden-landsort-runt",
          "jarflotta-toro-nynashamn"
        ],
        "services": "Southern launch/parking candidate for Landsort, Järflotta and Torö-side routes. Torö Kajak directory listing identifies Ankarudden as a sea-kayak rental location.",
        "access": null,
        "parkingType": "ferry-harbor-launch-candidate",
        "launchCarry": "short-to-medium",
        "overnightSuitability": "not-researched",
        "primaryCategory": "parking_launch_access",
        "categories": [
          "launch-access",
          "parking"
        ],
        "serviceTags": [
          "kayak-rental",
          "launch",
          "parking",
          "route-advice"
        ],
        "bookingModel": "none-or-local-parking-rules",
        "supportsOwnKayak": "candidate",
        "sources": null,
        "source": {
          "provider": "Activated / Torö Kajak listing",
          "url": "https://www.activated.se/kanot-kajak/nynashamn/toro-kajak.html",
          "lastAccessedAt": "2026-04-26"
        },
        "needsFollowup": [
          "Verify operator status, launch permission, ferry crowding and parking rules."
        ]
      }
    },
    {
      "type": "Feature",
      "geometry": {
        "type": "Point",
        "coordinates": [
          18.146,
          59.083
        ]
      },
      "properties": {
        "id": "parking-arsta-havsbad",
        "name": "Årsta Havsbad parking / launch candidate",
        "type": "parking",
        "area": "Årsta Havsbad / Haninge",
        "sourceFile": "compiled/kayak-parking.seed.json",
        "coordinateSource": "record-coordinate",
        "mapConfidence": "medium",
        "routes": [
          "dalaro-galo-overnight",
          "jarflotta-toro-nynashamn"
        ],
        "services": "Haninge tourism material names Årsta havsbad among suitable launch places for own canoe/kayak with some parking.",
        "access": null,
        "parkingType": "beach-launch-candidate",
        "launchCarry": "short-to-medium",
        "overnightSuitability": "unknown",
        "primaryCategory": "parking_launch_access",
        "categories": [
          "launch-access",
          "parking"
        ],
        "serviceTags": [
          "canoe-rental",
          "kayak-rental",
          "launch",
          "parking"
        ],
        "bookingModel": "none-or-local-parking-rules",
        "supportsOwnKayak": "candidate",
        "sources": null,
        "source": {
          "provider": "Haninge Skärgård & Vildmark",
          "url": "https://www.haninge.se/siteassets/uppleva-och-gora/turism/skargard_vildmark_w.pdf",
          "lastAccessedAt": "2026-04-26"
        },
        "needsFollowup": [
          "Confirm exact parking, launch place and local signage."
        ]
      }
    },
    {
      "type": "Feature",
      "geometry": {
        "type": "Point",
        "coordinates": [
          19.03,
          59.76
        ]
      },
      "properties": {
        "id": "parking-graddo-brygga",
        "name": "Gräddö Brygga / Kajak & Uteliv parking",
        "type": "parking",
        "area": "Gräddö / northern Roslagen",
        "sourceFile": "compiled/kayak-parking.seed.json",
        "coordinateSource": "record-coordinate",
        "mapConfidence": "medium-high",
        "routes": [
          "kayak-lido-runt-graddo",
          "kayak-vattungarna-hakanskar"
        ],
        "services": "Northern Roslagen launch/parking candidate at Kajak & Uteliv Gräddö, used for Lidö runt and longer Håkanskär/Vattungarna trips. Agent findings noted parking at/near the base.",
        "access": null,
        "parkingType": "operator-nearby",
        "launchCarry": "short",
        "overnightSuitability": "not-researched",
        "primaryCategory": "parking_launch_access",
        "categories": [
          "launch-access",
          "parking",
          "transport"
        ],
        "serviceTags": [
          "ferry",
          "kayak-rental",
          "launch",
          "parking"
        ],
        "bookingModel": "none-or-local-parking-rules",
        "supportsOwnKayak": "candidate",
        "sources": null,
        "source": {
          "provider": "Kajak & Uteliv",
          "url": "https://www.kajak-uteliv.com/turforslag/",
          "lastAccessedAt": "2026-04-26"
        },
        "needsFollowup": [
          "Confirm exact parking/fees and own-kayak launch terms."
        ]
      }
    },
    {
      "type": "Feature",
      "geometry": {
        "type": "Point",
        "coordinates": [
          19.1,
          59.75
        ]
      },
      "properties": {
        "id": "parking-rafsnas-ramp",
        "name": "Räfsnäs / Rävsnäs ramp parking candidate",
        "type": "parking",
        "area": "Räfsnäs / northern Roslagen",
        "sourceFile": "compiled/kayak-parking.seed.json",
        "coordinateSource": "record-coordinate",
        "mapConfidence": "medium",
        "routes": [
          "kayak-vattungarna-hakanskar",
          "kayak-norrpada-roder-kapellskar-return"
        ],
        "services": "Kanotguiden route context identifies Räfsnäs ramp as launch/takeout for Vattungarna-Håkanskär; agent findings note parking back on the main road.",
        "access": null,
        "parkingType": "ramp-parking-candidate",
        "launchCarry": "medium",
        "overnightSuitability": "possible-but-must-confirm",
        "primaryCategory": "parking_launch_access",
        "categories": [
          "launch-access",
          "parking"
        ],
        "serviceTags": [
          "canoe-rental",
          "guided-tours",
          "launch",
          "parking",
          "route-advice"
        ],
        "bookingModel": "none-or-local-parking-rules",
        "supportsOwnKayak": "candidate",
        "sources": null,
        "source": {
          "provider": "Kanotguiden",
          "url": "https://kanotguiden.com/kanotleder/visa_led.php?routeId=97",
          "lastAccessedAt": "2026-04-26"
        },
        "needsFollowup": [
          "Confirm current legal parking location and distance from ramp."
        ]
      }
    },
    {
      "type": "Feature",
      "geometry": {
        "type": "Point",
        "coordinates": [
          18.92,
          59.66
        ]
      },
      "properties": {
        "id": "parking-furusund-kajak-uteliv",
        "name": "Furusund / Kajak & Uteliv parking candidate",
        "type": "parking",
        "area": "Furusund",
        "sourceFile": "compiled/kayak-parking.seed.json",
        "coordinateSource": "record-coordinate",
        "mapConfidence": "medium",
        "routes": [
          "kayak-furusund-angso",
          "kayak-furusund-runt-blidosund"
        ],
        "services": "Northern archipelago launch/parking candidate near Kajak & Uteliv Furusund and Kayakomat Furusund, useful for Ängsö, Blidösundet/Yxlan and Furusund local routes.",
        "access": null,
        "parkingType": "operator-self-service-nearby",
        "launchCarry": "short-to-medium",
        "overnightSuitability": "not-researched",
        "primaryCategory": "parking_launch_access",
        "categories": [
          "launch-access",
          "parking"
        ],
        "serviceTags": [
          "kayak-rental",
          "launch",
          "parking",
          "route-advice"
        ],
        "bookingModel": "none-or-local-parking-rules",
        "supportsOwnKayak": "candidate",
        "sources": null,
        "source": {
          "provider": "Kayakomat Furusund",
          "url": "https://www.kayakomat.com/sv/location/66aa4b6492acb98b414580b7",
          "lastAccessedAt": "2026-04-26"
        },
        "needsFollowup": [
          "Confirm exact parking availability, fees and own-kayak launch point."
        ]
      }
    }
  ]
}
