{
  "type": "FeatureCollection",
  "features": [
    {
      "type": "Feature",
      "id": "PS.ProtectedSites.Natura2000.SE0330233",
      "geometry": {
        "type": "MultiPolygon",
        "coordinates": [
          [
            [
              [
                16.17316357,
                57.35234675
              ],
              [
                16.17331977,
                57.352248
              ],
              [
                16.17347259,
                57.35224805
              ],
              [
                16.17372839,
                57.35225533
              ],
              [
                16.17395763,
                57.35226618
              ],
              [
                16.17411381,
                57.352189
              ],
              [
                16.17417698,
                57.35210639
              ],
              [
                16.1741006,
                57.35205606
              ],
              [
                16.17396109,
                57.35202727
              ],
              [
                16.17375843,
                57.35203438
              ],
              [
                16.17354251,
                57.35201455
              ],
              [
                16.1730841,
                57.35192817
              ],
              [
                16.17289142,
                57.35189397
              ],
              [
                16.17277514,
                57.35188495
              ],
              [
                16.17250339,
                57.35191707
              ],
              [
                16.17268876,
                57.35214907
              ],
              [
                16.17262057,
                57.35224503
              ],
              [
                16.1725584,
                57.35231101
              ],
              [
                16.17253366,
                57.35236937
              ],
              [
                16.17264858,
                57.3524256
              ],
              [
                16.17277479,
                57.35245797
              ],
              [
                16.17291101,
                57.35245623
              ],
              [
                16.17316357,
                57.35234675
              ]
            ]
          ],
          [
            [
              [
                16.117668,
                57.35774447
              ],
              [
                16.11817834,
                57.35766732
              ],
              [
                16.11825514,
                57.35769752
              ],
              [
                16.11844929,
                57.35764403
              ],
              [
                16.11856452,
                57.35756817
              ],
              [
                16.11867508,
                57.35740145
              ],
              [
                16.11873979,
                57.3573176
              ],
              [
                16.11875473,
                57.35731748
              ],
              [
                16.11897182,
                57.35731574
              ],
              [
                16.11890225,
                57.35721483
              ],
              [
                16.11875584,
                57.3572168
              ],
              [
                16.11867896,
                57.35721783
              ],
              [
                16.1183782,
                57.35729163
              ],
              [
                16.11825671,
                57.3572275
              ],
              [
                16.11826434,
                57.35720385
              ],
              [
                16.1185726,
                57.35715043
              ],
              [
                16.11855427,
                57.35711499
              ],
              [
                16.11846835,
                57.3569964
              ],
              [
                16.11816596,
                57.35691676
              ],
              [
                16.11806728,
                57.35676831
              ],
              [
                16.11814554,
                57.35665764
              ],
              [
                16.11826134,
                57.35656946
              ],
              [
                16.11803869,
                57.35655716
              ],
              [
                16.11778965,
                57.35657903
              ],
              [
                16.11756726,
                57.35661524
              ],
              [
                16.11737117,
                57.35659932
              ],
              [
                16.11715832,
                57.35655647
              ],
              [
                16.11689414,
                57.35649663
              ],
              [
                16.11674654,
                57.3564605
              ],
              [
                16.11674202,
                57.35645973
              ],
              [
                16.11649911,
                57.35642997
              ],
              [
                16.11647379,
                57.35642586
              ],
              [
                16.11639965,
                57.35641386
              ],
              [
                16.116312,
                57.35641247
              ],
              [
                16.11630372,
                57.35641233
              ],
              [
                16.11601848,
                57.3564439
              ],
              [
                16.11603867,
                57.35655815
              ],
              [
                16.11617526,
                57.3567968
              ],
              [
                16.11630842,
                57.35696935
              ],
              [
                16.11627805,
                57.35698251
              ],
              [
                16.11626365,
                57.35698875
              ],
              [
                16.11621121,
                57.35712176
              ],
              [
                16.11609867,
                57.35720095
              ],
              [
                16.11593601,
                57.35722631
              ],
              [
                16.11580967,
                57.3572067
              ],
              [
                16.11567623,
                57.35710446
              ],
              [
                16.11550694,
                57.35712982
              ],
              [
                16.11545083,
                57.35719815
              ],
              [
                16.11549452,
                57.35729511
              ],
              [
                16.11545865,
                57.35742092
              ],
              [
                16.115386,
                57.35750544
              ],
              [
                16.11528005,
                57.35757204
              ],
              [
                16.11529734,
                57.35769958
              ],
              [
                16.11547763,
                57.35786823
              ],
              [
                16.11570112,
                57.35803683
              ],
              [
                16.11591778,
                57.35817131
              ],
              [
                16.11604811,
                57.35831487
              ],
              [
                16.11639333,
                57.35826054
              ],
              [
                16.11652742,
                57.35825499
              ],
              [
                16.11653579,
                57.35816223
              ],
              [
                16.11659419,
                57.35811934
              ],
              [
                16.11665292,
                57.35810641
              ],
              [
                16.11682506,
                57.35809471
              ],
              [
                16.1168895,
                57.35805942
              ],
              [
                16.11698384,
                57.35799045
              ],
              [
                16.11705507,
                57.3579583
              ],
              [
                16.11710783,
                57.35795501
              ],
              [
                16.11725148,
                57.35795293
              ],
              [
                16.1174185,
                57.357885
              ],
              [
                16.11764979,
                57.35774722
              ],
              [
                16.117668,
                57.35774447
              ]
            ]
          ],
          [
            [
              [
                16.15731056,
                57.35495383
              ],
              [
                16.15737372,
                57.35492153
              ],
              [
                16.15743689,
                57.35488743
              ],
              [
                16.15752994,
                57.35486412
              ],
              [
                16.15772267,
                57.35483547
              ],
              [
                16.158045,
                57.35479251
              ],
              [
                16.15827755,
                57.3547998
              ],
              [
                16.15848676,
                57.3549005
              ],
              [
                16.15857644,
                57.35493646
              ],
              [
                16.1587393,
                57.35487008
              ],
              [
                16.15875956,
                57.35485986
              ],
              [
                16.15968996,
                57.35421108
              ],
              [
                16.16169957,
                57.35280966
              ],
              [
                16.16158192,
                57.35276787
              ],
              [
                16.1613594,
                57.35270131
              ],
              [
                16.1611136,
                57.35266706
              ],
              [
                16.16100396,
                57.35265444
              ],
              [
                16.16078143,
                57.35259506
              ],
              [
                16.16057219,
                57.35253569
              ],
              [
                16.16041277,
                57.35247813
              ],
              [
                16.16022677,
                57.35242596
              ],
              [
                16.15997772,
                57.35231088
              ],
              [
                16.16008419,
                57.35215285
              ],
              [
                16.16014072,
                57.35209181
              ],
              [
                16.16011086,
                57.35205047
              ],
              [
                16.16007645,
                57.35203528
              ],
              [
                16.15995218,
                57.35211298
              ],
              [
                16.15934288,
                57.3518538
              ],
              [
                16.15916789,
                57.35177937
              ],
              [
                16.15887212,
                57.35194384
              ],
              [
                16.15876573,
                57.35199458
              ],
              [
                16.15839738,
                57.35219481
              ],
              [
                16.15779795,
                57.35230366
              ],
              [
                16.15737715,
                57.35227244
              ],
              [
                16.15728585,
                57.3522806
              ],
              [
                16.15710922,
                57.35230623
              ],
              [
                16.15703373,
                57.35228633
              ],
              [
                16.15687674,
                57.35221723
              ],
              [
                16.15678334,
                57.35210959
              ],
              [
                16.15690461,
                57.35205387
              ],
              [
                16.15701402,
                57.35194919
              ],
              [
                16.15693147,
                57.35188628
              ],
              [
                16.15690169,
                57.3518295
              ],
              [
                16.15576979,
                57.35218812
              ],
              [
                16.15538729,
                57.35230931
              ],
              [
                16.15448829,
                57.35259412
              ],
              [
                16.15444442,
                57.35260802
              ],
              [
                16.15364323,
                57.35384762
              ],
              [
                16.1534299,
                57.35417765
              ],
              [
                16.15353385,
                57.35414901
              ],
              [
                16.1536734,
                57.35412932
              ],
              [
                16.1537963,
                57.35416711
              ],
              [
                16.15385609,
                57.35417792
              ],
              [
                16.15404886,
                57.35411694
              ],
              [
                16.15441778,
                57.35399677
              ],
              [
                16.15459389,
                57.3539753
              ],
              [
                16.15474003,
                57.3540149
              ],
              [
                16.15489277,
                57.35408502
              ],
              [
                16.15503225,
                57.35414438
              ],
              [
                16.15518826,
                57.35427918
              ],
              [
                16.15525129,
                57.35436183
              ],
              [
                16.15533417,
                57.35452714
              ],
              [
                16.15529757,
                57.35457922
              ],
              [
                16.15512804,
                57.35465638
              ],
              [
                16.15503497,
                57.35468867
              ],
              [
                16.15495847,
                57.35477484
              ],
              [
                16.15494169,
                57.35492214
              ],
              [
                16.15499479,
                57.35496348
              ],
              [
                16.15504462,
                57.35498326
              ],
              [
                16.15521408,
                57.35496358
              ],
              [
                16.15543338,
                57.35494573
              ],
              [
                16.15553302,
                57.35497812
              ],
              [
                16.1556559,
                57.35503566
              ],
              [
                16.15577209,
                57.35510757
              ],
              [
                16.15589164,
                57.3551705
              ],
              [
                16.15598129,
                57.35523162
              ],
              [
                16.15607759,
                57.3552658
              ],
              [
                16.15636994,
                57.35530725
              ],
              [
                16.1565892,
                57.35531814
              ],
              [
                16.15668228,
                57.35527148
              ],
              [
                16.15681193,
                57.35520508
              ],
              [
                16.15696487,
                57.35510455
              ],
              [
                16.15707459,
                57.35502378
              ],
              [
                16.15715768,
                57.35500225
              ],
              [
                16.15731056,
                57.35495383
              ]
            ]
          ],
          [
            [
              [
                16.16619597,
                57.36061311
              ],
              [
                16.16614172,
                57.36036227
              ],
              [
                16.16617293,
                57.36024912
              ],
              [
                16.16626188,
                57.36007825
              ],
              [
                16.16639403,
                57.35998887
              ],
              [
                16.16657865,
                57.35993957
              ],
              [
                16.16674158,
                57.35994341
              ],
              [
                16.16691026,
                57.35996663
              ],
              [
                16.16699213,
                57.36001122
              ],
              [
                16.16704115,
                57.36013414
              ],
              [
                16.1671153,
                57.36032192
              ],
              [
                16.16720267,
                57.36059238
              ],
              [
                16.16728358,
                57.36055914
              ],
              [
                16.1673703,
                57.3601604
              ],
              [
                16.16737705,
                57.36002567
              ],
              [
                16.16737048,
                57.3599107
              ],
              [
                16.16732743,
                57.35972566
              ],
              [
                16.1672644,
                57.3595963
              ],
              [
                16.16708164,
                57.35959803
              ],
              [
                16.16699034,
                57.3596176
              ],
              [
                16.16737058,
                57.35946753
              ],
              [
                16.16750044,
                57.35943114
              ],
              [
                16.16786935,
                57.35934146
              ],
              [
                16.1679172,
                57.35933285
              ],
              [
                16.16954257,
                57.35911877
              ],
              [
                16.16972364,
                57.3591338
              ],
              [
                16.16989641,
                57.35915901
              ],
              [
                16.17036156,
                57.35921847
              ],
              [
                16.17075032,
                57.35924915
              ],
              [
                16.17101282,
                57.35926182
              ],
              [
                16.17136501,
                57.35930506
              ],
              [
                16.17162749,
                57.35933929
              ],
              [
                16.17177701,
                57.35933934
              ],
              [
                16.17184681,
                57.35931243
              ],
              [
                16.17198976,
                57.35922086
              ],
              [
                16.1720696,
                57.35908078
              ],
              [
                16.17221927,
                57.35884551
              ],
              [
                16.17242884,
                57.35845579
              ],
              [
                16.1726251,
                57.3581433
              ],
              [
                16.17260833,
                57.3580979
              ],
              [
                16.17256979,
                57.35808204
              ],
              [
                16.17236229,
                57.35794616
              ],
              [
                16.17221805,
                57.35782087
              ],
              [
                16.17214359,
                57.35769358
              ],
              [
                16.17217467,
                57.35749055
              ],
              [
                16.17248716,
                57.35718612
              ],
              [
                16.17269446,
                57.35699155
              ],
              [
                16.1728024,
                57.3568296
              ],
              [
                16.17286387,
                57.35666958
              ],
              [
                16.17289892,
                57.3565294
              ],
              [
                16.17296391,
                57.35639093
              ],
              [
                16.17322326,
                57.35609024
              ],
              [
                16.17332701,
                57.3560051
              ],
              [
                16.17328107,
                57.35581369
              ],
              [
                16.17331784,
                57.35545623
              ],
              [
                16.17343091,
                57.35526586
              ],
              [
                16.17348495,
                57.35521909
              ],
              [
                16.17421341,
                57.35493463
              ],
              [
                16.17608316,
                57.3546128
              ],
              [
                16.17607496,
                57.35470094
              ],
              [
                16.17650288,
                57.35476896
              ],
              [
                16.17681483,
                57.35501974
              ],
              [
                16.17714778,
                57.35508687
              ],
              [
                16.17758792,
                57.35503517
              ],
              [
                16.17811492,
                57.35504131
              ],
              [
                16.17863727,
                57.35508867
              ],
              [
                16.17912878,
                57.35530773
              ],
              [
                16.17951917,
                57.3551144
              ],
              [
                16.17988503,
                57.35509004
              ],
              [
                16.17988988,
                57.35509191
              ],
              [
                16.18005599,
                57.35514585
              ],
              [
                16.18030519,
                57.35513695
              ],
              [
                16.18060088,
                57.35513164
              ],
              [
                16.18086005,
                57.35510837
              ],
              [
                16.18106605,
                57.35508148
              ],
              [
                16.18128191,
                57.35501077
              ],
              [
                16.18156788,
                57.35490159
              ],
              [
                16.18187337,
                57.35486396
              ],
              [
                16.18174402,
                57.35478329
              ],
              [
                16.18182065,
                57.35473675
              ],
              [
                16.18230787,
                57.35461951
              ],
              [
                16.18254428,
                57.35453523
              ],
              [
                16.18274975,
                57.35442931
              ],
              [
                16.18274608,
                57.35439724
              ],
              [
                16.18242854,
                57.35429867
              ],
              [
                16.18188039,
                57.35414403
              ],
              [
                16.18156812,
                57.3540649
              ],
              [
                16.18141531,
                57.35402714
              ],
              [
                16.18119605,
                57.35396061
              ],
              [
                16.18119497,
                57.35395924
              ],
              [
                16.18107396,
                57.35394711
              ],
              [
                16.1809187,
                57.35381883
              ],
              [
                16.18017148,
                57.35318475
              ],
              [
                16.18008357,
                57.35311015
              ],
              [
                16.17989582,
                57.35313963
              ],
              [
                16.1792907,
                57.35323466
              ],
              [
                16.17918127,
                57.35327816
              ],
              [
                16.17890318,
                57.35338869
              ],
              [
                16.17868518,
                57.35347533
              ],
              [
                16.17835174,
                57.35337037
              ],
              [
                16.17801296,
                57.35333103
              ],
              [
                16.17782941,
                57.35331445
              ],
              [
                16.1777242,
                57.3532957
              ],
              [
                16.17739378,
                57.35326963
              ],
              [
                16.17726647,
                57.35322254
              ],
              [
                16.17707133,
                57.35318596
              ],
              [
                16.17676194,
                57.35318068
              ],
              [
                16.17650996,
                57.35318761
              ],
              [
                16.17651824,
                57.35326289
              ],
              [
                16.17486236,
                57.3533517
              ],
              [
                16.1743363,
                57.35392816
              ],
              [
                16.17380987,
                57.35446869
              ],
              [
                16.17376029,
                57.35449144
              ],
              [
                16.17376031,
                57.35445943
              ],
              [
                16.17371384,
                57.35440553
              ],
              [
                16.17359422,
                57.35442704
              ],
              [
                16.17349118,
                57.35449347
              ],
              [
                16.17338482,
                57.35456887
              ],
              [
                16.17311235,
                57.35462088
              ],
              [
                16.17293626,
                57.35463877
              ],
              [
                16.17270701,
                57.35462252
              ],
              [
                16.17255423,
                57.35455601
              ],
              [
                16.1723516,
                57.35448408
              ],
              [
                16.17224198,
                57.35446249
              ],
              [
                16.17202603,
                57.35445342
              ],
              [
                16.17183332,
                57.35445875
              ],
              [
                16.17169379,
                57.35445869
              ],
              [
                16.1715509,
                57.35448918
              ],
              [
                16.1713681,
                57.35459689
              ],
              [
                16.17126839,
                57.35465434
              ],
              [
                16.17113214,
                57.3546974
              ],
              [
                16.17102914,
                57.35470635
              ],
              [
                16.17095605,
                57.35469016
              ],
              [
                16.17087632,
                57.35467396
              ],
              [
                16.17069359,
                57.35465413
              ],
              [
                16.17045437,
                57.35468996
              ],
              [
                16.17012877,
                57.35468805
              ],
              [
                16.16958052,
                57.3547561
              ],
              [
                16.16929804,
                57.35485838
              ],
              [
                16.16914516,
                57.35491401
              ],
              [
                16.16900225,
                57.35498401
              ],
              [
                16.16888921,
                57.35508277
              ],
              [
                16.16871633,
                57.35523898
              ],
              [
                16.16829753,
                57.35546336
              ],
              [
                16.16808482,
                57.35557645
              ],
              [
                16.16806479,
                57.355695
              ],
              [
                16.16808128,
                57.35586026
              ],
              [
                16.16814767,
                57.35593034
              ],
              [
                16.16825729,
                57.3559753
              ],
              [
                16.16840678,
                57.35602026
              ],
              [
                16.16862272,
                57.35604909
              ],
              [
                16.16870906,
                57.35609762
              ],
              [
                16.16875556,
                57.35614075
              ],
              [
                16.1687821,
                57.35618387
              ],
              [
                16.1687422,
                57.35622877
              ],
              [
                16.16855278,
                57.35627001
              ],
              [
                16.16831356,
                57.35626094
              ],
              [
                16.16802112,
                57.35634525
              ],
              [
                16.16787821,
                57.3563883
              ],
              [
                16.16757579,
                57.35647801
              ],
              [
                16.16736308,
                57.35654977
              ],
              [
                16.16722017,
                57.35661258
              ],
              [
                16.16688778,
                57.35677412
              ],
              [
                16.1665321,
                57.35698415
              ],
              [
                16.16654521,
                57.3572069
              ],
              [
                16.16641224,
                57.35729307
              ],
              [
                16.16626267,
                57.35736307
              ],
              [
                16.16616958,
                57.35741871
              ],
              [
                16.16613962,
                57.35749235
              ],
              [
                16.16581393,
                57.35756766
              ],
              [
                16.16566108,
                57.35757479
              ],
              [
                16.16588679,
                57.35786229
              ],
              [
                16.16603001,
                57.35805061
              ],
              [
                16.16609382,
                57.35805161
              ],
              [
                16.16628414,
                57.358038
              ],
              [
                16.16645705,
                57.35800022
              ],
              [
                16.16665053,
                57.35796792
              ],
              [
                16.16689228,
                57.35805802
              ],
              [
                16.16706188,
                57.35819187
              ],
              [
                16.16716404,
                57.35831348
              ],
              [
                16.16720057,
                57.35839326
              ],
              [
                16.1671233,
                57.35847199
              ],
              [
                16.16699175,
                57.35855793
              ],
              [
                16.16715749,
                57.35867145
              ],
              [
                16.166884,
                57.35886224
              ],
              [
                16.16671115,
                57.35899118
              ],
              [
                16.16683624,
                57.35902609
              ],
              [
                16.16693889,
                57.35893967
              ],
              [
                16.16708623,
                57.35883293
              ],
              [
                16.16715437,
                57.35883101
              ],
              [
                16.16730443,
                57.35871773
              ],
              [
                16.16740292,
                57.35878935
              ],
              [
                16.16739899,
                57.358864
              ],
              [
                16.16736384,
                57.35898758
              ],
              [
                16.16699988,
                57.35901607
              ],
              [
                16.16692831,
                57.35915923
              ],
              [
                16.1669955,
                57.35936491
              ],
              [
                16.16699237,
                57.35938123
              ],
              [
                16.16664085,
                57.35966381
              ],
              [
                16.16647348,
                57.35967322
              ],
              [
                16.16628406,
                57.3596983
              ],
              [
                16.16614448,
                57.35973417
              ],
              [
                16.16564921,
                57.35993516
              ],
              [
                16.16559599,
                57.35999441
              ],
              [
                16.16562584,
                57.36006089
              ],
              [
                16.1656889,
                57.36013636
              ],
              [
                16.16577525,
                57.36021543
              ],
              [
                16.16576524,
                57.36026573
              ],
              [
                16.16567213,
                57.36034293
              ],
              [
                16.16558237,
                57.36039139
              ],
              [
                16.16544944,
                57.36041469
              ],
              [
                16.16524337,
                57.36046491
              ],
              [
                16.16511044,
                57.36046843
              ],
              [
                16.16498753,
                57.36043067
              ],
              [
                16.16482812,
                57.3603318
              ],
              [
                16.16473838,
                57.36035871
              ],
              [
                16.16455556,
                57.36041252
              ],
              [
                16.16424298,
                57.36068364
              ],
              [
                16.16395034,
                57.36094039
              ],
              [
                16.16379736,
                57.36108403
              ],
              [
                16.16358791,
                57.36121147
              ],
              [
                16.1634682,
                57.36128328
              ],
              [
                16.16343826,
                57.36132458
              ],
              [
                16.16353791,
                57.36136954
              ],
              [
                16.16368743,
                57.36140373
              ],
              [
                16.16411606,
                57.36145241
              ],
              [
                16.16459454,
                57.36149033
              ],
              [
                16.16504313,
                57.36151567
              ],
              [
                16.1655748,
                57.36153026
              ],
              [
                16.16568114,
                57.36151953
              ],
              [
                16.16588723,
                57.36146392
              ],
              [
                16.16610328,
                57.36139575
              ],
              [
                16.16631716,
                57.36130041
              ],
              [
                16.1662926,
                57.36130008
              ],
              [
                16.16622846,
                57.36119747
              ],
              [
                16.16616696,
                57.36108666
              ],
              [
                16.16612438,
                57.36094864
              ],
              [
                16.16612408,
                57.36079535
              ],
              [
                16.16618956,
                57.36070494
              ],
              [
                16.16619597,
                57.36061311
              ]
            ]
          ],
          [
            [
              [
                16.12862455,
                57.36530224
              ],
              [
                16.13069111,
                57.36523972
              ],
              [
                16.1306998,
                57.36524466
              ],
              [
                16.1307047,
                57.36521599
              ],
              [
                16.13102151,
                57.36307684
              ],
              [
                16.13102583,
                57.36304759
              ],
              [
                16.13102935,
                57.36304512
              ],
              [
                16.13112406,
                57.36266232
              ],
              [
                16.13108498,
                57.36265202
              ],
              [
                16.13105489,
                57.36260611
              ],
              [
                16.13086453,
                57.36231567
              ],
              [
                16.13020093,
                57.36240186
              ],
              [
                16.13007777,
                57.36232991
              ],
              [
                16.12988963,
                57.36224958
              ],
              [
                16.12983903,
                57.36218312
              ],
              [
                16.12997997,
                57.36204595
              ],
              [
                16.13007165,
                57.3619816
              ],
              [
                16.13007864,
                57.36194543
              ],
              [
                16.13007797,
                57.36194531
              ],
              [
                16.13008917,
                57.36188106
              ],
              [
                16.13004566,
                57.36184913
              ],
              [
                16.13006331,
                57.36176496
              ],
              [
                16.13024539,
                57.3616158
              ],
              [
                16.13052019,
                57.36163082
              ],
              [
                16.13076059,
                57.36168415
              ],
              [
                16.13089205,
                57.36161011
              ],
              [
                16.13105148,
                57.36148348
              ],
              [
                16.13116779,
                57.3614737
              ],
              [
                16.13121398,
                57.36141927
              ],
              [
                16.13126514,
                57.36136749
              ],
              [
                16.13138964,
                57.36133607
              ],
              [
                16.1315837,
                57.36118435
              ],
              [
                16.13176889,
                57.36115694
              ],
              [
                16.13208918,
                57.36118111
              ],
              [
                16.13223544,
                57.36121664
              ],
              [
                16.13243818,
                57.36123041
              ],
              [
                16.13253678,
                57.36118491
              ],
              [
                16.13271956,
                57.36109002
              ],
              [
                16.13256377,
                57.36071147
              ],
              [
                16.13244395,
                57.3603631
              ],
              [
                16.13230258,
                57.3603995
              ],
              [
                16.13201329,
                57.3603838
              ],
              [
                16.1336343,
                57.35933837
              ],
              [
                16.13368379,
                57.35935992
              ],
              [
                16.13365813,
                57.35939836
              ],
              [
                16.1337792,
                57.35947396
              ],
              [
                16.13386385,
                57.35944803
              ],
              [
                16.13414867,
                57.35923165
              ],
              [
                16.13483665,
                57.35944558
              ],
              [
                16.13437681,
                57.35973818
              ],
              [
                16.13435113,
                57.35975452
              ],
              [
                16.13446198,
                57.35979508
              ],
              [
                16.13461243,
                57.35981942
              ],
              [
                16.1347056,
                57.35981935
              ],
              [
                16.1348344,
                57.35981925
              ],
              [
                16.13515476,
                57.35987813
              ],
              [
                16.13560968,
                57.36002151
              ],
              [
                16.13574765,
                57.36006493
              ],
              [
                16.13612806,
                57.36018467
              ],
              [
                16.13638866,
                57.36025853
              ],
              [
                16.13670883,
                57.36031983
              ],
              [
                16.13685255,
                57.36031946
              ],
              [
                16.13698441,
                57.36031911
              ],
              [
                16.13731705,
                57.3602779
              ],
              [
                16.13753095,
                57.36023561
              ],
              [
                16.13769381,
                57.36014436
              ],
              [
                16.13778739,
                57.36009192
              ],
              [
                16.13783587,
                57.36006475
              ],
              [
                16.13783603,
                57.36006466
              ],
              [
                16.13782044,
                57.35923727
              ],
              [
                16.13764344,
                57.35914974
              ],
              [
                16.13760565,
                57.3591305
              ],
              [
                16.13752061,
                57.3590872
              ],
              [
                16.13737825,
                57.35904105
              ],
              [
                16.13722771,
                57.35899226
              ],
              [
                16.13687043,
                57.35884619
              ],
              [
                16.13645624,
                57.35866259
              ],
              [
                16.13602147,
                57.3584216
              ],
              [
                16.13565017,
                57.35820912
              ],
              [
                16.13559175,
                57.35804231
              ],
              [
                16.13556353,
                57.35789695
              ],
              [
                16.13529837,
                57.35794233
              ],
              [
                16.13495992,
                57.35800025
              ],
              [
                16.13462452,
                57.35805766
              ],
              [
                16.13461625,
                57.35805907
              ],
              [
                16.13318496,
                57.3585924
              ],
              [
                16.13317966,
                57.35862664
              ],
              [
                16.13312696,
                57.35870756
              ],
              [
                16.13296128,
                57.35878323
              ],
              [
                16.13258637,
                57.35886999
              ],
              [
                16.13252787,
                57.35888356
              ],
              [
                16.13110876,
                57.35851993
              ],
              [
                16.1310855,
                57.35843727
              ],
              [
                16.131118,
                57.35834009
              ],
              [
                16.13120831,
                57.35821797
              ],
              [
                16.13188464,
                57.35782522
              ],
              [
                16.13224442,
                57.3576052
              ],
              [
                16.13236146,
                57.35743973
              ],
              [
                16.13236029,
                57.35730828
              ],
              [
                16.13210981,
                57.35722945
              ],
              [
                16.13037006,
                57.35651794
              ],
              [
                16.13018849,
                57.35643751
              ],
              [
                16.13014056,
                57.3566601
              ],
              [
                16.12895257,
                57.3573254
              ],
              [
                16.12913206,
                57.35739743
              ],
              [
                16.12929925,
                57.35746071
              ],
              [
                16.12948687,
                57.35753272
              ],
              [
                16.12970724,
                57.3576332
              ],
              [
                16.12983382,
                57.35769877
              ],
              [
                16.13004616,
                57.35781026
              ],
              [
                16.12993852,
                57.35783346
              ],
              [
                16.12985091,
                57.35788798
              ],
              [
                16.12893427,
                57.35754469
              ],
              [
                16.12818284,
                57.35769918
              ],
              [
                16.12802907,
                57.35769957
              ],
              [
                16.12766276,
                57.35787315
              ],
              [
                16.1270137,
                57.35782424
              ],
              [
                16.12635771,
                57.35769445
              ],
              [
                16.12659777,
                57.35732981
              ],
              [
                16.12616839,
                57.35722939
              ],
              [
                16.12572228,
                57.35704769
              ],
              [
                16.12613121,
                57.35664543
              ],
              [
                16.12534732,
                57.35633907
              ],
              [
                16.12429526,
                57.357125
              ],
              [
                16.12492741,
                57.35742324
              ],
              [
                16.12457762,
                57.35781227
              ],
              [
                16.12466508,
                57.35823561
              ],
              [
                16.12438482,
                57.35836451
              ],
              [
                16.12379688,
                57.35845744
              ],
              [
                16.12352229,
                57.35849061
              ],
              [
                16.12327842,
                57.35852854
              ],
              [
                16.12293597,
                57.35853331
              ],
              [
                16.12271907,
                57.35847999
              ],
              [
                16.12246443,
                57.35841524
              ],
              [
                16.12234682,
                57.35835239
              ],
              [
                16.12232594,
                57.35836716
              ],
              [
                16.1223432,
                57.3583764
              ],
              [
                16.12227272,
                57.35840815
              ],
              [
                16.12217514,
                57.35844726
              ],
              [
                16.12209586,
                57.35852821
              ],
              [
                16.12219386,
                57.358571
              ],
              [
                16.1226452,
                57.35873949
              ],
              [
                16.12300123,
                57.35883964
              ],
              [
                16.12341333,
                57.35886246
              ],
              [
                16.12381245,
                57.35893919
              ],
              [
                16.12408856,
                57.35900531
              ],
              [
                16.12431124,
                57.35902118
              ],
              [
                16.12443053,
                57.35896533
              ],
              [
                16.1245567,
                57.35895079
              ],
              [
                16.12452978,
                57.35901289
              ],
              [
                16.12468576,
                57.35902016
              ],
              [
                16.12494782,
                57.35916047
              ],
              [
                16.12522891,
                57.35918144
              ],
              [
                16.12557029,
                57.3592131
              ],
              [
                16.12597222,
                57.35917256
              ],
              [
                16.12601348,
                57.3591522
              ],
              [
                16.12681875,
                57.36043403
              ],
              [
                16.12719963,
                57.36136044
              ],
              [
                16.12712967,
                57.36145266
              ],
              [
                16.1271076,
                57.36145901
              ],
              [
                16.12710837,
                57.3614706
              ],
              [
                16.12717101,
                57.36151505
              ],
              [
                16.12730056,
                57.36156336
              ],
              [
                16.12769957,
                57.36171815
              ],
              [
                16.12783571,
                57.36173562
              ],
              [
                16.12790271,
                57.36175858
              ],
              [
                16.12807074,
                57.36181971
              ],
              [
                16.12810108,
                57.3618322
              ],
              [
                16.128111,
                57.36189604
              ],
              [
                16.1281124,
                57.36191157
              ],
              [
                16.12814731,
                57.36230189
              ],
              [
                16.12807962,
                57.36234092
              ],
              [
                16.12806396,
                57.36234366
              ],
              [
                16.1279334,
                57.36236671
              ],
              [
                16.12793514,
                57.36256522
              ],
              [
                16.1281966,
                57.36280978
              ],
              [
                16.12833691,
                57.36327781
              ],
              [
                16.12833372,
                57.36366191
              ],
              [
                16.12835677,
                57.36382533
              ],
              [
                16.12840337,
                57.36421057
              ],
              [
                16.1284515,
                57.36477098
              ],
              [
                16.12862455,
                57.36530224
              ]
            ]
          ],
          [
            [
              [
                16.12179373,
                57.35648818
              ],
              [
                16.12198416,
                57.35640265
              ],
              [
                16.12228352,
                57.35642481
              ],
              [
                16.1227484,
                57.35645862
              ],
              [
                16.12272588,
                57.3564955
              ],
              [
                16.12276601,
                57.35654216
              ],
              [
                16.12304222,
                57.35662983
              ],
              [
                16.12307891,
                57.35663573
              ],
              [
                16.12426307,
                57.35595465
              ],
              [
                16.12509513,
                57.35577421
              ],
              [
                16.12510855,
                57.35602378
              ],
              [
                16.13040757,
                57.35470967
              ],
              [
                16.13050399,
                57.35475707
              ],
              [
                16.13082775,
                57.35460919
              ],
              [
                16.13099664,
                57.35451733
              ],
              [
                16.13123175,
                57.35438767
              ],
              [
                16.13142701,
                57.35425805
              ],
              [
                16.1317737,
                57.35406205
              ],
              [
                16.13166669,
                57.35398435
              ],
              [
                16.13169781,
                57.35396227
              ],
              [
                16.13225456,
                57.35370905
              ],
              [
                16.13160064,
                57.35350931
              ],
              [
                16.13224965,
                57.35315513
              ],
              [
                16.13293631,
                57.35328007
              ],
              [
                16.13336983,
                57.35340401
              ],
              [
                16.13485772,
                57.353098
              ],
              [
                16.13569527,
                57.3529951
              ],
              [
                16.13662417,
                57.35269052
              ],
              [
                16.13708453,
                57.35208504
              ],
              [
                16.13736084,
                57.35173182
              ],
              [
                16.13782435,
                57.35147881
              ],
              [
                16.1386614,
                57.35132554
              ],
              [
                16.13949844,
                57.35117225
              ],
              [
                16.14051996,
                57.35081705
              ],
              [
                16.14116792,
                57.35036212
              ],
              [
                16.14153962,
                57.35026042
              ],
              [
                16.14100185,
                57.3496505
              ],
              [
                16.14080498,
                57.34947265
              ],
              [
                16.14082644,
                57.34945153
              ],
              [
                16.14095227,
                57.34932763
              ],
              [
                16.14113847,
                57.3491443
              ],
              [
                16.14179331,
                57.34907866
              ],
              [
                16.14209893,
                57.34907524
              ],
              [
                16.14226831,
                57.34909331
              ],
              [
                16.14229818,
                57.34911668
              ],
              [
                16.14230807,
                57.34916878
              ],
              [
                16.14233124,
                57.34923526
              ],
              [
                16.14253712,
                57.34928388
              ],
              [
                16.14273644,
                57.3492858
              ],
              [
                16.14294904,
                57.34928233
              ],
              [
                16.14308193,
                57.34927881
              ],
              [
                16.14319821,
                57.3492753
              ],
              [
                16.14331782,
                57.34924841
              ],
              [
                16.1434575,
                57.3491479
              ],
              [
                16.14339462,
                57.34897542
              ],
              [
                16.14335161,
                57.34885325
              ],
              [
                16.14317934,
                57.34852262
              ],
              [
                16.14295493,
                57.34802234
              ],
              [
                16.14273644,
                57.34764342
              ],
              [
                16.14171113,
                57.34586521
              ],
              [
                16.1417043,
                57.34586443
              ],
              [
                16.13978274,
                57.34564706
              ],
              [
                16.13946031,
                57.34561057
              ],
              [
                16.13941614,
                57.34560558
              ],
              [
                16.13906982,
                57.34598298
              ],
              [
                16.13835609,
                57.34676073
              ],
              [
                16.13831632,
                57.34680406
              ],
              [
                16.13829146,
                57.34679929
              ],
              [
                16.13786597,
                57.34677707
              ],
              [
                16.13758745,
                57.34678257
              ],
              [
                16.13755039,
                57.3467833
              ],
              [
                16.13744335,
                57.34676349
              ],
              [
                16.13740959,
                57.34675725
              ],
              [
                16.13716941,
                57.34667363
              ],
              [
                16.13700955,
                57.34664004
              ],
              [
                16.13676979,
                57.34659054
              ],
              [
                16.13633161,
                57.34662072
              ],
              [
                16.13609906,
                57.34662149
              ],
              [
                16.13580025,
                57.34663683
              ],
              [
                16.13564744,
                57.34663913
              ],
              [
                16.13451879,
                57.34705998
              ],
              [
                16.13527561,
                57.34773994
              ],
              [
                16.13532383,
                57.34778326
              ],
              [
                16.13527623,
                57.34780947
              ],
              [
                16.13296184,
                57.34942691
              ],
              [
                16.13138093,
                57.34973314
              ],
              [
                16.13112931,
                57.34980195
              ],
              [
                16.13065651,
                57.35007274
              ],
              [
                16.13045505,
                57.35018114
              ],
              [
                16.13028338,
                57.35027687
              ],
              [
                16.13009189,
                57.35038525
              ],
              [
                16.1300158,
                57.35041422
              ],
              [
                16.12967492,
                57.35053385
              ],
              [
                16.12935268,
                57.35083119
              ],
              [
                16.12923243,
                57.35089525
              ],
              [
                16.12899237,
                57.35117147
              ],
              [
                16.12897059,
                57.35152444
              ],
              [
                16.1290908,
                57.35220343
              ],
              [
                16.12795762,
                57.35241083
              ],
              [
                16.12791322,
                57.35249223
              ],
              [
                16.12781601,
                57.35247895
              ],
              [
                16.12768978,
                57.35247911
              ],
              [
                16.12748089,
                57.35254587
              ],
              [
                16.12710955,
                57.35267211
              ],
              [
                16.12692719,
                57.35273164
              ],
              [
                16.126639,
                57.35287575
              ],
              [
                16.12644333,
                57.35293169
              ],
              [
                16.12636506,
                57.35293044
              ],
              [
                16.12607965,
                57.35282863
              ],
              [
                16.12602711,
                57.35275259
              ],
              [
                16.12607966,
                57.35264653
              ],
              [
                16.12630161,
                57.35253665
              ],
              [
                16.12645374,
                57.35241788
              ],
              [
                16.12660585,
                57.35229371
              ],
              [
                16.1266652,
                57.35221638
              ],
              [
                16.12668138,
                57.35213731
              ],
              [
                16.1266178,
                57.35205476
              ],
              [
                16.12651786,
                57.35200279
              ],
              [
                16.12637489,
                57.35197962
              ],
              [
                16.12618909,
                57.3520158
              ],
              [
                16.12599328,
                57.3520484
              ],
              [
                16.12584037,
                57.35203063
              ],
              [
                16.12568397,
                57.35198053
              ],
              [
                16.12552762,
                57.35193942
              ],
              [
                16.12532155,
                57.35191634
              ],
              [
                16.12513219,
                57.35191299
              ],
              [
                16.12503098,
                57.35187944
              ],
              [
                16.12557181,
                57.35092611
              ],
              [
                16.12555851,
                57.35092008
              ],
              [
                16.1254398,
                57.3509264
              ],
              [
                16.12476008,
                57.350558
              ],
              [
                16.12439977,
                57.35036272
              ],
              [
                16.12434152,
                57.35033115
              ],
              [
                16.12431332,
                57.35031586
              ],
              [
                16.12419083,
                57.35024752
              ],
              [
                16.12393887,
                57.35010695
              ],
              [
                16.12374874,
                57.35003931
              ],
              [
                16.12347905,
                57.34998811
              ],
              [
                16.12318941,
                57.34993516
              ],
              [
                16.12271623,
                57.34980916
              ],
              [
                16.12269857,
                57.34983671
              ],
              [
                16.12134132,
                57.34946305
              ],
              [
                16.12147762,
                57.34935226
              ],
              [
                16.12158489,
                57.34935305
              ],
              [
                16.12144667,
                57.34926809
              ],
              [
                16.12142171,
                57.34925275
              ],
              [
                16.1214076,
                57.34924408
              ],
              [
                16.12119991,
                57.34909029
              ],
              [
                16.1211104,
                57.34901714
              ],
              [
                16.12104232,
                57.3489615
              ],
              [
                16.12096434,
                57.34881809
              ],
              [
                16.12090952,
                57.34871194
              ],
              [
                16.12089304,
                57.34868005
              ],
              [
                16.12081209,
                57.34856896
              ],
              [
                16.12071415,
                57.34842562
              ],
              [
                16.12058689,
                57.34833443
              ],
              [
                16.12047661,
                57.34827552
              ],
              [
                16.12042654,
                57.34825413
              ],
              [
                16.11963454,
                57.34857676
              ],
              [
                16.11949233,
                57.34863469
              ],
              [
                16.11947429,
                57.34864204
              ],
              [
                16.11883122,
                57.34890399
              ],
              [
                16.11898377,
                57.34903505
              ],
              [
                16.1191342,
                57.34909545
              ],
              [
                16.11924949,
                57.34919681
              ],
              [
                16.11918445,
                57.3492525
              ],
              [
                16.11895678,
                57.34927684
              ],
              [
                16.11888028,
                57.34933716
              ],
              [
                16.1188778,
                57.3495363
              ],
              [
                16.11896687,
                57.34959469
              ],
              [
                16.11897763,
                57.34961176
              ],
              [
                16.11897876,
                57.34961639
              ],
              [
                16.11898706,
                57.34965053
              ],
              [
                16.11893389,
                57.34978722
              ],
              [
                16.11893251,
                57.34981093
              ],
              [
                16.11907524,
                57.34991732
              ],
              [
                16.11902964,
                57.34995249
              ],
              [
                16.11885221,
                57.34989359
              ],
              [
                16.11871178,
                57.34987369
              ],
              [
                16.11861892,
                57.34983692
              ],
              [
                16.11854987,
                57.34977963
              ],
              [
                16.11849218,
                57.3496802
              ],
              [
                16.11843134,
                57.34956139
              ],
              [
                16.11840261,
                57.34943777
              ],
              [
                16.11837206,
                57.34941241
              ],
              [
                16.11829478,
                57.34937812
              ],
              [
                16.1182795,
                57.34926624
              ],
              [
                16.11801528,
                57.34931567
              ],
              [
                16.11803536,
                57.34937517
              ],
              [
                16.11773909,
                57.34950794
              ],
              [
                16.11763823,
                57.34962629
              ],
              [
                16.1176531,
                57.34965182
              ],
              [
                16.11768386,
                57.34965045
              ],
              [
                16.11777704,
                57.34963665
              ],
              [
                16.11805576,
                57.34964436
              ],
              [
                16.11810612,
                57.34965767
              ],
              [
                16.11822445,
                57.34992245
              ],
              [
                16.11827366,
                57.35003266
              ],
              [
                16.11813251,
                57.35025599
              ],
              [
                16.11803159,
                57.35027542
              ],
              [
                16.11796612,
                57.35030425
              ],
              [
                16.11769484,
                57.35055965
              ],
              [
                16.11758398,
                57.35059698
              ],
              [
                16.1176371,
                57.35072177
              ],
              [
                16.11763845,
                57.35079907
              ],
              [
                16.11781187,
                57.35084605
              ],
              [
                16.11782856,
                57.35099363
              ],
              [
                16.11776447,
                57.35105808
              ],
              [
                16.11764302,
                57.35105285
              ],
              [
                16.11754971,
                57.35103038
              ],
              [
                16.1174114,
                57.35110263
              ],
              [
                16.11736837,
                57.35113877
              ],
              [
                16.11749604,
                57.35116364
              ],
              [
                16.11763139,
                57.35119002
              ],
              [
                16.1176026,
                57.35124046
              ],
              [
                16.11750359,
                57.35141394
              ],
              [
                16.117501,
                57.35141848
              ],
              [
                16.11742768,
                57.35138685
              ],
              [
                16.1173274,
                57.35134361
              ],
              [
                16.11711606,
                57.35127567
              ],
              [
                16.11680937,
                57.35116624
              ],
              [
                16.1167817,
                57.3512402
              ],
              [
                16.11661634,
                57.35118972
              ],
              [
                16.11659222,
                57.35123841
              ],
              [
                16.11651193,
                57.35126037
              ],
              [
                16.11646737,
                57.35128167
              ],
              [
                16.11637366,
                57.35143125
              ],
              [
                16.11618976,
                57.35147811
              ],
              [
                16.11620825,
                57.35156836
              ],
              [
                16.11625834,
                57.3515905
              ],
              [
                16.11628767,
                57.35163447
              ],
              [
                16.11628989,
                57.35166399
              ],
              [
                16.1161396,
                57.35171852
              ],
              [
                16.11590925,
                57.35172756
              ],
              [
                16.11581664,
                57.35178231
              ],
              [
                16.11575594,
                57.35184491
              ],
              [
                16.11453503,
                57.35153799
              ],
              [
                16.11326098,
                57.35150668
              ],
              [
                16.11326789,
                57.3514987
              ],
              [
                16.11325932,
                57.3514715
              ],
              [
                16.1132241,
                57.35143559
              ],
              [
                16.11268478,
                57.35138246
              ],
              [
                16.11259781,
                57.35137692
              ],
              [
                16.11250071,
                57.35146541
              ],
              [
                16.11238149,
                57.35153561
              ],
              [
                16.11216918,
                57.35159157
              ],
              [
                16.11203645,
                57.35161688
              ],
              [
                16.11188687,
                57.35159549
              ],
              [
                16.11149436,
                57.35149177
              ],
              [
                16.11127824,
                57.35144891
              ],
              [
                16.11108565,
                57.35146172
              ],
              [
                16.11090317,
                57.35150146
              ],
              [
                16.11081041,
                57.35155008
              ],
              [
                16.11074773,
                57.35163459
              ],
              [
                16.11080499,
                57.35178902
              ],
              [
                16.11088853,
                57.35188414
              ],
              [
                16.11093881,
                57.35197211
              ],
              [
                16.11091917,
                57.35202782
              ],
              [
                16.1109294,
                57.35207812
              ],
              [
                16.11108282,
                57.35219651
              ],
              [
                16.11110987,
                57.35228989
              ],
              [
                16.11090771,
                57.35238176
              ],
              [
                16.11072218,
                57.3524754
              ],
              [
                16.11071573,
                57.35251314
              ],
              [
                16.11073253,
                57.35254905
              ],
              [
                16.11093861,
                57.35257396
              ],
              [
                16.11110808,
                57.35258453
              ],
              [
                16.11119014,
                57.35260512
              ],
              [
                16.11129559,
                57.35263877
              ],
              [
                16.11178003,
                57.3526426
              ],
              [
                16.11182114,
                57.35276258
              ],
              [
                16.11238859,
                57.35310142
              ],
              [
                16.11316372,
                57.35318292
              ],
              [
                16.1134723,
                57.35318717
              ],
              [
                16.11407157,
                57.3532088
              ],
              [
                16.11629348,
                57.35395583
              ],
              [
                16.11833632,
                57.35464259
              ],
              [
                16.11869456,
                57.35476302
              ],
              [
                16.11869321,
                57.354765
              ],
              [
                16.1188399,
                57.35481531
              ],
              [
                16.11837876,
                57.35554708
              ],
              [
                16.11831331,
                57.35573221
              ],
              [
                16.11810241,
                57.35604866
              ],
              [
                16.11788183,
                57.35642082
              ],
              [
                16.11781925,
                57.3565233
              ],
              [
                16.11811151,
                57.35650856
              ],
              [
                16.1181806,
                57.35638272
              ],
              [
                16.11835168,
                57.35607171
              ],
              [
                16.11840791,
                57.35602312
              ],
              [
                16.11847755,
                57.35600148
              ],
              [
                16.11867037,
                57.35602639
              ],
              [
                16.11893896,
                57.35593622
              ],
              [
                16.119052,
                57.35595404
              ],
              [
                16.11909612,
                57.35598434
              ],
              [
                16.1191294,
                57.35598712
              ],
              [
                16.11914861,
                57.35602039
              ],
              [
                16.11926875,
                57.35610289
              ],
              [
                16.1193827,
                57.35628958
              ],
              [
                16.11942339,
                57.35644224
              ],
              [
                16.11939738,
                57.35654647
              ],
              [
                16.11934468,
                57.35662738
              ],
              [
                16.11975671,
                57.35664303
              ],
              [
                16.12023538,
                57.35669632
              ],
              [
                16.12070748,
                57.35676039
              ],
              [
                16.12088355,
                57.35676017
              ],
              [
                16.12105616,
                57.35673659
              ],
              [
                16.12155361,
                57.35657786
              ],
              [
                16.12179373,
                57.35648818
              ]
            ]
          ],
          [
            [
              [
                16.16159628,
                57.34335806
              ],
              [
                16.16165871,
                57.34325487
              ],
              [
                16.16176599,
                57.34307754
              ],
              [
                16.16209077,
                57.34328266
              ],
              [
                16.16210671,
                57.343302
              ],
              [
                16.16268089,
                57.3433624
              ],
              [
                16.16330397,
                57.34342794
              ],
              [
                16.16379406,
                57.34261887
              ],
              [
                16.16416629,
                57.34179547
              ],
              [
                16.1637858,
                57.3417683
              ],
              [
                16.16389386,
                57.34129745
              ],
              [
                16.16363962,
                57.34117082
              ],
              [
                16.16340633,
                57.34105461
              ],
              [
                16.16338892,
                57.34097564
              ],
              [
                16.16338132,
                57.34086061
              ],
              [
                16.16386329,
                57.3408556
              ],
              [
                16.16456415,
                57.34090581
              ],
              [
                16.16456828,
                57.34090622
              ],
              [
                16.1646471,
                57.34073185
              ],
              [
                16.16536053,
                57.34068157
              ],
              [
                16.1654293,
                57.34067867
              ],
              [
                16.16597384,
                57.34139568
              ],
              [
                16.1661937,
                57.34168516
              ],
              [
                16.16662129,
                57.34224826
              ],
              [
                16.16668289,
                57.34221996
              ],
              [
                16.16716339,
                57.34199741
              ],
              [
                16.16818825,
                57.3415239
              ],
              [
                16.1682816,
                57.34148666
              ],
              [
                16.16835109,
                57.34144484
              ],
              [
                16.16854716,
                57.34127605
              ],
              [
                16.16863707,
                57.34095095
              ],
              [
                16.16862388,
                57.34081262
              ],
              [
                16.168604,
                57.34075335
              ],
              [
                16.16879412,
                57.34063547
              ],
              [
                16.16900407,
                57.34051236
              ],
              [
                16.16930541,
                57.34032618
              ],
              [
                16.16948882,
                57.34021161
              ],
              [
                16.16965062,
                57.34012323
              ],
              [
                16.16989028,
                57.33991927
              ],
              [
                16.16991646,
                57.33989699
              ],
              [
                16.1701025,
                57.33979288
              ],
              [
                16.17029807,
                57.33958156
              ],
              [
                16.17035824,
                57.33954269
              ],
              [
                16.17049456,
                57.33947825
              ],
              [
                16.17058781,
                57.33942286
              ],
              [
                16.17063141,
                57.33940033
              ],
              [
                16.17073292,
                57.33934789
              ],
              [
                16.17073917,
                57.33997954
              ],
              [
                16.17063527,
                57.34015321
              ],
              [
                16.17054391,
                57.34024033
              ],
              [
                16.1704209,
                57.34044507
              ],
              [
                16.17041721,
                57.34047529
              ],
              [
                16.17043123,
                57.34063916
              ],
              [
                16.1703823,
                57.34080705
              ],
              [
                16.17037072,
                57.34096419
              ],
              [
                16.1704702,
                57.34118158
              ],
              [
                16.17070584,
                57.34144932
              ],
              [
                16.17090824,
                57.34173861
              ],
              [
                16.17107743,
                57.34200812
              ],
              [
                16.17109384,
                57.34232069
              ],
              [
                16.17115011,
                57.34259734
              ],
              [
                16.1712805,
                57.3428371
              ],
              [
                16.17261773,
                57.3419873
              ],
              [
                16.17277113,
                57.34030148
              ],
              [
                16.17266945,
                57.34019799
              ],
              [
                16.17245892,
                57.34001542
              ],
              [
                16.17222478,
                57.339162
              ],
              [
                16.17321048,
                57.33814953
              ],
              [
                16.17357583,
                57.33734079
              ],
              [
                16.17381064,
                57.33592666
              ],
              [
                16.17479958,
                57.3352507
              ],
              [
                16.17502734,
                57.33510542
              ],
              [
                16.17512087,
                57.33508707
              ],
              [
                16.17529025,
                57.33506739
              ],
              [
                16.17543304,
                57.33506026
              ],
              [
                16.17563231,
                57.33505316
              ],
              [
                16.17586808,
                57.33505864
              ],
              [
                16.17587478,
                57.33497064
              ],
              [
                16.17583498,
                57.33492751
              ],
              [
                16.17565564,
                57.33493462
              ],
              [
                16.17554608,
                57.33492021
              ],
              [
                16.17541328,
                57.33487705
              ],
              [
                16.17539736,
                57.33486939
              ],
              [
                16.17554161,
                57.33477738
              ],
              [
                16.17543041,
                57.33466713
              ],
              [
                16.17546328,
                57.33463639
              ],
              [
                16.17551329,
                57.33438854
              ],
              [
                16.17547358,
                57.33420712
              ],
              [
                16.17537324,
                57.33409068
              ],
              [
                16.17646885,
                57.3326385
              ],
              [
                16.17795748,
                57.33250867
              ],
              [
                16.1787011,
                57.33244381
              ],
              [
                16.17918085,
                57.33240197
              ],
              [
                16.17962956,
                57.33288073
              ],
              [
                16.18013145,
                57.33328308
              ],
              [
                16.18187859,
                57.33374902
              ],
              [
                16.18386914,
                57.33367576
              ],
              [
                16.18385149,
                57.33374015
              ],
              [
                16.18379726,
                57.33373826
              ],
              [
                16.18368767,
                57.33382626
              ],
              [
                16.18365112,
                57.33389091
              ],
              [
                16.18352588,
                57.33395148
              ],
              [
                16.18345671,
                57.33395905
              ],
              [
                16.18338274,
                57.33400318
              ],
              [
                16.18331302,
                57.33404478
              ],
              [
                16.1832972,
                57.334034
              ],
              [
                16.18327584,
                57.3340417
              ],
              [
                16.18310645,
                57.33418357
              ],
              [
                16.1829935,
                57.33429311
              ],
              [
                16.18288721,
                57.33441164
              ],
              [
                16.18279754,
                57.33444216
              ],
              [
                16.18271787,
                57.33439902
              ],
              [
                16.18249688,
                57.33459282
              ],
              [
                16.1821726,
                57.3350835
              ],
              [
                16.18200887,
                57.33517303
              ],
              [
                16.18180533,
                57.33539624
              ],
              [
                16.1816234,
                57.33571955
              ],
              [
                16.18143964,
                57.33586479
              ],
              [
                16.1814639,
                57.33598164
              ],
              [
                16.18177729,
                57.33612136
              ],
              [
                16.18197661,
                57.33621022
              ],
              [
                16.18217515,
                57.33626132
              ],
              [
                16.18275604,
                57.3364108
              ],
              [
                16.18303259,
                57.33648635
              ],
              [
                16.18329573,
                57.33655823
              ],
              [
                16.18379179,
                57.3366627
              ],
              [
                16.18416183,
                57.33678549
              ],
              [
                16.18448226,
                57.33692819
              ],
              [
                16.18453662,
                57.33690767
              ],
              [
                16.18467412,
                57.33685577
              ],
              [
                16.18483405,
                57.33679574
              ],
              [
                16.18490568,
                57.33676886
              ],
              [
                16.18500406,
                57.33671236
              ],
              [
                16.18502922,
                57.33669791
              ],
              [
                16.18510373,
                57.33665512
              ],
              [
                16.18501902,
                57.33660445
              ],
              [
                16.18499192,
                57.33635584
              ],
              [
                16.1851048,
                57.33642053
              ],
              [
                16.18521769,
                57.33647804
              ],
              [
                16.18534055,
                57.33652657
              ],
              [
                16.18553313,
                57.3365859
              ],
              [
                16.18568918,
                57.33668653
              ],
              [
                16.18576882,
                57.33685723
              ],
              [
                16.18577217,
                57.33686439
              ],
              [
                16.18582196,
                57.33694704
              ],
              [
                16.18596802,
                57.33713568
              ],
              [
                16.18604105,
                57.33718959
              ],
              [
                16.18650926,
                57.33733881
              ],
              [
                16.18663545,
                57.33734603
              ],
              [
                16.18685468,
                57.33716285
              ],
              [
                16.18693106,
                57.33710359
              ],
              [
                16.18715028,
                57.33694018
              ],
              [
                16.18746915,
                57.33664027
              ],
              [
                16.18765513,
                57.33651277
              ],
              [
                16.18805698,
                57.33638174
              ],
              [
                16.18841231,
                57.33628302
              ],
              [
                16.18886397,
                57.33616815
              ],
              [
                16.18905568,
                57.33611738
              ],
              [
                16.18905878,
                57.33611593
              ],
              [
                16.18921418,
                57.33606328
              ],
              [
                16.18927035,
                57.33604151
              ],
              [
                16.1893368,
                57.33604485
              ],
              [
                16.18957183,
                57.33598472
              ],
              [
                16.18979696,
                57.33593178
              ],
              [
                16.19008743,
                57.33585012
              ],
              [
                16.19009477,
                57.33584806
              ],
              [
                16.19019419,
                57.33583332
              ],
              [
                16.19029038,
                57.33582397
              ],
              [
                16.19042659,
                57.33582886
              ],
              [
                16.19053625,
                57.33583383
              ],
              [
                16.19072575,
                57.33584929
              ],
              [
                16.19082877,
                57.33585429
              ],
              [
                16.19083937,
                57.33585564
              ],
              [
                16.19092523,
                57.33586651
              ],
              [
                16.19106124,
                57.33585522
              ],
              [
                16.19126348,
                57.33582932
              ],
              [
                16.1913895,
                57.33581628
              ],
              [
                16.19154107,
                57.3357872
              ],
              [
                16.19155183,
                57.33578513
              ],
              [
                16.19181989,
                57.33571409
              ],
              [
                16.19199501,
                57.33564518
              ],
              [
                16.1921435,
                57.33557278
              ],
              [
                16.19229526,
                57.33549498
              ],
              [
                16.1923939,
                57.33542097
              ],
              [
                16.19251274,
                57.33536484
              ],
              [
                16.19274444,
                57.3353065
              ],
              [
                16.19276934,
                57.33530207
              ],
              [
                16.19292996,
                57.33527348
              ],
              [
                16.19311601,
                57.33527997
              ],
              [
                16.19320701,
                57.33529785
              ],
              [
                16.19323256,
                57.33530287
              ],
              [
                16.19329401,
                57.33529914
              ],
              [
                16.1932956,
                57.33529904
              ],
              [
                16.1933417,
                57.33527013
              ],
              [
                16.19360078,
                57.33527276
              ],
              [
                16.19380345,
                57.33527917
              ],
              [
                16.19395855,
                57.33520675
              ],
              [
                16.19403765,
                57.33515975
              ],
              [
                16.19411746,
                57.33515311
              ],
              [
                16.19478846,
                57.3351425
              ],
              [
                16.19482302,
                57.33514195
              ],
              [
                16.19509529,
                57.33503003
              ],
              [
                16.1954265,
                57.33489764
              ],
              [
                16.19570503,
                57.3347798
              ],
              [
                16.19574107,
                57.3347662
              ],
              [
                16.19548561,
                57.33467701
              ],
              [
                16.19541583,
                57.33458332
              ],
              [
                16.19519002,
                57.33439287
              ],
              [
                16.19499411,
                57.33423116
              ],
              [
                16.19486792,
                57.33414492
              ],
              [
                16.19454252,
                57.33402091
              ],
              [
                16.19433663,
                57.33402267
              ],
              [
                16.19416397,
                57.33404599
              ],
              [
                16.19391825,
                57.3340639
              ],
              [
                16.19366587,
                57.33409799
              ],
              [
                16.19343676,
                57.33412848
              ],
              [
                16.19309141,
                57.33414099
              ],
              [
                16.19282246,
                57.33415531
              ],
              [
                16.19259998,
                57.33417502
              ],
              [
                16.1922646,
                57.33420729
              ],
              [
                16.19181632,
                57.33425929
              ],
              [
                16.19175143,
                57.33426318
              ],
              [
                16.19109162,
                57.33405773
              ],
              [
                16.18972192,
                57.3339946
              ],
              [
                16.18884725,
                57.33366073
              ],
              [
                16.18871593,
                57.33366294
              ],
              [
                16.18858548,
                57.33369454
              ],
              [
                16.18847591,
                57.3337035
              ],
              [
                16.18824679,
                57.33373398
              ],
              [
                16.18802431,
                57.33374291
              ],
              [
                16.18781844,
                57.33374647
              ],
              [
                16.18763581,
                57.33373205
              ],
              [
                16.18732701,
                57.33368347
              ],
              [
                16.18729087,
                57.33367592
              ],
              [
                16.18701675,
                57.33343195
              ],
              [
                16.18705813,
                57.33337803
              ],
              [
                16.18729391,
                57.33323977
              ],
              [
                16.1875463,
                57.33311408
              ],
              [
                16.18799458,
                57.33294534
              ],
              [
                16.18821043,
                57.33289509
              ],
              [
                16.18853252,
                57.33280176
              ],
              [
                16.18879154,
                57.33270302
              ],
              [
                16.18916678,
                57.33260071
              ],
              [
                16.18934277,
                57.33255405
              ],
              [
                16.18959181,
                57.33249842
              ],
              [
                16.18963166,
                57.33247148
              ],
              [
                16.18973129,
                57.33239606
              ],
              [
                16.18975039,
                57.33236687
              ],
              [
                16.19057569,
                57.33214054
              ],
              [
                16.19112236,
                57.33212912
              ],
              [
                16.19117167,
                57.33212809
              ],
              [
                16.19184245,
                57.33211408
              ],
              [
                16.19189254,
                57.33212586
              ],
              [
                16.19235523,
                57.33223462
              ],
              [
                16.19293481,
                57.33238548
              ],
              [
                16.19357031,
                57.33248946
              ],
              [
                16.19499315,
                57.33261074
              ],
              [
                16.19629162,
                57.33267772
              ],
              [
                16.19715985,
                57.3327225
              ],
              [
                16.197171,
                57.33272786
              ],
              [
                16.19717588,
                57.33272357
              ],
              [
                16.19949381,
                57.33287826
              ],
              [
                16.19964937,
                57.33265473
              ],
              [
                16.19984857,
                57.33240865
              ],
              [
                16.19999467,
                57.3322488
              ],
              [
                16.20025364,
                57.33211951
              ],
              [
                16.20057235,
                57.33190578
              ],
              [
                16.20068191,
                57.33174233
              ],
              [
                16.20069185,
                57.33158066
              ],
              [
                16.20049261,
                57.33143334
              ],
              [
                16.20033987,
                57.33135607
              ],
              [
                16.20017385,
                57.33131653
              ],
              [
                16.19996466,
                57.33128597
              ],
              [
                16.19983848,
                57.33127517
              ],
              [
                16.19969571,
                57.33126438
              ],
              [
                16.19962845,
                57.33125438
              ],
              [
                16.199333,
                57.33125512
              ],
              [
                16.19932992,
                57.33125513
              ],
              [
                16.199274,
                57.33125528
              ],
              [
                16.19903079,
                57.33124506
              ],
              [
                16.19892977,
                57.33124149
              ],
              [
                16.19879894,
                57.33123686
              ],
              [
                16.19845118,
                57.33122627
              ],
              [
                16.19812973,
                57.33119925
              ],
              [
                16.1979947,
                57.33117238
              ],
              [
                16.19782317,
                57.3311497
              ],
              [
                16.19765463,
                57.33115778
              ],
              [
                16.19758383,
                57.33096082
              ],
              [
                16.19715412,
                57.3306737
              ],
              [
                16.19656119,
                57.33067554
              ],
              [
                16.19648624,
                57.33070061
              ],
              [
                16.19529459,
                57.33135253
              ],
              [
                16.19467237,
                57.33135445
              ],
              [
                16.19267913,
                57.33115867
              ],
              [
                16.19180661,
                57.33102673
              ],
              [
                16.19068873,
                57.33123207
              ],
              [
                16.18944429,
                57.33123586
              ],
              [
                16.18832499,
                57.33130657
              ],
              [
                16.18633595,
                57.33151452
              ],
              [
                16.18534663,
                57.33212326
              ],
              [
                16.18419973,
                57.33214555
              ],
              [
                16.18312956,
                57.33200538
              ],
              [
                16.1812248,
                57.33155698
              ],
              [
                16.17973967,
                57.33146696
              ],
              [
                16.17952282,
                57.3306227
              ],
              [
                16.17917789,
                57.33048202
              ],
              [
                16.17900621,
                57.33043672
              ],
              [
                16.17915408,
                57.33022062
              ],
              [
                16.17917951,
                57.33019011
              ],
              [
                16.17835036,
                57.32945187
              ],
              [
                16.17747047,
                57.32857948
              ],
              [
                16.17745134,
                57.32857541
              ],
              [
                16.17739199,
                57.32844556
              ],
              [
                16.1773526,
                57.32846031
              ],
              [
                16.17726146,
                57.32847997
              ],
              [
                16.1771796,
                57.3284805
              ],
              [
                16.17713101,
                57.32847073
              ],
              [
                16.17711674,
                57.32842451
              ],
              [
                16.17714134,
                57.32835871
              ],
              [
                16.17718139,
                57.32826255
              ],
              [
                16.17719561,
                57.32816502
              ],
              [
                16.1772523,
                57.32809647
              ],
              [
                16.17732797,
                57.32803698
              ],
              [
                16.17740943,
                57.3279935
              ],
              [
                16.17753884,
                57.32795878
              ],
              [
                16.17770529,
                57.32791159
              ],
              [
                16.17785346,
                57.32786044
              ],
              [
                16.17794749,
                57.32781462
              ],
              [
                16.17803295,
                57.32772651
              ],
              [
                16.17814841,
                57.32761102
              ],
              [
                16.17821198,
                57.32753971
              ],
              [
                16.17814443,
                57.32751836
              ],
              [
                16.17816803,
                57.32741513
              ],
              [
                16.17819582,
                57.32728525
              ],
              [
                16.17818449,
                57.32714771
              ],
              [
                16.17816632,
                57.32702112
              ],
              [
                16.17809786,
                57.32690301
              ],
              [
                16.17802439,
                57.32685452
              ],
              [
                16.17797417,
                57.32678162
              ],
              [
                16.17796766,
                57.32677873
              ],
              [
                16.17786352,
                57.32673263
              ],
              [
                16.17760121,
                57.32683135
              ],
              [
                16.17728908,
                57.32694621
              ],
              [
                16.17704669,
                57.32702158
              ],
              [
                16.1766781,
                57.3271472
              ],
              [
                16.17611362,
                57.32735181
              ],
              [
                16.17577288,
                57.32746631
              ],
              [
                16.17579959,
                57.32764803
              ],
              [
                16.17580986,
                57.32780741
              ],
              [
                16.17554877,
                57.32783468
              ],
              [
                16.17548022,
                57.32784544
              ],
              [
                16.17532918,
                57.32785602
              ],
              [
                16.17505906,
                57.3278609
              ],
              [
                16.17496898,
                57.32785736
              ],
              [
                16.17483906,
                57.32783562
              ],
              [
                16.174766,
                57.3278364
              ],
              [
                16.17471331,
                57.32785803
              ],
              [
                16.17470424,
                57.32785721
              ],
              [
                16.17458599,
                57.32784641
              ],
              [
                16.17444549,
                57.32783863
              ],
              [
                16.1743383,
                57.32782429
              ],
              [
                16.17425874,
                57.32779996
              ],
              [
                16.17420548,
                57.32776025
              ],
              [
                16.17412221,
                57.32767356
              ],
              [
                16.17407311,
                57.32760633
              ],
              [
                16.17403814,
                57.32756893
              ],
              [
                16.17407352,
                57.32751093
              ],
              [
                16.17405683,
                57.32747758
              ],
              [
                16.17395636,
                57.32743829
              ],
              [
                16.17389039,
                57.32738575
              ],
              [
                16.17385448,
                57.32731467
              ],
              [
                16.17383336,
                57.32727623
              ],
              [
                16.17377214,
                57.32723508
              ],
              [
                16.17370068,
                57.32725185
              ],
              [
                16.17369118,
                57.32725678
              ],
              [
                16.17347145,
                57.32722807
              ],
              [
                16.17323827,
                57.32720828
              ],
              [
                16.17295124,
                57.32722097
              ],
              [
                16.17269761,
                57.32723794
              ],
              [
                16.1725389,
                57.32723704
              ],
              [
                16.17241239,
                57.32720634
              ],
              [
                16.17218731,
                57.32710782
              ],
              [
                16.17217992,
                57.32709147
              ],
              [
                16.17219899,
                57.32697087
              ],
              [
                16.17232334,
                57.32693273
              ],
              [
                16.17235512,
                57.32692862
              ],
              [
                16.17226801,
                57.32685878
              ],
              [
                16.1718033,
                57.32664565
              ],
              [
                16.17163632,
                57.3264674
              ],
              [
                16.17146969,
                57.3263249
              ],
              [
                16.17090586,
                57.32611206
              ],
              [
                16.17050725,
                57.32589874
              ],
              [
                16.17041411,
                57.32607799
              ],
              [
                16.17049374,
                57.32615347
              ],
              [
                16.1704339,
                57.32626303
              ],
              [
                16.17045048,
                57.32628997
              ],
              [
                16.17056663,
                57.32636367
              ],
              [
                16.17065954,
                57.32641221
              ],
              [
                16.17066714,
                57.32644814
              ],
              [
                16.17088198,
                57.32657417
              ],
              [
                16.17002112,
                57.32704125
              ],
              [
                16.16902224,
                57.32690087
              ],
              [
                16.16874224,
                57.32700948
              ],
              [
                16.168145,
                57.3272325
              ],
              [
                16.1680341,
                57.32718037
              ],
              [
                16.16780049,
                57.32727155
              ],
              [
                16.16729572,
                57.3274438
              ],
              [
                16.16705001,
                57.32750657
              ],
              [
                16.16689403,
                57.32742387
              ],
              [
                16.16665514,
                57.32722619
              ],
              [
                16.16636626,
                57.32727636
              ],
              [
                16.16610393,
                57.32734273
              ],
              [
                16.16597445,
                57.32735345
              ],
              [
                16.16592064,
                57.32735655
              ],
              [
                16.16547516,
                57.32749409
              ],
              [
                16.16537013,
                57.32739994
              ],
              [
                16.16513766,
                57.32707914
              ],
              [
                16.16580691,
                57.32693354
              ],
              [
                16.16688149,
                57.32655631
              ],
              [
                16.16764844,
                57.32644979
              ],
              [
                16.16765271,
                57.32625112
              ],
              [
                16.16768339,
                57.32615936
              ],
              [
                16.1677826,
                57.32597058
              ],
              [
                16.16787084,
                57.32583384
              ],
              [
                16.16791633,
                57.32574031
              ],
              [
                16.16791545,
                57.32565591
              ],
              [
                16.16690651,
                57.32570835
              ],
              [
                16.16686883,
                57.32568322
              ],
              [
                16.16674266,
                57.32570473
              ],
              [
                16.16656995,
                57.3257819
              ],
              [
                16.16648364,
                57.32578905
              ],
              [
                16.16634419,
                57.32580696
              ],
              [
                16.16615162,
                57.32583202
              ],
              [
                16.16596228,
                57.32596667
              ],
              [
                16.16571325,
                57.32601687
              ],
              [
                16.1655937,
                57.32605813
              ],
              [
                16.16539104,
                57.32624667
              ],
              [
                16.16520174,
                57.32632742
              ],
              [
                16.16488958,
                57.32645483
              ],
              [
                16.16465708,
                57.32655712
              ],
              [
                16.16438467,
                57.32677795
              ],
              [
                16.16399944,
                57.32691971
              ],
              [
                16.16398673,
                57.32692559
              ],
              [
                16.1637437,
                57.32703815
              ],
              [
                16.16368061,
                57.3270543
              ],
              [
                16.16344484,
                57.32713323
              ],
              [
                16.16311938,
                57.32725165
              ],
              [
                16.1627241,
                57.32746165
              ],
              [
                16.16228224,
                57.32779737
              ],
              [
                16.16190688,
                57.32802534
              ],
              [
                16.16159467,
                57.32816891
              ],
              [
                16.16119277,
                57.32835375
              ],
              [
                16.16116948,
                57.32841302
              ],
              [
                16.16113607,
                57.32862677
              ],
              [
                16.1611232,
                57.32880818
              ],
              [
                16.16042666,
                57.32903244
              ],
              [
                16.15992891,
                57.32903384
              ],
              [
                16.15981519,
                57.32922159
              ],
              [
                16.15919148,
                57.32910764
              ],
              [
                16.15913542,
                57.32909354
              ],
              [
                16.15962203,
                57.3283973
              ],
              [
                16.15934065,
                57.32814275
              ],
              [
                16.15933,
                57.32813746
              ],
              [
                16.15907023,
                57.32789942
              ],
              [
                16.15891884,
                57.32777796
              ],
              [
                16.15819827,
                57.32704864
              ],
              [
                16.15802469,
                57.32685889
              ],
              [
                16.15796216,
                57.32680774
              ],
              [
                16.15761895,
                57.32652703
              ],
              [
                16.15725029,
                57.32657795
              ],
              [
                16.1572172,
                57.32658252
              ],
              [
                16.15645341,
                57.32678514
              ],
              [
                16.15631394,
                57.32681381
              ],
              [
                16.1557992,
                57.32693571
              ],
              [
                16.1554339,
                57.32705409
              ],
              [
                16.15524442,
                57.32726956
              ],
              [
                16.15503167,
                57.32751555
              ],
              [
                16.15481564,
                57.3277292
              ],
              [
                16.1546052,
                57.32790786
              ],
              [
                16.15464319,
                57.32796024
              ],
              [
                16.15463757,
                57.32806083
              ],
              [
                16.1545652,
                57.32812928
              ],
              [
                16.15436651,
                57.32818371
              ],
              [
                16.15424429,
                57.32819712
              ],
              [
                16.15409781,
                57.3282132
              ],
              [
                16.15388903,
                57.32825509
              ],
              [
                16.15366059,
                57.32832397
              ],
              [
                16.15352846,
                57.32839258
              ],
              [
                16.15339993,
                57.32848992
              ],
              [
                16.15330819,
                57.3286141
              ],
              [
                16.15320001,
                57.32875268
              ],
              [
                16.1531776,
                57.32877325
              ],
              [
                16.15311251,
                57.32883297
              ],
              [
                16.15306921,
                57.32887271
              ],
              [
                16.15339437,
                57.32925679
              ],
              [
                16.15350469,
                57.32933011
              ],
              [
                16.1535594,
                57.32935702
              ],
              [
                16.15333816,
                57.32952334
              ],
              [
                16.15247152,
                57.32999687
              ],
              [
                16.15247532,
                57.3304007
              ],
              [
                16.15123089,
                57.33040412
              ],
              [
                16.14948808,
                57.33034157
              ],
              [
                16.14910689,
                57.33035848
              ],
              [
                16.14907029,
                57.33043378
              ],
              [
                16.14891781,
                57.33045585
              ],
              [
                16.148752,
                57.33047259
              ],
              [
                16.148629,
                57.33046042
              ],
              [
                16.14851254,
                57.33044106
              ],
              [
                16.14839372,
                57.33039011
              ],
              [
                16.14834563,
                57.33036948
              ],
              [
                16.14830897,
                57.33035375
              ],
              [
                16.14824392,
                57.33031163
              ],
              [
                16.14815172,
                57.33025192
              ],
              [
                16.14797432,
                57.33013398
              ],
              [
                16.14790721,
                57.33010394
              ],
              [
                16.14785082,
                57.33007871
              ],
              [
                16.1477336,
                57.32999469
              ],
              [
                16.14761647,
                57.32993824
              ],
              [
                16.14753198,
                57.32994923
              ],
              [
                16.14740245,
                57.3299797
              ],
              [
                16.14724636,
                57.33001553
              ],
              [
                16.14702714,
                57.33008367
              ],
              [
                16.14688765,
                57.33010874
              ],
              [
                16.14672156,
                57.33016793
              ],
              [
                16.14662854,
                57.3302092
              ],
              [
                16.14641918,
                57.33035099
              ],
              [
                16.14646069,
                57.33040792
              ],
              [
                16.14648364,
                57.33043456
              ],
              [
                16.14650388,
                57.33045808
              ],
              [
                16.14656027,
                57.33052357
              ],
              [
                16.14635625,
                57.33048311
              ],
              [
                16.1461569,
                57.33046944
              ],
              [
                16.14605383,
                57.33046238
              ],
              [
                16.14602778,
                57.33047367
              ],
              [
                16.14519075,
                57.33083649
              ],
              [
                16.14517153,
                57.33082189
              ],
              [
                16.14515932,
                57.3308308
              ],
              [
                16.14512034,
                57.33080472
              ],
              [
                16.14510879,
                57.33080643
              ],
              [
                16.14509051,
                57.33079419
              ],
              [
                16.14499755,
                57.33075938
              ],
              [
                16.14499757,
                57.33074716
              ],
              [
                16.14468542,
                57.33078291
              ],
              [
                16.14450428,
                57.33079694
              ],
              [
                16.14444617,
                57.33062058
              ],
              [
                16.14443676,
                57.33052769
              ],
              [
                16.14439385,
                57.33034443
              ],
              [
                16.14442708,
                57.3303229
              ],
              [
                16.14484551,
                57.33025847
              ],
              [
                16.14522074,
                57.33023533
              ],
              [
                16.14530375,
                57.33022281
              ],
              [
                16.14533369,
                57.33018151
              ],
              [
                16.14520766,
                57.33008264
              ],
              [
                16.14507784,
                57.32991439
              ],
              [
                16.14483739,
                57.32968071
              ],
              [
                16.14459782,
                57.32954076
              ],
              [
                16.14427214,
                57.32945962
              ],
              [
                16.14403386,
                57.32946026
              ],
              [
                16.14370893,
                57.32946113
              ],
              [
                16.14327558,
                57.32945057
              ],
              [
                16.14297253,
                57.32947482
              ],
              [
                16.14266926,
                57.32947563
              ],
              [
                16.14250342,
                57.32950302
              ],
              [
                16.14245474,
                57.32967519
              ],
              [
                16.14245568,
                57.32976128
              ],
              [
                16.14236546,
                57.33014744
              ],
              [
                16.14259043,
                57.33033115
              ],
              [
                16.14309091,
                57.33057586
              ],
              [
                16.14324289,
                57.330627
              ],
              [
                16.14308663,
                57.33071968
              ],
              [
                16.14288262,
                57.33070642
              ],
              [
                16.1424411,
                57.33066304
              ],
              [
                16.14224854,
                57.33064675
              ],
              [
                16.1420527,
                57.33059993
              ],
              [
                16.14192657,
                57.33056932
              ],
              [
                16.14168763,
                57.33050091
              ],
              [
                16.14148849,
                57.3304487
              ],
              [
                16.14123624,
                57.33039286
              ],
              [
                16.14105037,
                57.33034964
              ],
              [
                16.14047278,
                57.33026126
              ],
              [
                16.13970269,
                57.33012786
              ],
              [
                16.13918154,
                57.33003772
              ],
              [
                16.13872677,
                57.32998355
              ],
              [
                16.13826866,
                57.32992398
              ],
              [
                16.13810939,
                57.32986639
              ],
              [
                16.13797003,
                57.32980344
              ],
              [
                16.13774446,
                57.32968653
              ],
              [
                16.13748569,
                57.32955344
              ],
              [
                16.1373268,
                57.32946115
              ],
              [
                16.13725376,
                57.32943513
              ],
              [
                16.13707065,
                57.32936988
              ],
              [
                16.13680471,
                57.32930737
              ],
              [
                16.13650587,
                57.32929701
              ],
              [
                16.13624002,
                57.32925068
              ],
              [
                16.13606049,
                57.32920242
              ],
              [
                16.13589405,
                57.3291236
              ],
              [
                16.13444116,
                57.32874476
              ],
              [
                16.13334736,
                57.32846241
              ],
              [
                16.13288981,
                57.32855826
              ],
              [
                16.13209405,
                57.32872283
              ],
              [
                16.13184869,
                57.32877527
              ],
              [
                16.13152427,
                57.32893201
              ],
              [
                16.13118999,
                57.32910673
              ],
              [
                16.13101132,
                57.32921117
              ],
              [
                16.13094883,
                57.32931186
              ],
              [
                16.13090961,
                57.32941972
              ],
              [
                16.1308575,
                57.32959764
              ],
              [
                16.13076552,
                57.32976843
              ],
              [
                16.13067301,
                57.32984402
              ],
              [
                16.13048425,
                57.32992511
              ],
              [
                16.13023234,
                57.32999552
              ],
              [
                16.12993049,
                57.33003545
              ],
              [
                16.1296184,
                57.33003228
              ],
              [
                16.12932285,
                57.33001472
              ],
              [
                16.12908688,
                57.32996473
              ],
              [
                16.12895045,
                57.32991102
              ],
              [
                16.12876104,
                57.32987714
              ],
              [
                16.12858497,
                57.32985402
              ],
              [
                16.12840581,
                57.32987402
              ],
              [
                16.12816399,
                57.32996596
              ],
              [
                16.1279788,
                57.33009197
              ],
              [
                16.12790969,
                57.33020165
              ],
              [
                16.1279527,
                57.33029882
              ],
              [
                16.12879963,
                57.33047945
              ],
              [
                16.12904908,
                57.33053264
              ],
              [
                16.12990601,
                57.33071539
              ],
              [
                16.13727941,
                57.33228751
              ],
              [
                16.1430786,
                57.33354868
              ],
              [
                16.14189667,
                57.33469431
              ],
              [
                16.14189589,
                57.33469434
              ],
              [
                16.14141286,
                57.33516221
              ],
              [
                16.14011357,
                57.33500241
              ],
              [
                16.13890968,
                57.334844
              ],
              [
                16.13809476,
                57.33472225
              ],
              [
                16.13766559,
                57.33464976
              ],
              [
                16.13730023,
                57.3346022
              ],
              [
                16.13668476,
                57.33453236
              ],
              [
                16.13672395,
                57.33563303
              ],
              [
                16.13758515,
                57.33637225
              ],
              [
                16.13891622,
                57.33612731
              ],
              [
                16.13907571,
                57.33626195
              ],
              [
                16.13908066,
                57.33627137
              ],
              [
                16.13904613,
                57.33636227
              ],
              [
                16.13916087,
                57.33642372
              ],
              [
                16.13918828,
                57.33647579
              ],
              [
                16.13925785,
                57.336589
              ],
              [
                16.13938398,
                57.3366286
              ],
              [
                16.13949017,
                57.33667537
              ],
              [
                16.13977214,
                57.33687315
              ],
              [
                16.1398117,
                57.33707077
              ],
              [
                16.13986805,
                57.33714445
              ],
              [
                16.139951,
                57.33718402
              ],
              [
                16.14002406,
                57.33718586
              ],
              [
                16.14013364,
                57.33719132
              ],
              [
                16.14024652,
                57.33720935
              ],
              [
                16.14037269,
                57.3372238
              ],
              [
                16.14048227,
                57.33723284
              ],
              [
                16.14066487,
                57.33725451
              ],
              [
                16.14082086,
                57.33732107
              ],
              [
                16.14099675,
                57.33739483
              ],
              [
                16.14125891,
                57.33752253
              ],
              [
                16.14136516,
                57.33754235
              ],
              [
                16.14142827,
                57.33753162
              ],
              [
                16.14150805,
                57.33746879
              ],
              [
                16.14160448,
                57.33738802
              ],
              [
                16.14174072,
                57.33733061
              ],
              [
                16.14179061,
                57.33728574
              ],
              [
                16.14177412,
                57.33720488
              ],
              [
                16.14180408,
                57.33715281
              ],
              [
                16.14185064,
                57.33710613
              ],
              [
                16.14204011,
                57.3369841
              ],
              [
                16.14206675,
                57.33693202
              ],
              [
                16.14210003,
                57.33688354
              ],
              [
                16.14221631,
                57.33684948
              ],
              [
                16.14227275,
                57.33685849
              ],
              [
                16.14233908,
                57.33691602
              ],
              [
                16.14236883,
                57.33701483
              ],
              [
                16.14233218,
                57.33709205
              ],
              [
                16.14232549,
                57.33713337
              ],
              [
                16.14244159,
                57.33722505
              ],
              [
                16.14258418,
                57.33736344
              ],
              [
                16.14282636,
                57.33753245
              ],
              [
                16.14300888,
                57.33762237
              ],
              [
                16.14309846,
                57.33768529
              ],
              [
                16.14304853,
                57.33775712
              ],
              [
                16.14293558,
                57.3377858
              ],
              [
                16.14276284,
                57.33782521
              ],
              [
                16.1426366,
                57.33785208
              ],
              [
                16.14246049,
                57.33792922
              ],
              [
                16.14248018,
                57.3380945
              ],
              [
                16.14252325,
                57.33816278
              ],
              [
                16.14258301,
                57.33816641
              ],
              [
                16.14275566,
                57.33819705
              ],
              [
                16.14281539,
                57.33823481
              ],
              [
                16.14281866,
                57.33826535
              ],
              [
                16.14284847,
                57.33831566
              ],
              [
                16.14289822,
                57.3383606
              ],
              [
                16.14313709,
                57.33853858
              ],
              [
                16.14327628,
                57.33874884
              ],
              [
                16.14321278,
                57.33902183
              ],
              [
                16.1430267,
                57.33908819
              ],
              [
                16.14281416,
                57.33909704
              ],
              [
                16.14259503,
                57.3390538
              ],
              [
                16.14234598,
                57.33903569
              ],
              [
                16.14213344,
                57.33902659
              ],
              [
                16.14194745,
                57.33904084
              ],
              [
                16.14173494,
                57.33901018
              ],
              [
                16.141559,
                57.33896875
              ],
              [
                16.14144281,
                57.33893276
              ],
              [
                16.14131661,
                57.33893448
              ],
              [
                16.14117381,
                57.3389308
              ],
              [
                16.14106426,
                57.33890199
              ],
              [
                16.14097132,
                57.3388714
              ],
              [
                16.14076213,
                57.33884613
              ],
              [
                16.1406326,
                57.33885144
              ],
              [
                16.14046309,
                57.33894474
              ],
              [
                16.14042473,
                57.33897246
              ],
              [
                16.14022973,
                57.33910977
              ],
              [
                16.14023135,
                57.33911227
              ],
              [
                16.14040303,
                57.33913691
              ],
              [
                16.14080485,
                57.33914973
              ],
              [
                16.14102728,
                57.33920375
              ],
              [
                16.14128954,
                57.33927218
              ],
              [
                16.14153194,
                57.33930645
              ],
              [
                16.14169794,
                57.33933709
              ],
              [
                16.14197024,
                57.33934623
              ],
              [
                16.14233223,
                57.33935364
              ],
              [
                16.14270418,
                57.33936284
              ],
              [
                16.143272,
                57.33942245
              ],
              [
                16.14339816,
                57.33944768
              ],
              [
                16.14353754,
                57.33951602
              ],
              [
                16.14378642,
                57.33965988
              ],
              [
                16.14394577,
                57.33970667
              ],
              [
                16.14408524,
                57.33972292
              ],
              [
                16.144238,
                57.3397266
              ],
              [
                16.14439742,
                57.33971592
              ],
              [
                16.14458009,
                57.33970165
              ],
              [
                16.14475281,
                57.33969276
              ],
              [
                16.14495541,
                57.3396875
              ],
              [
                16.14527086,
                57.33971282
              ],
              [
                16.14554647,
                57.33975251
              ],
              [
                16.14573563,
                57.33985141
              ],
              [
                16.14574899,
                57.33984832
              ],
              [
                16.14579483,
                57.33986833
              ],
              [
                16.14598294,
                57.33974389
              ],
              [
                16.14623445,
                57.33975811
              ],
              [
                16.14698338,
                57.33980042
              ],
              [
                16.147172,
                57.34006391
              ],
              [
                16.14703917,
                57.34013294
              ],
              [
                16.1470803,
                57.34014317
              ],
              [
                16.1472198,
                57.34013427
              ],
              [
                16.14749211,
                57.34013622
              ],
              [
                16.14775114,
                57.34015433
              ],
              [
                16.1480035,
                57.3401886
              ],
              [
                16.14826248,
                57.34024442
              ],
              [
                16.1485978,
                57.34032545
              ],
              [
                16.14892319,
                57.34040286
              ],
              [
                16.14919541,
                57.34048564
              ],
              [
                16.14940457,
                57.34054504
              ],
              [
                16.14958387,
                57.34057567
              ],
              [
                16.1495914,
                57.3405756
              ],
              [
                16.14963992,
                57.34058779
              ],
              [
                16.14988781,
                57.34059668
              ],
              [
                16.15024168,
                57.34058136
              ],
              [
                16.1505246,
                57.34049893
              ],
              [
                16.15052225,
                57.34047972
              ],
              [
                16.15061692,
                57.34044149
              ],
              [
                16.15087609,
                57.34034104
              ],
              [
                16.15107544,
                57.34028187
              ],
              [
                16.15135777,
                57.3402389
              ],
              [
                16.15154708,
                57.34023721
              ],
              [
                16.15199211,
                57.34024642
              ],
              [
                16.15275256,
                57.34031148
              ],
              [
                16.15320086,
                57.34036021
              ],
              [
                16.15392475,
                57.34045399
              ],
              [
                16.15458227,
                57.34052078
              ],
              [
                16.15558514,
                57.34062367
              ],
              [
                16.15604344,
                57.34064725
              ],
              [
                16.1562435,
                57.34065365
              ],
              [
                16.15627737,
                57.34072181
              ],
              [
                16.15612308,
                57.34071734
              ],
              [
                16.15610689,
                57.34073028
              ],
              [
                16.1560751,
                57.34072935
              ],
              [
                16.15601197,
                57.34143374
              ],
              [
                16.15596431,
                57.34196549
              ],
              [
                16.15596793,
                57.34209069
              ],
              [
                16.15597819,
                57.34264474
              ],
              [
                16.15599417,
                57.3432339
              ],
              [
                16.15599748,
                57.3432339
              ],
              [
                16.15686446,
                57.34323596
              ],
              [
                16.15679156,
                57.34344087
              ],
              [
                16.15675837,
                57.34353414
              ],
              [
                16.156765,
                57.34354159
              ],
              [
                16.15731786,
                57.34354894
              ],
              [
                16.15796426,
                57.34341785
              ],
              [
                16.15847849,
                57.34334277
              ],
              [
                16.15854165,
                57.34334134
              ],
              [
                16.15854521,
                57.34334082
              ],
              [
                16.15900184,
                57.34333049
              ],
              [
                16.15902473,
                57.34332997
              ],
              [
                16.15903177,
                57.34333883
              ],
              [
                16.15919585,
                57.34338456
              ],
              [
                16.15930874,
                57.34342233
              ],
              [
                16.15946814,
                57.34344936
              ],
              [
                16.15962091,
                57.34347277
              ],
              [
                16.15983013,
                57.34348903
              ],
              [
                16.16005597,
                57.3435089
              ],
              [
                16.16018536,
                57.34365625
              ],
              [
                16.16036797,
                57.34374077
              ],
              [
                16.16056389,
                57.34379475
              ],
              [
                16.16089587,
                57.34391357
              ],
              [
                16.16116575,
                57.34396281
              ],
              [
                16.1611874,
                57.34396677
              ],
              [
                16.16162802,
                57.34360461
              ],
              [
                16.16153358,
                57.34355796
              ],
              [
                16.16148875,
                57.34353582
              ],
              [
                16.16159628,
                57.34335806
              ]
            ]
          ]
        ]
      },
      "geometry_name": "geom",
      "properties": {
        "omradesnamn": "Bråbygden",
        "omradestyp": "SCI",
        "uppgiftslamnare": "Länsstyrelsen i Kalmar län",
        "sammanstalltdatum": "20010101",
        "uppdateratdatum": "20120801",
        "spa_datum": null,
        "sci_foreslaget_datum": "200201              ",
        "sci_datum": "200501              ",
        "sac_datum": "201103              ",
        "area_ha": 528.4,
        "kvalitet": "Kalmar läns främsta exempel på en sammanhängande småbruksbygd som i flera avseenden fortfarande hävdas traditionsenligt. Intressant och artrik flora tack vare grönstenspåverkan. Småskaligt jordbruk med åkrar insprängda bland ängar och hagmarker. Rika exempel på äldre brukningsmetoder i form av slåtter, lövtäkt och trägärdesgårdar. ",
        "karaktar": "Berggrunden domineras av granit med stora inslag av grönstensbergarterna gabbro och diorit. Byarna som ingår i området, ligger på moränplatån mellan Bråhultsdalgången och Bjälebodalgången. Större delen av platån intas av marginellt jordbruk, d.v.s. icke bestående jordbruk, som bildar en vacker mosaik eller lapptäcke av åkrar, ängar, hagar, lundar, löv? och barrskogar.",
        "arter": " ",
        "naturtyper": "6230, 6270, 6410, 6510, 6530, 9070",
        "lan": "Kalmar län",
        "kommun": "Oskarshamn",
        "objectid": 905713,
        "shape_area": null,
        "shape_len": null
      }
    }
  ],
  "totalFeatures": 1,
  "numberMatched": 1,
  "numberReturned": 1,
  "timeStamp": "2026-04-30T16:47:15.084Z",
  "crs": {
    "type": "name",
    "properties": {
      "name": "urn:ogc:def:crs:EPSG::4326"
    }
  }
}
