{
  "type": "FeatureCollection",
  "features": [
    {
      "type": "Feature",
      "geometry": {
        "type": "Point",
        "coordinates": [
          18.0305,
          59.3195
        ]
      },
      "properties": {
        "routeId": "langholmen-reimersholme-loop",
        "routeName": "Långholmen and Reimersholme loop",
        "role": "start",
        "index": 0,
        "name": "Långholmen / Pålsundskanalen",
        "coordinateSource": "gazetteer-approximate",
        "coordinateMatchedFrom": "Långholmen / Pålsundskanalen",
        "sourceFile": "compiled/kayak-routes.seed.json"
      }
    },
    {
      "type": "Feature",
      "geometry": {
        "type": "Point",
        "coordinates": [
          18.041,
          59.3135
        ]
      },
      "properties": {
        "routeId": "langholmen-reimersholme-loop",
        "routeName": "Långholmen and Reimersholme loop",
        "role": "waypoint",
        "index": 1,
        "name": "Tantolunden",
        "coordinateSource": "gazetteer-approximate",
        "coordinateMatchedFrom": "Tantolunden",
        "sourceFile": "compiled/kayak-routes.seed.json"
      }
    },
    {
      "type": "Feature",
      "geometry": {
        "type": "Point",
        "coordinates": [
          18.0305,
          59.3195
        ]
      },
      "properties": {
        "routeId": "langholmen-reimersholme-loop",
        "routeName": "Långholmen and Reimersholme loop",
        "role": "waypoint",
        "index": 2,
        "name": "Pålsundskanalen",
        "coordinateSource": "gazetteer-approximate",
        "coordinateMatchedFrom": "Pålsundskanalen",
        "sourceFile": "compiled/kayak-routes.seed.json"
      }
    },
    {
      "type": "Feature",
      "geometry": {
        "type": "Point",
        "coordinates": [
          18.0245,
          59.318
        ]
      },
      "properties": {
        "routeId": "langholmen-reimersholme-loop",
        "routeName": "Långholmen and Reimersholme loop",
        "role": "waypoint",
        "index": 3,
        "name": "Reimersholme",
        "coordinateSource": "gazetteer-approximate",
        "coordinateMatchedFrom": "Reimersholme",
        "sourceFile": "compiled/kayak-routes.seed.json"
      }
    },
    {
      "type": "Feature",
      "geometry": {
        "type": "Point",
        "coordinates": [
          18.0305,
          59.3195
        ]
      },
      "properties": {
        "routeId": "langholmen-reimersholme-loop",
        "routeName": "Långholmen and Reimersholme loop",
        "role": "end",
        "index": 4,
        "name": "Långholmen / Pålsundskanalen",
        "coordinateSource": "gazetteer-approximate",
        "coordinateMatchedFrom": "Långholmen / Pålsundskanalen",
        "sourceFile": "compiled/kayak-routes.seed.json"
      }
    },
    {
      "type": "Feature",
      "geometry": {
        "type": "Point",
        "coordinates": [
          18.004,
          59.334
        ]
      },
      "properties": {
        "routeId": "kungsholmen-loop",
        "routeName": "Kungsholmen runt",
        "role": "start",
        "index": 0,
        "name": "Kristineberg / Kajakkompaniet",
        "coordinateSource": "gazetteer-approximate",
        "coordinateMatchedFrom": "Kristineberg / Kajakkompaniet",
        "sourceFile": "compiled/kayak-routes.seed.json"
      }
    },
    {
      "type": "Feature",
      "geometry": {
        "type": "Point",
        "coordinates": [
          18.031,
          59.338
        ]
      },
      "properties": {
        "routeId": "kungsholmen-loop",
        "routeName": "Kungsholmen runt",
        "role": "waypoint",
        "index": 1,
        "name": "Karlbergskanalen",
        "coordinateSource": "gazetteer-approximate",
        "coordinateMatchedFrom": "Karlbergskanalen",
        "sourceFile": "compiled/kayak-routes.seed.json"
      }
    },
    {
      "type": "Feature",
      "geometry": {
        "type": "Point",
        "coordinates": [
          18.054,
          59.3275
        ]
      },
      "properties": {
        "routeId": "kungsholmen-loop",
        "routeName": "Kungsholmen runt",
        "role": "waypoint",
        "index": 2,
        "name": "Stockholm City Hall",
        "coordinateSource": "gazetteer-approximate",
        "coordinateMatchedFrom": "Stockholm City Hall",
        "sourceFile": "compiled/kayak-routes.seed.json"
      }
    },
    {
      "type": "Feature",
      "geometry": {
        "type": "Point",
        "coordinates": [
          18.043,
          59.3223
        ]
      },
      "properties": {
        "routeId": "kungsholmen-loop",
        "routeName": "Kungsholmen runt",
        "role": "waypoint",
        "index": 3,
        "name": "Norr Mälarstrand",
        "coordinateSource": "gazetteer-approximate",
        "coordinateMatchedFrom": "Norr Mälarstrand",
        "sourceFile": "compiled/kayak-routes.seed.json"
      }
    },
    {
      "type": "Feature",
      "geometry": {
        "type": "Point",
        "coordinates": [
          18.004,
          59.334
        ]
      },
      "properties": {
        "routeId": "kungsholmen-loop",
        "routeName": "Kungsholmen runt",
        "role": "end",
        "index": 4,
        "name": "Kristineberg / Kajakkompaniet",
        "coordinateSource": "gazetteer-approximate",
        "coordinateMatchedFrom": "Kristineberg / Kajakkompaniet",
        "sourceFile": "compiled/kayak-routes.seed.json"
      }
    },
    {
      "type": "Feature",
      "geometry": {
        "type": "Point",
        "coordinates": [
          18.145,
          59.333
        ]
      },
      "properties": {
        "routeId": "djurgardskanalen-out-and-back",
        "routeName": "Djurgårdskanalen out and back",
        "role": "start",
        "index": 0,
        "name": "Kayakomat Stockholm Djurgårdskanalen",
        "coordinateSource": "gazetteer-approximate",
        "coordinateMatchedFrom": "Kayakomat Stockholm Djurgårdskanalen",
        "sourceFile": "compiled/kayak-routes.seed.json"
      }
    },
    {
      "type": "Feature",
      "geometry": {
        "type": "Point",
        "coordinates": [
          18.155,
          59.333
        ]
      },
      "properties": {
        "routeId": "djurgardskanalen-out-and-back",
        "routeName": "Djurgårdskanalen out and back",
        "role": "waypoint",
        "index": 1,
        "name": "Djurgårdskanalen east",
        "coordinateSource": "gazetteer-approximate",
        "coordinateMatchedFrom": "Djurgårdskanalen east",
        "sourceFile": "compiled/kayak-routes.seed.json"
      }
    },
    {
      "type": "Feature",
      "geometry": {
        "type": "Point",
        "coordinates": [
          18.145,
          59.333
        ]
      },
      "properties": {
        "routeId": "djurgardskanalen-out-and-back",
        "routeName": "Djurgårdskanalen out and back",
        "role": "end",
        "index": 2,
        "name": "Kayakomat Stockholm Djurgårdskanalen",
        "coordinateSource": "gazetteer-approximate",
        "coordinateMatchedFrom": "Kayakomat Stockholm Djurgårdskanalen",
        "sourceFile": "compiled/kayak-routes.seed.json"
      }
    },
    {
      "type": "Feature",
      "geometry": {
        "type": "Point",
        "coordinates": [
          18.057,
          59.366
        ]
      },
      "properties": {
        "routeId": "brunnsviken-loop",
        "routeName": "Brunnsviken and Hagaparken loop",
        "role": "start",
        "index": 0,
        "name": "Frescati / Kayakomat or Brunnsvikens Kanotklubb",
        "coordinateSource": "gazetteer-approximate",
        "coordinateMatchedFrom": "Frescati / Kayakomat or Brunnsvikens Kanotklubb",
        "sourceFile": "compiled/kayak-routes.seed.json"
      }
    },
    {
      "type": "Feature",
      "geometry": {
        "type": "Point",
        "coordinates": [
          18.049,
          59.366
        ]
      },
      "properties": {
        "routeId": "brunnsviken-loop",
        "routeName": "Brunnsviken and Hagaparken loop",
        "role": "waypoint",
        "index": 1,
        "name": "Bergianska trädgården",
        "coordinateSource": "gazetteer-approximate",
        "coordinateMatchedFrom": "Bergianska trädgården",
        "sourceFile": "compiled/kayak-routes.seed.json"
      }
    },
    {
      "type": "Feature",
      "geometry": {
        "type": "Point",
        "coordinates": [
          18.026,
          59.362
        ]
      },
      "properties": {
        "routeId": "brunnsviken-loop",
        "routeName": "Brunnsviken and Hagaparken loop",
        "role": "waypoint",
        "index": 2,
        "name": "Hagaparken",
        "coordinateSource": "gazetteer-approximate",
        "coordinateMatchedFrom": "Hagaparken",
        "sourceFile": "compiled/kayak-routes.seed.json"
      }
    },
    {
      "type": "Feature",
      "geometry": {
        "type": "Point",
        "coordinates": [
          18.021,
          59.369
        ]
      },
      "properties": {
        "routeId": "brunnsviken-loop",
        "routeName": "Brunnsviken and Hagaparken loop",
        "role": "waypoint",
        "index": 3,
        "name": "Frösundavik",
        "coordinateSource": "gazetteer-approximate",
        "coordinateMatchedFrom": "Frösundavik",
        "sourceFile": "compiled/kayak-routes.seed.json"
      }
    },
    {
      "type": "Feature",
      "geometry": {
        "type": "Point",
        "coordinates": [
          18.057,
          59.366
        ]
      },
      "properties": {
        "routeId": "brunnsviken-loop",
        "routeName": "Brunnsviken and Hagaparken loop",
        "role": "end",
        "index": 4,
        "name": "Frescati",
        "coordinateSource": "gazetteer-approximate",
        "coordinateMatchedFrom": "Frescati",
        "sourceFile": "compiled/kayak-routes.seed.json"
      }
    },
    {
      "type": "Feature",
      "geometry": {
        "type": "Point",
        "coordinates": [
          18.125,
          59.302
        ]
      },
      "properties": {
        "routeId": "sicklasjon-baggensfjarden-canoe-route",
        "routeName": "Sicklasjön to Baggensfjärden",
        "role": "start",
        "index": 0,
        "name": "Sicklasjön / Sickla kanal area",
        "coordinateSource": "gazetteer-approximate",
        "coordinateMatchedFrom": "Sicklasjön / Sickla kanal area",
        "sourceFile": "compiled/kayak-routes.seed.json"
      }
    },
    {
      "type": "Feature",
      "geometry": {
        "type": "Point",
        "coordinates": [
          18.168,
          59.305
        ]
      },
      "properties": {
        "routeId": "sicklasjon-baggensfjarden-canoe-route",
        "routeName": "Sicklasjön to Baggensfjärden",
        "role": "waypoint",
        "index": 1,
        "name": "Järlasjön",
        "coordinateSource": "gazetteer-approximate",
        "coordinateMatchedFrom": "Järlasjön",
        "sourceFile": "compiled/kayak-routes.seed.json"
      }
    },
    {
      "type": "Feature",
      "geometry": {
        "type": "Point",
        "coordinates": [
          18.218,
          59.307
        ]
      },
      "properties": {
        "routeId": "sicklasjon-baggensfjarden-canoe-route",
        "routeName": "Sicklasjön to Baggensfjärden",
        "role": "waypoint",
        "index": 2,
        "name": "Kolbottensjön",
        "coordinateSource": "gazetteer-approximate",
        "coordinateMatchedFrom": "Kolbottensjön",
        "sourceFile": "compiled/kayak-routes.seed.json"
      }
    },
    {
      "type": "Feature",
      "geometry": {
        "type": "Point",
        "coordinates": [
          18.236,
          59.302
        ]
      },
      "properties": {
        "routeId": "sicklasjon-baggensfjarden-canoe-route",
        "routeName": "Sicklasjön to Baggensfjärden",
        "role": "waypoint",
        "index": 3,
        "name": "Duvnäsviken",
        "coordinateSource": "gazetteer-approximate",
        "coordinateMatchedFrom": "Duvnäsviken",
        "sourceFile": "compiled/kayak-routes.seed.json"
      }
    },
    {
      "type": "Feature",
      "geometry": {
        "type": "Point",
        "coordinates": [
          18.287,
          59.298
        ]
      },
      "properties": {
        "routeId": "sicklasjon-baggensfjarden-canoe-route",
        "routeName": "Sicklasjön to Baggensfjärden",
        "role": "waypoint",
        "index": 4,
        "name": "Baggensstäket",
        "coordinateSource": "gazetteer-approximate",
        "coordinateMatchedFrom": "Baggensstäket",
        "sourceFile": "compiled/kayak-routes.seed.json"
      }
    },
    {
      "type": "Feature",
      "geometry": {
        "type": "Point",
        "coordinates": [
          18.295,
          59.287
        ]
      },
      "properties": {
        "routeId": "sicklasjon-baggensfjarden-canoe-route",
        "routeName": "Sicklasjön to Baggensfjärden",
        "role": "end",
        "index": 5,
        "name": "Baggensfjärden",
        "coordinateSource": "gazetteer-approximate",
        "coordinateMatchedFrom": "Baggensfjärden",
        "sourceFile": "compiled/kayak-routes.seed.json"
      }
    },
    {
      "type": "Feature",
      "geometry": {
        "type": "Point",
        "coordinates": [
          18.333,
          59.426
        ]
      },
      "properties": {
        "routeId": "bogesund-round-trip",
        "routeName": "Bogesund Nature Reserve round trip",
        "role": "start",
        "index": 0,
        "name": "Skärgårdens Kanotcenter, Vaxholm",
        "coordinateSource": "gazetteer-approximate",
        "coordinateMatchedFrom": "Skärgårdens Kanotcenter, Vaxholm",
        "sourceFile": "compiled/kayak-routes.seed.json"
      }
    },
    {
      "type": "Feature",
      "geometry": {
        "type": "Point",
        "coordinates": [
          18.25,
          59.399
        ]
      },
      "properties": {
        "routeId": "bogesund-round-trip",
        "routeName": "Bogesund Nature Reserve round trip",
        "role": "waypoint",
        "index": 1,
        "name": "Bogesund Nature Reserve",
        "coordinateSource": "gazetteer-approximate",
        "coordinateMatchedFrom": "Bogesund Nature Reserve",
        "sourceFile": "compiled/kayak-routes.seed.json"
      }
    },
    {
      "type": "Feature",
      "geometry": {
        "type": "Point",
        "coordinates": [
          18.333,
          59.426
        ]
      },
      "properties": {
        "routeId": "bogesund-round-trip",
        "routeName": "Bogesund Nature Reserve round trip",
        "role": "end",
        "index": 2,
        "name": "Skärgårdens Kanotcenter, Vaxholm",
        "coordinateSource": "gazetteer-approximate",
        "coordinateMatchedFrom": "Skärgårdens Kanotcenter, Vaxholm",
        "sourceFile": "compiled/kayak-routes.seed.json"
      }
    },
    {
      "type": "Feature",
      "geometry": {
        "type": "Point",
        "coordinates": [
          18.333,
          59.426
        ]
      },
      "properties": {
        "routeId": "vaxholm-fortress-norrhamn-teno",
        "routeName": "Vaxholm Fortress, Norrhamn and Tenö",
        "role": "start",
        "index": 0,
        "name": "Skärgårdens Kanotcenter, Vaxholm",
        "coordinateSource": "gazetteer-approximate",
        "coordinateMatchedFrom": "Skärgårdens Kanotcenter, Vaxholm",
        "sourceFile": "compiled/kayak-routes.seed.json"
      }
    },
    {
      "type": "Feature",
      "geometry": {
        "type": "Point",
        "coordinates": [
          18.36,
          59.403
        ]
      },
      "properties": {
        "routeId": "vaxholm-fortress-norrhamn-teno",
        "routeName": "Vaxholm Fortress, Norrhamn and Tenö",
        "role": "waypoint",
        "index": 1,
        "name": "Vaxholm Fortress",
        "coordinateSource": "gazetteer-approximate",
        "coordinateMatchedFrom": "Vaxholm Fortress",
        "sourceFile": "compiled/kayak-routes.seed.json"
      }
    },
    {
      "type": "Feature",
      "geometry": {
        "type": "Point",
        "coordinates": [
          18.35,
          59.406
        ]
      },
      "properties": {
        "routeId": "vaxholm-fortress-norrhamn-teno",
        "routeName": "Vaxholm Fortress, Norrhamn and Tenö",
        "role": "waypoint",
        "index": 2,
        "name": "Norrhamn",
        "coordinateSource": "gazetteer-approximate",
        "coordinateMatchedFrom": "Norrhamn",
        "sourceFile": "compiled/kayak-routes.seed.json"
      }
    },
    {
      "type": "Feature",
      "geometry": {
        "type": "Point",
        "coordinates": [
          18.405,
          59.426
        ]
      },
      "properties": {
        "routeId": "vaxholm-fortress-norrhamn-teno",
        "routeName": "Vaxholm Fortress, Norrhamn and Tenö",
        "role": "waypoint",
        "index": 3,
        "name": "Tenö beach",
        "coordinateSource": "gazetteer-approximate",
        "coordinateMatchedFrom": "Tenö beach",
        "sourceFile": "compiled/kayak-routes.seed.json"
      }
    },
    {
      "type": "Feature",
      "geometry": {
        "type": "Point",
        "coordinates": [
          18.333,
          59.426
        ]
      },
      "properties": {
        "routeId": "vaxholm-fortress-norrhamn-teno",
        "routeName": "Vaxholm Fortress, Norrhamn and Tenö",
        "role": "end",
        "index": 4,
        "name": "Skärgårdens Kanotcenter, Vaxholm",
        "coordinateSource": "gazetteer-approximate",
        "coordinateMatchedFrom": "Skärgårdens Kanotcenter, Vaxholm",
        "sourceFile": "compiled/kayak-routes.seed.json"
      }
    },
    {
      "type": "Feature",
      "geometry": {
        "type": "Point",
        "coordinates": [
          18.333,
          59.426
        ]
      },
      "properties": {
        "routeId": "tynningo-bjornholmen-oxdjupet",
        "routeName": "Tynningö, Björnholmen and Oxdjupet",
        "role": "start",
        "index": 0,
        "name": "Skärgårdens Kanotcenter, Vaxholm",
        "coordinateSource": "gazetteer-approximate",
        "coordinateMatchedFrom": "Skärgårdens Kanotcenter, Vaxholm",
        "sourceFile": "compiled/kayak-routes.seed.json"
      }
    },
    {
      "type": "Feature",
      "geometry": {
        "type": "Point",
        "coordinates": [
          18.4,
          59.392
        ]
      },
      "properties": {
        "routeId": "tynningo-bjornholmen-oxdjupet",
        "routeName": "Tynningö, Björnholmen and Oxdjupet",
        "role": "waypoint",
        "index": 1,
        "name": "Tynningö",
        "coordinateSource": "gazetteer-approximate",
        "coordinateMatchedFrom": "Tynningö",
        "sourceFile": "compiled/kayak-routes.seed.json"
      }
    },
    {
      "type": "Feature",
      "geometry": {
        "type": "Point",
        "coordinates": [
          18.42,
          59.372
        ]
      },
      "properties": {
        "routeId": "tynningo-bjornholmen-oxdjupet",
        "routeName": "Tynningö, Björnholmen and Oxdjupet",
        "role": "waypoint",
        "index": 2,
        "name": "Björnholmen",
        "coordinateSource": "gazetteer-approximate",
        "coordinateMatchedFrom": "Björnholmen",
        "sourceFile": "compiled/kayak-routes.seed.json"
      }
    },
    {
      "type": "Feature",
      "geometry": {
        "type": "Point",
        "coordinates": [
          18.45,
          59.392
        ]
      },
      "properties": {
        "routeId": "tynningo-bjornholmen-oxdjupet",
        "routeName": "Tynningö, Björnholmen and Oxdjupet",
        "role": "waypoint",
        "index": 3,
        "name": "Oxdjupet",
        "coordinateSource": "gazetteer-approximate",
        "coordinateMatchedFrom": "Oxdjupet",
        "sourceFile": "compiled/kayak-routes.seed.json"
      }
    },
    {
      "type": "Feature",
      "geometry": {
        "type": "Point",
        "coordinates": [
          18.39,
          59.405
        ]
      },
      "properties": {
        "routeId": "tynningo-bjornholmen-oxdjupet",
        "routeName": "Tynningö, Björnholmen and Oxdjupet",
        "role": "waypoint",
        "index": 4,
        "name": "Stegesundet",
        "coordinateSource": "gazetteer-approximate",
        "coordinateMatchedFrom": "Stegesundet",
        "sourceFile": "compiled/kayak-routes.seed.json"
      }
    },
    {
      "type": "Feature",
      "geometry": {
        "type": "Point",
        "coordinates": [
          18.333,
          59.426
        ]
      },
      "properties": {
        "routeId": "tynningo-bjornholmen-oxdjupet",
        "routeName": "Tynningö, Björnholmen and Oxdjupet",
        "role": "end",
        "index": 5,
        "name": "Skärgårdens Kanotcenter, Vaxholm",
        "coordinateSource": "gazetteer-approximate",
        "coordinateMatchedFrom": "Skärgårdens Kanotcenter, Vaxholm",
        "sourceFile": "compiled/kayak-routes.seed.json"
      }
    },
    {
      "type": "Feature",
      "geometry": {
        "type": "Point",
        "coordinates": [
          18.333,
          59.426
        ]
      },
      "properties": {
        "routeId": "grinda-gallno-multiday",
        "routeName": "Grinda and Gällnö multiday",
        "role": "start",
        "index": 0,
        "name": "Skärgårdens Kanotcenter, Vaxholm",
        "coordinateSource": "gazetteer-approximate",
        "coordinateMatchedFrom": "Skärgårdens Kanotcenter, Vaxholm",
        "sourceFile": "compiled/kayak-routes.seed.json"
      }
    },
    {
      "type": "Feature",
      "geometry": {
        "type": "Point",
        "coordinates": [
          18.56,
          59.411
        ]
      },
      "properties": {
        "routeId": "grinda-gallno-multiday",
        "routeName": "Grinda and Gällnö multiday",
        "role": "waypoint",
        "index": 1,
        "name": "Grinda",
        "coordinateSource": "gazetteer-approximate",
        "coordinateMatchedFrom": "Grinda",
        "sourceFile": "compiled/kayak-routes.seed.json"
      }
    },
    {
      "type": "Feature",
      "geometry": {
        "type": "Point",
        "coordinates": [
          18.64,
          59.392
        ]
      },
      "properties": {
        "routeId": "grinda-gallno-multiday",
        "routeName": "Grinda and Gällnö multiday",
        "role": "waypoint",
        "index": 2,
        "name": "Gällnö",
        "coordinateSource": "gazetteer-approximate",
        "coordinateMatchedFrom": "Gällnö",
        "sourceFile": "compiled/kayak-routes.seed.json"
      }
    },
    {
      "type": "Feature",
      "geometry": {
        "type": "Point",
        "coordinates": [
          18.333,
          59.426
        ]
      },
      "properties": {
        "routeId": "grinda-gallno-multiday",
        "routeName": "Grinda and Gällnö multiday",
        "role": "end",
        "index": 3,
        "name": "Skärgårdens Kanotcenter or alternate pickup",
        "coordinateSource": "gazetteer-approximate",
        "coordinateMatchedFrom": "Skärgårdens Kanotcenter or alternate pickup",
        "sourceFile": "compiled/kayak-routes.seed.json"
      }
    },
    {
      "type": "Feature",
      "geometry": {
        "type": "Point",
        "coordinates": [
          18.694,
          59.287
        ]
      },
      "properties": {
        "routeId": "stavsnas-runmaro-runt",
        "routeName": "Stavsnäs to Runmarö runt",
        "role": "start",
        "index": 0,
        "name": "Stavsnäs gästhamn",
        "coordinateSource": "gazetteer-approximate",
        "coordinateMatchedFrom": "Stavsnäs gästhamn",
        "sourceFile": "compiled/kayak-routes.seed.json"
      }
    },
    {
      "type": "Feature",
      "geometry": {
        "type": "Point",
        "coordinates": [
          18.77,
          59.289
        ]
      },
      "properties": {
        "routeId": "stavsnas-runmaro-runt",
        "routeName": "Stavsnäs to Runmarö runt",
        "role": "waypoint",
        "index": 1,
        "name": "Runmarö",
        "coordinateSource": "gazetteer-approximate",
        "coordinateMatchedFrom": "Runmarö",
        "sourceFile": "compiled/kayak-routes.seed.json"
      }
    },
    {
      "type": "Feature",
      "geometry": {
        "type": "Point",
        "coordinates": [
          18.84,
          59.29
        ]
      },
      "properties": {
        "routeId": "stavsnas-runmaro-runt",
        "routeName": "Stavsnäs to Runmarö runt",
        "role": "waypoint",
        "index": 2,
        "name": "East side of Runmarö",
        "coordinateSource": "gazetteer-approximate",
        "coordinateMatchedFrom": "East side of Runmarö",
        "sourceFile": "compiled/kayak-routes.seed.json"
      }
    },
    {
      "type": "Feature",
      "geometry": {
        "type": "Point",
        "coordinates": [
          18.694,
          59.287
        ]
      },
      "properties": {
        "routeId": "stavsnas-runmaro-runt",
        "routeName": "Stavsnäs to Runmarö runt",
        "role": "end",
        "index": 3,
        "name": "Stavsnäs gästhamn",
        "coordinateSource": "gazetteer-approximate",
        "coordinateMatchedFrom": "Stavsnäs gästhamn",
        "sourceFile": "compiled/kayak-routes.seed.json"
      }
    },
    {
      "type": "Feature",
      "geometry": {
        "type": "Point",
        "coordinates": [
          18.694,
          59.287
        ]
      },
      "properties": {
        "routeId": "stavsnas-sollenkroka-kanholmsfjarden",
        "routeName": "Stavsnäs to Sollenkroka via Kanholmsfjärden",
        "role": "start",
        "index": 0,
        "name": "Stavsnäs gästhamn",
        "coordinateSource": "gazetteer-approximate",
        "coordinateMatchedFrom": "Stavsnäs gästhamn",
        "sourceFile": "compiled/kayak-routes.seed.json"
      }
    },
    {
      "type": "Feature",
      "geometry": {
        "type": "Point",
        "coordinates": [
          18.78,
          59.37
        ]
      },
      "properties": {
        "routeId": "stavsnas-sollenkroka-kanholmsfjarden",
        "routeName": "Stavsnäs to Sollenkroka via Kanholmsfjärden",
        "role": "waypoint",
        "index": 1,
        "name": "Kanholmsfjärden",
        "coordinateSource": "gazetteer-approximate",
        "coordinateMatchedFrom": "Kanholmsfjärden",
        "sourceFile": "compiled/kayak-routes.seed.json"
      }
    },
    {
      "type": "Feature",
      "geometry": {
        "type": "Point",
        "coordinates": [
          18.74,
          59.4
        ]
      },
      "properties": {
        "routeId": "stavsnas-sollenkroka-kanholmsfjarden",
        "routeName": "Stavsnäs to Sollenkroka via Kanholmsfjärden",
        "role": "waypoint",
        "index": 2,
        "name": "Harö / Hasselö corridor",
        "coordinateSource": "gazetteer-approximate",
        "coordinateMatchedFrom": "Harö / Hasselö corridor",
        "sourceFile": "compiled/kayak-routes.seed.json"
      }
    },
    {
      "type": "Feature",
      "geometry": {
        "type": "Point",
        "coordinates": [
          18.9,
          59.35
        ]
      },
      "properties": {
        "routeId": "stavsnas-sollenkroka-kanholmsfjarden",
        "routeName": "Stavsnäs to Sollenkroka via Kanholmsfjärden",
        "role": "waypoint",
        "index": 3,
        "name": "Sandhamn or Möja optional variants",
        "coordinateSource": "gazetteer-approximate",
        "coordinateMatchedFrom": "Sandhamn or Möja optional variants",
        "sourceFile": "compiled/kayak-routes.seed.json"
      }
    },
    {
      "type": "Feature",
      "geometry": {
        "type": "Point",
        "coordinates": [
          18.658,
          59.439
        ]
      },
      "properties": {
        "routeId": "stavsnas-sollenkroka-kanholmsfjarden",
        "routeName": "Stavsnäs to Sollenkroka via Kanholmsfjärden",
        "role": "end",
        "index": 4,
        "name": "Sollenkroka brygga",
        "coordinateSource": "gazetteer-approximate",
        "coordinateMatchedFrom": "Sollenkroka brygga",
        "sourceFile": "compiled/kayak-routes.seed.json"
      }
    },
    {
      "type": "Feature",
      "geometry": {
        "type": "Point",
        "coordinates": [
          18.694,
          59.287
        ]
      },
      "properties": {
        "routeId": "stavsnas-namdo-bullero-langviksskar",
        "routeName": "Stavsnäs, Nämdö, Bullerö and Långviksskär",
        "role": "start",
        "index": 0,
        "name": "Stavsnäs kayak center",
        "coordinateSource": "gazetteer-approximate",
        "coordinateMatchedFrom": "Stavsnäs kayak center",
        "sourceFile": "compiled/kayak-routes.seed.json"
      }
    },
    {
      "type": "Feature",
      "geometry": {
        "type": "Point",
        "coordinates": [
          18.71,
          59.22
        ]
      },
      "properties": {
        "routeId": "stavsnas-namdo-bullero-langviksskar",
        "routeName": "Stavsnäs, Nämdö, Bullerö and Långviksskär",
        "role": "waypoint",
        "index": 1,
        "name": "Nämdö north coast",
        "coordinateSource": "gazetteer-approximate",
        "coordinateMatchedFrom": "Nämdö north coast",
        "sourceFile": "compiled/kayak-routes.seed.json"
      }
    },
    {
      "type": "Feature",
      "geometry": {
        "type": "Point",
        "coordinates": [
          18.88,
          59.2
        ]
      },
      "properties": {
        "routeId": "stavsnas-namdo-bullero-langviksskar",
        "routeName": "Stavsnäs, Nämdö, Bullerö and Långviksskär",
        "role": "waypoint",
        "index": 2,
        "name": "Bullerön",
        "coordinateSource": "gazetteer-approximate",
        "coordinateMatchedFrom": "Bullerön",
        "sourceFile": "compiled/kayak-routes.seed.json"
      }
    },
    {
      "type": "Feature",
      "geometry": {
        "type": "Point",
        "coordinates": [
          18.87,
          59.16
        ]
      },
      "properties": {
        "routeId": "stavsnas-namdo-bullero-langviksskar",
        "routeName": "Stavsnäs, Nämdö, Bullerö and Långviksskär",
        "role": "waypoint",
        "index": 3,
        "name": "Långviksskär",
        "coordinateSource": "gazetteer-approximate",
        "coordinateMatchedFrom": "Långviksskär",
        "sourceFile": "compiled/kayak-routes.seed.json"
      }
    },
    {
      "type": "Feature",
      "geometry": {
        "type": "Point",
        "coordinates": [
          18.694,
          59.287
        ]
      },
      "properties": {
        "routeId": "stavsnas-namdo-bullero-langviksskar",
        "routeName": "Stavsnäs, Nämdö, Bullerö and Långviksskär",
        "role": "end",
        "index": 4,
        "name": "Stavsnäs or boat return",
        "coordinateSource": "gazetteer-approximate",
        "coordinateMatchedFrom": "Stavsnäs or boat return",
        "sourceFile": "compiled/kayak-routes.seed.json"
      }
    },
    {
      "type": "Feature",
      "geometry": {
        "type": "Point",
        "coordinates": [
          18.417,
          59.135
        ]
      },
      "properties": {
        "routeId": "dalaro-day-islands",
        "routeName": "Dalarö day islands",
        "role": "start",
        "index": 0,
        "name": "Dalarö Kajak, Askfatshamnen",
        "coordinateSource": "gazetteer-approximate",
        "coordinateMatchedFrom": "Dalarö Kajak, Askfatshamnen",
        "sourceFile": "compiled/kayak-routes.seed.json"
      }
    },
    {
      "type": "Feature",
      "geometry": {
        "type": "Point",
        "coordinates": [
          18.47,
          59.14
        ]
      },
      "properties": {
        "routeId": "dalaro-day-islands",
        "routeName": "Dalarö day islands",
        "role": "waypoint",
        "index": 1,
        "name": "Rågholmen",
        "coordinateSource": "gazetteer-approximate",
        "coordinateMatchedFrom": "Rågholmen",
        "sourceFile": "compiled/kayak-routes.seed.json"
      }
    },
    {
      "type": "Feature",
      "geometry": {
        "type": "Point",
        "coordinates": [
          18.45,
          59.13
        ]
      },
      "properties": {
        "routeId": "dalaro-day-islands",
        "routeName": "Dalarö day islands",
        "role": "waypoint",
        "index": 2,
        "name": "Dalarö Skans",
        "coordinateSource": "gazetteer-approximate",
        "coordinateMatchedFrom": "Dalarö Skans",
        "sourceFile": "compiled/kayak-routes.seed.json"
      }
    },
    {
      "type": "Feature",
      "geometry": {
        "type": "Point",
        "coordinates": [
          18.5,
          59.05
        ]
      },
      "properties": {
        "routeId": "dalaro-day-islands",
        "routeName": "Dalarö day islands",
        "role": "waypoint",
        "index": 3,
        "name": "Kymendö",
        "coordinateSource": "gazetteer-approximate",
        "coordinateMatchedFrom": "Kymendö",
        "sourceFile": "compiled/kayak-routes.seed.json"
      }
    },
    {
      "type": "Feature",
      "geometry": {
        "type": "Point",
        "coordinates": [
          18.417,
          59.135
        ]
      },
      "properties": {
        "routeId": "dalaro-day-islands",
        "routeName": "Dalarö day islands",
        "role": "end",
        "index": 4,
        "name": "Dalarö Kajak, Askfatshamnen",
        "coordinateSource": "gazetteer-approximate",
        "coordinateMatchedFrom": "Dalarö Kajak, Askfatshamnen",
        "sourceFile": "compiled/kayak-routes.seed.json"
      }
    },
    {
      "type": "Feature",
      "geometry": {
        "type": "Point",
        "coordinates": [
          18.417,
          59.135
        ]
      },
      "properties": {
        "routeId": "dalaro-galo-overnight",
        "routeName": "Dalarö to Gålö Havsbad",
        "role": "start",
        "index": 0,
        "name": "Dalarö Kajak, Askfatshamnen",
        "coordinateSource": "gazetteer-approximate",
        "coordinateMatchedFrom": "Dalarö Kajak, Askfatshamnen",
        "sourceFile": "compiled/kayak-routes.seed.json"
      }
    },
    {
      "type": "Feature",
      "geometry": {
        "type": "Point",
        "coordinates": [
          18.3,
          59.105
        ]
      },
      "properties": {
        "routeId": "dalaro-galo-overnight",
        "routeName": "Dalarö to Gålö Havsbad",
        "role": "waypoint",
        "index": 1,
        "name": "Gålö Havsbad",
        "coordinateSource": "gazetteer-approximate",
        "coordinateMatchedFrom": "Gålö Havsbad",
        "sourceFile": "compiled/kayak-routes.seed.json"
      }
    },
    {
      "type": "Feature",
      "geometry": {
        "type": "Point",
        "coordinates": [
          18.3,
          59.105
        ]
      },
      "properties": {
        "routeId": "dalaro-galo-overnight",
        "routeName": "Dalarö to Gålö Havsbad",
        "role": "end",
        "index": 2,
        "name": "Gålö Havsbad",
        "coordinateSource": "gazetteer-approximate",
        "coordinateMatchedFrom": "Gålö Havsbad",
        "sourceFile": "compiled/kayak-routes.seed.json"
      }
    },
    {
      "type": "Feature",
      "geometry": {
        "type": "Point",
        "coordinates": [
          18.41,
          59.13
        ]
      },
      "properties": {
        "routeId": "dalaro-fjardlang-villinge",
        "routeName": "Dalarö, Fjärdlång and Villinge",
        "role": "start",
        "index": 0,
        "name": "Dalarö",
        "coordinateSource": "gazetteer-approximate",
        "coordinateMatchedFrom": "Dalarö",
        "sourceFile": "compiled/kayak-routes.seed.json"
      }
    },
    {
      "type": "Feature",
      "geometry": {
        "type": "Point",
        "coordinates": [
          18.53,
          59.03
        ]
      },
      "properties": {
        "routeId": "dalaro-fjardlang-villinge",
        "routeName": "Dalarö, Fjärdlång and Villinge",
        "role": "waypoint",
        "index": 1,
        "name": "Fjärdlång",
        "coordinateSource": "gazetteer-approximate",
        "coordinateMatchedFrom": "Fjärdlång",
        "sourceFile": "compiled/kayak-routes.seed.json"
      }
    },
    {
      "type": "Feature",
      "geometry": {
        "type": "Point",
        "coordinates": [
          18.61,
          59
        ]
      },
      "properties": {
        "routeId": "dalaro-fjardlang-villinge",
        "routeName": "Dalarö, Fjärdlång and Villinge",
        "role": "waypoint",
        "index": 2,
        "name": "Villinge",
        "coordinateSource": "gazetteer-approximate",
        "coordinateMatchedFrom": "Villinge",
        "sourceFile": "compiled/kayak-routes.seed.json"
      }
    },
    {
      "type": "Feature",
      "geometry": {
        "type": "Point",
        "coordinates": [
          18.41,
          59.13
        ]
      },
      "properties": {
        "routeId": "dalaro-fjardlang-villinge",
        "routeName": "Dalarö, Fjärdlång and Villinge",
        "role": "end",
        "index": 3,
        "name": "Dalarö",
        "coordinateSource": "gazetteer-approximate",
        "coordinateMatchedFrom": "Dalarö",
        "sourceFile": "compiled/kayak-routes.seed.json"
      }
    },
    {
      "type": "Feature",
      "geometry": {
        "type": "Point",
        "coordinates": [
          18.32,
          58.97
        ]
      },
      "properties": {
        "routeId": "uto-local-loops",
        "routeName": "Utö local loops",
        "role": "start",
        "index": 0,
        "name": "Utö guest harbour / Aktiv Skärgård",
        "coordinateSource": "gazetteer-approximate",
        "coordinateMatchedFrom": "Utö guest harbour / Aktiv Skärgård",
        "sourceFile": "compiled/kayak-routes.seed.json"
      }
    },
    {
      "type": "Feature",
      "geometry": {
        "type": "Point",
        "coordinates": [
          18.43,
          59.06
        ]
      },
      "properties": {
        "routeId": "uto-local-loops",
        "routeName": "Utö local loops",
        "role": "waypoint",
        "index": 1,
        "name": "Kyrkviken",
        "coordinateSource": "gazetteer-approximate",
        "coordinateMatchedFrom": "Kyrkviken",
        "sourceFile": "compiled/kayak-routes.seed.json"
      }
    },
    {
      "type": "Feature",
      "geometry": {
        "type": "Point",
        "coordinates": [
          18.36,
          58.94
        ]
      },
      "properties": {
        "routeId": "uto-local-loops",
        "routeName": "Utö local loops",
        "role": "waypoint",
        "index": 2,
        "name": "Ängsholmen",
        "coordinateSource": "gazetteer-approximate",
        "coordinateMatchedFrom": "Ängsholmen",
        "sourceFile": "compiled/kayak-routes.seed.json"
      }
    },
    {
      "type": "Feature",
      "geometry": {
        "type": "Point",
        "coordinates": [
          18.41,
          58.97
        ]
      },
      "properties": {
        "routeId": "uto-local-loops",
        "routeName": "Utö local loops",
        "role": "waypoint",
        "index": 3,
        "name": "Järnholmssund",
        "coordinateSource": "gazetteer-approximate",
        "coordinateMatchedFrom": "Järnholmssund",
        "sourceFile": "compiled/kayak-routes.seed.json"
      }
    },
    {
      "type": "Feature",
      "geometry": {
        "type": "Point",
        "coordinates": [
          18.32,
          58.97
        ]
      },
      "properties": {
        "routeId": "uto-local-loops",
        "routeName": "Utö local loops",
        "role": "end",
        "index": 4,
        "name": "Utö guest harbour / Aktiv Skärgård",
        "coordinateSource": "gazetteer-approximate",
        "coordinateMatchedFrom": "Utö guest harbour / Aktiv Skärgård",
        "sourceFile": "compiled/kayak-routes.seed.json"
      }
    },
    {
      "type": "Feature",
      "geometry": {
        "type": "Point",
        "coordinates": [
          17.96,
          58.89
        ]
      },
      "properties": {
        "routeId": "nynashamn-nattaro-rano-alo",
        "routeName": "Nynäshamn, Nåttarö, Rånö and Ålö island chain",
        "role": "start",
        "index": 0,
        "name": "Nynäshamn / Lövhagen",
        "coordinateSource": "gazetteer-approximate",
        "coordinateMatchedFrom": "Nynäshamn / Lövhagen",
        "sourceFile": "compiled/kayak-routes.seed.json"
      }
    },
    {
      "type": "Feature",
      "geometry": {
        "type": "Point",
        "coordinates": [
          18.12,
          58.87
        ]
      },
      "properties": {
        "routeId": "nynashamn-nattaro-rano-alo",
        "routeName": "Nynäshamn, Nåttarö, Rånö and Ålö island chain",
        "role": "waypoint",
        "index": 1,
        "name": "Nåttarö",
        "coordinateSource": "gazetteer-approximate",
        "coordinateMatchedFrom": "Nåttarö",
        "sourceFile": "compiled/kayak-routes.seed.json"
      }
    },
    {
      "type": "Feature",
      "geometry": {
        "type": "Point",
        "coordinates": [
          18.18,
          58.94
        ]
      },
      "properties": {
        "routeId": "nynashamn-nattaro-rano-alo",
        "routeName": "Nynäshamn, Nåttarö, Rånö and Ålö island chain",
        "role": "waypoint",
        "index": 2,
        "name": "Rånö",
        "coordinateSource": "gazetteer-approximate",
        "coordinateMatchedFrom": "Rånö",
        "sourceFile": "compiled/kayak-routes.seed.json"
      }
    },
    {
      "type": "Feature",
      "geometry": {
        "type": "Point",
        "coordinates": [
          18.25,
          58.97
        ]
      },
      "properties": {
        "routeId": "nynashamn-nattaro-rano-alo",
        "routeName": "Nynäshamn, Nåttarö, Rånö and Ålö island chain",
        "role": "waypoint",
        "index": 3,
        "name": "Ålö",
        "coordinateSource": "gazetteer-approximate",
        "coordinateMatchedFrom": "Ålö",
        "sourceFile": "compiled/kayak-routes.seed.json"
      }
    },
    {
      "type": "Feature",
      "geometry": {
        "type": "Point",
        "coordinates": [
          18.25,
          58.97
        ]
      },
      "properties": {
        "routeId": "nynashamn-nattaro-rano-alo",
        "routeName": "Nynäshamn, Nåttarö, Rånö and Ålö island chain",
        "role": "end",
        "index": 4,
        "name": "Ålö, Utö, or Nynäshamn return",
        "coordinateSource": "gazetteer-approximate",
        "coordinateMatchedFrom": "Ålö, Utö, or Nynäshamn return",
        "sourceFile": "compiled/kayak-routes.seed.json"
      }
    },
    {
      "type": "Feature",
      "geometry": {
        "type": "Point",
        "coordinates": [
          17.84,
          58.82
        ]
      },
      "properties": {
        "routeId": "ankarudden-landsort-runt",
        "routeName": "Landsort runt from Ankarudden",
        "role": "start",
        "index": 0,
        "name": "Ankarudden / Torö",
        "coordinateSource": "gazetteer-approximate",
        "coordinateMatchedFrom": "Ankarudden / Torö",
        "sourceFile": "compiled/kayak-routes.seed.json"
      }
    },
    {
      "type": "Feature",
      "geometry": {
        "type": "Point",
        "coordinates": [
          17.86,
          58.775
        ]
      },
      "properties": {
        "routeId": "ankarudden-landsort-runt",
        "routeName": "Landsort runt from Ankarudden",
        "role": "waypoint",
        "index": 1,
        "name": "Krogen / Läskär",
        "coordinateSource": "gazetteer-approximate",
        "coordinateMatchedFrom": "Krogen / Läskär",
        "sourceFile": "compiled/kayak-routes.seed.json"
      }
    },
    {
      "type": "Feature",
      "geometry": {
        "type": "Point",
        "coordinates": [
          17.87,
          58.76
        ]
      },
      "properties": {
        "routeId": "ankarudden-landsort-runt",
        "routeName": "Landsort runt from Ankarudden",
        "role": "waypoint",
        "index": 2,
        "name": "Österhamn",
        "coordinateSource": "gazetteer-approximate",
        "coordinateMatchedFrom": "Österhamn",
        "sourceFile": "compiled/kayak-routes.seed.json"
      }
    },
    {
      "type": "Feature",
      "geometry": {
        "type": "Point",
        "coordinates": [
          17.865,
          58.742
        ]
      },
      "properties": {
        "routeId": "ankarudden-landsort-runt",
        "routeName": "Landsort runt from Ankarudden",
        "role": "waypoint",
        "index": 3,
        "name": "Landsort lighthouse",
        "coordinateSource": "gazetteer-approximate",
        "coordinateMatchedFrom": "Landsort lighthouse",
        "sourceFile": "compiled/kayak-routes.seed.json"
      }
    },
    {
      "type": "Feature",
      "geometry": {
        "type": "Point",
        "coordinates": [
          17.86,
          58.75
        ]
      },
      "properties": {
        "routeId": "ankarudden-landsort-runt",
        "routeName": "Landsort runt from Ankarudden",
        "role": "waypoint",
        "index": 4,
        "name": "Västerhamn",
        "coordinateSource": "gazetteer-approximate",
        "coordinateMatchedFrom": "Västerhamn",
        "sourceFile": "compiled/kayak-routes.seed.json"
      }
    },
    {
      "type": "Feature",
      "geometry": {
        "type": "Point",
        "coordinates": [
          17.84,
          58.82
        ]
      },
      "properties": {
        "routeId": "ankarudden-landsort-runt",
        "routeName": "Landsort runt from Ankarudden",
        "role": "end",
        "index": 5,
        "name": "Ankarudden / Torö",
        "coordinateSource": "gazetteer-approximate",
        "coordinateMatchedFrom": "Ankarudden / Torö",
        "sourceFile": "compiled/kayak-routes.seed.json"
      }
    },
    {
      "type": "Feature",
      "geometry": {
        "type": "Point",
        "coordinates": [
          18.52,
          59.2
        ]
      },
      "properties": {
        "routeId": "bjorkvik-bjorno-ingaro",
        "routeName": "Björkvik and Björnö sheltered sampler",
        "role": "start",
        "index": 0,
        "name": "Kayakomat Björkviks Havsbad",
        "coordinateSource": "gazetteer-approximate",
        "coordinateMatchedFrom": "Kayakomat Björkviks Havsbad",
        "sourceFile": "compiled/kayak-routes.seed.json"
      }
    },
    {
      "type": "Feature",
      "geometry": {
        "type": "Point",
        "coordinates": [
          18.55,
          59.2
        ]
      },
      "properties": {
        "routeId": "bjorkvik-bjorno-ingaro",
        "routeName": "Björkvik and Björnö sheltered sampler",
        "role": "waypoint",
        "index": 1,
        "name": "Björnö",
        "coordinateSource": "gazetteer-approximate",
        "coordinateMatchedFrom": "Björnö",
        "sourceFile": "compiled/kayak-routes.seed.json"
      }
    },
    {
      "type": "Feature",
      "geometry": {
        "type": "Point",
        "coordinates": [
          18.56,
          59.2
        ]
      },
      "properties": {
        "routeId": "bjorkvik-bjorno-ingaro",
        "routeName": "Björkvik and Björnö sheltered sampler",
        "role": "waypoint",
        "index": 2,
        "name": "Torpesand",
        "coordinateSource": "gazetteer-approximate",
        "coordinateMatchedFrom": "Torpesand",
        "sourceFile": "compiled/kayak-routes.seed.json"
      }
    },
    {
      "type": "Feature",
      "geometry": {
        "type": "Point",
        "coordinates": [
          18.52,
          59.2
        ]
      },
      "properties": {
        "routeId": "bjorkvik-bjorno-ingaro",
        "routeName": "Björkvik and Björnö sheltered sampler",
        "role": "end",
        "index": 3,
        "name": "Kayakomat Björkviks Havsbad",
        "coordinateSource": "gazetteer-approximate",
        "coordinateMatchedFrom": "Kayakomat Björkviks Havsbad",
        "sourceFile": "compiled/kayak-routes.seed.json"
      }
    },
    {
      "type": "Feature",
      "geometry": {
        "type": "Point",
        "coordinates": [
          18.658,
          59.439
        ]
      },
      "properties": {
        "routeId": "skt-hjalmo-ladna-runt",
        "routeName": "Stockholm Kayak Trail Etapp 1: Hjälmö-Lådna runt",
        "role": "start",
        "index": 0,
        "name": "Sollenkroka brygga",
        "coordinateSource": "gazetteer-approximate",
        "coordinateMatchedFrom": "Sollenkroka brygga",
        "sourceFile": "compiled/kayak-routes.iteration-03-additions.json"
      }
    },
    {
      "type": "Feature",
      "geometry": {
        "type": "Point",
        "coordinates": [
          18.64,
          59.392
        ]
      },
      "properties": {
        "routeId": "skt-hjalmo-ladna-runt",
        "routeName": "Stockholm Kayak Trail Etapp 1: Hjälmö-Lådna runt",
        "role": "waypoint",
        "index": 1,
        "name": "Gällnö coast",
        "coordinateSource": "gazetteer-approximate",
        "coordinateMatchedFrom": "Gällnö coast",
        "sourceFile": "compiled/kayak-routes.iteration-03-additions.json"
      }
    },
    {
      "type": "Feature",
      "geometry": {
        "type": "Point",
        "coordinates": [
          18.68,
          59.43
        ]
      },
      "properties": {
        "routeId": "skt-hjalmo-ladna-runt",
        "routeName": "Stockholm Kayak Trail Etapp 1: Hjälmö-Lådna runt",
        "role": "waypoint",
        "index": 2,
        "name": "Hjälmö-Lådna",
        "coordinateSource": "gazetteer-approximate",
        "coordinateMatchedFrom": "Hjälmö-Lådna",
        "sourceFile": "compiled/kayak-routes.iteration-03-additions.json"
      }
    },
    {
      "type": "Feature",
      "geometry": {
        "type": "Point",
        "coordinates": [
          18.76,
          59.43
        ]
      },
      "properties": {
        "routeId": "skt-hjalmo-ladna-runt",
        "routeName": "Stockholm Kayak Trail Etapp 1: Hjälmö-Lådna runt",
        "role": "waypoint",
        "index": 3,
        "name": "Träskö-Storö",
        "coordinateSource": "gazetteer-approximate",
        "coordinateMatchedFrom": "Träskö-Storö",
        "sourceFile": "compiled/kayak-routes.iteration-03-additions.json"
      }
    },
    {
      "type": "Feature",
      "geometry": {
        "type": "Point",
        "coordinates": [
          18.82,
          59.42
        ]
      },
      "properties": {
        "routeId": "skt-hjalmo-ladna-runt",
        "routeName": "Stockholm Kayak Trail Etapp 1: Hjälmö-Lådna runt",
        "role": "waypoint",
        "index": 4,
        "name": "Norra Stavsudda",
        "coordinateSource": "gazetteer-approximate",
        "coordinateMatchedFrom": "Norra Stavsudda",
        "sourceFile": "compiled/kayak-routes.iteration-03-additions.json"
      }
    },
    {
      "type": "Feature",
      "geometry": {
        "type": "Point",
        "coordinates": [
          18.658,
          59.439
        ]
      },
      "properties": {
        "routeId": "skt-hjalmo-ladna-runt",
        "routeName": "Stockholm Kayak Trail Etapp 1: Hjälmö-Lådna runt",
        "role": "end",
        "index": 5,
        "name": "Sollenkroka brygga",
        "coordinateSource": "gazetteer-approximate",
        "coordinateMatchedFrom": "Sollenkroka brygga",
        "sourceFile": "compiled/kayak-routes.iteration-03-additions.json"
      }
    },
    {
      "type": "Feature",
      "geometry": {
        "type": "Point",
        "coordinates": [
          18.333,
          59.426
        ]
      },
      "properties": {
        "routeId": "kanotcenter-trasko-storo",
        "routeName": "Träskö-Storö sauna route",
        "role": "start",
        "index": 0,
        "name": "Skärgårdens Kanotcenter, Resarö",
        "coordinateSource": "gazetteer-approximate",
        "coordinateMatchedFrom": "Skärgårdens Kanotcenter, Resarö",
        "sourceFile": "compiled/kayak-routes.iteration-03-additions.json"
      }
    },
    {
      "type": "Feature",
      "geometry": {
        "type": "Point",
        "coordinates": [
          18.56,
          59.411
        ]
      },
      "properties": {
        "routeId": "kanotcenter-trasko-storo",
        "routeName": "Träskö-Storö sauna route",
        "role": "waypoint",
        "index": 1,
        "name": "Grinda",
        "coordinateSource": "gazetteer-approximate",
        "coordinateMatchedFrom": "Grinda",
        "sourceFile": "compiled/kayak-routes.iteration-03-additions.json"
      }
    },
    {
      "type": "Feature",
      "geometry": {
        "type": "Point",
        "coordinates": [
          18.64,
          59.392
        ]
      },
      "properties": {
        "routeId": "kanotcenter-trasko-storo",
        "routeName": "Träskö-Storö sauna route",
        "role": "waypoint",
        "index": 2,
        "name": "Gällnö",
        "coordinateSource": "gazetteer-approximate",
        "coordinateMatchedFrom": "Gällnö",
        "sourceFile": "compiled/kayak-routes.iteration-03-additions.json"
      }
    },
    {
      "type": "Feature",
      "geometry": {
        "type": "Point",
        "coordinates": [
          18.68,
          59.43
        ]
      },
      "properties": {
        "routeId": "kanotcenter-trasko-storo",
        "routeName": "Träskö-Storö sauna route",
        "role": "waypoint",
        "index": 3,
        "name": "Hjälmö-Lådna",
        "coordinateSource": "gazetteer-approximate",
        "coordinateMatchedFrom": "Hjälmö-Lådna",
        "sourceFile": "compiled/kayak-routes.iteration-03-additions.json"
      }
    },
    {
      "type": "Feature",
      "geometry": {
        "type": "Point",
        "coordinates": [
          18.76,
          59.43
        ]
      },
      "properties": {
        "routeId": "kanotcenter-trasko-storo",
        "routeName": "Träskö-Storö sauna route",
        "role": "waypoint",
        "index": 4,
        "name": "Träskö-Storö",
        "coordinateSource": "gazetteer-approximate",
        "coordinateMatchedFrom": "Träskö-Storö",
        "sourceFile": "compiled/kayak-routes.iteration-03-additions.json"
      }
    },
    {
      "type": "Feature",
      "geometry": {
        "type": "Point",
        "coordinates": [
          18.333,
          59.426
        ]
      },
      "properties": {
        "routeId": "kanotcenter-trasko-storo",
        "routeName": "Träskö-Storö sauna route",
        "role": "end",
        "index": 5,
        "name": "Skärgårdens Kanotcenter, Resarö or Lillsved/Boda A-to-B",
        "coordinateSource": "gazetteer-approximate",
        "coordinateMatchedFrom": "Skärgårdens Kanotcenter, Resarö or Lillsved/Boda A-to-B",
        "sourceFile": "compiled/kayak-routes.iteration-03-additions.json"
      }
    },
    {
      "type": "Feature",
      "geometry": {
        "type": "Point",
        "coordinates": [
          18.75,
          59.53
        ]
      },
      "properties": {
        "routeId": "ostra-lagno-finnhamn",
        "routeName": "Östra Lagnö to Finnhamn",
        "role": "start",
        "index": 0,
        "name": "Östra Lagnö / Själbottna area",
        "coordinateSource": "gazetteer-approximate",
        "coordinateMatchedFrom": "Östra Lagnö / Själbottna area",
        "sourceFile": "compiled/kayak-routes.iteration-03-additions.json"
      }
    },
    {
      "type": "Feature",
      "geometry": {
        "type": "Point",
        "coordinates": [
          18.78,
          59.54
        ]
      },
      "properties": {
        "routeId": "ostra-lagno-finnhamn",
        "routeName": "Östra Lagnö to Finnhamn",
        "role": "waypoint",
        "index": 1,
        "name": "Själbottna-Östra Lagnö",
        "coordinateSource": "gazetteer-approximate",
        "coordinateMatchedFrom": "Själbottna-Östra Lagnö",
        "sourceFile": "compiled/kayak-routes.iteration-03-additions.json"
      }
    },
    {
      "type": "Feature",
      "geometry": {
        "type": "Point",
        "coordinates": [
          18.88,
          59.55
        ]
      },
      "properties": {
        "routeId": "ostra-lagno-finnhamn",
        "routeName": "Östra Lagnö to Finnhamn",
        "role": "waypoint",
        "index": 2,
        "name": "Svartlögafjärden approach",
        "coordinateSource": "gazetteer-approximate",
        "coordinateMatchedFrom": "Svartlögafjärden approach",
        "sourceFile": "compiled/kayak-routes.iteration-03-additions.json"
      }
    },
    {
      "type": "Feature",
      "geometry": {
        "type": "Point",
        "coordinates": [
          18.82,
          59.48
        ]
      },
      "properties": {
        "routeId": "ostra-lagno-finnhamn",
        "routeName": "Östra Lagnö to Finnhamn",
        "role": "waypoint",
        "index": 3,
        "name": "Finnhamn",
        "coordinateSource": "gazetteer-approximate",
        "coordinateMatchedFrom": "Finnhamn",
        "sourceFile": "compiled/kayak-routes.iteration-03-additions.json"
      }
    },
    {
      "type": "Feature",
      "geometry": {
        "type": "Point",
        "coordinates": [
          18.82,
          59.48
        ]
      },
      "properties": {
        "routeId": "ostra-lagno-finnhamn",
        "routeName": "Östra Lagnö to Finnhamn",
        "role": "end",
        "index": 4,
        "name": "Finnhamn",
        "coordinateSource": "gazetteer-approximate",
        "coordinateMatchedFrom": "Finnhamn",
        "sourceFile": "compiled/kayak-routes.iteration-03-additions.json"
      }
    },
    {
      "type": "Feature",
      "geometry": {
        "type": "Point",
        "coordinates": [
          19.03,
          59.76
        ]
      },
      "properties": {
        "routeId": "kayak-lido-runt-graddo",
        "routeName": "Lidö runt from Gräddö",
        "role": "start",
        "index": 0,
        "name": "Gräddö Brygga",
        "coordinateSource": "gazetteer-approximate",
        "coordinateMatchedFrom": "Gräddö Brygga",
        "sourceFile": "compiled/kayak-routes.iteration-03-additions.json"
      }
    },
    {
      "type": "Feature",
      "geometry": {
        "type": "Point",
        "coordinates": [
          19.08,
          59.78
        ]
      },
      "properties": {
        "routeId": "kayak-lido-runt-graddo",
        "routeName": "Lidö runt from Gräddö",
        "role": "waypoint",
        "index": 1,
        "name": "Lidö",
        "coordinateSource": "gazetteer-approximate",
        "coordinateMatchedFrom": "Lidö",
        "sourceFile": "compiled/kayak-routes.iteration-03-additions.json"
      }
    },
    {
      "type": "Feature",
      "geometry": {
        "type": "Point",
        "coordinates": [
          17.87,
          58.76
        ]
      },
      "properties": {
        "routeId": "kayak-lido-runt-graddo",
        "routeName": "Lidö runt from Gräddö",
        "role": "waypoint",
        "index": 2,
        "name": "Österhamn",
        "coordinateSource": "gazetteer-approximate",
        "coordinateMatchedFrom": "Österhamn",
        "sourceFile": "compiled/kayak-routes.iteration-03-additions.json"
      }
    },
    {
      "type": "Feature",
      "geometry": {
        "type": "Point",
        "coordinates": [
          19.06,
          59.79
        ]
      },
      "properties": {
        "routeId": "kayak-lido-runt-graddo",
        "routeName": "Lidö runt from Gräddö",
        "role": "waypoint",
        "index": 3,
        "name": "Northwest shelter area",
        "coordinateSource": "gazetteer-approximate",
        "coordinateMatchedFrom": "Northwest shelter area",
        "sourceFile": "compiled/kayak-routes.iteration-03-additions.json"
      }
    },
    {
      "type": "Feature",
      "geometry": {
        "type": "Point",
        "coordinates": [
          19.03,
          59.76
        ]
      },
      "properties": {
        "routeId": "kayak-lido-runt-graddo",
        "routeName": "Lidö runt from Gräddö",
        "role": "end",
        "index": 4,
        "name": "Gräddö Brygga",
        "coordinateSource": "gazetteer-approximate",
        "coordinateMatchedFrom": "Gräddö Brygga",
        "sourceFile": "compiled/kayak-routes.iteration-03-additions.json"
      }
    },
    {
      "type": "Feature",
      "geometry": {
        "type": "Point",
        "coordinates": [
          19.1,
          59.75
        ]
      },
      "properties": {
        "routeId": "kayak-vattungarna-hakanskar",
        "routeName": "Vattungarna and Håkanskär loop",
        "role": "start",
        "index": 0,
        "name": "Räfsnäs / Rävsnäs ramp",
        "coordinateSource": "gazetteer-approximate",
        "coordinateMatchedFrom": "Räfsnäs / Rävsnäs ramp",
        "sourceFile": "compiled/kayak-routes.iteration-03-additions.json"
      }
    },
    {
      "type": "Feature",
      "geometry": {
        "type": "Point",
        "coordinates": [
          19.13,
          59.76
        ]
      },
      "properties": {
        "routeId": "kayak-vattungarna-hakanskar",
        "routeName": "Vattungarna and Håkanskär loop",
        "role": "waypoint",
        "index": 1,
        "name": "Tjockö south",
        "coordinateSource": "gazetteer-approximate",
        "coordinateMatchedFrom": "Tjockö south",
        "sourceFile": "compiled/kayak-routes.iteration-03-additions.json"
      }
    },
    {
      "type": "Feature",
      "geometry": {
        "type": "Point",
        "coordinates": [
          19.15,
          59.73
        ]
      },
      "properties": {
        "routeId": "kayak-vattungarna-hakanskar",
        "routeName": "Vattungarna and Håkanskär loop",
        "role": "waypoint",
        "index": 2,
        "name": "Fejan",
        "coordinateSource": "gazetteer-approximate",
        "coordinateMatchedFrom": "Fejan",
        "sourceFile": "compiled/kayak-routes.iteration-03-additions.json"
      }
    },
    {
      "type": "Feature",
      "geometry": {
        "type": "Point",
        "coordinates": [
          19.2,
          59.8
        ]
      },
      "properties": {
        "routeId": "kayak-vattungarna-hakanskar",
        "routeName": "Vattungarna and Håkanskär loop",
        "role": "waypoint",
        "index": 3,
        "name": "Vattungarna",
        "coordinateSource": "gazetteer-approximate",
        "coordinateMatchedFrom": "Vattungarna",
        "sourceFile": "compiled/kayak-routes.iteration-03-additions.json"
      }
    },
    {
      "type": "Feature",
      "geometry": {
        "type": "Point",
        "coordinates": [
          19.17,
          59.83
        ]
      },
      "properties": {
        "routeId": "kayak-vattungarna-hakanskar",
        "routeName": "Vattungarna and Håkanskär loop",
        "role": "waypoint",
        "index": 4,
        "name": "Håkanskär",
        "coordinateSource": "gazetteer-approximate",
        "coordinateMatchedFrom": "Håkanskär",
        "sourceFile": "compiled/kayak-routes.iteration-03-additions.json"
      }
    },
    {
      "type": "Feature",
      "geometry": {
        "type": "Point",
        "coordinates": [
          19.13,
          59.8
        ]
      },
      "properties": {
        "routeId": "kayak-vattungarna-hakanskar",
        "routeName": "Vattungarna and Håkanskär loop",
        "role": "waypoint",
        "index": 5,
        "name": "Gisslingö/Tyvön",
        "coordinateSource": "gazetteer-approximate",
        "coordinateMatchedFrom": "Gisslingö/Tyvön",
        "sourceFile": "compiled/kayak-routes.iteration-03-additions.json"
      }
    },
    {
      "type": "Feature",
      "geometry": {
        "type": "Point",
        "coordinates": [
          19.18,
          59.77
        ]
      },
      "properties": {
        "routeId": "kayak-vattungarna-hakanskar",
        "routeName": "Vattungarna and Håkanskär loop",
        "role": "waypoint",
        "index": 6,
        "name": "Lönnskär",
        "coordinateSource": "gazetteer-approximate",
        "coordinateMatchedFrom": "Lönnskär",
        "sourceFile": "compiled/kayak-routes.iteration-03-additions.json"
      }
    },
    {
      "type": "Feature",
      "geometry": {
        "type": "Point",
        "coordinates": [
          19.1,
          59.75
        ]
      },
      "properties": {
        "routeId": "kayak-vattungarna-hakanskar",
        "routeName": "Vattungarna and Håkanskär loop",
        "role": "end",
        "index": 7,
        "name": "Räfsnäs / Rävsnäs ramp",
        "coordinateSource": "gazetteer-approximate",
        "coordinateMatchedFrom": "Räfsnäs / Rävsnäs ramp",
        "sourceFile": "compiled/kayak-routes.iteration-03-additions.json"
      }
    },
    {
      "type": "Feature",
      "geometry": {
        "type": "Point",
        "coordinates": [
          19.06,
          59.91
        ]
      },
      "properties": {
        "routeId": "kayak-arholma-ido-runt",
        "routeName": "Arholma-Idö runt",
        "role": "start",
        "index": 0,
        "name": "Östersjö brygga or Simpnäs",
        "coordinateSource": "gazetteer-approximate",
        "coordinateMatchedFrom": "Östersjö brygga or Simpnäs",
        "sourceFile": "compiled/kayak-routes.iteration-03-additions.json"
      }
    },
    {
      "type": "Feature",
      "geometry": {
        "type": "Point",
        "coordinates": [
          19.11,
          59.86
        ]
      },
      "properties": {
        "routeId": "kayak-arholma-ido-runt",
        "routeName": "Arholma-Idö runt",
        "role": "waypoint",
        "index": 1,
        "name": "Arholma",
        "coordinateSource": "gazetteer-approximate",
        "coordinateMatchedFrom": "Arholma",
        "sourceFile": "compiled/kayak-routes.iteration-03-additions.json"
      }
    },
    {
      "type": "Feature",
      "geometry": {
        "type": "Point",
        "coordinates": [
          17.87,
          58.76
        ]
      },
      "properties": {
        "routeId": "kayak-arholma-ido-runt",
        "routeName": "Arholma-Idö runt",
        "role": "waypoint",
        "index": 2,
        "name": "Österhamn",
        "coordinateSource": "gazetteer-approximate",
        "coordinateMatchedFrom": "Österhamn",
        "sourceFile": "compiled/kayak-routes.iteration-03-additions.json"
      }
    },
    {
      "type": "Feature",
      "geometry": {
        "type": "Point",
        "coordinates": [
          19.17,
          59.86
        ]
      },
      "properties": {
        "routeId": "kayak-arholma-ido-runt",
        "routeName": "Arholma-Idö runt",
        "role": "waypoint",
        "index": 3,
        "name": "Idöfladen",
        "coordinateSource": "gazetteer-approximate",
        "coordinateMatchedFrom": "Idöfladen",
        "sourceFile": "compiled/kayak-routes.iteration-03-additions.json"
      }
    },
    {
      "type": "Feature",
      "geometry": {
        "type": "Point",
        "coordinates": [
          19.15,
          59.87
        ]
      },
      "properties": {
        "routeId": "kayak-arholma-ido-runt",
        "routeName": "Arholma-Idö runt",
        "role": "waypoint",
        "index": 4,
        "name": "Blomsterfållan",
        "coordinateSource": "gazetteer-approximate",
        "coordinateMatchedFrom": "Blomsterfållan",
        "sourceFile": "compiled/kayak-routes.iteration-03-additions.json"
      }
    },
    {
      "type": "Feature",
      "geometry": {
        "type": "Point",
        "coordinates": [
          19.06,
          59.91
        ]
      },
      "properties": {
        "routeId": "kayak-arholma-ido-runt",
        "routeName": "Arholma-Idö runt",
        "role": "end",
        "index": 5,
        "name": "Östersjö brygga or Simpnäs",
        "coordinateSource": "gazetteer-approximate",
        "coordinateMatchedFrom": "Östersjö brygga or Simpnäs",
        "sourceFile": "compiled/kayak-routes.iteration-03-additions.json"
      }
    },
    {
      "type": "Feature",
      "geometry": {
        "type": "Point",
        "coordinates": [
          18.92,
          59.66
        ]
      },
      "properties": {
        "routeId": "kayak-furusund-angso",
        "routeName": "Furusund to Ängsö National Park",
        "role": "start",
        "index": 0,
        "name": "Kajak & Uteliv Furusund",
        "coordinateSource": "gazetteer-approximate",
        "coordinateMatchedFrom": "Kajak & Uteliv Furusund",
        "sourceFile": "compiled/kayak-routes.iteration-03-additions.json"
      }
    },
    {
      "type": "Feature",
      "geometry": {
        "type": "Point",
        "coordinates": [
          18.88,
          59.63
        ]
      },
      "properties": {
        "routeId": "kayak-furusund-angso",
        "routeName": "Furusund to Ängsö National Park",
        "role": "waypoint",
        "index": 1,
        "name": "Högmarsö / Varvet area",
        "coordinateSource": "gazetteer-approximate",
        "coordinateMatchedFrom": "Högmarsö / Varvet area",
        "sourceFile": "compiled/kayak-routes.iteration-03-additions.json"
      }
    },
    {
      "type": "Feature",
      "geometry": {
        "type": "Point",
        "coordinates": [
          18.76,
          59.63
        ]
      },
      "properties": {
        "routeId": "kayak-furusund-angso",
        "routeName": "Furusund to Ängsö National Park",
        "role": "waypoint",
        "index": 2,
        "name": "Ängsö Svartviken",
        "coordinateSource": "gazetteer-approximate",
        "coordinateMatchedFrom": "Ängsö Svartviken",
        "sourceFile": "compiled/kayak-routes.iteration-03-additions.json"
      }
    },
    {
      "type": "Feature",
      "geometry": {
        "type": "Point",
        "coordinates": [
          18.77,
          59.63
        ]
      },
      "properties": {
        "routeId": "kayak-furusund-angso",
        "routeName": "Furusund to Ängsö National Park",
        "role": "waypoint",
        "index": 3,
        "name": "Hemudden",
        "coordinateSource": "gazetteer-approximate",
        "coordinateMatchedFrom": "Hemudden",
        "sourceFile": "compiled/kayak-routes.iteration-03-additions.json"
      }
    },
    {
      "type": "Feature",
      "geometry": {
        "type": "Point",
        "coordinates": [
          18.76,
          59.64
        ]
      },
      "properties": {
        "routeId": "kayak-furusund-angso",
        "routeName": "Furusund to Ängsö National Park",
        "role": "waypoint",
        "index": 4,
        "name": "Norrviken",
        "coordinateSource": "gazetteer-approximate",
        "coordinateMatchedFrom": "Norrviken",
        "sourceFile": "compiled/kayak-routes.iteration-03-additions.json"
      }
    },
    {
      "type": "Feature",
      "geometry": {
        "type": "Point",
        "coordinates": [
          18.92,
          59.66
        ]
      },
      "properties": {
        "routeId": "kayak-furusund-angso",
        "routeName": "Furusund to Ängsö National Park",
        "role": "end",
        "index": 5,
        "name": "Kajak & Uteliv Furusund",
        "coordinateSource": "gazetteer-approximate",
        "coordinateMatchedFrom": "Kajak & Uteliv Furusund",
        "sourceFile": "compiled/kayak-routes.iteration-03-additions.json"
      }
    },
    {
      "type": "Feature",
      "geometry": {
        "type": "Point",
        "coordinates": [
          18.82,
          59.56
        ]
      },
      "properties": {
        "routeId": "kayak-bromskar-rodloga-roder",
        "routeName": "Bromskär / Östra Lagnö to Svartlöga, Rödlöga and Röder",
        "role": "start",
        "index": 0,
        "name": "Östra Lagnö or Bromskär / Blidö",
        "coordinateSource": "gazetteer-approximate",
        "coordinateMatchedFrom": "Östra Lagnö or Bromskär / Blidö",
        "sourceFile": "compiled/kayak-routes.iteration-03-additions.json"
      }
    },
    {
      "type": "Feature",
      "geometry": {
        "type": "Point",
        "coordinates": [
          18.93,
          59.55
        ]
      },
      "properties": {
        "routeId": "kayak-bromskar-rodloga-roder",
        "routeName": "Bromskär / Östra Lagnö to Svartlöga, Rödlöga and Röder",
        "role": "waypoint",
        "index": 1,
        "name": "Svartlöga",
        "coordinateSource": "gazetteer-approximate",
        "coordinateMatchedFrom": "Svartlöga",
        "sourceFile": "compiled/kayak-routes.iteration-03-additions.json"
      }
    },
    {
      "type": "Feature",
      "geometry": {
        "type": "Point",
        "coordinates": [
          19.02,
          59.6
        ]
      },
      "properties": {
        "routeId": "kayak-bromskar-rodloga-roder",
        "routeName": "Bromskär / Östra Lagnö to Svartlöga, Rödlöga and Röder",
        "role": "waypoint",
        "index": 2,
        "name": "Rödlöga",
        "coordinateSource": "gazetteer-approximate",
        "coordinateMatchedFrom": "Rödlöga",
        "sourceFile": "compiled/kayak-routes.iteration-03-additions.json"
      }
    },
    {
      "type": "Feature",
      "geometry": {
        "type": "Point",
        "coordinates": [
          19.07,
          59.66
        ]
      },
      "properties": {
        "routeId": "kayak-bromskar-rodloga-roder",
        "routeName": "Bromskär / Östra Lagnö to Svartlöga, Rödlöga and Röder",
        "role": "waypoint",
        "index": 3,
        "name": "Röder",
        "coordinateSource": "gazetteer-approximate",
        "coordinateMatchedFrom": "Röder",
        "sourceFile": "compiled/kayak-routes.iteration-03-additions.json"
      }
    },
    {
      "type": "Feature",
      "geometry": {
        "type": "Point",
        "coordinates": [
          19,
          59.62
        ]
      },
      "properties": {
        "routeId": "kayak-bromskar-rodloga-roder",
        "routeName": "Bromskär / Östra Lagnö to Svartlöga, Rödlöga and Röder",
        "role": "waypoint",
        "index": 4,
        "name": "Ängskär return variants",
        "coordinateSource": "gazetteer-approximate",
        "coordinateMatchedFrom": "Ängskär return variants",
        "sourceFile": "compiled/kayak-routes.iteration-03-additions.json"
      }
    },
    {
      "type": "Feature",
      "geometry": {
        "type": "Point",
        "coordinates": [
          18.82,
          59.56
        ]
      },
      "properties": {
        "routeId": "kayak-bromskar-rodloga-roder",
        "routeName": "Bromskär / Östra Lagnö to Svartlöga, Rödlöga and Röder",
        "role": "end",
        "index": 5,
        "name": "Östra Lagnö or Bromskär / Blidö",
        "coordinateSource": "gazetteer-approximate",
        "coordinateMatchedFrom": "Östra Lagnö or Bromskär / Blidö",
        "sourceFile": "compiled/kayak-routes.iteration-03-additions.json"
      }
    },
    {
      "type": "Feature",
      "geometry": {
        "type": "Point",
        "coordinates": [
          19.08,
          59.735
        ]
      },
      "properties": {
        "routeId": "kayak-norrpada-roder-kapellskar-return",
        "routeName": "Räfsnäs / Kapellskär to Norrpada and Röder outer loop",
        "role": "start",
        "index": 0,
        "name": "Räfsnäs or Kapellskär",
        "coordinateSource": "gazetteer-approximate",
        "coordinateMatchedFrom": "Räfsnäs or Kapellskär",
        "sourceFile": "compiled/kayak-routes.iteration-03-additions.json"
      }
    },
    {
      "type": "Feature",
      "geometry": {
        "type": "Point",
        "coordinates": [
          19.2,
          59.8
        ]
      },
      "properties": {
        "routeId": "kayak-norrpada-roder-kapellskar-return",
        "routeName": "Räfsnäs / Kapellskär to Norrpada and Röder outer loop",
        "role": "waypoint",
        "index": 1,
        "name": "Håkansskär/Vattungarna or Söderarm line",
        "coordinateSource": "gazetteer-approximate:fuzzy",
        "coordinateMatchedFrom": "Håkansskär/Vattungarna or Söderarm line",
        "sourceFile": "compiled/kayak-routes.iteration-03-additions.json"
      }
    },
    {
      "type": "Feature",
      "geometry": {
        "type": "Point",
        "coordinates": [
          19.25,
          59.75
        ]
      },
      "properties": {
        "routeId": "kayak-norrpada-roder-kapellskar-return",
        "routeName": "Räfsnäs / Kapellskär to Norrpada and Röder outer loop",
        "role": "waypoint",
        "index": 2,
        "name": "Rammskären",
        "coordinateSource": "gazetteer-approximate",
        "coordinateMatchedFrom": "Rammskären",
        "sourceFile": "compiled/kayak-routes.iteration-03-additions.json"
      }
    },
    {
      "type": "Feature",
      "geometry": {
        "type": "Point",
        "coordinates": [
          19.2,
          59.74
        ]
      },
      "properties": {
        "routeId": "kayak-norrpada-roder-kapellskar-return",
        "routeName": "Räfsnäs / Kapellskär to Norrpada and Röder outer loop",
        "role": "waypoint",
        "index": 3,
        "name": "Norrpada",
        "coordinateSource": "gazetteer-approximate",
        "coordinateMatchedFrom": "Norrpada",
        "sourceFile": "compiled/kayak-routes.iteration-03-additions.json"
      }
    },
    {
      "type": "Feature",
      "geometry": {
        "type": "Point",
        "coordinates": [
          19.07,
          59.66
        ]
      },
      "properties": {
        "routeId": "kayak-norrpada-roder-kapellskar-return",
        "routeName": "Räfsnäs / Kapellskär to Norrpada and Röder outer loop",
        "role": "waypoint",
        "index": 4,
        "name": "Röder",
        "coordinateSource": "gazetteer-approximate",
        "coordinateMatchedFrom": "Röder",
        "sourceFile": "compiled/kayak-routes.iteration-03-additions.json"
      }
    },
    {
      "type": "Feature",
      "geometry": {
        "type": "Point",
        "coordinates": [
          19.08,
          59.735
        ]
      },
      "properties": {
        "routeId": "kayak-norrpada-roder-kapellskar-return",
        "routeName": "Räfsnäs / Kapellskär to Norrpada and Röder outer loop",
        "role": "end",
        "index": 5,
        "name": "Räfsnäs or Kapellskär",
        "coordinateSource": "gazetteer-approximate",
        "coordinateMatchedFrom": "Räfsnäs or Kapellskär",
        "sourceFile": "compiled/kayak-routes.iteration-03-additions.json"
      }
    },
    {
      "type": "Feature",
      "geometry": {
        "type": "Point",
        "coordinates": [
          18.0276,
          59.3212
        ]
      },
      "properties": {
        "routeId": "arstaviken-runt",
        "routeName": "Årstaviken runt",
        "role": "start",
        "index": 0,
        "name": "Långholmen / Hornstull area",
        "coordinateSource": "gazetteer-approximate:fuzzy",
        "coordinateMatchedFrom": "Långholmen / Hornstull area",
        "sourceFile": "compiled/kayak-routes.iteration-03-additions.json"
      }
    },
    {
      "type": "Feature",
      "geometry": {
        "type": "Point",
        "coordinates": [
          18.0336,
          59.3163
        ]
      },
      "properties": {
        "routeId": "arstaviken-runt",
        "routeName": "Årstaviken runt",
        "role": "waypoint",
        "index": 1,
        "name": "Hornstull",
        "coordinateSource": "gazetteer-approximate",
        "coordinateMatchedFrom": "Hornstull",
        "sourceFile": "compiled/kayak-routes.iteration-03-additions.json"
      }
    },
    {
      "type": "Feature",
      "geometry": {
        "type": "Point",
        "coordinates": [
          18.025,
          59.312
        ]
      },
      "properties": {
        "routeId": "arstaviken-runt",
        "routeName": "Årstaviken runt",
        "role": "waypoint",
        "index": 2,
        "name": "Liljeholmsbron",
        "coordinateSource": "gazetteer-approximate",
        "coordinateMatchedFrom": "Liljeholmsbron",
        "sourceFile": "compiled/kayak-routes.iteration-03-additions.json"
      }
    },
    {
      "type": "Feature",
      "geometry": {
        "type": "Point",
        "coordinates": [
          18.027,
          59.309
        ]
      },
      "properties": {
        "routeId": "arstaviken-runt",
        "routeName": "Årstaviken runt",
        "role": "waypoint",
        "index": 3,
        "name": "Loopen",
        "coordinateSource": "gazetteer-approximate",
        "coordinateMatchedFrom": "Loopen",
        "sourceFile": "compiled/kayak-routes.iteration-03-additions.json"
      }
    },
    {
      "type": "Feature",
      "geometry": {
        "type": "Point",
        "coordinates": [
          18.041,
          59.3135
        ]
      },
      "properties": {
        "routeId": "arstaviken-runt",
        "routeName": "Årstaviken runt",
        "role": "waypoint",
        "index": 4,
        "name": "Tantolunden",
        "coordinateSource": "gazetteer-approximate",
        "coordinateMatchedFrom": "Tantolunden",
        "sourceFile": "compiled/kayak-routes.iteration-03-additions.json"
      }
    },
    {
      "type": "Feature",
      "geometry": {
        "type": "Point",
        "coordinates": [
          18.055,
          59.303
        ]
      },
      "properties": {
        "routeId": "arstaviken-runt",
        "routeName": "Årstaviken runt",
        "role": "waypoint",
        "index": 5,
        "name": "Årsta holmar",
        "coordinateSource": "gazetteer-approximate",
        "coordinateMatchedFrom": "Årsta holmar",
        "sourceFile": "compiled/kayak-routes.iteration-03-additions.json"
      }
    },
    {
      "type": "Feature",
      "geometry": {
        "type": "Point",
        "coordinates": [
          18.077,
          59.306
        ]
      },
      "properties": {
        "routeId": "arstaviken-runt",
        "routeName": "Årstaviken runt",
        "role": "waypoint",
        "index": 6,
        "name": "Skanstullsbron",
        "coordinateSource": "gazetteer-approximate",
        "coordinateMatchedFrom": "Skanstullsbron",
        "sourceFile": "compiled/kayak-routes.iteration-03-additions.json"
      }
    },
    {
      "type": "Feature",
      "geometry": {
        "type": "Point",
        "coordinates": [
          18.083,
          59.304
        ]
      },
      "properties": {
        "routeId": "arstaviken-runt",
        "routeName": "Årstaviken runt",
        "role": "waypoint",
        "index": 7,
        "name": "Hammarbyslussen",
        "coordinateSource": "gazetteer-approximate",
        "coordinateMatchedFrom": "Hammarbyslussen",
        "sourceFile": "compiled/kayak-routes.iteration-03-additions.json"
      }
    },
    {
      "type": "Feature",
      "geometry": {
        "type": "Point",
        "coordinates": [
          18.0276,
          59.3212
        ]
      },
      "properties": {
        "routeId": "arstaviken-runt",
        "routeName": "Årstaviken runt",
        "role": "end",
        "index": 8,
        "name": "Långholmen / Hornstull area",
        "coordinateSource": "gazetteer-approximate:fuzzy",
        "coordinateMatchedFrom": "Långholmen / Hornstull area",
        "sourceFile": "compiled/kayak-routes.iteration-03-additions.json"
      }
    },
    {
      "type": "Feature",
      "geometry": {
        "type": "Point",
        "coordinates": [
          17.996,
          59.309
        ]
      },
      "properties": {
        "routeId": "soderkajak-malaren-routes",
        "routeName": "SöderKajak Mälaren route set",
        "role": "start",
        "index": 0,
        "name": "SöderKajak, Vinterviksvägen 52",
        "coordinateSource": "gazetteer-approximate",
        "coordinateMatchedFrom": "SöderKajak, Vinterviksvägen 52",
        "sourceFile": "compiled/kayak-routes.iteration-03-additions.json"
      }
    },
    {
      "type": "Feature",
      "geometry": {
        "type": "Point",
        "coordinates": [
          17.984,
          59.312
        ]
      },
      "properties": {
        "routeId": "soderkajak-malaren-routes",
        "routeName": "SöderKajak Mälaren route set",
        "role": "waypoint",
        "index": 1,
        "name": "Rotholmen",
        "coordinateSource": "gazetteer-approximate",
        "coordinateMatchedFrom": "Rotholmen",
        "sourceFile": "compiled/kayak-routes.iteration-03-additions.json"
      }
    },
    {
      "type": "Feature",
      "geometry": {
        "type": "Point",
        "coordinates": [
          17.967,
          59.317
        ]
      },
      "properties": {
        "routeId": "soderkajak-malaren-routes",
        "routeName": "SöderKajak Mälaren route set",
        "role": "waypoint",
        "index": 2,
        "name": "Lindholmen",
        "coordinateSource": "gazetteer-approximate",
        "coordinateMatchedFrom": "Lindholmen",
        "sourceFile": "compiled/kayak-routes.iteration-03-additions.json"
      }
    },
    {
      "type": "Feature",
      "geometry": {
        "type": "Point",
        "coordinates": [
          17.89,
          59.3
        ]
      },
      "properties": {
        "routeId": "soderkajak-malaren-routes",
        "routeName": "SöderKajak Mälaren route set",
        "role": "waypoint",
        "index": 3,
        "name": "Fågelön",
        "coordinateSource": "gazetteer-approximate",
        "coordinateMatchedFrom": "Fågelön",
        "sourceFile": "compiled/kayak-routes.iteration-03-additions.json"
      }
    },
    {
      "type": "Feature",
      "geometry": {
        "type": "Point",
        "coordinates": [
          17.905,
          59.322
        ]
      },
      "properties": {
        "routeId": "soderkajak-malaren-routes",
        "routeName": "SöderKajak Mälaren route set",
        "role": "waypoint",
        "index": 4,
        "name": "Kärsön",
        "coordinateSource": "gazetteer-approximate",
        "coordinateMatchedFrom": "Kärsön",
        "sourceFile": "compiled/kayak-routes.iteration-03-additions.json"
      }
    },
    {
      "type": "Feature",
      "geometry": {
        "type": "Point",
        "coordinates": [
          17.886,
          59.321
        ]
      },
      "properties": {
        "routeId": "soderkajak-malaren-routes",
        "routeName": "SöderKajak Mälaren route set",
        "role": "waypoint",
        "index": 5,
        "name": "Drottningholm",
        "coordinateSource": "gazetteer-approximate",
        "coordinateMatchedFrom": "Drottningholm",
        "sourceFile": "compiled/kayak-routes.iteration-03-additions.json"
      }
    },
    {
      "type": "Feature",
      "geometry": {
        "type": "Point",
        "coordinates": [
          18,
          59.321
        ]
      },
      "properties": {
        "routeId": "soderkajak-malaren-routes",
        "routeName": "SöderKajak Mälaren route set",
        "role": "waypoint",
        "index": 6,
        "name": "Essingeöarna",
        "coordinateSource": "gazetteer-approximate",
        "coordinateMatchedFrom": "Essingeöarna",
        "sourceFile": "compiled/kayak-routes.iteration-03-additions.json"
      }
    },
    {
      "type": "Feature",
      "geometry": {
        "type": "Point",
        "coordinates": [
          18.0245,
          59.318
        ]
      },
      "properties": {
        "routeId": "soderkajak-malaren-routes",
        "routeName": "SöderKajak Mälaren route set",
        "role": "waypoint",
        "index": 7,
        "name": "Reimersholme",
        "coordinateSource": "gazetteer-approximate",
        "coordinateMatchedFrom": "Reimersholme",
        "sourceFile": "compiled/kayak-routes.iteration-03-additions.json"
      }
    },
    {
      "type": "Feature",
      "geometry": {
        "type": "Point",
        "coordinates": [
          18.0276,
          59.3212
        ]
      },
      "properties": {
        "routeId": "soderkajak-malaren-routes",
        "routeName": "SöderKajak Mälaren route set",
        "role": "waypoint",
        "index": 8,
        "name": "Långholmen",
        "coordinateSource": "gazetteer-approximate",
        "coordinateMatchedFrom": "Långholmen",
        "sourceFile": "compiled/kayak-routes.iteration-03-additions.json"
      }
    },
    {
      "type": "Feature",
      "geometry": {
        "type": "Point",
        "coordinates": [
          18.035,
          59.332
        ]
      },
      "properties": {
        "routeId": "soderkajak-malaren-routes",
        "routeName": "SöderKajak Mälaren route set",
        "role": "waypoint",
        "index": 9,
        "name": "Kungsholmen",
        "coordinateSource": "gazetteer-approximate",
        "coordinateMatchedFrom": "Kungsholmen",
        "sourceFile": "compiled/kayak-routes.iteration-03-additions.json"
      }
    },
    {
      "type": "Feature",
      "geometry": {
        "type": "Point",
        "coordinates": [
          17.996,
          59.309
        ]
      },
      "properties": {
        "routeId": "soderkajak-malaren-routes",
        "routeName": "SöderKajak Mälaren route set",
        "role": "end",
        "index": 10,
        "name": "SöderKajak, Vinterviksvägen 52",
        "coordinateSource": "gazetteer-approximate",
        "coordinateMatchedFrom": "SöderKajak, Vinterviksvägen 52",
        "sourceFile": "compiled/kayak-routes.iteration-03-additions.json"
      }
    },
    {
      "type": "Feature",
      "geometry": {
        "type": "Point",
        "coordinates": [
          18.198,
          59.207
        ]
      },
      "properties": {
        "routeId": "drevviken-kalvfjarden-canoe-route",
        "routeName": "Drevviken to Kalvfjärden",
        "role": "start",
        "index": 0,
        "name": "Drevviken / Gudö area",
        "coordinateSource": "gazetteer-approximate",
        "coordinateMatchedFrom": "Drevviken / Gudö area",
        "sourceFile": "compiled/kayak-routes.iteration-03-additions.json"
      }
    },
    {
      "type": "Feature",
      "geometry": {
        "type": "Point",
        "coordinates": [
          18.198,
          59.207
        ]
      },
      "properties": {
        "routeId": "drevviken-kalvfjarden-canoe-route",
        "routeName": "Drevviken to Kalvfjärden",
        "role": "waypoint",
        "index": 1,
        "name": "Gudö å",
        "coordinateSource": "gazetteer-approximate",
        "coordinateMatchedFrom": "Gudö å",
        "sourceFile": "compiled/kayak-routes.iteration-03-additions.json"
      }
    },
    {
      "type": "Feature",
      "geometry": {
        "type": "Point",
        "coordinates": [
          18.23,
          59.209
        ]
      },
      "properties": {
        "routeId": "drevviken-kalvfjarden-canoe-route",
        "routeName": "Drevviken to Kalvfjärden",
        "role": "waypoint",
        "index": 2,
        "name": "Långsjön",
        "coordinateSource": "gazetteer-approximate",
        "coordinateMatchedFrom": "Långsjön",
        "sourceFile": "compiled/kayak-routes.iteration-03-additions.json"
      }
    },
    {
      "type": "Feature",
      "geometry": {
        "type": "Point",
        "coordinates": [
          18.246,
          59.213
        ]
      },
      "properties": {
        "routeId": "drevviken-kalvfjarden-canoe-route",
        "routeName": "Drevviken to Kalvfjärden",
        "role": "waypoint",
        "index": 3,
        "name": "Gammelströmmen",
        "coordinateSource": "gazetteer-approximate",
        "coordinateMatchedFrom": "Gammelströmmen",
        "sourceFile": "compiled/kayak-routes.iteration-03-additions.json"
      }
    },
    {
      "type": "Feature",
      "geometry": {
        "type": "Point",
        "coordinates": [
          18.255,
          59.222
        ]
      },
      "properties": {
        "routeId": "drevviken-kalvfjarden-canoe-route",
        "routeName": "Drevviken to Kalvfjärden",
        "role": "waypoint",
        "index": 4,
        "name": "Tyresö Flaten",
        "coordinateSource": "gazetteer-approximate",
        "coordinateMatchedFrom": "Tyresö Flaten",
        "sourceFile": "compiled/kayak-routes.iteration-03-additions.json"
      }
    },
    {
      "type": "Feature",
      "geometry": {
        "type": "Point",
        "coordinates": [
          18.268,
          59.225
        ]
      },
      "properties": {
        "routeId": "drevviken-kalvfjarden-canoe-route",
        "routeName": "Drevviken to Kalvfjärden",
        "role": "waypoint",
        "index": 5,
        "name": "Nyfors",
        "coordinateSource": "gazetteer-approximate",
        "coordinateMatchedFrom": "Nyfors",
        "sourceFile": "compiled/kayak-routes.iteration-03-additions.json"
      }
    },
    {
      "type": "Feature",
      "geometry": {
        "type": "Point",
        "coordinates": [
          18.285,
          59.234
        ]
      },
      "properties": {
        "routeId": "drevviken-kalvfjarden-canoe-route",
        "routeName": "Drevviken to Kalvfjärden",
        "role": "waypoint",
        "index": 6,
        "name": "Albysjön",
        "coordinateSource": "gazetteer-approximate",
        "coordinateMatchedFrom": "Albysjön",
        "sourceFile": "compiled/kayak-routes.iteration-03-additions.json"
      }
    },
    {
      "type": "Feature",
      "geometry": {
        "type": "Point",
        "coordinates": [
          18.3,
          59.244
        ]
      },
      "properties": {
        "routeId": "drevviken-kalvfjarden-canoe-route",
        "routeName": "Drevviken to Kalvfjärden",
        "role": "waypoint",
        "index": 7,
        "name": "Uddbyviken",
        "coordinateSource": "gazetteer-approximate",
        "coordinateMatchedFrom": "Uddbyviken",
        "sourceFile": "compiled/kayak-routes.iteration-03-additions.json"
      }
    },
    {
      "type": "Feature",
      "geometry": {
        "type": "Point",
        "coordinates": [
          18.35,
          59.24
        ]
      },
      "properties": {
        "routeId": "drevviken-kalvfjarden-canoe-route",
        "routeName": "Drevviken to Kalvfjärden",
        "role": "end",
        "index": 8,
        "name": "Kalvfjärden",
        "coordinateSource": "gazetteer-approximate",
        "coordinateMatchedFrom": "Kalvfjärden",
        "sourceFile": "compiled/kayak-routes.iteration-03-additions.json"
      }
    },
    {
      "type": "Feature",
      "geometry": {
        "type": "Point",
        "coordinates": [
          18.057,
          59.366
        ]
      },
      "properties": {
        "routeId": "brunnsviken-edsviken-extension",
        "routeName": "Brunnsviken to Edsviken",
        "role": "start",
        "index": 0,
        "name": "Brunnsvikens Kanotklubb / Frescati",
        "coordinateSource": "gazetteer-approximate",
        "coordinateMatchedFrom": "Brunnsvikens Kanotklubb / Frescati",
        "sourceFile": "compiled/kayak-routes.iteration-03-additions.json"
      }
    },
    {
      "type": "Feature",
      "geometry": {
        "type": "Point",
        "coordinates": [
          18.045,
          59.36
        ]
      },
      "properties": {
        "routeId": "brunnsviken-edsviken-extension",
        "routeName": "Brunnsviken to Edsviken",
        "role": "waypoint",
        "index": 1,
        "name": "Brunnsviken",
        "coordinateSource": "gazetteer-approximate",
        "coordinateMatchedFrom": "Brunnsviken",
        "sourceFile": "compiled/kayak-routes.iteration-03-additions.json"
      }
    },
    {
      "type": "Feature",
      "geometry": {
        "type": "Point",
        "coordinates": [
          18.075,
          59.36
        ]
      },
      "properties": {
        "routeId": "brunnsviken-edsviken-extension",
        "routeName": "Brunnsviken to Edsviken",
        "role": "waypoint",
        "index": 2,
        "name": "Ålkistan",
        "coordinateSource": "gazetteer-approximate",
        "coordinateMatchedFrom": "Ålkistan",
        "sourceFile": "compiled/kayak-routes.iteration-03-additions.json"
      }
    },
    {
      "type": "Feature",
      "geometry": {
        "type": "Point",
        "coordinates": [
          18.08,
          59.37
        ]
      },
      "properties": {
        "routeId": "brunnsviken-edsviken-extension",
        "routeName": "Brunnsviken to Edsviken",
        "role": "waypoint",
        "index": 3,
        "name": "Bockholmen",
        "coordinateSource": "gazetteer-approximate",
        "coordinateMatchedFrom": "Bockholmen",
        "sourceFile": "compiled/kayak-routes.iteration-03-additions.json"
      }
    },
    {
      "type": "Feature",
      "geometry": {
        "type": "Point",
        "coordinates": [
          18.07,
          59.38
        ]
      },
      "properties": {
        "routeId": "brunnsviken-edsviken-extension",
        "routeName": "Brunnsviken to Edsviken",
        "role": "waypoint",
        "index": 4,
        "name": "Stocksundet",
        "coordinateSource": "gazetteer-approximate",
        "coordinateMatchedFrom": "Stocksundet",
        "sourceFile": "compiled/kayak-routes.iteration-03-additions.json"
      }
    },
    {
      "type": "Feature",
      "geometry": {
        "type": "Point",
        "coordinates": [
          17.99,
          59.41
        ]
      },
      "properties": {
        "routeId": "brunnsviken-edsviken-extension",
        "routeName": "Brunnsviken to Edsviken",
        "role": "waypoint",
        "index": 5,
        "name": "Edsviken",
        "coordinateSource": "gazetteer-approximate",
        "coordinateMatchedFrom": "Edsviken",
        "sourceFile": "compiled/kayak-routes.iteration-03-additions.json"
      }
    },
    {
      "type": "Feature",
      "geometry": {
        "type": "Point",
        "coordinates": [
          17.96,
          59.44
        ]
      },
      "properties": {
        "routeId": "brunnsviken-edsviken-extension",
        "routeName": "Brunnsviken to Edsviken",
        "role": "end",
        "index": 6,
        "name": "Edsberg / Edsviken",
        "coordinateSource": "gazetteer-approximate",
        "coordinateMatchedFrom": "Edsberg / Edsviken",
        "sourceFile": "compiled/kayak-routes.iteration-03-additions.json"
      }
    },
    {
      "type": "Feature",
      "geometry": {
        "type": "Point",
        "coordinates": [
          18.43,
          59.06
        ]
      },
      "properties": {
        "routeId": "orno-kyrkviken-local",
        "routeName": "Ornö Kyrkviken local paddles",
        "role": "start",
        "index": 0,
        "name": "Kayakomat Kyrkviken, Ornö",
        "coordinateSource": "gazetteer-approximate",
        "coordinateMatchedFrom": "Kayakomat Kyrkviken, Ornö",
        "sourceFile": "compiled/kayak-routes.iteration-03-additions.json"
      }
    },
    {
      "type": "Feature",
      "geometry": {
        "type": "Point",
        "coordinates": [
          18.43,
          59.06
        ]
      },
      "properties": {
        "routeId": "orno-kyrkviken-local",
        "routeName": "Ornö Kyrkviken local paddles",
        "role": "waypoint",
        "index": 1,
        "name": "Kyrkviken",
        "coordinateSource": "gazetteer-approximate",
        "coordinateMatchedFrom": "Kyrkviken",
        "sourceFile": "compiled/kayak-routes.iteration-03-additions.json"
      }
    },
    {
      "type": "Feature",
      "geometry": {
        "type": "Point",
        "coordinates": [
          18.45,
          59.055
        ]
      },
      "properties": {
        "routeId": "orno-kyrkviken-local",
        "routeName": "Ornö Kyrkviken local paddles",
        "role": "waypoint",
        "index": 2,
        "name": "Ornö local shorelines",
        "coordinateSource": "gazetteer-approximate",
        "coordinateMatchedFrom": "Ornö local shorelines",
        "sourceFile": "compiled/kayak-routes.iteration-03-additions.json"
      }
    },
    {
      "type": "Feature",
      "geometry": {
        "type": "Point",
        "coordinates": [
          18.52,
          59.04
        ]
      },
      "properties": {
        "routeId": "orno-kyrkviken-local",
        "routeName": "Ornö Kyrkviken local paddles",
        "role": "waypoint",
        "index": 3,
        "name": "Possible outer-island extensions for experienced paddlers",
        "coordinateSource": "gazetteer-approximate",
        "coordinateMatchedFrom": "Possible outer-island extensions for experienced paddlers",
        "sourceFile": "compiled/kayak-routes.iteration-03-additions.json"
      }
    },
    {
      "type": "Feature",
      "geometry": {
        "type": "Point",
        "coordinates": [
          18.43,
          59.06
        ]
      },
      "properties": {
        "routeId": "orno-kyrkviken-local",
        "routeName": "Ornö Kyrkviken local paddles",
        "role": "end",
        "index": 4,
        "name": "Kayakomat Kyrkviken, Ornö",
        "coordinateSource": "gazetteer-approximate",
        "coordinateMatchedFrom": "Kayakomat Kyrkviken, Ornö",
        "sourceFile": "compiled/kayak-routes.iteration-03-additions.json"
      }
    },
    {
      "type": "Feature",
      "geometry": {
        "type": "Point",
        "coordinates": [
          17.84,
          58.82
        ]
      },
      "properties": {
        "routeId": "jarflotta-toro-nynashamn",
        "routeName": "Järflotta from Torö / Nynäshamn side",
        "role": "start",
        "index": 0,
        "name": "Torö / Ankarudden or Nynäshamn-side launch",
        "coordinateSource": "gazetteer-approximate",
        "coordinateMatchedFrom": "Torö / Ankarudden or Nynäshamn-side launch",
        "sourceFile": "compiled/kayak-routes.iteration-03-additions.json"
      }
    },
    {
      "type": "Feature",
      "geometry": {
        "type": "Point",
        "coordinates": [
          17.8,
          58.83
        ]
      },
      "properties": {
        "routeId": "jarflotta-toro-nynashamn",
        "routeName": "Järflotta from Torö / Nynäshamn side",
        "role": "waypoint",
        "index": 1,
        "name": "Järflotta",
        "coordinateSource": "gazetteer-approximate",
        "coordinateMatchedFrom": "Järflotta",
        "sourceFile": "compiled/kayak-routes.iteration-03-additions.json"
      }
    },
    {
      "type": "Feature",
      "geometry": {
        "type": "Point",
        "coordinates": [
          17.81,
          58.835
        ]
      },
      "properties": {
        "routeId": "jarflotta-toro-nynashamn",
        "routeName": "Järflotta from Torö / Nynäshamn side",
        "role": "waypoint",
        "index": 2,
        "name": "Skvallerhamn",
        "coordinateSource": "gazetteer-approximate",
        "coordinateMatchedFrom": "Skvallerhamn",
        "sourceFile": "compiled/kayak-routes.iteration-03-additions.json"
      }
    },
    {
      "type": "Feature",
      "geometry": {
        "type": "Point",
        "coordinates": [
          17.79,
          58.84
        ]
      },
      "properties": {
        "routeId": "jarflotta-toro-nynashamn",
        "routeName": "Järflotta from Torö / Nynäshamn side",
        "role": "waypoint",
        "index": 3,
        "name": "Sågviken",
        "coordinateSource": "gazetteer-approximate",
        "coordinateMatchedFrom": "Sågviken",
        "sourceFile": "compiled/kayak-routes.iteration-03-additions.json"
      }
    },
    {
      "type": "Feature",
      "geometry": {
        "type": "Point",
        "coordinates": [
          17.79,
          58.82
        ]
      },
      "properties": {
        "routeId": "jarflotta-toro-nynashamn",
        "routeName": "Järflotta from Torö / Nynäshamn side",
        "role": "waypoint",
        "index": 4,
        "name": "Karlsvik",
        "coordinateSource": "gazetteer-approximate",
        "coordinateMatchedFrom": "Karlsvik",
        "sourceFile": "compiled/kayak-routes.iteration-03-additions.json"
      }
    },
    {
      "type": "Feature",
      "geometry": {
        "type": "Point",
        "coordinates": [
          17.82,
          58.82
        ]
      },
      "properties": {
        "routeId": "jarflotta-toro-nynashamn",
        "routeName": "Järflotta from Torö / Nynäshamn side",
        "role": "waypoint",
        "index": 5,
        "name": "Råholmssundet",
        "coordinateSource": "gazetteer-approximate",
        "coordinateMatchedFrom": "Råholmssundet",
        "sourceFile": "compiled/kayak-routes.iteration-03-additions.json"
      }
    },
    {
      "type": "Feature",
      "geometry": {
        "type": "Point",
        "coordinates": [
          17.84,
          58.82
        ]
      },
      "properties": {
        "routeId": "jarflotta-toro-nynashamn",
        "routeName": "Järflotta from Torö / Nynäshamn side",
        "role": "end",
        "index": 6,
        "name": "Torö / Ankarudden or Nynäshamn-side launch",
        "coordinateSource": "gazetteer-approximate",
        "coordinateMatchedFrom": "Torö / Ankarudden or Nynäshamn-side launch",
        "sourceFile": "compiled/kayak-routes.iteration-03-additions.json"
      }
    }
  ]
}
