{
  "type": "FeatureCollection",
  "features": [
    {
      "type": "Feature",
      "properties": {
        "name": "SAT ORNÖ NYA",
        "sectionId": "sat-orno",
        "sourceUrl": "https://drive.google.com/file/d/18gqr1NI_D_auDLQA4CvgCQjaZThCHiki/view?usp=drive_link"
      },
      "geometry": {
        "type": "LineString",
        "coordinates": [
          [
            18.424874,
            59.059491
          ],
          [
            18.424967,
            59.059439
          ],
          [
            18.425476,
            59.05962
          ],
          [
            18.425847,
            59.059752
          ],
          [
            18.426218,
            59.059883
          ],
          [
            18.426683,
            59.060049
          ],
          [
            18.426813,
            59.060298
          ],
          [
            18.426887,
            59.060479
          ],
          [
            18.427016,
            59.060644
          ],
          [
            18.427005,
            59.060876
          ],
          [
            18.427048,
            59.061207
          ],
          [
            18.426962,
            59.061582
          ],
          [
            18.42695,
            59.0618
          ],
          [
            18.426941,
            59.061979
          ],
          [
            18.426962,
            59.062365
          ],
          [
            18.426962,
            59.062498
          ],
          [
            18.427145,
            59.062586
          ],
          [
            18.427327,
            59.06268
          ],
          [
            18.427424,
            59.062812
          ],
          [
            18.427584,
            59.063082
          ],
          [
            18.427745,
            59.063352
          ],
          [
            18.427906,
            59.063568
          ],
          [
            18.427821,
            59.063794
          ],
          [
            18.427735,
            59.06402
          ],
          [
            18.427627,
            59.064439
          ],
          [
            18.427638,
            59.064571
          ],
          [
            18.427681,
            59.064814
          ],
          [
            18.427756,
            59.065228
          ],
          [
            18.427794,
            59.065457
          ],
          [
            18.427831,
            59.065685
          ],
          [
            18.427949,
            59.06611
          ],
          [
            18.428083,
            59.066325
          ],
          [
            18.428217,
            59.06654
          ],
          [
            18.428411,
            59.066833
          ],
          [
            18.42855,
            59.066948
          ],
          [
            18.428717,
            59.067004
          ],
          [
            18.428957,
            59.067009
          ],
          [
            18.429253,
            59.066998
          ],
          [
            18.429404,
            59.067014
          ],
          [
            18.42983,
            59.067067
          ],
          [
            18.430179,
            59.067064
          ],
          [
            18.430796,
            59.067034
          ],
          [
            18.431412,
            59.067039
          ],
          [
            18.431675,
            59.067156
          ],
          [
            18.431981,
            59.067398
          ],
          [
            18.432088,
            59.067616
          ],
          [
            18.432131,
            59.067803
          ],
          [
            18.432099,
            59.067905
          ],
          [
            18.432067,
            59.068131
          ],
          [
            18.432249,
            59.068387
          ],
          [
            18.432374,
            59.068369
          ],
          [
            18.432546,
            59.068369
          ],
          [
            18.433147,
            59.06828
          ],
          [
            18.434005,
            59.068258
          ],
          [
            18.434563,
            59.068082
          ],
          [
            18.435206,
            59.067883
          ],
          [
            18.435539,
            59.067774
          ],
          [
            18.435754,
            59.067732
          ],
          [
            18.436034,
            59.067724
          ],
          [
            18.436629,
            59.067749
          ],
          [
            18.437224,
            59.067773
          ],
          [
            18.437974,
            59.067867
          ],
          [
            18.438257,
            59.06791
          ],
          [
            18.438487,
            59.068017
          ],
          [
            18.439003,
            59.068204
          ],
          [
            18.439288,
            59.068249
          ],
          [
            18.439638,
            59.068255
          ],
          [
            18.439904,
            59.068358
          ],
          [
            18.440229,
            59.068621
          ],
          [
            18.440465,
            59.068832
          ],
          [
            18.440702,
            59.069044
          ],
          [
            18.440859,
            59.069235
          ],
          [
            18.441201,
            59.069441
          ],
          [
            18.441365,
            59.069607
          ],
          [
            18.441552,
            59.069668
          ],
          [
            18.441875,
            59.069689
          ],
          [
            18.442128,
            59.069674
          ],
          [
            18.442335,
            59.069677
          ],
          [
            18.442725,
            59.069623
          ],
          [
            18.443451,
            59.069473
          ],
          [
            18.444025,
            59.069306
          ],
          [
            18.444622,
            59.069248
          ],
          [
            18.445137,
            59.069229
          ],
          [
            18.445653,
            59.06921
          ],
          [
            18.446427,
            59.069166
          ],
          [
            18.4472,
            59.069122
          ],
          [
            18.447974,
            59.069079
          ],
          [
            18.448748,
            59.069035
          ],
          [
            18.449522,
            59.068992
          ],
          [
            18.450296,
            59.068948
          ],
          [
            18.451069,
            59.068905
          ],
          [
            18.451231,
            59.068895
          ],
          [
            18.451553,
            59.068886
          ],
          [
            18.451871,
            59.068954
          ],
          [
            18.452194,
            59.069088
          ],
          [
            18.452357,
            59.069151
          ],
          [
            18.45258,
            59.069219
          ],
          [
            18.45278,
            59.069274
          ],
          [
            18.453102,
            59.069364
          ],
          [
            18.453463,
            59.069537
          ],
          [
            18.453706,
            59.069607
          ],
          [
            18.454179,
            59.069757
          ],
          [
            18.454652,
            59.069908
          ],
          [
            18.454791,
            59.070007
          ],
          [
            18.454881,
            59.070083
          ],
          [
            18.45506,
            59.070123
          ],
          [
            18.455308,
            59.070149
          ],
          [
            18.455589,
            59.070193
          ],
          [
            18.455733,
            59.070281
          ],
          [
            18.455815,
            59.070418
          ],
          [
            18.455804,
            59.070524
          ],
          [
            18.455909,
            59.07066
          ],
          [
            18.45601,
            59.070708
          ],
          [
            18.45616,
            59.070809
          ],
          [
            18.456509,
            59.070947
          ],
          [
            18.456937,
            59.071064
          ],
          [
            18.457282,
            59.071101
          ],
          [
            18.458004,
            59.071065
          ],
          [
            18.45848,
            59.071072
          ],
          [
            18.458956,
            59.071079
          ],
          [
            18.4594,
            59.071187
          ],
          [
            18.459806,
            59.071375
          ],
          [
            18.46013,
            59.071531
          ],
          [
            18.460454,
            59.071687
          ],
          [
            18.460543,
            59.071741
          ],
          [
            18.460756,
            59.071893
          ],
          [
            18.461319,
            59.07217
          ],
          [
            18.460973,
            59.072226
          ],
          [
            18.461316,
            59.072435
          ],
          [
            18.461659,
            59.072645
          ],
          [
            18.461788,
            59.072866
          ],
          [
            18.461788,
            59.073086
          ],
          [
            18.462198,
            59.073381
          ],
          [
            18.462217,
            59.073395
          ],
          [
            18.462131,
            59.073836
          ],
          [
            18.4622,
            59.074095
          ],
          [
            18.462518,
            59.074409
          ],
          [
            18.462605,
            59.074446
          ],
          [
            18.462732,
            59.0745
          ],
          [
            18.462941,
            59.074517
          ],
          [
            18.463306,
            59.074535
          ],
          [
            18.463518,
            59.074525
          ],
          [
            18.46374,
            59.074465
          ],
          [
            18.464007,
            59.074296
          ],
          [
            18.464549,
            59.074072
          ],
          [
            18.465045,
            59.074075
          ],
          [
            18.465222,
            59.074104
          ],
          [
            18.465513,
            59.07411
          ],
          [
            18.465752,
            59.074118
          ],
          [
            18.465951,
            59.074197
          ],
          [
            18.46608,
            59.074443
          ],
          [
            18.466299,
            59.07454
          ],
          [
            18.467055,
            59.07461
          ],
          [
            18.467352,
            59.07503
          ],
          [
            18.46741,
            59.075181
          ],
          [
            18.467806,
            59.075365
          ],
          [
            18.468204,
            59.075523
          ],
          [
            18.468569,
            59.07581
          ],
          [
            18.468933,
            59.076141
          ],
          [
            18.469105,
            59.07635
          ],
          [
            18.469105,
            59.076604
          ],
          [
            18.46932,
            59.076836
          ],
          [
            18.469642,
            59.0771
          ],
          [
            18.469781,
            59.077348
          ],
          [
            18.46992,
            59.077596
          ],
          [
            18.470028,
            59.077949
          ],
          [
            18.470394,
            59.078315
          ],
          [
            18.470811,
            59.078513
          ],
          [
            18.470944,
            59.078583
          ],
          [
            18.470972,
            59.078842
          ],
          [
            18.470941,
            59.079071
          ],
          [
            18.471015,
            59.079085
          ],
          [
            18.471508,
            59.079416
          ],
          [
            18.472216,
            59.079658
          ],
          [
            18.472388,
            59.079757
          ],
          [
            18.472925,
            59.080077
          ],
          [
            18.472914,
            59.080278
          ],
          [
            18.472812,
            59.080575
          ],
          [
            18.47271,
            59.080871
          ],
          [
            18.472645,
            59.081227
          ],
          [
            18.472624,
            59.081345
          ],
          [
            18.472268,
            59.081522
          ],
          [
            18.472152,
            59.081709
          ],
          [
            18.472324,
            59.081852
          ],
          [
            18.472817,
            59.08215
          ],
          [
            18.473092,
            59.082373
          ],
          [
            18.473332,
            59.082569
          ],
          [
            18.473761,
            59.082955
          ],
          [
            18.473861,
            59.083075
          ],
          [
            18.473952,
            59.083215
          ],
          [
            18.474152,
            59.083476
          ],
          [
            18.474337,
            59.083698
          ],
          [
            18.474362,
            59.083944
          ],
          [
            18.474403,
            59.084023
          ],
          [
            18.474447,
            59.084107
          ],
          [
            18.474601,
            59.084269
          ],
          [
            18.47465,
            59.08445
          ],
          [
            18.474825,
            59.08464
          ],
          [
            18.475067,
            59.084751
          ],
          [
            18.475162,
            59.084801
          ],
          [
            18.475159,
            59.084913
          ],
          [
            18.475056,
            59.084994
          ],
          [
            18.475056,
            59.085089
          ],
          [
            18.475172,
            59.085262
          ],
          [
            18.475211,
            59.085403
          ],
          [
            18.475103,
            59.085486
          ],
          [
            18.475046,
            59.085602
          ],
          [
            18.47524,
            59.085784
          ],
          [
            18.475209,
            59.085944
          ],
          [
            18.475151,
            59.086008
          ],
          [
            18.475184,
            59.086149
          ],
          [
            18.475047,
            59.086352
          ],
          [
            18.474901,
            59.086589
          ],
          [
            18.475122,
            59.086803
          ],
          [
            18.475202,
            59.086944
          ],
          [
            18.475399,
            59.087074
          ],
          [
            18.475569,
            59.087245
          ],
          [
            18.475322,
            59.08743
          ],
          [
            18.475075,
            59.087615
          ],
          [
            18.474981,
            59.087867
          ],
          [
            18.474972,
            59.08804
          ],
          [
            18.474852,
            59.088143
          ],
          [
            18.474648,
            59.088215
          ],
          [
            18.474506,
            59.088345
          ],
          [
            18.474591,
            59.088553
          ],
          [
            18.474697,
            59.088666
          ],
          [
            18.47482,
            59.088816
          ],
          [
            18.474743,
            59.089019
          ],
          [
            18.474959,
            59.089223
          ],
          [
            18.474682,
            59.089382
          ],
          [
            18.474543,
            59.089782
          ],
          [
            18.474398,
            59.090078
          ],
          [
            18.47434,
            59.090262
          ],
          [
            18.47433,
            59.090396
          ],
          [
            18.47402,
            59.090562
          ],
          [
            18.473887,
            59.090738
          ],
          [
            18.473855,
            59.09089
          ],
          [
            18.473666,
            59.09096
          ],
          [
            18.473597,
            59.091086
          ],
          [
            18.473725,
            59.091439
          ],
          [
            18.47353,
            59.09153
          ],
          [
            18.473435,
            59.091652
          ],
          [
            18.473409,
            59.091766
          ],
          [
            18.472942,
            59.091924
          ],
          [
            18.472877,
            59.092138
          ],
          [
            18.472927,
            59.092264
          ],
          [
            18.473106,
            59.092412
          ],
          [
            18.473414,
            59.092569
          ],
          [
            18.473756,
            59.09285
          ],
          [
            18.473897,
            59.092916
          ],
          [
            18.474036,
            59.092943
          ],
          [
            18.474139,
            59.093054
          ],
          [
            18.474152,
            59.093189
          ],
          [
            18.474212,
            59.093262
          ],
          [
            18.474288,
            59.0933
          ],
          [
            18.474358,
            59.093354
          ],
          [
            18.474575,
            59.093483
          ],
          [
            18.474646,
            59.093624
          ],
          [
            18.474908,
            59.093781
          ],
          [
            18.474983,
            59.094047
          ],
          [
            18.475174,
            59.094316
          ],
          [
            18.475291,
            59.094482
          ],
          [
            18.475276,
            59.094569
          ],
          [
            18.475312,
            59.094693
          ],
          [
            18.475596,
            59.095046
          ],
          [
            18.475909,
            59.095292
          ],
          [
            18.476195,
            59.095454
          ],
          [
            18.476529,
            59.095736
          ],
          [
            18.476744,
            59.095893
          ],
          [
            18.476923,
            59.096118
          ],
          [
            18.477073,
            59.09625
          ],
          [
            18.47695,
            59.096344
          ],
          [
            18.476714,
            59.096619
          ],
          [
            18.476414,
            59.096767
          ],
          [
            18.475965,
            59.096872
          ],
          [
            18.475515,
            59.096977
          ],
          [
            18.475577,
            59.09706
          ],
          [
            18.475577,
            59.097291
          ],
          [
            18.475255,
            59.0976
          ],
          [
            18.474611,
            59.097501
          ],
          [
            18.474031,
            59.097483
          ],
          [
            18.473667,
            59.097633
          ],
          [
            18.473302,
            59.097952
          ],
          [
            18.473214,
            59.098106
          ],
          [
            18.473109,
            59.098184
          ],
          [
            18.472751,
            59.098318
          ],
          [
            18.472294,
            59.098376
          ],
          [
            18.472251,
            59.098768
          ],
          [
            18.472358,
            59.099121
          ],
          [
            18.472165,
            59.099418
          ],
          [
            18.472176,
            59.09965
          ],
          [
            18.472187,
            59.099881
          ],
          [
            18.472101,
            59.100201
          ],
          [
            18.472122,
            59.100564
          ],
          [
            18.471972,
            59.100785
          ],
          [
            18.471653,
            59.100801
          ],
          [
            18.471325,
            59.100814
          ],
          [
            18.47063,
            59.100865
          ],
          [
            18.470362,
            59.100854
          ],
          [
            18.469832,
            59.100922
          ],
          [
            18.469733,
            59.100945
          ],
          [
            18.469641,
            59.100973
          ],
          [
            18.469481,
            59.101008
          ],
          [
            18.469299,
            59.10105
          ],
          [
            18.46944,
            59.101158
          ],
          [
            18.469745,
            59.10141
          ],
          [
            18.469907,
            59.101525
          ],
          [
            18.470145,
            59.101635
          ],
          [
            18.470267,
            59.101704
          ],
          [
            18.470697,
            59.101976
          ],
          [
            18.470969,
            59.102088
          ],
          [
            18.471154,
            59.102145
          ],
          [
            18.471479,
            59.10226
          ],
          [
            18.47165,
            59.102299
          ],
          [
            18.471977,
            59.102348
          ],
          [
            18.47221,
            59.102408
          ],
          [
            18.472405,
            59.102467
          ],
          [
            18.472515,
            59.102541
          ],
          [
            18.472575,
            59.102618
          ],
          [
            18.472624,
            59.102772
          ],
          [
            18.47269,
            59.10295
          ],
          [
            18.47281,
            59.103093
          ],
          [
            18.473061,
            59.103279
          ],
          [
            18.473224,
            59.103512
          ],
          [
            18.473406,
            59.103623
          ],
          [
            18.473767,
            59.103712
          ],
          [
            18.473873,
            59.103791
          ],
          [
            18.473895,
            59.103865
          ],
          [
            18.473865,
            59.103932
          ],
          [
            18.473953,
            59.104066
          ],
          [
            18.473947,
            59.1042
          ],
          [
            18.473919,
            59.104305
          ],
          [
            18.473875,
            59.104376
          ],
          [
            18.47387,
            59.104439
          ],
          [
            18.474008,
            59.104594
          ],
          [
            18.474291,
            59.104825
          ],
          [
            18.474463,
            59.104987
          ],
          [
            18.474538,
            59.105059
          ],
          [
            18.474574,
            59.105139
          ],
          [
            18.474497,
            59.105296
          ],
          [
            18.474147,
            59.105363
          ],
          [
            18.47369,
            59.105346
          ],
          [
            18.473592,
            59.105342
          ],
          [
            18.473345,
            59.105457
          ],
          [
            18.473109,
            59.105556
          ],
          [
            18.473018,
            59.10563
          ],
          [
            18.472837,
            59.105696
          ],
          [
            18.472668,
            59.105818
          ],
          [
            18.472444,
            59.105897
          ],
          [
            18.471958,
            59.10613
          ],
          [
            18.47165,
            59.106162
          ],
          [
            18.471286,
            59.106148
          ],
          [
            18.471053,
            59.106166
          ],
          [
            18.470684,
            59.106162
          ],
          [
            18.47032,
            59.106261
          ],
          [
            18.470513,
            59.106404
          ],
          [
            18.470534,
            59.106701
          ],
          [
            18.47062,
            59.106911
          ],
          [
            18.471114,
            59.107153
          ],
          [
            18.471328,
            59.107329
          ],
          [
            18.471843,
            59.107495
          ],
          [
            18.472508,
            59.107704
          ],
          [
            18.472927,
            59.107803
          ],
          [
            18.473345,
            59.107902
          ],
          [
            18.473796,
            59.108056
          ],
          [
            18.474118,
            59.108211
          ],
          [
            18.47444,
            59.108365
          ],
          [
            18.47504,
            59.10853
          ],
          [
            18.47547,
            59.108706
          ],
          [
            18.475727,
            59.109037
          ],
          [
            18.475985,
            59.109301
          ],
          [
            18.476242,
            59.109566
          ],
          [
            18.476349,
            59.109841
          ],
          [
            18.476543,
            59.11004
          ],
          [
            18.476886,
            59.110326
          ],
          [
            18.477047,
            59.110535
          ],
          [
            18.477208,
            59.110745
          ],
          [
            18.477701,
            59.110998
          ],
          [
            18.478259,
            59.111174
          ],
          [
            18.478645,
            59.111152
          ],
          [
            18.47916,
            59.111075
          ],
          [
            18.479355,
            59.111056
          ],
          [
            18.479611,
            59.111031
          ],
          [
            18.479954,
            59.111141
          ],
          [
            18.480255,
            59.111152
          ],
          [
            18.480476,
            59.111128
          ],
          [
            18.480791,
            59.111207
          ],
          [
            18.480978,
            59.111273
          ],
          [
            18.481134,
            59.111328
          ],
          [
            18.481392,
            59.111427
          ],
          [
            18.481971,
            59.111571
          ],
          [
            18.482164,
            59.111824
          ],
          [
            18.4824,
            59.111967
          ],
          [
            18.482645,
            59.112014
          ],
          [
            18.482808,
            59.112044
          ],
          [
            18.483259,
            59.112011
          ],
          [
            18.483656,
            59.111982
          ],
          [
            18.483259,
            59.112011
          ],
          [
            18.482808,
            59.112044
          ],
          [
            18.482645,
            59.112014
          ],
          [
            18.4824,
            59.111967
          ],
          [
            18.482164,
            59.111824
          ],
          [
            18.481971,
            59.111571
          ],
          [
            18.481392,
            59.111427
          ],
          [
            18.481134,
            59.111328
          ],
          [
            18.480978,
            59.111273
          ],
          [
            18.480791,
            59.111207
          ],
          [
            18.480476,
            59.111128
          ],
          [
            18.480255,
            59.111152
          ],
          [
            18.479954,
            59.111141
          ],
          [
            18.479611,
            59.111031
          ],
          [
            18.479355,
            59.111056
          ],
          [
            18.47916,
            59.111075
          ],
          [
            18.478645,
            59.111152
          ],
          [
            18.478259,
            59.111174
          ],
          [
            18.477701,
            59.110998
          ],
          [
            18.477208,
            59.110745
          ],
          [
            18.477047,
            59.110535
          ],
          [
            18.476886,
            59.110326
          ],
          [
            18.476543,
            59.11004
          ],
          [
            18.476349,
            59.109841
          ],
          [
            18.476242,
            59.109566
          ],
          [
            18.475985,
            59.109301
          ],
          [
            18.475727,
            59.109037
          ],
          [
            18.47547,
            59.108706
          ],
          [
            18.47504,
            59.10853
          ],
          [
            18.47444,
            59.108365
          ],
          [
            18.474118,
            59.108211
          ],
          [
            18.473796,
            59.108056
          ],
          [
            18.473345,
            59.107902
          ],
          [
            18.472927,
            59.107803
          ],
          [
            18.472508,
            59.107704
          ],
          [
            18.471843,
            59.107495
          ],
          [
            18.471328,
            59.107329
          ],
          [
            18.471114,
            59.107153
          ],
          [
            18.47062,
            59.106911
          ],
          [
            18.470534,
            59.106701
          ],
          [
            18.470513,
            59.106404
          ],
          [
            18.47032,
            59.106261
          ],
          [
            18.470189,
            59.106319
          ],
          [
            18.47007,
            59.106326
          ],
          [
            18.469716,
            59.106207
          ],
          [
            18.469558,
            59.106192
          ],
          [
            18.469321,
            59.106216
          ],
          [
            18.469022,
            59.106196
          ],
          [
            18.468671,
            59.10613
          ],
          [
            18.468524,
            59.106114
          ],
          [
            18.468378,
            59.106068
          ],
          [
            18.468214,
            59.105978
          ],
          [
            18.468086,
            59.105945
          ],
          [
            18.467892,
            59.105922
          ],
          [
            18.467474,
            59.105849
          ],
          [
            18.467072,
            59.105782
          ],
          [
            18.466797,
            59.105762
          ],
          [
            18.466625,
            59.105767
          ],
          [
            18.466446,
            59.105758
          ],
          [
            18.466231,
            59.105702
          ],
          [
            18.465727,
            59.10563
          ],
          [
            18.465222,
            59.105558
          ],
          [
            18.464624,
            59.105483
          ],
          [
            18.46421,
            59.105386
          ],
          [
            18.464027,
            59.105377
          ],
          [
            18.463302,
            59.105224
          ],
          [
            18.462558,
            59.105147
          ],
          [
            18.461843,
            59.105102
          ],
          [
            18.461604,
            59.105127
          ],
          [
            18.461501,
            59.105181
          ],
          [
            18.461283,
            59.10546
          ],
          [
            18.461104,
            59.10569
          ],
          [
            18.460986,
            59.105804
          ],
          [
            18.460814,
            59.105911
          ],
          [
            18.460586,
            59.105946
          ],
          [
            18.460366,
            59.105969
          ],
          [
            18.46032,
            59.106025
          ],
          [
            18.460254,
            59.1061
          ],
          [
            18.460144,
            59.106216
          ],
          [
            18.460053,
            59.106337
          ],
          [
            18.46,
            59.106481
          ],
          [
            18.45993,
            59.106614
          ],
          [
            18.459879,
            59.106737
          ],
          [
            18.459815,
            59.10684
          ],
          [
            18.459694,
            59.106989
          ],
          [
            18.459593,
            59.107102
          ],
          [
            18.45955,
            59.107263
          ],
          [
            18.459473,
            59.107362
          ],
          [
            18.459414,
            59.107466
          ],
          [
            18.459315,
            59.10755
          ],
          [
            18.459255,
            59.1076
          ],
          [
            18.459198,
            59.107641
          ],
          [
            18.459138,
            59.107699
          ],
          [
            18.45908,
            59.107758
          ],
          [
            18.459065,
            59.107858
          ],
          [
            18.459127,
            59.107904
          ],
          [
            18.459163,
            59.107951
          ],
          [
            18.459196,
            59.108024
          ],
          [
            18.459158,
            59.108119
          ],
          [
            18.459115,
            59.108242
          ],
          [
            18.459064,
            59.108347
          ],
          [
            18.459053,
            59.108403
          ],
          [
            18.459037,
            59.108502
          ],
          [
            18.459034,
            59.108618
          ],
          [
            18.459043,
            59.108684
          ],
          [
            18.459056,
            59.108822
          ],
          [
            18.458978,
            59.108862
          ],
          [
            18.458822,
            59.108889
          ],
          [
            18.458342,
            59.108851
          ],
          [
            18.458167,
            59.10877
          ],
          [
            18.458106,
            59.108565
          ],
          [
            18.457942,
            59.108465
          ],
          [
            18.457536,
            59.108421
          ],
          [
            18.456785,
            59.108316
          ],
          [
            18.456548,
            59.108222
          ],
          [
            18.456385,
            59.107911
          ],
          [
            18.456185,
            59.107659
          ],
          [
            18.45593,
            59.107295
          ],
          [
            18.455815,
            59.107258
          ],
          [
            18.455631,
            59.107276
          ],
          [
            18.455544,
            59.10741
          ],
          [
            18.455351,
            59.107487
          ],
          [
            18.455265,
            59.107598
          ],
          [
            18.455136,
            59.107564
          ],
          [
            18.454836,
            59.107399
          ],
          [
            18.4546,
            59.107223
          ],
          [
            18.454471,
            59.106937
          ],
          [
            18.454299,
            59.10676
          ],
          [
            18.454149,
            59.10654
          ],
          [
            18.453634,
            59.106485
          ],
          [
            18.453351,
            59.106485
          ],
          [
            18.453278,
            59.106485
          ],
          [
            18.453119,
            59.106485
          ],
          [
            18.452621,
            59.10657
          ],
          [
            18.452111,
            59.10665
          ],
          [
            18.451597,
            59.106676
          ],
          [
            18.450846,
            59.106632
          ],
          [
            18.450094,
            59.106738
          ],
          [
            18.44944,
            59.106657
          ],
          [
            18.448773,
            59.106691
          ],
          [
            18.448361,
            59.106788
          ],
          [
            18.447949,
            59.106838
          ],
          [
            18.447604,
            59.106992
          ],
          [
            18.447524,
            59.107096
          ],
          [
            18.44754,
            59.107234
          ],
          [
            18.447561,
            59.10737
          ],
          [
            18.447676,
            59.10755
          ],
          [
            18.447261,
            59.107895
          ],
          [
            18.446853,
            59.108082
          ],
          [
            18.446339,
            59.108137
          ],
          [
            18.445888,
            59.108049
          ],
          [
            18.445609,
            59.107851
          ],
          [
            18.445416,
            59.10773
          ],
          [
            18.444987,
            59.107598
          ],
          [
            18.444815,
            59.107355
          ],
          [
            18.444708,
            59.107135
          ],
          [
            18.444493,
            59.106959
          ],
          [
            18.44415,
            59.106727
          ],
          [
            18.443764,
            59.106584
          ],
          [
            18.443592,
            59.106364
          ],
          [
            18.44342,
            59.106243
          ],
          [
            18.443056,
            59.106088
          ],
          [
            18.442734,
            59.105923
          ],
          [
            18.442519,
            59.10567
          ],
          [
            18.442412,
            59.105471
          ],
          [
            18.442154,
            59.105262
          ],
          [
            18.441767,
            59.105076
          ],
          [
            18.441343,
            59.105002
          ],
          [
            18.440845,
            59.105019
          ],
          [
            18.440674,
            59.104865
          ],
          [
            18.440631,
            59.104744
          ],
          [
            18.439858,
            59.104612
          ],
          [
            18.439322,
            59.104535
          ],
          [
            18.439107,
            59.104259
          ],
          [
            18.438978,
            59.104226
          ],
          [
            18.438785,
            59.104325
          ],
          [
            18.438399,
            59.104292
          ],
          [
            18.438056,
            59.104138
          ],
          [
            18.437584,
            59.103896
          ],
          [
            18.437305,
            59.103719
          ],
          [
            18.436962,
            59.103455
          ],
          [
            18.436725,
            59.103224
          ],
          [
            18.436339,
            59.103069
          ],
          [
            18.435932,
            59.102816
          ],
          [
            18.435545,
            59.102518
          ],
          [
            18.435245,
            59.102287
          ],
          [
            18.434902,
            59.102122
          ],
          [
            18.434558,
            59.101956
          ],
          [
            18.434108,
            59.101637
          ],
          [
            18.433882,
            59.10142
          ],
          [
            18.433786,
            59.101328
          ],
          [
            18.433378,
            59.101141
          ],
          [
            18.43297,
            59.100932
          ],
          [
            18.432842,
            59.1007
          ],
          [
            18.432734,
            59.100535
          ],
          [
            18.432498,
            59.100414
          ],
          [
            18.432133,
            59.100392
          ],
          [
            18.431704,
            59.100204
          ],
          [
            18.431404,
            59.100094
          ],
          [
            18.430984,
            59.10005
          ],
          [
            18.430847,
            59.099794
          ],
          [
            18.430864,
            59.099729
          ],
          [
            18.430899,
            59.099592
          ],
          [
            18.430933,
            59.099459
          ],
          [
            18.430933,
            59.099173
          ],
          [
            18.430924,
            59.099036
          ],
          [
            18.430684,
            59.098807
          ],
          [
            18.430366,
            59.098525
          ],
          [
            18.430066,
            59.098424
          ],
          [
            18.429731,
            59.098304
          ],
          [
            18.429388,
            59.098128
          ],
          [
            18.429019,
            59.097842
          ],
          [
            18.428761,
            59.097626
          ],
          [
            18.42859,
            59.097361
          ],
          [
            18.428521,
            59.097207
          ],
          [
            18.42847,
            59.097053
          ],
          [
            18.428178,
            59.09685
          ],
          [
            18.427688,
            59.096625
          ],
          [
            18.427457,
            59.096409
          ],
          [
            18.427088,
            59.096233
          ],
          [
            18.426779,
            59.096061
          ],
          [
            18.426315,
            59.09592
          ],
          [
            18.426083,
            59.095814
          ],
          [
            18.425714,
            59.095611
          ],
          [
            18.42558,
            59.095518
          ],
          [
            18.42538,
            59.095377
          ],
          [
            18.425122,
            59.095223
          ],
          [
            18.424857,
            59.095024
          ],
          [
            18.424624,
            59.094857
          ],
          [
            18.424272,
            59.094632
          ],
          [
            18.424118,
            59.094465
          ],
          [
            18.423929,
            59.094346
          ],
          [
            18.423562,
            59.094182
          ],
          [
            18.4233,
            59.094056
          ],
          [
            18.42308,
            59.093866
          ],
          [
            18.422913,
            59.093689
          ],
          [
            18.42277,
            59.093515
          ],
          [
            18.422676,
            59.093389
          ],
          [
            18.422496,
            59.093257
          ],
          [
            18.422247,
            59.093081
          ],
          [
            18.422161,
            59.092988
          ],
          [
            18.422079,
            59.092851
          ],
          [
            18.422068,
            59.092713
          ],
          [
            18.422086,
            59.092559
          ],
          [
            18.422037,
            59.092323
          ],
          [
            18.421988,
            59.092088
          ],
          [
            18.421929,
            59.091824
          ],
          [
            18.421869,
            59.09156
          ],
          [
            18.421828,
            59.09144
          ],
          [
            18.421697,
            59.091066
          ],
          [
            18.421646,
            59.09074
          ],
          [
            18.421625,
            59.090363
          ],
          [
            18.421737,
            59.089952
          ],
          [
            18.42189,
            59.089531
          ],
          [
            18.421963,
            59.089364
          ],
          [
            18.422019,
            59.089192
          ],
          [
            18.421932,
            59.088945
          ],
          [
            18.421796,
            59.088717
          ],
          [
            18.42159,
            59.088513
          ],
          [
            18.421284,
            59.088354
          ],
          [
            18.421079,
            59.088217
          ],
          [
            18.421003,
            59.088084
          ],
          [
            18.42097,
            59.087897
          ],
          [
            18.420924,
            59.08769
          ],
          [
            18.420811,
            59.087482
          ],
          [
            18.420424,
            59.087089
          ],
          [
            18.420037,
            59.086696
          ],
          [
            18.419811,
            59.086496
          ],
          [
            18.41931,
            59.086646
          ],
          [
            18.418661,
            59.086782
          ],
          [
            18.41805,
            59.087052
          ],
          [
            18.41778,
            59.087408
          ],
          [
            18.417794,
            59.087707
          ],
          [
            18.417826,
            59.087805
          ],
          [
            18.417906,
            59.088151
          ],
          [
            18.417986,
            59.088498
          ],
          [
            18.417972,
            59.088613
          ],
          [
            18.417748,
            59.088785
          ],
          [
            18.417386,
            59.088876
          ],
          [
            18.416914,
            59.088906
          ],
          [
            18.417386,
            59.088876
          ],
          [
            18.417748,
            59.088785
          ],
          [
            18.417972,
            59.088613
          ],
          [
            18.417986,
            59.088498
          ],
          [
            18.417906,
            59.088151
          ],
          [
            18.417826,
            59.087805
          ],
          [
            18.417794,
            59.087707
          ],
          [
            18.41778,
            59.087408
          ],
          [
            18.41805,
            59.087052
          ],
          [
            18.418661,
            59.086782
          ],
          [
            18.41931,
            59.086646
          ],
          [
            18.419811,
            59.086496
          ],
          [
            18.41947,
            59.086183
          ],
          [
            18.41929,
            59.086032
          ],
          [
            18.419042,
            59.085801
          ],
          [
            18.418934,
            59.085677
          ],
          [
            18.418901,
            59.085609
          ],
          [
            18.417978,
            59.085209
          ],
          [
            18.41594,
            59.084416
          ],
          [
            18.414524,
            59.08435
          ],
          [
            18.414695,
            59.08392
          ],
          [
            18.41433,
            59.083115
          ],
          [
            18.41388,
            59.082773
          ],
          [
            18.413386,
            59.082663
          ],
          [
            18.411326,
            59.081814
          ],
          [
            18.409846,
            59.081207
          ],
          [
            18.40843,
            59.080689
          ],
          [
            18.407786,
            59.080546
          ],
          [
            18.407142,
            59.080491
          ],
          [
            18.406541,
            59.080491
          ],
          [
            18.405619,
            59.080259
          ],
          [
            18.404327,
            59.078636
          ],
          [
            18.40406,
            59.078745
          ],
          [
            18.403631,
            59.0788
          ],
          [
            18.403065,
            59.078793
          ],
          [
            18.402843,
            59.078769
          ],
          [
            18.402219,
            59.078694
          ],
          [
            18.401595,
            59.078619
          ],
          [
            18.400929,
            59.078495
          ],
          [
            18.400262,
            59.078371
          ],
          [
            18.400106,
            59.078348
          ],
          [
            18.399717,
            59.07829
          ],
          [
            18.399219,
            59.078229
          ],
          [
            18.398943,
            59.078195
          ],
          [
            18.398618,
            59.078155
          ],
          [
            18.398395,
            59.078127
          ],
          [
            18.397726,
            59.077995
          ],
          [
            18.397657,
            59.077976
          ],
          [
            18.397125,
            59.077832
          ],
          [
            18.396681,
            59.077662
          ],
          [
            18.396503,
            59.077595
          ],
          [
            18.396396,
            59.077554
          ],
          [
            18.396023,
            59.077387
          ],
          [
            18.39577,
            59.077274
          ],
          [
            18.395418,
            59.077116
          ],
          [
            18.395065,
            59.076958
          ],
          [
            18.394663,
            59.076772
          ],
          [
            18.394439,
            59.076668
          ],
          [
            18.394285,
            59.076597
          ],
          [
            18.394018,
            59.076473
          ],
          [
            18.3934,
            59.076266
          ],
          [
            18.392731,
            59.076195
          ],
          [
            18.392289,
            59.07617
          ],
          [
            18.392199,
            59.076164
          ],
          [
            18.391744,
            59.076231
          ],
          [
            18.3911,
            59.076429
          ],
          [
            18.391218,
            59.076502
          ],
          [
            18.391306,
            59.076542
          ],
          [
            18.391384,
            59.076626
          ],
          [
            18.391483,
            59.076644
          ],
          [
            18.391609,
            59.076703
          ],
          [
            18.391724,
            59.076819
          ],
          [
            18.391765,
            59.076924
          ],
          [
            18.391768,
            59.077041
          ],
          [
            18.391759,
            59.077147
          ],
          [
            18.391781,
            59.077206
          ],
          [
            18.391912,
            59.077278
          ],
          [
            18.392049,
            59.077365
          ],
          [
            18.392162,
            59.077446
          ],
          [
            18.392336,
            59.077536
          ],
          [
            18.392561,
            59.077588
          ],
          [
            18.392623,
            59.077635
          ],
          [
            18.392634,
            59.077704
          ],
          [
            18.392666,
            59.077722
          ],
          [
            18.392663,
            59.077791
          ],
          [
            18.392706,
            59.077861
          ],
          [
            18.392709,
            59.077953
          ],
          [
            18.392714,
            59.078061
          ],
          [
            18.39273,
            59.07815
          ],
          [
            18.392666,
            59.078218
          ],
          [
            18.392797,
            59.078263
          ],
          [
            18.392856,
            59.078368
          ],
          [
            18.392921,
            59.078488
          ],
          [
            18.39295,
            59.078575
          ],
          [
            18.392985,
            59.078618
          ],
          [
            18.392929,
            59.078692
          ],
          [
            18.392937,
            59.078712
          ],
          [
            18.392929,
            59.078692
          ],
          [
            18.392985,
            59.078618
          ],
          [
            18.39295,
            59.078575
          ],
          [
            18.392921,
            59.078488
          ],
          [
            18.392856,
            59.078368
          ],
          [
            18.392797,
            59.078263
          ],
          [
            18.392666,
            59.078218
          ],
          [
            18.39273,
            59.07815
          ],
          [
            18.392714,
            59.078061
          ],
          [
            18.392709,
            59.077953
          ],
          [
            18.392706,
            59.077861
          ],
          [
            18.392663,
            59.077791
          ],
          [
            18.392666,
            59.077722
          ],
          [
            18.392634,
            59.077704
          ],
          [
            18.392623,
            59.077635
          ],
          [
            18.392561,
            59.077588
          ],
          [
            18.392336,
            59.077536
          ],
          [
            18.392162,
            59.077446
          ],
          [
            18.392049,
            59.077365
          ],
          [
            18.391912,
            59.077278
          ],
          [
            18.391781,
            59.077206
          ],
          [
            18.391759,
            59.077147
          ],
          [
            18.391768,
            59.077041
          ],
          [
            18.391765,
            59.076924
          ],
          [
            18.391724,
            59.076819
          ],
          [
            18.391609,
            59.076703
          ],
          [
            18.391483,
            59.076644
          ],
          [
            18.391384,
            59.076626
          ],
          [
            18.391306,
            59.076542
          ],
          [
            18.391218,
            59.076502
          ],
          [
            18.3911,
            59.076429
          ],
          [
            18.390798,
            59.076538
          ],
          [
            18.390316,
            59.076713
          ],
          [
            18.389795,
            59.076901
          ],
          [
            18.389455,
            59.077028
          ],
          [
            18.389306,
            59.076751
          ],
          [
            18.389151,
            59.076491
          ],
          [
            18.389031,
            59.076182
          ],
          [
            18.388911,
            59.07597
          ],
          [
            18.388697,
            59.075785
          ],
          [
            18.388516,
            59.075654
          ],
          [
            18.388715,
            59.075096
          ],
          [
            18.389069,
            59.074939
          ],
          [
            18.389053,
            59.074848
          ],
          [
            18.388377,
            59.074561
          ],
          [
            18.387616,
            59.074189
          ],
          [
            18.387294,
            59.073778
          ],
          [
            18.387187,
            59.07345
          ],
          [
            18.387154,
            59.073332
          ],
          [
            18.387203,
            59.073183
          ],
          [
            18.387197,
            59.073056
          ],
          [
            18.387106,
            59.072962
          ],
          [
            18.387145,
            59.072673
          ],
          [
            18.387112,
            59.072635
          ],
          [
            18.387072,
            59.072545
          ],
          [
            18.386932,
            59.072431
          ],
          [
            18.386886,
            59.072418
          ],
          [
            18.386792,
            59.072394
          ],
          [
            18.386609,
            59.072336
          ],
          [
            18.38637,
            59.072263
          ],
          [
            18.386071,
            59.072131
          ],
          [
            18.38564,
            59.071982
          ],
          [
            18.385601,
            59.071968
          ],
          [
            18.385376,
            59.071891
          ],
          [
            18.384982,
            59.071658
          ],
          [
            18.384945,
            59.071636
          ],
          [
            18.384875,
            59.071579
          ],
          [
            18.384779,
            59.071455
          ],
          [
            18.384532,
            59.07129
          ],
          [
            18.384416,
            59.071234
          ],
          [
            18.384298,
            59.07112
          ],
          [
            18.384275,
            59.071069
          ],
          [
            18.384351,
            59.070836
          ],
          [
            18.384271,
            59.07071
          ],
          [
            18.384305,
            59.070635
          ],
          [
            18.384434,
            59.070578
          ],
          [
            18.38463,
            59.070479
          ],
          [
            18.384782,
            59.070382
          ],
          [
            18.384875,
            59.070323
          ],
          [
            18.385036,
            59.070186
          ],
          [
            18.385142,
            59.070076
          ],
          [
            18.385204,
            59.069979
          ],
          [
            18.385182,
            59.069866
          ],
          [
            18.385223,
            59.069779
          ],
          [
            18.385292,
            59.069698
          ],
          [
            18.385274,
            59.06963
          ],
          [
            18.38527,
            59.069597
          ],
          [
            18.38531,
            59.069514
          ],
          [
            18.385397,
            59.069449
          ],
          [
            18.385421,
            59.069361
          ],
          [
            18.385482,
            59.069226
          ],
          [
            18.38544,
            59.069135
          ],
          [
            18.385209,
            59.069014
          ],
          [
            18.384918,
            59.068861
          ],
          [
            18.384701,
            59.068802
          ],
          [
            18.384556,
            59.068725
          ],
          [
            18.384504,
            59.068677
          ],
          [
            18.384496,
            59.06862
          ],
          [
            18.384548,
            59.068564
          ],
          [
            18.384552,
            59.068515
          ],
          [
            18.384417,
            59.06836
          ],
          [
            18.38438,
            59.068262
          ],
          [
            18.384399,
            59.068215
          ],
          [
            18.384423,
            59.068135
          ],
          [
            18.384401,
            59.068073
          ],
          [
            18.384368,
            59.068003
          ],
          [
            18.384218,
            59.067914
          ],
          [
            18.384066,
            59.067768
          ],
          [
            18.38395,
            59.067615
          ],
          [
            18.3839,
            59.06748
          ],
          [
            18.383966,
            59.067198
          ],
          [
            18.384092,
            59.067091
          ],
          [
            18.384162,
            59.06702
          ],
          [
            18.3842,
            59.06692
          ],
          [
            18.384249,
            59.06676
          ],
          [
            18.384034,
            59.066647
          ],
          [
            18.383746,
            59.066483
          ],
          [
            18.383632,
            59.06636
          ],
          [
            18.383567,
            59.066304
          ],
          [
            18.383137,
            59.06613
          ],
          [
            18.383047,
            59.066065
          ],
          [
            18.382996,
            59.065991
          ],
          [
            18.382929,
            59.065889
          ],
          [
            18.382845,
            59.065783
          ],
          [
            18.382739,
            59.065745
          ],
          [
            18.382638,
            59.065704
          ],
          [
            18.382241,
            59.065511
          ],
          [
            18.382135,
            59.065324
          ],
          [
            18.381902,
            59.065189
          ],
          [
            18.381748,
            59.065136
          ],
          [
            18.381588,
            59.065103
          ],
          [
            18.381395,
            59.065041
          ],
          [
            18.381362,
            59.064994
          ],
          [
            18.381234,
            59.064815
          ],
          [
            18.381229,
            59.064715
          ],
          [
            18.381372,
            59.06457
          ],
          [
            18.38137,
            59.064372
          ],
          [
            18.381237,
            59.06425
          ],
          [
            18.381236,
            59.064064
          ],
          [
            18.381171,
            59.06387
          ],
          [
            18.381218,
            59.063773
          ],
          [
            18.38121,
            59.063702
          ],
          [
            18.381023,
            59.063569
          ],
          [
            18.381006,
            59.063558
          ],
          [
            18.38091,
            59.063368
          ],
          [
            18.380472,
            59.063209
          ],
          [
            18.380248,
            59.0631
          ],
          [
            18.380019,
            59.062956
          ],
          [
            18.379861,
            59.062921
          ],
          [
            18.379412,
            59.062788
          ],
          [
            18.379102,
            59.062637
          ],
          [
            18.378984,
            59.062582
          ],
          [
            18.378858,
            59.062453
          ],
          [
            18.378797,
            59.062389
          ],
          [
            18.378773,
            59.062308
          ],
          [
            18.378703,
            59.062202
          ],
          [
            18.378602,
            59.062092
          ],
          [
            18.378581,
            59.062021
          ],
          [
            18.378623,
            59.061927
          ],
          [
            18.378617,
            59.061861
          ],
          [
            18.378561,
            59.061777
          ],
          [
            18.37854,
            59.061671
          ],
          [
            18.378528,
            59.061585
          ],
          [
            18.378322,
            59.061518
          ],
          [
            18.378024,
            59.061451
          ],
          [
            18.377776,
            59.061471
          ],
          [
            18.377447,
            59.06161
          ],
          [
            18.377285,
            59.061651
          ],
          [
            18.377053,
            59.06165
          ],
          [
            18.376931,
            59.061592
          ],
          [
            18.376708,
            59.061484
          ],
          [
            18.376528,
            59.061348
          ],
          [
            18.376412,
            59.061139
          ],
          [
            18.37634,
            59.061057
          ],
          [
            18.376243,
            59.061014
          ],
          [
            18.376046,
            59.06092
          ],
          [
            18.375983,
            59.060876
          ],
          [
            18.375939,
            59.060807
          ],
          [
            18.375869,
            59.060771
          ],
          [
            18.375765,
            59.060748
          ],
          [
            18.375575,
            59.060671
          ],
          [
            18.375488,
            59.060644
          ],
          [
            18.375358,
            59.060557
          ],
          [
            18.37524,
            59.060477
          ],
          [
            18.375173,
            59.06025
          ],
          [
            18.375136,
            59.060212
          ],
          [
            18.37482,
            59.060082
          ],
          [
            18.374648,
            59.060046
          ],
          [
            18.37452,
            59.060031
          ],
          [
            18.374308,
            59.059862
          ],
          [
            18.374154,
            59.059815
          ],
          [
            18.373996,
            59.059694
          ],
          [
            18.373832,
            59.059631
          ],
          [
            18.373563,
            59.059564
          ],
          [
            18.373372,
            59.059487
          ],
          [
            18.373152,
            59.059402
          ],
          [
            18.373034,
            59.05934
          ],
          [
            18.37284,
            59.05917
          ],
          [
            18.372756,
            59.059122
          ],
          [
            18.372598,
            59.059098
          ],
          [
            18.372279,
            59.059144
          ],
          [
            18.372162,
            59.059132
          ],
          [
            18.372126,
            59.059075
          ],
          [
            18.372135,
            59.058878
          ],
          [
            18.3722,
            59.058683
          ],
          [
            18.372212,
            59.058435
          ],
          [
            18.37217,
            59.058391
          ],
          [
            18.371872,
            59.058239
          ],
          [
            18.371597,
            59.057923
          ],
          [
            18.371582,
            59.057889
          ],
          [
            18.371516,
            59.057732
          ],
          [
            18.371344,
            59.057636
          ],
          [
            18.371185,
            59.057613
          ],
          [
            18.371044,
            59.057569
          ],
          [
            18.370819,
            59.057557
          ],
          [
            18.370728,
            59.057531
          ],
          [
            18.370678,
            59.057487
          ],
          [
            18.370695,
            59.057407
          ],
          [
            18.37071,
            59.057339
          ],
          [
            18.370759,
            59.057246
          ],
          [
            18.370749,
            59.057166
          ],
          [
            18.370717,
            59.057124
          ],
          [
            18.370658,
            59.057069
          ],
          [
            18.37053,
            59.057002
          ],
          [
            18.370249,
            59.056892
          ],
          [
            18.370121,
            59.056815
          ],
          [
            18.370079,
            59.056738
          ],
          [
            18.370038,
            59.056671
          ],
          [
            18.369958,
            59.056606
          ],
          [
            18.369916,
            59.056522
          ],
          [
            18.369881,
            59.056366
          ],
          [
            18.369844,
            59.056317
          ],
          [
            18.369773,
            59.056256
          ],
          [
            18.369539,
            59.056147
          ],
          [
            18.369416,
            59.056085
          ],
          [
            18.369307,
            59.055984
          ],
          [
            18.36928,
            59.055914
          ],
          [
            18.369057,
            59.055736
          ],
          [
            18.368941,
            59.055595
          ],
          [
            18.368841,
            59.055519
          ],
          [
            18.368791,
            59.055449
          ],
          [
            18.368713,
            59.055383
          ],
          [
            18.368514,
            59.05528
          ],
          [
            18.36826,
            59.055152
          ],
          [
            18.368095,
            59.05508
          ],
          [
            18.367979,
            59.05501
          ],
          [
            18.367939,
            59.05497
          ],
          [
            18.367917,
            59.054938
          ],
          [
            18.367912,
            59.054915
          ],
          [
            18.367908,
            59.05489
          ],
          [
            18.367904,
            59.054866
          ],
          [
            18.367905,
            59.054861
          ],
          [
            18.367921,
            59.054805
          ],
          [
            18.367935,
            59.054717
          ],
          [
            18.367956,
            59.054667
          ],
          [
            18.368052,
            59.054572
          ],
          [
            18.368127,
            59.054478
          ],
          [
            18.368149,
            59.054426
          ],
          [
            18.368162,
            59.054401
          ],
          [
            18.368289,
            59.054295
          ],
          [
            18.368313,
            59.054141
          ],
          [
            18.368415,
            59.053897
          ],
          [
            18.368348,
            59.053706
          ],
          [
            18.368319,
            59.053568
          ],
          [
            18.368164,
            59.053425
          ],
          [
            18.368077,
            59.053229
          ],
          [
            18.367982,
            59.052997
          ],
          [
            18.367999,
            59.052886
          ],
          [
            18.368042,
            59.052789
          ],
          [
            18.368194,
            59.052456
          ],
          [
            18.368258,
            59.0523
          ],
          [
            18.36843,
            59.052107
          ],
          [
            18.368543,
            59.052032
          ],
          [
            18.368606,
            59.051973
          ],
          [
            18.368734,
            59.051914
          ],
          [
            18.368981,
            59.051884
          ],
          [
            18.369102,
            59.051842
          ],
          [
            18.369161,
            59.051778
          ],
          [
            18.369167,
            59.051722
          ],
          [
            18.369158,
            59.051676
          ],
          [
            18.369153,
            59.051494
          ],
          [
            18.36916,
            59.05146
          ],
          [
            18.369172,
            59.051403
          ],
          [
            18.369211,
            59.051311
          ],
          [
            18.369223,
            59.051204
          ],
          [
            18.369204,
            59.051067
          ],
          [
            18.369226,
            59.050952
          ],
          [
            18.369214,
            59.050724
          ],
          [
            18.369202,
            59.050497
          ],
          [
            18.369237,
            59.050398
          ],
          [
            18.3693,
            59.050333
          ],
          [
            18.369518,
            59.050206
          ],
          [
            18.369583,
            59.050126
          ],
          [
            18.369583,
            59.050102
          ],
          [
            18.37031,
            59.049964
          ],
          [
            18.370814,
            59.049826
          ],
          [
            18.371537,
            59.049567
          ],
          [
            18.371376,
            59.049439
          ],
          [
            18.371207,
            59.049333
          ],
          [
            18.370933,
            59.049258
          ],
          [
            18.370767,
            59.049147
          ],
          [
            18.3706,
            59.04903
          ],
          [
            18.37051,
            59.048981
          ],
          [
            18.370417,
            59.048882
          ],
          [
            18.370412,
            59.04879
          ],
          [
            18.370324,
            59.048624
          ],
          [
            18.370243,
            59.04846
          ],
          [
            18.370205,
            59.048367
          ],
          [
            18.370112,
            59.048281
          ],
          [
            18.370085,
            59.04826
          ],
          [
            18.369913,
            59.048125
          ],
          [
            18.369876,
            59.048023
          ],
          [
            18.369948,
            59.04784
          ],
          [
            18.369953,
            59.047761
          ],
          [
            18.369841,
            59.04758
          ],
          [
            18.369626,
            59.047395
          ],
          [
            18.36954,
            59.047297
          ],
          [
            18.369511,
            59.047151
          ],
          [
            18.369583,
            59.047028
          ],
          [
            18.369762,
            59.046806
          ],
          [
            18.369859,
            59.046686
          ],
          [
            18.369965,
            59.046484
          ],
          [
            18.369807,
            59.046481
          ],
          [
            18.369688,
            59.046479
          ],
          [
            18.369339,
            59.046398
          ],
          [
            18.368735,
            59.046193
          ],
          [
            18.368195,
            59.046079
          ],
          [
            18.367775,
            59.046006
          ],
          [
            18.367354,
            59.045932
          ],
          [
            18.366749,
            59.045774
          ],
          [
            18.366144,
            59.045616
          ],
          [
            18.365782,
            59.045521
          ],
          [
            18.365511,
            59.04545
          ],
          [
            18.3654,
            59.045352
          ],
          [
            18.365313,
            59.045189
          ],
          [
            18.36526,
            59.044924
          ],
          [
            18.365313,
            59.045189
          ],
          [
            18.3654,
            59.045352
          ],
          [
            18.365511,
            59.04545
          ],
          [
            18.366144,
            59.045616
          ],
          [
            18.366749,
            59.045774
          ],
          [
            18.367354,
            59.045932
          ],
          [
            18.367775,
            59.046006
          ],
          [
            18.368195,
            59.046079
          ],
          [
            18.368735,
            59.046193
          ],
          [
            18.369339,
            59.046398
          ],
          [
            18.369688,
            59.046479
          ],
          [
            18.369965,
            59.046484
          ],
          [
            18.370031,
            59.046485
          ],
          [
            18.369965,
            59.046484
          ],
          [
            18.369859,
            59.046686
          ],
          [
            18.369583,
            59.047028
          ],
          [
            18.369511,
            59.047151
          ],
          [
            18.36954,
            59.047297
          ],
          [
            18.369626,
            59.047395
          ],
          [
            18.369841,
            59.04758
          ],
          [
            18.369953,
            59.047761
          ],
          [
            18.369948,
            59.04784
          ],
          [
            18.369876,
            59.048023
          ],
          [
            18.369913,
            59.048125
          ],
          [
            18.370112,
            59.048281
          ],
          [
            18.370205,
            59.048367
          ],
          [
            18.370243,
            59.04846
          ],
          [
            18.370324,
            59.048624
          ],
          [
            18.370412,
            59.04879
          ],
          [
            18.370417,
            59.048882
          ],
          [
            18.37051,
            59.048981
          ],
          [
            18.370264,
            59.04896
          ],
          [
            18.370241,
            59.048964
          ],
          [
            18.370264,
            59.04896
          ],
          [
            18.37051,
            59.048981
          ],
          [
            18.3706,
            59.04903
          ],
          [
            18.370767,
            59.049147
          ],
          [
            18.370933,
            59.049258
          ],
          [
            18.371207,
            59.049333
          ],
          [
            18.371376,
            59.049439
          ],
          [
            18.371585,
            59.049605
          ],
          [
            18.371939,
            59.049748
          ],
          [
            18.372263,
            59.049939
          ],
          [
            18.372529,
            59.050051
          ],
          [
            18.372746,
            59.050118
          ],
          [
            18.372992,
            59.050237
          ],
          [
            18.373203,
            59.050392
          ],
          [
            18.373316,
            59.050492
          ],
          [
            18.373499,
            59.050567
          ],
          [
            18.373743,
            59.05062
          ],
          [
            18.3739,
            59.050629
          ],
          [
            18.374053,
            59.050618
          ],
          [
            18.374195,
            59.050633
          ],
          [
            18.374333,
            59.050685
          ],
          [
            18.37465,
            59.050824
          ],
          [
            18.374849,
            59.05089
          ],
          [
            18.375027,
            59.050996
          ],
          [
            18.375185,
            59.051081
          ],
          [
            18.375326,
            59.051141
          ],
          [
            18.375391,
            59.051168
          ],
          [
            18.375508,
            59.051236
          ],
          [
            18.375534,
            59.05125
          ],
          [
            18.375708,
            59.05138
          ],
          [
            18.37592,
            59.051581
          ],
          [
            18.376132,
            59.051782
          ],
          [
            18.376301,
            59.051973
          ],
          [
            18.376378,
            59.052068
          ],
          [
            18.376515,
            59.052206
          ],
          [
            18.376678,
            59.052388
          ],
          [
            18.376698,
            59.052497
          ],
          [
            18.376643,
            59.052599
          ],
          [
            18.376598,
            59.052643
          ],
          [
            18.376581,
            59.052691
          ],
          [
            18.376607,
            59.05275
          ],
          [
            18.376747,
            59.052876
          ],
          [
            18.376836,
            59.052959
          ],
          [
            18.376966,
            59.05303
          ],
          [
            18.377205,
            59.053138
          ],
          [
            18.377358,
            59.053254
          ],
          [
            18.377685,
            59.05337
          ],
          [
            18.377827,
            59.053428
          ],
          [
            18.377976,
            59.053531
          ],
          [
            18.378331,
            59.053577
          ],
          [
            18.378699,
            59.053598
          ],
          [
            18.378947,
            59.053693
          ],
          [
            18.379213,
            59.053844
          ],
          [
            18.379382,
            59.053916
          ],
          [
            18.379594,
            59.053971
          ],
          [
            18.379723,
            59.053995
          ],
          [
            18.379949,
            59.054041
          ],
          [
            18.380061,
            59.054031
          ],
          [
            18.380165,
            59.053974
          ],
          [
            18.380234,
            59.053891
          ],
          [
            18.380349,
            59.053849
          ],
          [
            18.38049,
            59.053874
          ],
          [
            18.380582,
            59.053922
          ],
          [
            18.380758,
            59.054063
          ],
          [
            18.381076,
            59.054189
          ],
          [
            18.381094,
            59.054265
          ],
          [
            18.381023,
            59.054384
          ],
          [
            18.380954,
            59.05472
          ],
          [
            18.381055,
            59.054833
          ],
          [
            18.381061,
            59.054981
          ],
          [
            18.381182,
            59.055099
          ],
          [
            18.381437,
            59.05525
          ],
          [
            18.381691,
            59.055334
          ],
          [
            18.382092,
            59.055526
          ],
          [
            18.382487,
            59.055717
          ],
          [
            18.382488,
            59.055717
          ],
          [
            18.382492,
            59.055719
          ],
          [
            18.383051,
            59.055943
          ],
          [
            18.3834,
            59.056107
          ],
          [
            18.383627,
            59.056279
          ],
          [
            18.383772,
            59.056338
          ],
          [
            18.384048,
            59.056553
          ],
          [
            18.384204,
            59.056757
          ],
          [
            18.384542,
            59.056844
          ],
          [
            18.384544,
            59.056984
          ],
          [
            18.384482,
            59.057254
          ],
          [
            18.384603,
            59.057463
          ],
          [
            18.384622,
            59.057685
          ],
          [
            18.384777,
            59.057986
          ],
          [
            18.384821,
            59.05803
          ],
          [
            18.384898,
            59.05808
          ],
          [
            18.384936,
            59.058156
          ],
          [
            18.384998,
            59.058219
          ],
          [
            18.385171,
            59.058327
          ],
          [
            18.385297,
            59.058399
          ],
          [
            18.385435,
            59.058448
          ],
          [
            18.385937,
            59.058658
          ],
          [
            18.38613,
            59.058697
          ],
          [
            18.386286,
            59.058837
          ],
          [
            18.386352,
            59.058928
          ],
          [
            18.386463,
            59.059038
          ],
          [
            18.386602,
            59.059115
          ],
          [
            18.38672,
            59.059163
          ],
          [
            18.386876,
            59.059183
          ],
          [
            18.387117,
            59.05919
          ],
          [
            18.387252,
            59.059174
          ],
          [
            18.387425,
            59.059152
          ],
          [
            18.387668,
            59.059198
          ],
          [
            18.387806,
            59.059247
          ],
          [
            18.388002,
            59.059274
          ],
          [
            18.388099,
            59.05927
          ],
          [
            18.388321,
            59.059199
          ],
          [
            18.388484,
            59.059169
          ],
          [
            18.388663,
            59.059169
          ],
          [
            18.388799,
            59.059169
          ],
          [
            18.389046,
            59.059204
          ],
          [
            18.389172,
            59.059268
          ],
          [
            18.389395,
            59.059437
          ],
          [
            18.389545,
            59.059483
          ],
          [
            18.389673,
            59.0595
          ],
          [
            18.389897,
            59.059499
          ],
          [
            18.390051,
            59.059484
          ],
          [
            18.390246,
            59.05953
          ],
          [
            18.390304,
            59.059535
          ],
          [
            18.390399,
            59.059478
          ],
          [
            18.3905,
            59.059362
          ],
          [
            18.390583,
            59.059315
          ],
          [
            18.390809,
            59.059247
          ],
          [
            18.39091,
            59.059246
          ],
          [
            18.391186,
            59.05936
          ],
          [
            18.39132,
            59.059382
          ],
          [
            18.391403,
            59.059338
          ],
          [
            18.391521,
            59.05922
          ],
          [
            18.39159,
            59.059132
          ],
          [
            18.391732,
            59.059068
          ],
          [
            18.391908,
            59.05904
          ],
          [
            18.392002,
            59.05901
          ],
          [
            18.392221,
            59.059004
          ],
          [
            18.392469,
            59.059067
          ],
          [
            18.392593,
            59.059098
          ],
          [
            18.392665,
            59.059134
          ],
          [
            18.392716,
            59.059207
          ],
          [
            18.392747,
            59.059276
          ],
          [
            18.392737,
            59.059185
          ],
          [
            18.392671,
            59.05911
          ],
          [
            18.392504,
            59.059034
          ],
          [
            18.392266,
            59.058935
          ],
          [
            18.392251,
            59.058798
          ],
          [
            18.392282,
            59.058704
          ],
          [
            18.39232,
            59.058654
          ],
          [
            18.392443,
            59.058496
          ],
          [
            18.392464,
            59.058371
          ],
          [
            18.392413,
            59.058212
          ],
          [
            18.392312,
            59.058041
          ],
          [
            18.392292,
            59.057926
          ],
          [
            18.392185,
            59.057861
          ],
          [
            18.392216,
            59.057775
          ],
          [
            18.392226,
            59.057559
          ],
          [
            18.392307,
            59.057536
          ],
          [
            18.392469,
            59.057396
          ],
          [
            18.392671,
            59.057476
          ],
          [
            18.392939,
            59.057492
          ],
          [
            18.393298,
            59.057528
          ],
          [
            18.39348,
            59.057567
          ],
          [
            18.393592,
            59.057575
          ],
          [
            18.393733,
            59.057507
          ],
          [
            18.393941,
            59.057495
          ],
          [
            18.394224,
            59.057422
          ],
          [
            18.394376,
            59.057341
          ],
          [
            18.39475,
            59.057357
          ],
          [
            18.394912,
            59.057289
          ],
          [
            18.395377,
            59.057234
          ],
          [
            18.39558,
            59.057143
          ],
          [
            18.395924,
            59.057099
          ],
          [
            18.3961,
            59.057167
          ],
          [
            18.396323,
            59.057279
          ],
          [
            18.39645,
            59.057406
          ],
          [
            18.396374,
            59.057523
          ],
          [
            18.396409,
            59.057565
          ],
          [
            18.396601,
            59.057562
          ],
          [
            18.396718,
            59.057611
          ],
          [
            18.396809,
            59.057687
          ],
          [
            18.396869,
            59.057682
          ],
          [
            18.396945,
            59.057744
          ],
          [
            18.397102,
            59.057768
          ],
          [
            18.397279,
            59.057752
          ],
          [
            18.397411,
            59.057658
          ],
          [
            18.397532,
            59.057643
          ],
          [
            18.397653,
            59.057689
          ],
          [
            18.397765,
            59.057637
          ],
          [
            18.397982,
            59.057617
          ],
          [
            18.398093,
            59.057565
          ],
          [
            18.398296,
            59.057385
          ],
          [
            18.398414,
            59.057349
          ],
          [
            18.398473,
            59.057331
          ],
          [
            18.398837,
            59.057182
          ],
          [
            18.398882,
            59.056998
          ],
          [
            18.398989,
            59.05681
          ],
          [
            18.399135,
            59.056751
          ],
          [
            18.399343,
            59.056631
          ],
          [
            18.399419,
            59.056517
          ],
          [
            18.399557,
            59.056506
          ],
          [
            18.39982,
            59.05651
          ],
          [
            18.400107,
            59.056483
          ],
          [
            18.400309,
            59.0565
          ],
          [
            18.400408,
            59.056508
          ],
          [
            18.400685,
            59.05657
          ],
          [
            18.400834,
            59.056629
          ],
          [
            18.400882,
            59.056946
          ],
          [
            18.401021,
            59.057067
          ],
          [
            18.401502,
            59.05711
          ],
          [
            18.401983,
            59.057152
          ],
          [
            18.402393,
            59.05729
          ],
          [
            18.40276,
            59.057373
          ],
          [
            18.40308,
            59.057445
          ],
          [
            18.403681,
            59.057489
          ],
          [
            18.404024,
            59.057489
          ],
          [
            18.404668,
            59.057533
          ],
          [
            18.405011,
            59.057809
          ],
          [
            18.405354,
            59.058085
          ],
          [
            18.405805,
            59.058118
          ],
          [
            18.406256,
            59.058151
          ],
          [
            18.407092,
            59.058173
          ],
          [
            18.407929,
            59.058195
          ],
          [
            18.408551,
            59.05825
          ],
          [
            18.409174,
            59.058305
          ],
          [
            18.409667,
            59.058372
          ],
          [
            18.410161,
            59.058438
          ],
          [
            18.410712,
            59.058529
          ],
          [
            18.411264,
            59.05862
          ],
          [
            18.411362,
            59.058636
          ],
          [
            18.411899,
            59.058725
          ],
          [
            18.412435,
            59.058813
          ],
          [
            18.412564,
            59.059056
          ],
          [
            18.412736,
            59.059342
          ],
          [
            18.413036,
            59.059519
          ],
          [
            18.413701,
            59.05974
          ],
          [
            18.414366,
            59.05996
          ],
          [
            18.41471,
            59.060026
          ],
          [
            18.414739,
            59.060038
          ],
          [
            18.415096,
            59.060181
          ],
          [
            18.415311,
            59.06039
          ],
          [
            18.415525,
            59.0606
          ],
          [
            18.415563,
            59.06093
          ],
          [
            18.415568,
            59.060975
          ],
          [
            18.415954,
            59.061174
          ],
          [
            18.416341,
            59.061328
          ],
          [
            18.416899,
            59.061394
          ],
          [
            18.417499,
            59.061262
          ],
          [
            18.417886,
            59.061218
          ],
          [
            18.418701,
            59.061085
          ],
          [
            18.419152,
            59.060732
          ],
          [
            18.419602,
            59.06038
          ],
          [
            18.419825,
            59.060055
          ],
          [
            18.420006,
            59.06002
          ],
          [
            18.420207,
            59.05998
          ],
          [
            18.421042,
            59.060059
          ],
          [
            18.421877,
            59.060137
          ],
          [
            18.422651,
            59.060255
          ],
          [
            18.423425,
            59.060373
          ],
          [
            18.423691,
            59.06019
          ],
          [
            18.423956,
            59.060006
          ],
          [
            18.424323,
            59.0598
          ],
          [
            18.424691,
            59.059594
          ],
          [
            18.424863,
            59.059497
          ],
          [
            18.424551,
            59.059467
          ],
          [
            18.424434,
            59.059445
          ],
          [
            18.424004,
            59.059361
          ],
          [
            18.423871,
            59.059209
          ],
          [
            18.423516,
            59.059095
          ],
          [
            18.423472,
            59.058852
          ],
          [
            18.423664,
            59.058472
          ],
          [
            18.42379,
            59.058228
          ],
          [
            18.423915,
            59.057985
          ],
          [
            18.423952,
            59.057734
          ],
          [
            18.423976,
            59.057573
          ],
          [
            18.423989,
            59.057483
          ],
          [
            18.424078,
            59.057286
          ],
          [
            18.424388,
            59.056997
          ],
          [
            18.424691,
            59.05683
          ],
          [
            18.424995,
            59.056663
          ],
          [
            18.425231,
            59.056351
          ],
          [
            18.425287,
            59.056077
          ],
          [
            18.425343,
            59.055803
          ],
          [
            18.425487,
            59.05547
          ],
          [
            18.425631,
            59.055137
          ],
          [
            18.42584,
            59.054818
          ],
          [
            18.426068,
            59.054558
          ],
          [
            18.426295,
            59.054299
          ],
          [
            18.426502,
            59.053956
          ],
          [
            18.426739,
            59.053622
          ],
          [
            18.427182,
            59.053622
          ],
          [
            18.427389,
            59.053538
          ],
          [
            18.427744,
            59.053189
          ],
          [
            18.428084,
            59.053075
          ],
          [
            18.428188,
            59.052832
          ],
          [
            18.428468,
            59.052755
          ],
          [
            18.42852,
            59.052736
          ],
          [
            18.428845,
            59.052611
          ],
          [
            18.429222,
            59.052467
          ],
          [
            18.4292,
            59.052323
          ],
          [
            18.429232,
            59.052096
          ],
          [
            18.429327,
            59.051815
          ],
          [
            18.42958,
            59.05151
          ],
          [
            18.429516,
            59.051103
          ],
          [
            18.429432,
            59.050829
          ],
          [
            18.429427,
            59.050813
          ],
          [
            18.429428,
            59.050813
          ],
          [
            18.429348,
            59.050554
          ],
          [
            18.429249,
            59.050229
          ],
          [
            18.429072,
            59.05004
          ],
          [
            18.428958,
            59.049922
          ],
          [
            18.428913,
            59.049876
          ],
          [
            18.428889,
            59.049678
          ],
          [
            18.428913,
            59.049478
          ],
          [
            18.42908,
            59.049067
          ],
          [
            18.429163,
            59.048824
          ],
          [
            18.429147,
            59.048732
          ],
          [
            18.429081,
            59.048651
          ],
          [
            18.429029,
            59.048615
          ],
          [
            18.429272,
            59.04855
          ],
          [
            18.429583,
            59.048477
          ],
          [
            18.429895,
            59.048431
          ],
          [
            18.430307,
            59.048353
          ],
          [
            18.430689,
            59.04825
          ],
          [
            18.43088,
            59.048271
          ],
          [
            18.430911,
            59.048266
          ],
          [
            18.431141,
            59.048235
          ],
          [
            18.431141,
            59.048074
          ],
          [
            18.43102,
            59.047966
          ],
          [
            18.43095,
            59.047862
          ],
          [
            18.430849,
            59.047516
          ],
          [
            18.430759,
            59.047433
          ],
          [
            18.430458,
            59.047237
          ],
          [
            18.430247,
            59.046932
          ],
          [
            18.430337,
            59.046756
          ],
          [
            18.430357,
            59.046601
          ],
          [
            18.430417,
            59.0464
          ],
          [
            18.430357,
            59.046312
          ],
          [
            18.430236,
            59.046033
          ],
          [
            18.430076,
            59.045748
          ],
          [
            18.429815,
            59.045604
          ],
          [
            18.429769,
            59.045443
          ],
          [
            18.429754,
            59.045392
          ],
          [
            18.429593,
            59.045087
          ],
          [
            18.429754,
            59.04488
          ],
          [
            18.429794,
            59.044523
          ],
          [
            18.429855,
            59.044446
          ],
          [
            18.429815,
            59.04427
          ],
          [
            18.429925,
            59.044027
          ],
          [
            18.430086,
            59.043872
          ],
          [
            18.430186,
            59.043748
          ],
          [
            18.430417,
            59.043557
          ],
          [
            18.430649,
            59.043438
          ],
          [
            18.430769,
            59.043252
          ],
          [
            18.431,
            59.043184
          ],
          [
            18.431111,
            59.043262
          ],
          [
            18.431252,
            59.04336
          ],
          [
            18.431412,
            59.043345
          ],
          [
            18.431623,
            59.043391
          ],
          [
            18.431915,
            59.043443
          ],
          [
            18.432035,
            59.043588
          ],
          [
            18.432307,
            59.043624
          ],
          [
            18.432447,
            59.043665
          ],
          [
            18.432749,
            59.04366
          ],
          [
            18.43304,
            59.043691
          ],
          [
            18.433372,
            59.043489
          ],
          [
            18.433623,
            59.043402
          ],
          [
            18.433955,
            59.043469
          ],
          [
            18.434075,
            59.043588
          ],
          [
            18.434143,
            59.043718
          ],
          [
            18.434144,
            59.043718
          ],
          [
            18.434216,
            59.043856
          ],
          [
            18.434347,
            59.043975
          ],
          [
            18.434457,
            59.044011
          ],
          [
            18.434447,
            59.044115
          ],
          [
            18.434528,
            59.044187
          ],
          [
            18.434678,
            59.044435
          ],
          [
            18.434467,
            59.044668
          ],
          [
            18.434357,
            59.044859
          ],
          [
            18.434407,
            59.045014
          ],
          [
            18.434357,
            59.04519
          ],
          [
            18.43409,
            59.045272
          ],
          [
            18.434055,
            59.045283
          ],
          [
            18.433955,
            59.045438
          ],
          [
            18.433995,
            59.045547
          ],
          [
            18.433824,
            59.045707
          ],
          [
            18.433563,
            59.045929
          ],
          [
            18.433251,
            59.046157
          ],
          [
            18.43307,
            59.046363
          ],
          [
            18.43308,
            59.046513
          ],
          [
            18.43304,
            59.046699
          ],
          [
            18.432859,
            59.046932
          ],
          [
            18.43288,
            59.047046
          ],
          [
            18.432789,
            59.047144
          ],
          [
            18.432699,
            59.047283
          ],
          [
            18.432608,
            59.047578
          ],
          [
            18.432397,
            59.047671
          ],
          [
            18.432206,
            59.047919
          ],
          [
            18.431975,
            59.048095
          ],
          [
            18.431955,
            59.04825
          ],
          [
            18.431824,
            59.048302
          ],
          [
            18.431292,
            59.048358
          ],
          [
            18.431171,
            59.048436
          ],
          [
            18.431252,
            59.048581
          ],
          [
            18.431292,
            59.048705
          ],
          [
            18.431231,
            59.048855
          ],
          [
            18.431191,
            59.048974
          ],
          [
            18.431091,
            59.04902
          ],
          [
            18.431081,
            59.049196
          ],
          [
            18.431141,
            59.049273
          ],
          [
            18.431221,
            59.049377
          ],
          [
            18.431302,
            59.049501
          ],
          [
            18.43135,
            59.049526
          ],
          [
            18.431453,
            59.049578
          ],
          [
            18.431453,
            59.049697
          ],
          [
            18.431453,
            59.0498
          ],
          [
            18.431473,
            59.049961
          ],
          [
            18.431262,
            59.050043
          ],
          [
            18.43092,
            59.050147
          ],
          [
            18.430829,
            59.050255
          ],
          [
            18.43087,
            59.050369
          ],
          [
            18.43097,
            59.050436
          ],
          [
            18.431,
            59.050581
          ],
          [
            18.43086,
            59.050829
          ],
          [
            18.430708,
            59.050973
          ],
          [
            18.430788,
            59.050974
          ],
          [
            18.43124,
            59.051077
          ],
          [
            18.431469,
            59.051176
          ],
          [
            18.431676,
            59.051248
          ],
          [
            18.431942,
            59.051409
          ],
          [
            18.432128,
            59.051526
          ],
          [
            18.432375,
            59.051841
          ],
          [
            18.432524,
            59.051994
          ],
          [
            18.432589,
            59.052076
          ],
          [
            18.432591,
            59.052118
          ],
          [
            18.432916,
            59.052159
          ]
        ]
      }
    }
  ]
}
