{
  "type": "FeatureCollection",
  "features": [
    {
      "type": "Feature",
      "properties": {
        "name": "SAT Lidö H25",
        "sectionId": "sat-lido",
        "sourceUrl": "https://stockholmarchipelagotrail.com/app/uploads/2026/04/t339215409_sat-lidoe-h25.gpx"
      },
      "geometry": {
        "type": "LineString",
        "coordinates": [
          [
            19.079097,
            59.770022
          ],
          [
            19.079445,
            59.770486
          ],
          [
            19.079441,
            59.770519
          ],
          [
            19.079452,
            59.770543
          ],
          [
            19.07951,
            59.770618
          ],
          [
            19.079491,
            59.770691
          ],
          [
            19.079455,
            59.770736
          ],
          [
            19.079421,
            59.770759
          ],
          [
            19.079392,
            59.770804
          ],
          [
            19.0793,
            59.77088
          ],
          [
            19.079229,
            59.770921
          ],
          [
            19.079186,
            59.770968
          ],
          [
            19.07918,
            59.770993
          ],
          [
            19.079138,
            59.771046
          ],
          [
            19.079131,
            59.771077
          ],
          [
            19.079073,
            59.77116
          ],
          [
            19.079056,
            59.771214
          ],
          [
            19.079072,
            59.771311
          ],
          [
            19.079138,
            59.771416
          ],
          [
            19.079166,
            59.771435
          ],
          [
            19.079248,
            59.771471
          ],
          [
            19.079427,
            59.771525
          ],
          [
            19.079521,
            59.771571
          ],
          [
            19.079709,
            59.771767
          ],
          [
            19.079797,
            59.771914
          ],
          [
            19.079799,
            59.771944
          ],
          [
            19.079887,
            59.77216
          ],
          [
            19.079943,
            59.772349
          ],
          [
            19.079975,
            59.772407
          ],
          [
            19.080033,
            59.772616
          ],
          [
            19.08011,
            59.772803
          ],
          [
            19.080141,
            59.772944
          ],
          [
            19.080213,
            59.773154
          ],
          [
            19.080308,
            59.773506
          ],
          [
            19.080371,
            59.773669
          ],
          [
            19.080398,
            59.773694
          ],
          [
            19.080398,
            59.773759
          ],
          [
            19.080462,
            59.774007
          ],
          [
            19.080493,
            59.773981
          ],
          [
            19.080462,
            59.774004
          ],
          [
            19.080461,
            59.774028
          ],
          [
            19.080494,
            59.774075
          ],
          [
            19.080517,
            59.774048
          ],
          [
            19.080489,
            59.774067
          ],
          [
            19.080447,
            59.774058
          ],
          [
            19.080404,
            59.774069
          ],
          [
            19.080448,
            59.774061
          ],
          [
            19.080424,
            59.77408
          ],
          [
            19.080377,
            59.774166
          ],
          [
            19.080359,
            59.77426
          ],
          [
            19.080323,
            59.774319
          ],
          [
            19.080229,
            59.774559
          ],
          [
            19.080201,
            59.774699
          ],
          [
            19.08017,
            59.774781
          ],
          [
            19.079985,
            59.775045
          ],
          [
            19.07982,
            59.775195
          ],
          [
            19.079713,
            59.775258
          ],
          [
            19.079511,
            59.775348
          ],
          [
            19.079254,
            59.77544
          ],
          [
            19.078577,
            59.775716
          ],
          [
            19.078433,
            59.775794
          ],
          [
            19.078238,
            59.775877
          ],
          [
            19.077829,
            59.776076
          ],
          [
            19.077195,
            59.776432
          ],
          [
            19.077064,
            59.776484
          ],
          [
            19.076834,
            59.776593
          ],
          [
            19.076747,
            59.776626
          ],
          [
            19.076258,
            59.776747
          ],
          [
            19.075606,
            59.776944
          ],
          [
            19.075411,
            59.776989
          ],
          [
            19.074942,
            59.777055
          ],
          [
            19.074736,
            59.777095
          ],
          [
            19.074167,
            59.77724
          ],
          [
            19.07398,
            59.777302
          ],
          [
            19.073832,
            59.777326
          ],
          [
            19.073324,
            59.777468
          ],
          [
            19.073138,
            59.777511
          ],
          [
            19.073045,
            59.777525
          ],
          [
            19.073014,
            59.777542
          ],
          [
            19.072929,
            59.777568
          ],
          [
            19.072828,
            59.777628
          ],
          [
            19.072773,
            59.777672
          ],
          [
            19.072662,
            59.777731
          ],
          [
            19.072416,
            59.77784
          ],
          [
            19.07229,
            59.777886
          ],
          [
            19.072093,
            59.777922
          ],
          [
            19.072043,
            59.777941
          ],
          [
            19.071991,
            59.77799
          ],
          [
            19.071985,
            59.778019
          ],
          [
            19.071909,
            59.778128
          ],
          [
            19.071793,
            59.778247
          ],
          [
            19.071677,
            59.778341
          ],
          [
            19.0716,
            59.778378
          ],
          [
            19.071503,
            59.778399
          ],
          [
            19.071246,
            59.778434
          ],
          [
            19.071125,
            59.778436
          ],
          [
            19.071078,
            59.778444
          ],
          [
            19.070996,
            59.778476
          ],
          [
            19.070785,
            59.778479
          ],
          [
            19.070642,
            59.778467
          ],
          [
            19.070553,
            59.77844
          ],
          [
            19.070287,
            59.778419
          ],
          [
            19.07008,
            59.778386
          ],
          [
            19.069978,
            59.778359
          ],
          [
            19.069766,
            59.77828
          ],
          [
            19.069716,
            59.778267
          ],
          [
            19.06966,
            59.778262
          ],
          [
            19.069565,
            59.778279
          ],
          [
            19.06944,
            59.778319
          ],
          [
            19.069387,
            59.778371
          ],
          [
            19.069376,
            59.778349
          ],
          [
            19.069338,
            59.778378
          ],
          [
            19.069221,
            59.778422
          ],
          [
            19.069113,
            59.778484
          ],
          [
            19.069,
            59.778533
          ],
          [
            19.068954,
            59.778545
          ],
          [
            19.068818,
            59.778628
          ],
          [
            19.068723,
            59.77872
          ],
          [
            19.068696,
            59.778793
          ],
          [
            19.0687,
            59.778824
          ],
          [
            19.068729,
            59.778927
          ],
          [
            19.068811,
            59.779078
          ],
          [
            19.068821,
            59.779167
          ],
          [
            19.068799,
            59.779244
          ],
          [
            19.068798,
            59.779357
          ],
          [
            19.068836,
            59.779455
          ],
          [
            19.068936,
            59.779564
          ],
          [
            19.068957,
            59.779706
          ],
          [
            19.068928,
            59.779851
          ],
          [
            19.068947,
            59.779898
          ],
          [
            19.069023,
            59.78
          ],
          [
            19.069067,
            59.780093
          ],
          [
            19.069091,
            59.780117
          ],
          [
            19.069103,
            59.780199
          ],
          [
            19.069157,
            59.78028
          ],
          [
            19.069146,
            59.780306
          ],
          [
            19.069158,
            59.780363
          ],
          [
            19.069142,
            59.780393
          ],
          [
            19.069144,
            59.780456
          ],
          [
            19.069177,
            59.780481
          ],
          [
            19.069152,
            59.78046
          ],
          [
            19.069163,
            59.780488
          ],
          [
            19.069152,
            59.780513
          ],
          [
            19.069152,
            59.780624
          ],
          [
            19.069164,
            59.780651
          ],
          [
            19.069138,
            59.780733
          ],
          [
            19.069134,
            59.780794
          ],
          [
            19.069117,
            59.780838
          ],
          [
            19.068986,
            59.780933
          ],
          [
            19.068937,
            59.78098
          ],
          [
            19.068913,
            59.781008
          ],
          [
            19.068898,
            59.781064
          ],
          [
            19.068872,
            59.781091
          ],
          [
            19.068792,
            59.781117
          ],
          [
            19.068739,
            59.781125
          ],
          [
            19.06863,
            59.781166
          ],
          [
            19.068508,
            59.781259
          ],
          [
            19.068453,
            59.781282
          ],
          [
            19.068438,
            59.781313
          ],
          [
            19.068377,
            59.781354
          ],
          [
            19.068361,
            59.781376
          ],
          [
            19.068346,
            59.781401
          ],
          [
            19.068389,
            59.781416
          ],
          [
            19.06835,
            59.781468
          ],
          [
            19.068427,
            59.781498
          ],
          [
            19.068487,
            59.781489
          ],
          [
            19.068529,
            59.781475
          ],
          [
            19.068689,
            59.781489
          ],
          [
            19.068739,
            59.781479
          ],
          [
            19.068784,
            59.781478
          ],
          [
            19.068727,
            59.781471
          ],
          [
            19.068609,
            59.781475
          ],
          [
            19.068444,
            59.781497
          ],
          [
            19.068422,
            59.781525
          ],
          [
            19.068417,
            59.781634
          ],
          [
            19.06844,
            59.781685
          ],
          [
            19.068442,
            59.781737
          ],
          [
            19.068479,
            59.781794
          ],
          [
            19.068444,
            59.781809
          ],
          [
            19.068281,
            59.781838
          ],
          [
            19.068204,
            59.781869
          ],
          [
            19.068095,
            59.781897
          ],
          [
            19.06792,
            59.781974
          ],
          [
            19.067891,
            59.782
          ],
          [
            19.067802,
            59.782029
          ],
          [
            19.067751,
            59.78203
          ],
          [
            19.067691,
            59.782043
          ],
          [
            19.067625,
            59.782084
          ],
          [
            19.067471,
            59.782157
          ],
          [
            19.067422,
            59.782372
          ],
          [
            19.066692,
            59.782353
          ],
          [
            19.065673,
            59.78227
          ],
          [
            19.065608,
            59.782267
          ],
          [
            19.064702,
            59.782189
          ],
          [
            19.064171,
            59.782124
          ],
          [
            19.06372,
            59.782059
          ],
          [
            19.062942,
            59.781962
          ],
          [
            19.062594,
            59.781894
          ],
          [
            19.062191,
            59.781843
          ],
          [
            19.061961,
            59.781889
          ],
          [
            19.062358,
            59.78184
          ],
          [
            19.063071,
            59.781964
          ],
          [
            19.063731,
            59.782048
          ],
          [
            19.064187,
            59.782113
          ],
          [
            19.064734,
            59.782183
          ],
          [
            19.066633,
            59.782334
          ],
          [
            19.067456,
            59.782362
          ],
          [
            19.067475,
            59.782337
          ],
          [
            19.067481,
            59.782294
          ],
          [
            19.067525,
            59.782234
          ],
          [
            19.067499,
            59.782213
          ],
          [
            19.067601,
            59.782151
          ],
          [
            19.067721,
            59.7821
          ],
          [
            19.06775,
            59.782076
          ],
          [
            19.067792,
            59.782061
          ],
          [
            19.067837,
            59.782059
          ],
          [
            19.067921,
            59.782034
          ],
          [
            19.067979,
            59.781986
          ],
          [
            19.068109,
            59.781939
          ],
          [
            19.068299,
            59.78188
          ],
          [
            19.068443,
            59.781854
          ],
          [
            19.068456,
            59.781829
          ],
          [
            19.068575,
            59.781944
          ],
          [
            19.068611,
            59.781963
          ],
          [
            19.068738,
            59.782003
          ],
          [
            19.068783,
            59.782002
          ],
          [
            19.068784,
            59.782001
          ],
          [
            19.068772,
            59.782003
          ],
          [
            19.068666,
            59.78198
          ],
          [
            19.068616,
            59.781982
          ],
          [
            19.068677,
            59.781989
          ],
          [
            19.06875,
            59.781997
          ],
          [
            19.068804,
            59.781997
          ],
          [
            19.068853,
            59.782009
          ],
          [
            19.06892,
            59.782013
          ],
          [
            19.068974,
            59.78204
          ],
          [
            19.068944,
            59.78206
          ],
          [
            19.068956,
            59.782097
          ],
          [
            19.068988,
            59.782121
          ],
          [
            19.068977,
            59.782112
          ],
          [
            19.068997,
            59.782139
          ],
          [
            19.068979,
            59.782165
          ],
          [
            19.069007,
            59.782188
          ],
          [
            19.069033,
            59.78225
          ],
          [
            19.06903,
            59.78228
          ],
          [
            19.06897,
            59.782343
          ],
          [
            19.068969,
            59.782369
          ],
          [
            19.068961,
            59.782384
          ],
          [
            19.06897,
            59.78241
          ],
          [
            19.069006,
            59.782462
          ],
          [
            19.069052,
            59.782489
          ],
          [
            19.069106,
            59.782507
          ],
          [
            19.069127,
            59.782557
          ],
          [
            19.06917,
            59.782577
          ],
          [
            19.069198,
            59.782612
          ],
          [
            19.069293,
            59.782647
          ],
          [
            19.069307,
            59.78267
          ],
          [
            19.069342,
            59.782652
          ],
          [
            19.069368,
            59.782684
          ],
          [
            19.06936,
            59.782707
          ],
          [
            19.069299,
            59.782769
          ],
          [
            19.069259,
            59.782786
          ],
          [
            19.069227,
            59.782816
          ],
          [
            19.069218,
            59.782843
          ],
          [
            19.069183,
            59.782879
          ],
          [
            19.069201,
            59.7829
          ],
          [
            19.069195,
            59.782942
          ],
          [
            19.06915,
            59.782981
          ],
          [
            19.068986,
            59.783005
          ],
          [
            19.068941,
            59.783014
          ],
          [
            19.068954,
            59.783038
          ],
          [
            19.068982,
            59.783064
          ],
          [
            19.069006,
            59.783099
          ],
          [
            19.069009,
            59.783139
          ],
          [
            19.069057,
            59.783151
          ],
          [
            19.069037,
            59.783188
          ],
          [
            19.06901,
            59.783193
          ],
          [
            19.069018,
            59.783223
          ],
          [
            19.069057,
            59.783262
          ],
          [
            19.069072,
            59.783289
          ],
          [
            19.069077,
            59.783321
          ],
          [
            19.069112,
            59.783337
          ],
          [
            19.069164,
            59.783343
          ],
          [
            19.069211,
            59.783352
          ],
          [
            19.069254,
            59.783365
          ],
          [
            19.069305,
            59.783361
          ],
          [
            19.069344,
            59.783379
          ],
          [
            19.069377,
            59.783409
          ],
          [
            19.069354,
            59.783414
          ],
          [
            19.069259,
            59.783391
          ],
          [
            19.069372,
            59.783438
          ],
          [
            19.069421,
            59.783468
          ],
          [
            19.069462,
            59.783467
          ],
          [
            19.069497,
            59.783486
          ],
          [
            19.06953,
            59.783506
          ],
          [
            19.069524,
            59.783537
          ],
          [
            19.069523,
            59.78356
          ],
          [
            19.069562,
            59.783582
          ],
          [
            19.069526,
            59.783586
          ],
          [
            19.069573,
            59.783587
          ],
          [
            19.069632,
            59.783573
          ],
          [
            19.06969,
            59.783567
          ],
          [
            19.069779,
            59.783575
          ],
          [
            19.069732,
            59.783575
          ],
          [
            19.069786,
            59.783582
          ],
          [
            19.069863,
            59.783589
          ],
          [
            19.069916,
            59.783596
          ],
          [
            19.069966,
            59.783582
          ],
          [
            19.070021,
            59.783575
          ],
          [
            19.070046,
            59.78355
          ],
          [
            19.070101,
            59.783538
          ],
          [
            19.070136,
            59.783514
          ],
          [
            19.070191,
            59.78351
          ],
          [
            19.07023,
            59.783527
          ],
          [
            19.070273,
            59.783518
          ],
          [
            19.070309,
            59.783533
          ],
          [
            19.070328,
            59.783563
          ],
          [
            19.070331,
            59.783588
          ],
          [
            19.070376,
            59.783586
          ],
          [
            19.07042,
            59.783569
          ],
          [
            19.070427,
            59.783582
          ],
          [
            19.07042,
            59.783579
          ],
          [
            19.070473,
            59.783591
          ],
          [
            19.070519,
            59.783603
          ],
          [
            19.070557,
            59.783618
          ],
          [
            19.070632,
            59.783612
          ],
          [
            19.070709,
            59.783615
          ],
          [
            19.070765,
            59.783613
          ],
          [
            19.070817,
            59.783621
          ],
          [
            19.070825,
            59.78365
          ],
          [
            19.070889,
            59.783658
          ],
          [
            19.070884,
            59.783685
          ],
          [
            19.070846,
            59.783712
          ],
          [
            19.070813,
            59.783739
          ],
          [
            19.070815,
            59.783744
          ],
          [
            19.070788,
            59.783762
          ],
          [
            19.07079,
            59.783774
          ],
          [
            19.070768,
            59.783797
          ],
          [
            19.070804,
            59.783819
          ],
          [
            19.070762,
            59.783844
          ],
          [
            19.070741,
            59.783866
          ],
          [
            19.070764,
            59.783897
          ],
          [
            19.070875,
            59.783954
          ],
          [
            19.070921,
            59.78397
          ],
          [
            19.07103,
            59.783973
          ],
          [
            19.071138,
            59.783991
          ],
          [
            19.071153,
            59.784012
          ],
          [
            19.071181,
            59.78403
          ],
          [
            19.071283,
            59.784029
          ],
          [
            19.071335,
            59.78402
          ],
          [
            19.071359,
            59.784043
          ],
          [
            19.071406,
            59.784054
          ],
          [
            19.071451,
            59.784047
          ],
          [
            19.071478,
            59.784024
          ],
          [
            19.071534,
            59.784019
          ],
          [
            19.071589,
            59.784033
          ],
          [
            19.071636,
            59.784035
          ],
          [
            19.0717,
            59.784047
          ],
          [
            19.071726,
            59.784099
          ],
          [
            19.071859,
            59.784144
          ],
          [
            19.071887,
            59.784165
          ],
          [
            19.071935,
            59.78418
          ],
          [
            19.072095,
            59.784206
          ],
          [
            19.072146,
            59.784202
          ],
          [
            19.0722,
            59.784204
          ],
          [
            19.072298,
            59.784194
          ],
          [
            19.072334,
            59.784212
          ],
          [
            19.072388,
            59.78422
          ],
          [
            19.072431,
            59.784237
          ],
          [
            19.072489,
            59.784225
          ],
          [
            19.072554,
            59.784236
          ],
          [
            19.072546,
            59.78426
          ],
          [
            19.072579,
            59.784281
          ],
          [
            19.072631,
            59.784276
          ],
          [
            19.072672,
            59.784264
          ],
          [
            19.072715,
            59.784243
          ],
          [
            19.072693,
            59.784259
          ],
          [
            19.072732,
            59.784273
          ],
          [
            19.072754,
            59.784296
          ],
          [
            19.072824,
            59.784337
          ],
          [
            19.072861,
            59.784351
          ],
          [
            19.072919,
            59.784369
          ],
          [
            19.072969,
            59.784371
          ],
          [
            19.073014,
            59.784377
          ],
          [
            19.073067,
            59.784396
          ],
          [
            19.073117,
            59.784448
          ],
          [
            19.07313,
            59.784474
          ],
          [
            19.073188,
            59.784493
          ],
          [
            19.073244,
            59.784485
          ],
          [
            19.073289,
            59.784485
          ],
          [
            19.073345,
            59.784468
          ],
          [
            19.073387,
            59.784445
          ],
          [
            19.073429,
            59.784465
          ],
          [
            19.07346,
            59.784485
          ],
          [
            19.073501,
            59.784496
          ],
          [
            19.07355,
            59.784504
          ],
          [
            19.073583,
            59.784523
          ],
          [
            19.073641,
            59.784542
          ],
          [
            19.073699,
            59.784583
          ],
          [
            19.073746,
            59.784597
          ],
          [
            19.073803,
            59.7846
          ],
          [
            19.073857,
            59.784614
          ],
          [
            19.073954,
            59.784625
          ],
          [
            19.074042,
            59.78465
          ],
          [
            19.074121,
            59.784663
          ],
          [
            19.074158,
            59.784676
          ],
          [
            19.074202,
            59.784684
          ],
          [
            19.074236,
            59.784699
          ],
          [
            19.074275,
            59.784711
          ],
          [
            19.074398,
            59.784739
          ],
          [
            19.074499,
            59.784812
          ],
          [
            19.074606,
            59.784837
          ],
          [
            19.074647,
            59.784849
          ],
          [
            19.074684,
            59.784864
          ],
          [
            19.074743,
            59.78488
          ],
          [
            19.074791,
            59.784888
          ],
          [
            19.074922,
            59.784894
          ],
          [
            19.07498,
            59.784887
          ],
          [
            19.075024,
            59.784895
          ],
          [
            19.075065,
            59.78491
          ],
          [
            19.075119,
            59.784921
          ],
          [
            19.075158,
            59.784936
          ],
          [
            19.075206,
            59.784942
          ],
          [
            19.075272,
            59.784935
          ],
          [
            19.075326,
            59.784941
          ],
          [
            19.075461,
            59.784929
          ],
          [
            19.075596,
            59.78493
          ],
          [
            19.075828,
            59.784963
          ],
          [
            19.075943,
            59.784985
          ],
          [
            19.075994,
            59.784982
          ],
          [
            19.076053,
            59.784988
          ],
          [
            19.076238,
            59.785062
          ],
          [
            19.076341,
            59.785084
          ],
          [
            19.076396,
            59.785087
          ],
          [
            19.076439,
            59.785098
          ],
          [
            19.076531,
            59.785135
          ],
          [
            19.076601,
            59.785151
          ],
          [
            19.076644,
            59.785143
          ],
          [
            19.076703,
            59.785145
          ],
          [
            19.076755,
            59.78514
          ],
          [
            19.076798,
            59.785134
          ],
          [
            19.076782,
            59.785141
          ],
          [
            19.076829,
            59.785142
          ],
          [
            19.076872,
            59.785151
          ],
          [
            19.076926,
            59.785168
          ],
          [
            19.077015,
            59.785199
          ],
          [
            19.077097,
            59.785237
          ],
          [
            19.077186,
            59.785268
          ],
          [
            19.07722,
            59.785285
          ],
          [
            19.077272,
            59.785296
          ],
          [
            19.077307,
            59.785317
          ],
          [
            19.077358,
            59.785325
          ],
          [
            19.07743,
            59.785359
          ],
          [
            19.07746,
            59.78538
          ],
          [
            19.077555,
            59.78542
          ],
          [
            19.077602,
            59.785431
          ],
          [
            19.077653,
            59.785454
          ],
          [
            19.077716,
            59.785464
          ],
          [
            19.077809,
            59.785433
          ],
          [
            19.077883,
            59.785439
          ],
          [
            19.07793,
            59.785451
          ],
          [
            19.077966,
            59.785465
          ],
          [
            19.078012,
            59.785451
          ],
          [
            19.078109,
            59.785476
          ],
          [
            19.078225,
            59.785495
          ],
          [
            19.078339,
            59.785492
          ],
          [
            19.078399,
            59.785481
          ],
          [
            19.078434,
            59.785464
          ],
          [
            19.078488,
            59.785461
          ],
          [
            19.078585,
            59.785439
          ],
          [
            19.078639,
            59.785452
          ],
          [
            19.078681,
            59.785467
          ],
          [
            19.078718,
            59.785483
          ],
          [
            19.078739,
            59.785509
          ],
          [
            19.078775,
            59.785523
          ],
          [
            19.078826,
            59.785537
          ],
          [
            19.078879,
            59.785529
          ],
          [
            19.078993,
            59.785524
          ],
          [
            19.07903,
            59.785537
          ],
          [
            19.079072,
            59.785529
          ],
          [
            19.079112,
            59.785502
          ],
          [
            19.079156,
            59.785486
          ],
          [
            19.079214,
            59.785485
          ],
          [
            19.079276,
            59.785478
          ],
          [
            19.079325,
            59.785492
          ],
          [
            19.079376,
            59.785501
          ],
          [
            19.079434,
            59.785506
          ],
          [
            19.079526,
            59.785529
          ],
          [
            19.07957,
            59.785526
          ],
          [
            19.079613,
            59.785509
          ],
          [
            19.07966,
            59.785501
          ],
          [
            19.079709,
            59.785495
          ],
          [
            19.079813,
            59.785491
          ],
          [
            19.079859,
            59.785484
          ],
          [
            19.079907,
            59.78547
          ],
          [
            19.079955,
            59.785463
          ],
          [
            19.080015,
            59.78546
          ],
          [
            19.080078,
            59.785453
          ],
          [
            19.080124,
            59.785442
          ],
          [
            19.080215,
            59.785428
          ],
          [
            19.08029,
            59.785425
          ],
          [
            19.08034,
            59.785424
          ],
          [
            19.080403,
            59.78543
          ],
          [
            19.080577,
            59.785434
          ],
          [
            19.080697,
            59.785458
          ],
          [
            19.080797,
            59.785463
          ],
          [
            19.080954,
            59.785489
          ],
          [
            19.081077,
            59.785485
          ],
          [
            19.081192,
            59.785489
          ],
          [
            19.081238,
            59.785487
          ],
          [
            19.081361,
            59.785494
          ],
          [
            19.081419,
            59.785486
          ],
          [
            19.081509,
            59.785497
          ],
          [
            19.081575,
            59.785488
          ],
          [
            19.081624,
            59.785475
          ],
          [
            19.081732,
            59.785465
          ],
          [
            19.081777,
            59.785464
          ],
          [
            19.081842,
            59.785472
          ],
          [
            19.081903,
            59.785467
          ],
          [
            19.081956,
            59.785459
          ],
          [
            19.082013,
            59.785472
          ],
          [
            19.082069,
            59.78547
          ],
          [
            19.082133,
            59.785454
          ],
          [
            19.082185,
            59.785453
          ],
          [
            19.082286,
            59.785455
          ],
          [
            19.082284,
            59.78546
          ],
          [
            19.08225,
            59.785443
          ],
          [
            19.082301,
            59.785444
          ],
          [
            19.082247,
            59.785451
          ],
          [
            19.082316,
            59.785442
          ],
          [
            19.082413,
            59.785446
          ],
          [
            19.082465,
            59.785453
          ],
          [
            19.082527,
            59.785449
          ],
          [
            19.082634,
            59.785451
          ],
          [
            19.082737,
            59.785464
          ],
          [
            19.082895,
            59.785453
          ],
          [
            19.083002,
            59.785451
          ],
          [
            19.083048,
            59.785447
          ],
          [
            19.083108,
            59.785451
          ],
          [
            19.083212,
            59.785476
          ],
          [
            19.083343,
            59.785495
          ],
          [
            19.083393,
            59.785507
          ],
          [
            19.083436,
            59.78552
          ],
          [
            19.083496,
            59.785558
          ],
          [
            19.083673,
            59.785562
          ],
          [
            19.083742,
            59.785567
          ],
          [
            19.083839,
            59.785552
          ],
          [
            19.083936,
            59.785586
          ],
          [
            19.084035,
            59.785608
          ],
          [
            19.084097,
            59.785588
          ],
          [
            19.084152,
            59.785588
          ],
          [
            19.084227,
            59.785619
          ],
          [
            19.084295,
            59.785619
          ],
          [
            19.084369,
            59.78561
          ],
          [
            19.084518,
            59.785633
          ],
          [
            19.084569,
            59.785645
          ],
          [
            19.08459,
            59.785668
          ],
          [
            19.08463,
            59.785696
          ],
          [
            19.084755,
            59.785749
          ],
          [
            19.084803,
            59.785738
          ],
          [
            19.084776,
            59.785752
          ],
          [
            19.0848,
            59.785775
          ],
          [
            19.084877,
            59.785816
          ],
          [
            19.0849,
            59.785845
          ],
          [
            19.084979,
            59.785879
          ],
          [
            19.085046,
            59.785877
          ],
          [
            19.085146,
            59.785887
          ],
          [
            19.085133,
            59.785913
          ],
          [
            19.08522,
            59.785939
          ],
          [
            19.085242,
            59.785959
          ],
          [
            19.0853,
            59.785961
          ],
          [
            19.085381,
            59.785997
          ],
          [
            19.085437,
            59.785999
          ],
          [
            19.085562,
            59.786032
          ],
          [
            19.085616,
            59.786037
          ],
          [
            19.085635,
            59.786008
          ],
          [
            19.085681,
            59.785987
          ],
          [
            19.085735,
            59.785978
          ],
          [
            19.085785,
            59.785976
          ],
          [
            19.08583,
            59.78598
          ],
          [
            19.085884,
            59.785977
          ],
          [
            19.085944,
            59.785987
          ],
          [
            19.086058,
            59.78597
          ],
          [
            19.086142,
            59.785975
          ],
          [
            19.086192,
            59.785981
          ],
          [
            19.086246,
            59.785983
          ],
          [
            19.086303,
            59.785994
          ],
          [
            19.086355,
            59.785998
          ],
          [
            19.086386,
            59.785974
          ],
          [
            19.086437,
            59.785966
          ],
          [
            19.08649,
            59.785979
          ],
          [
            19.086564,
            59.786048
          ],
          [
            19.086613,
            59.786051
          ],
          [
            19.08665,
            59.786032
          ],
          [
            19.086698,
            59.786028
          ],
          [
            19.086751,
            59.786031
          ],
          [
            19.086812,
            59.786025
          ],
          [
            19.087,
            59.785982
          ],
          [
            19.087041,
            59.785965
          ],
          [
            19.087059,
            59.785942
          ],
          [
            19.087164,
            59.785951
          ],
          [
            19.08725,
            59.785972
          ],
          [
            19.0873,
            59.785969
          ],
          [
            19.087357,
            59.785979
          ],
          [
            19.087418,
            59.785981
          ],
          [
            19.087453,
            59.785955
          ],
          [
            19.087469,
            59.785932
          ],
          [
            19.087492,
            59.785912
          ],
          [
            19.087497,
            59.785883
          ],
          [
            19.087518,
            59.785854
          ],
          [
            19.087526,
            59.785829
          ],
          [
            19.087497,
            59.785778
          ],
          [
            19.087506,
            59.785752
          ],
          [
            19.08753,
            59.785729
          ],
          [
            19.087535,
            59.785703
          ],
          [
            19.08753,
            59.785674
          ],
          [
            19.087537,
            59.785648
          ],
          [
            19.087576,
            59.785601
          ],
          [
            19.087589,
            59.785548
          ],
          [
            19.08758,
            59.785491
          ],
          [
            19.087584,
            59.785468
          ],
          [
            19.087597,
            59.785444
          ],
          [
            19.087626,
            59.785423
          ],
          [
            19.087607,
            59.785445
          ],
          [
            19.087654,
            59.785447
          ],
          [
            19.087619,
            59.785427
          ],
          [
            19.087664,
            59.785418
          ],
          [
            19.087678,
            59.785412
          ],
          [
            19.087754,
            59.785408
          ],
          [
            19.087805,
            59.785418
          ],
          [
            19.087863,
            59.785418
          ],
          [
            19.087958,
            59.78539
          ],
          [
            19.087914,
            59.785396
          ],
          [
            19.087961,
            59.785389
          ],
          [
            19.088012,
            59.785342
          ],
          [
            19.088034,
            59.78531
          ],
          [
            19.088083,
            59.785294
          ],
          [
            19.08812,
            59.78527
          ],
          [
            19.088179,
            59.785243
          ],
          [
            19.088247,
            59.785194
          ],
          [
            19.088327,
            59.785154
          ],
          [
            19.088346,
            59.785106
          ],
          [
            19.088327,
            59.785082
          ],
          [
            19.088319,
            59.785049
          ],
          [
            19.088303,
            59.785018
          ],
          [
            19.088265,
            59.785004
          ],
          [
            19.088215,
            59.784978
          ],
          [
            19.088181,
            59.784962
          ],
          [
            19.088155,
            59.784949
          ],
          [
            19.088158,
            59.784952
          ],
          [
            19.088065,
            59.784926
          ],
          [
            19.08802,
            59.784924
          ],
          [
            19.087898,
            59.784893
          ],
          [
            19.087867,
            59.784868
          ],
          [
            19.087832,
            59.784851
          ],
          [
            19.087781,
            59.784843
          ],
          [
            19.087738,
            59.78483
          ],
          [
            19.087706,
            59.78481
          ],
          [
            19.087603,
            59.784798
          ],
          [
            19.087554,
            59.784784
          ],
          [
            19.087481,
            59.784785
          ],
          [
            19.087443,
            59.784809
          ],
          [
            19.087386,
            59.784829
          ],
          [
            19.087337,
            59.784828
          ],
          [
            19.087248,
            59.784797
          ],
          [
            19.087195,
            59.784787
          ],
          [
            19.087161,
            59.784761
          ],
          [
            19.087142,
            59.784731
          ],
          [
            19.087112,
            59.7847
          ],
          [
            19.087114,
            59.784665
          ],
          [
            19.087072,
            59.784615
          ],
          [
            19.087096,
            59.784557
          ],
          [
            19.08707,
            59.784532
          ],
          [
            19.087065,
            59.784473
          ],
          [
            19.08708,
            59.784443
          ],
          [
            19.087153,
            59.7844
          ],
          [
            19.087161,
            59.784369
          ],
          [
            19.087141,
            59.78434
          ],
          [
            19.087152,
            59.784315
          ],
          [
            19.087182,
            59.78429
          ],
          [
            19.087199,
            59.784263
          ],
          [
            19.087181,
            59.784236
          ],
          [
            19.08715,
            59.784216
          ],
          [
            19.087189,
            59.784196
          ],
          [
            19.087231,
            59.784181
          ],
          [
            19.087255,
            59.784157
          ],
          [
            19.087321,
            59.784154
          ],
          [
            19.087365,
            59.784143
          ],
          [
            19.087371,
            59.784079
          ],
          [
            19.087351,
            59.784057
          ],
          [
            19.087352,
            59.784029
          ],
          [
            19.087389,
            59.784007
          ],
          [
            19.087364,
            59.783954
          ],
          [
            19.087371,
            59.784004
          ],
          [
            19.087367,
            59.783921
          ],
          [
            19.087372,
            59.783894
          ],
          [
            19.087388,
            59.783892
          ],
          [
            19.087396,
            59.783867
          ],
          [
            19.087403,
            59.78386
          ],
          [
            19.087446,
            59.783842
          ],
          [
            19.087482,
            59.783814
          ],
          [
            19.087469,
            59.78379
          ],
          [
            19.08745,
            59.783769
          ],
          [
            19.08742,
            59.783748
          ],
          [
            19.087439,
            59.783723
          ],
          [
            19.087427,
            59.783668
          ],
          [
            19.087424,
            59.783574
          ],
          [
            19.087445,
            59.783546
          ],
          [
            19.087445,
            59.783516
          ],
          [
            19.087441,
            59.783493
          ],
          [
            19.087426,
            59.783468
          ],
          [
            19.087431,
            59.78343
          ],
          [
            19.087387,
            59.78341
          ],
          [
            19.087353,
            59.783378
          ],
          [
            19.087347,
            59.783352
          ],
          [
            19.087273,
            59.783271
          ],
          [
            19.087232,
            59.783238
          ],
          [
            19.087234,
            59.783202
          ],
          [
            19.087214,
            59.783178
          ],
          [
            19.087218,
            59.783123
          ],
          [
            19.087232,
            59.7831
          ],
          [
            19.087261,
            59.78307
          ],
          [
            19.087246,
            59.783043
          ],
          [
            19.087246,
            59.78298
          ],
          [
            19.087238,
            59.782952
          ],
          [
            19.087221,
            59.782927
          ],
          [
            19.087196,
            59.782906
          ],
          [
            19.087203,
            59.782881
          ],
          [
            19.087188,
            59.782858
          ],
          [
            19.08716,
            59.782833
          ],
          [
            19.087115,
            59.782808
          ],
          [
            19.087089,
            59.782786
          ],
          [
            19.087078,
            59.782739
          ],
          [
            19.087094,
            59.782756
          ],
          [
            19.087047,
            59.782737
          ],
          [
            19.086975,
            59.782693
          ],
          [
            19.086985,
            59.78267
          ],
          [
            19.087033,
            59.782619
          ],
          [
            19.087026,
            59.782557
          ],
          [
            19.087039,
            59.782533
          ],
          [
            19.087043,
            59.782507
          ],
          [
            19.08703,
            59.78247
          ],
          [
            19.087034,
            59.782438
          ],
          [
            19.087053,
            59.782407
          ],
          [
            19.087098,
            59.782374
          ],
          [
            19.087145,
            59.78235
          ],
          [
            19.087148,
            59.782314
          ],
          [
            19.08717,
            59.782293
          ],
          [
            19.087151,
            59.782266
          ],
          [
            19.087158,
            59.782242
          ],
          [
            19.087136,
            59.782221
          ],
          [
            19.087149,
            59.78224
          ],
          [
            19.087157,
            59.782133
          ],
          [
            19.087168,
            59.782106
          ],
          [
            19.087264,
            59.781988
          ],
          [
            19.08728,
            59.781961
          ],
          [
            19.087303,
            59.781894
          ],
          [
            19.087325,
            59.781874
          ],
          [
            19.087368,
            59.781858
          ],
          [
            19.087389,
            59.781837
          ],
          [
            19.087396,
            59.781812
          ],
          [
            19.087413,
            59.781784
          ],
          [
            19.087457,
            59.781765
          ],
          [
            19.087487,
            59.781745
          ],
          [
            19.08754,
            59.78173
          ],
          [
            19.087549,
            59.781705
          ],
          [
            19.087516,
            59.781689
          ],
          [
            19.087491,
            59.781668
          ],
          [
            19.087511,
            59.781647
          ],
          [
            19.087522,
            59.781616
          ],
          [
            19.087513,
            59.781581
          ],
          [
            19.087529,
            59.781554
          ],
          [
            19.087537,
            59.781497
          ],
          [
            19.087533,
            59.781467
          ],
          [
            19.087516,
            59.781442
          ],
          [
            19.087527,
            59.781416
          ],
          [
            19.087524,
            59.781389
          ],
          [
            19.087498,
            59.781369
          ],
          [
            19.087542,
            59.781365
          ],
          [
            19.087543,
            59.781355
          ],
          [
            19.087577,
            59.78134
          ],
          [
            19.087658,
            59.781244
          ],
          [
            19.08767,
            59.781271
          ],
          [
            19.08763,
            59.781286
          ],
          [
            19.087677,
            59.781217
          ],
          [
            19.0877,
            59.781185
          ],
          [
            19.087631,
            59.781196
          ],
          [
            19.087645,
            59.781131
          ],
          [
            19.087671,
            59.781112
          ],
          [
            19.087782,
            59.781093
          ],
          [
            19.087798,
            59.781063
          ],
          [
            19.087863,
            59.781016
          ],
          [
            19.087827,
            59.780962
          ],
          [
            19.087864,
            59.78089
          ],
          [
            19.087839,
            59.780836
          ],
          [
            19.087843,
            59.780804
          ],
          [
            19.087781,
            59.780757
          ],
          [
            19.087834,
            59.780705
          ],
          [
            19.08785,
            59.780601
          ],
          [
            19.087869,
            59.780575
          ],
          [
            19.087864,
            59.780546
          ],
          [
            19.087831,
            59.78052
          ],
          [
            19.087779,
            59.780501
          ],
          [
            19.087715,
            59.780516
          ],
          [
            19.087662,
            59.780517
          ],
          [
            19.087641,
            59.780484
          ],
          [
            19.087669,
            59.780426
          ],
          [
            19.087608,
            59.780369
          ],
          [
            19.087594,
            59.780263
          ],
          [
            19.087522,
            59.780252
          ],
          [
            19.08765,
            59.780207
          ],
          [
            19.08777,
            59.780194
          ],
          [
            19.088156,
            59.780066
          ],
          [
            19.088244,
            59.780022
          ],
          [
            19.08834,
            59.77999
          ],
          [
            19.088704,
            59.77982
          ],
          [
            19.08878,
            59.779771
          ],
          [
            19.088874,
            59.779731
          ],
          [
            19.088903,
            59.779697
          ],
          [
            19.089082,
            59.779623
          ],
          [
            19.089159,
            59.77957
          ],
          [
            19.089254,
            59.779529
          ],
          [
            19.089317,
            59.779515
          ],
          [
            19.089385,
            59.779471
          ],
          [
            19.089523,
            59.779398
          ],
          [
            19.089595,
            59.779376
          ],
          [
            19.089617,
            59.779419
          ],
          [
            19.089702,
            59.77947
          ],
          [
            19.089927,
            59.779567
          ],
          [
            19.089968,
            59.779594
          ],
          [
            19.090018,
            59.779613
          ],
          [
            19.090136,
            59.779629
          ],
          [
            19.090316,
            59.779616
          ],
          [
            19.090703,
            59.779563
          ],
          [
            19.091129,
            59.779499
          ],
          [
            19.091277,
            59.779462
          ],
          [
            19.091425,
            59.779431
          ],
          [
            19.091489,
            59.779474
          ],
          [
            19.0915,
            59.779542
          ],
          [
            19.091588,
            59.779671
          ],
          [
            19.091589,
            59.7797
          ],
          [
            19.091686,
            59.779776
          ],
          [
            19.091791,
            59.779886
          ],
          [
            19.092017,
            59.780068
          ],
          [
            19.092117,
            59.780178
          ],
          [
            19.092132,
            59.780214
          ],
          [
            19.092262,
            59.780314
          ],
          [
            19.09234,
            59.780356
          ],
          [
            19.092493,
            59.780409
          ],
          [
            19.09272,
            59.780459
          ],
          [
            19.093448,
            59.780513
          ],
          [
            19.093495,
            59.780534
          ],
          [
            19.093743,
            59.780571
          ],
          [
            19.094503,
            59.780644
          ],
          [
            19.094802,
            59.780703
          ],
          [
            19.094841,
            59.780734
          ],
          [
            19.094898,
            59.780747
          ],
          [
            19.095086,
            59.780837
          ],
          [
            19.095251,
            59.780895
          ],
          [
            19.095471,
            59.78096
          ],
          [
            19.095534,
            59.780964
          ],
          [
            19.095589,
            59.78098
          ],
          [
            19.095952,
            59.781113
          ],
          [
            19.096062,
            59.781138
          ],
          [
            19.09631,
            59.781227
          ],
          [
            19.096429,
            59.781292
          ],
          [
            19.096615,
            59.781362
          ],
          [
            19.096788,
            59.781444
          ],
          [
            19.096882,
            59.781457
          ],
          [
            19.097236,
            59.781586
          ],
          [
            19.097294,
            59.781611
          ],
          [
            19.097362,
            59.78166
          ],
          [
            19.097642,
            59.781743
          ],
          [
            19.097933,
            59.781847
          ],
          [
            19.097988,
            59.781898
          ],
          [
            19.098045,
            59.781907
          ],
          [
            19.098301,
            59.781997
          ],
          [
            19.098391,
            59.782041
          ],
          [
            19.098608,
            59.78212
          ],
          [
            19.098703,
            59.782173
          ],
          [
            19.098754,
            59.782179
          ],
          [
            19.098843,
            59.782219
          ],
          [
            19.098942,
            59.782244
          ],
          [
            19.099082,
            59.782306
          ],
          [
            19.099261,
            59.782397
          ],
          [
            19.09946,
            59.782566
          ],
          [
            19.099496,
            59.782642
          ],
          [
            19.099539,
            59.782683
          ],
          [
            19.099538,
            59.782717
          ],
          [
            19.09958,
            59.782742
          ],
          [
            19.099575,
            59.782778
          ],
          [
            19.099758,
            59.782935
          ],
          [
            19.099813,
            59.782944
          ],
          [
            19.099863,
            59.782968
          ],
          [
            19.099975,
            59.782978
          ],
          [
            19.100041,
            59.782991
          ],
          [
            19.100098,
            59.783016
          ],
          [
            19.100354,
            59.78306
          ],
          [
            19.100557,
            59.783119
          ],
          [
            19.100672,
            59.783137
          ],
          [
            19.100752,
            59.783171
          ],
          [
            19.100991,
            59.783212
          ],
          [
            19.101039,
            59.78324
          ],
          [
            19.10106,
            59.783282
          ],
          [
            19.101106,
            59.783274
          ],
          [
            19.10115,
            59.783293
          ],
          [
            19.101324,
            59.783425
          ],
          [
            19.101384,
            59.783435
          ],
          [
            19.101406,
            59.783472
          ],
          [
            19.101501,
            59.783536
          ],
          [
            19.101533,
            59.783573
          ],
          [
            19.101576,
            59.783703
          ],
          [
            19.101553,
            59.783898
          ],
          [
            19.101438,
            59.78414
          ],
          [
            19.101463,
            59.784201
          ],
          [
            19.101394,
            59.784251
          ],
          [
            19.101415,
            59.78428
          ],
          [
            19.101394,
            59.784314
          ],
          [
            19.101395,
            59.784375
          ],
          [
            19.101356,
            59.784438
          ],
          [
            19.101357,
            59.784499
          ],
          [
            19.10139,
            59.784554
          ],
          [
            19.101351,
            59.784686
          ],
          [
            19.101345,
            59.784811
          ],
          [
            19.101377,
            59.784873
          ],
          [
            19.101348,
            59.784907
          ],
          [
            19.101354,
            59.784975
          ],
          [
            19.101382,
            59.785001
          ],
          [
            19.101385,
            59.785034
          ],
          [
            19.101362,
            59.785097
          ],
          [
            19.101382,
            59.785152
          ],
          [
            19.101345,
            59.78522
          ],
          [
            19.101346,
            59.785247
          ],
          [
            19.101338,
            59.785272
          ],
          [
            19.101405,
            59.785302
          ],
          [
            19.101475,
            59.785315
          ],
          [
            19.101593,
            59.785311
          ],
          [
            19.10164,
            59.785318
          ],
          [
            19.101818,
            59.785385
          ],
          [
            19.102022,
            59.785417
          ],
          [
            19.102111,
            59.785428
          ],
          [
            19.10225,
            59.785427
          ],
          [
            19.102321,
            59.785403
          ],
          [
            19.102484,
            59.7854
          ],
          [
            19.102587,
            59.785424
          ],
          [
            19.102713,
            59.785433
          ],
          [
            19.102765,
            59.78543
          ],
          [
            19.102869,
            59.785405
          ],
          [
            19.102924,
            59.785419
          ],
          [
            19.103025,
            59.785422
          ],
          [
            19.103036,
            59.785397
          ],
          [
            19.103104,
            59.785345
          ],
          [
            19.103048,
            59.785338
          ],
          [
            19.103027,
            59.785314
          ],
          [
            19.103087,
            59.785302
          ],
          [
            19.103028,
            59.785343
          ],
          [
            19.102975,
            59.785418
          ],
          [
            19.102882,
            59.785445
          ],
          [
            19.102625,
            59.785418
          ],
          [
            19.102415,
            59.785437
          ],
          [
            19.102359,
            59.785433
          ],
          [
            19.102235,
            59.785452
          ],
          [
            19.102166,
            59.785445
          ],
          [
            19.102105,
            59.785454
          ],
          [
            19.101975,
            59.785428
          ],
          [
            19.10192,
            59.785426
          ],
          [
            19.101856,
            59.785395
          ],
          [
            19.101723,
            59.785382
          ],
          [
            19.10162,
            59.78534
          ],
          [
            19.10141,
            59.785307
          ],
          [
            19.101364,
            59.785292
          ],
          [
            19.101322,
            59.785295
          ],
          [
            19.101177,
            59.785669
          ],
          [
            19.100928,
            59.786121
          ],
          [
            19.100871,
            59.786393
          ],
          [
            19.10096,
            59.786558
          ],
          [
            19.100952,
            59.786717
          ],
          [
            19.100879,
            59.786787
          ],
          [
            19.1007,
            59.786943
          ],
          [
            19.100662,
            59.787106
          ],
          [
            19.100772,
            59.787203
          ],
          [
            19.100949,
            59.787264
          ],
          [
            19.101429,
            59.787254
          ],
          [
            19.101907,
            59.787273
          ],
          [
            19.101558,
            59.787236
          ],
          [
            19.100995,
            59.787245
          ],
          [
            19.100775,
            59.78718
          ],
          [
            19.100694,
            59.787088
          ],
          [
            19.100716,
            59.786964
          ],
          [
            19.100839,
            59.786802
          ],
          [
            19.100981,
            59.786721
          ],
          [
            19.100952,
            59.786522
          ],
          [
            19.100904,
            59.786391
          ],
          [
            19.100933,
            59.786142
          ],
          [
            19.101191,
            59.785609
          ],
          [
            19.101357,
            59.785147
          ],
          [
            19.101359,
            59.785086
          ],
          [
            19.101404,
            59.784966
          ],
          [
            19.101395,
            59.784819
          ],
          [
            19.101377,
            59.78479
          ],
          [
            19.101402,
            59.784732
          ],
          [
            19.10139,
            59.784643
          ],
          [
            19.101371,
            59.784618
          ],
          [
            19.101386,
            59.784534
          ],
          [
            19.10136,
            59.784505
          ],
          [
            19.101406,
            59.784417
          ],
          [
            19.10144,
            59.78439
          ],
          [
            19.101425,
            59.784362
          ],
          [
            19.101473,
            59.784277
          ],
          [
            19.101503,
            59.784169
          ],
          [
            19.101553,
            59.783853
          ],
          [
            19.101586,
            59.783767
          ],
          [
            19.101591,
            59.783708
          ],
          [
            19.101562,
            59.783683
          ],
          [
            19.101577,
            59.78362
          ],
          [
            19.101318,
            59.783416
          ],
          [
            19.101179,
            59.783358
          ],
          [
            19.101147,
            59.78333
          ],
          [
            19.101051,
            59.783286
          ],
          [
            19.101,
            59.783275
          ],
          [
            19.100904,
            59.783232
          ],
          [
            19.100884,
            59.783211
          ],
          [
            19.100708,
            59.783167
          ],
          [
            19.100671,
            59.783133
          ],
          [
            19.100606,
            59.783126
          ],
          [
            19.1004,
            59.783072
          ],
          [
            19.100171,
            59.783028
          ],
          [
            19.100125,
            59.783006
          ],
          [
            19.100008,
            59.782975
          ],
          [
            19.099735,
            59.782913
          ],
          [
            19.099702,
            59.782894
          ],
          [
            19.099687,
            59.782849
          ],
          [
            19.099592,
            59.782798
          ],
          [
            19.099604,
            59.782765
          ],
          [
            19.099566,
            59.78275
          ],
          [
            19.099544,
            59.782715
          ],
          [
            19.099511,
            59.782696
          ],
          [
            19.099509,
            59.782666
          ],
          [
            19.099431,
            59.782561
          ],
          [
            19.099291,
            59.782454
          ],
          [
            19.099255,
            59.782399
          ],
          [
            19.099038,
            59.782309
          ],
          [
            19.098959,
            59.782263
          ],
          [
            19.098745,
            59.782168
          ],
          [
            19.098587,
            59.782138
          ],
          [
            19.098552,
            59.782113
          ],
          [
            19.098453,
            59.782088
          ],
          [
            19.098376,
            59.782041
          ],
          [
            19.098317,
            59.782027
          ],
          [
            19.098183,
            59.78197
          ],
          [
            19.098113,
            59.781921
          ],
          [
            19.098003,
            59.781898
          ],
          [
            19.097764,
            59.781826
          ],
          [
            19.097595,
            59.781746
          ],
          [
            19.097213,
            59.781601
          ],
          [
            19.096871,
            59.781447
          ],
          [
            19.09631,
            59.781224
          ],
          [
            19.096281,
            59.781203
          ],
          [
            19.095903,
            59.781038
          ],
          [
            19.095783,
            59.781026
          ],
          [
            19.095567,
            59.780965
          ],
          [
            19.095258,
            59.780909
          ],
          [
            19.09517,
            59.780853
          ],
          [
            19.095068,
            59.780819
          ],
          [
            19.094893,
            59.780729
          ],
          [
            19.094663,
            59.780644
          ],
          [
            19.094616,
            59.780631
          ],
          [
            19.09439,
            59.780605
          ],
          [
            19.09434,
            59.780612
          ],
          [
            19.094217,
            59.780592
          ],
          [
            19.093732,
            59.780547
          ],
          [
            19.093578,
            59.780524
          ],
          [
            19.09335,
            59.78047
          ],
          [
            19.093197,
            59.780458
          ],
          [
            19.092999,
            59.780456
          ],
          [
            19.092938,
            59.780443
          ],
          [
            19.092772,
            59.780436
          ],
          [
            19.092541,
            59.78041
          ],
          [
            19.092445,
            59.780376
          ],
          [
            19.092341,
            59.78032
          ],
          [
            19.092257,
            59.780249
          ],
          [
            19.092216,
            59.780192
          ],
          [
            19.092222,
            59.780159
          ],
          [
            19.092025,
            59.780005
          ],
          [
            19.091922,
            59.779891
          ],
          [
            19.091794,
            59.779805
          ],
          [
            19.091704,
            59.779727
          ],
          [
            19.091619,
            59.779629
          ],
          [
            19.091575,
            59.779548
          ],
          [
            19.091523,
            59.7795
          ],
          [
            19.09152,
            59.779473
          ],
          [
            19.09148,
            59.779424
          ],
          [
            19.09143,
            59.779408
          ],
          [
            19.091302,
            59.779416
          ],
          [
            19.090901,
            59.779519
          ],
          [
            19.090788,
            59.779521
          ],
          [
            19.090687,
            59.779546
          ],
          [
            19.090372,
            59.779592
          ],
          [
            19.090267,
            59.779603
          ],
          [
            19.090099,
            59.7796
          ],
          [
            19.089983,
            59.779569
          ],
          [
            19.089704,
            59.779443
          ],
          [
            19.089581,
            59.779358
          ],
          [
            19.089594,
            59.779382
          ],
          [
            19.089427,
            59.779292
          ],
          [
            19.089212,
            59.779152
          ],
          [
            19.089161,
            59.779102
          ],
          [
            19.089121,
            59.779089
          ],
          [
            19.088642,
            59.778789
          ],
          [
            19.088401,
            59.778567
          ],
          [
            19.088192,
            59.778463
          ],
          [
            19.08801,
            59.778347
          ],
          [
            19.087895,
            59.778293
          ],
          [
            19.087857,
            59.778276
          ],
          [
            19.087761,
            59.778256
          ],
          [
            19.087538,
            59.778151
          ],
          [
            19.08731,
            59.778072
          ],
          [
            19.087033,
            59.778031
          ],
          [
            19.086807,
            59.778034
          ],
          [
            19.086582,
            59.777989
          ],
          [
            19.086466,
            59.777945
          ],
          [
            19.086292,
            59.777859
          ],
          [
            19.08619,
            59.777833
          ],
          [
            19.086062,
            59.777776
          ],
          [
            19.085764,
            59.777567
          ],
          [
            19.085738,
            59.777545
          ],
          [
            19.085711,
            59.777483
          ],
          [
            19.085817,
            59.777474
          ],
          [
            19.085979,
            59.777408
          ],
          [
            19.086119,
            59.777363
          ],
          [
            19.086117,
            59.777345
          ],
          [
            19.086138,
            59.777333
          ],
          [
            19.086127,
            59.777301
          ],
          [
            19.086171,
            59.777246
          ],
          [
            19.086076,
            59.777224
          ],
          [
            19.086081,
            59.777195
          ],
          [
            19.086232,
            59.77716
          ],
          [
            19.086337,
            59.777141
          ],
          [
            19.086361,
            59.777136
          ],
          [
            19.086369,
            59.777102
          ],
          [
            19.086357,
            59.777056
          ],
          [
            19.086386,
            59.776994
          ],
          [
            19.086369,
            59.776955
          ],
          [
            19.086396,
            59.776927
          ],
          [
            19.086457,
            59.776912
          ],
          [
            19.086517,
            59.776882
          ],
          [
            19.086577,
            59.776829
          ],
          [
            19.086675,
            59.7767
          ],
          [
            19.086809,
            59.776662
          ],
          [
            19.086848,
            59.776634
          ],
          [
            19.086874,
            59.77661
          ],
          [
            19.086869,
            59.776586
          ],
          [
            19.08689,
            59.776559
          ],
          [
            19.08715,
            59.776473
          ],
          [
            19.087212,
            59.776434
          ],
          [
            19.087264,
            59.77645
          ],
          [
            19.087422,
            59.776468
          ],
          [
            19.087551,
            59.776445
          ],
          [
            19.087683,
            59.776435
          ],
          [
            19.087779,
            59.776398
          ],
          [
            19.087885,
            59.776419
          ],
          [
            19.087998,
            59.776422
          ],
          [
            19.08807,
            59.77637
          ],
          [
            19.088118,
            59.776359
          ],
          [
            19.088154,
            59.776373
          ],
          [
            19.088183,
            59.776401
          ],
          [
            19.088233,
            59.776404
          ],
          [
            19.088264,
            59.776387
          ],
          [
            19.088309,
            59.776383
          ],
          [
            19.088385,
            59.776393
          ],
          [
            19.088435,
            59.776384
          ],
          [
            19.088555,
            59.776387
          ],
          [
            19.088652,
            59.776437
          ],
          [
            19.08882,
            59.776455
          ],
          [
            19.088908,
            59.776488
          ],
          [
            19.089047,
            59.776523
          ],
          [
            19.089093,
            59.776545
          ],
          [
            19.089205,
            59.776552
          ],
          [
            19.089286,
            59.776504
          ],
          [
            19.089305,
            59.776528
          ],
          [
            19.089349,
            59.776555
          ],
          [
            19.089568,
            59.776645
          ],
          [
            19.089815,
            59.776671
          ],
          [
            19.089885,
            59.776711
          ],
          [
            19.089851,
            59.776726
          ],
          [
            19.089881,
            59.776771
          ],
          [
            19.089914,
            59.776786
          ],
          [
            19.089969,
            59.776766
          ],
          [
            19.090032,
            59.776769
          ],
          [
            19.09006,
            59.776793
          ],
          [
            19.090039,
            59.776816
          ],
          [
            19.090072,
            59.776845
          ],
          [
            19.090165,
            59.77687
          ],
          [
            19.090214,
            59.776935
          ],
          [
            19.090387,
            59.777021
          ],
          [
            19.090422,
            59.777003
          ],
          [
            19.09053,
            59.777029
          ],
          [
            19.090686,
            59.777004
          ],
          [
            19.09079,
            59.777014
          ],
          [
            19.09084,
            59.77703
          ],
          [
            19.090901,
            59.777034
          ],
          [
            19.091005,
            59.777058
          ],
          [
            19.091061,
            59.777039
          ],
          [
            19.091127,
            59.777042
          ],
          [
            19.091182,
            59.777031
          ],
          [
            19.091294,
            59.777032
          ],
          [
            19.091322,
            59.777054
          ],
          [
            19.091329,
            59.777081
          ],
          [
            19.09136,
            59.777102
          ],
          [
            19.091332,
            59.777197
          ],
          [
            19.091352,
            59.777231
          ],
          [
            19.091459,
            59.777199
          ],
          [
            19.091519,
            59.777197
          ],
          [
            19.09166,
            59.777233
          ],
          [
            19.091699,
            59.777251
          ],
          [
            19.091847,
            59.777275
          ],
          [
            19.091949,
            59.777225
          ],
          [
            19.092012,
            59.777208
          ],
          [
            19.092079,
            59.777197
          ],
          [
            19.092248,
            59.777187
          ],
          [
            19.092556,
            59.777256
          ],
          [
            19.092602,
            59.777263
          ],
          [
            19.092673,
            59.77726
          ],
          [
            19.092895,
            59.777346
          ],
          [
            19.092944,
            59.777343
          ],
          [
            19.093043,
            59.777298
          ],
          [
            19.093123,
            59.777253
          ],
          [
            19.093177,
            59.777176
          ],
          [
            19.093159,
            59.777147
          ],
          [
            19.093154,
            59.777083
          ],
          [
            19.093182,
            59.777027
          ],
          [
            19.093247,
            59.777022
          ],
          [
            19.093389,
            59.777027
          ],
          [
            19.093554,
            59.776938
          ],
          [
            19.093565,
            59.77691
          ],
          [
            19.093717,
            59.776821
          ],
          [
            19.093737,
            59.776771
          ],
          [
            19.093832,
            59.77667
          ],
          [
            19.093843,
            59.776646
          ],
          [
            19.093829,
            59.776616
          ],
          [
            19.093865,
            59.776596
          ],
          [
            19.093874,
            59.776529
          ],
          [
            19.093896,
            59.776499
          ],
          [
            19.09388,
            59.77641
          ],
          [
            19.093862,
            59.776388
          ],
          [
            19.093874,
            59.776354
          ],
          [
            19.093804,
            59.776283
          ],
          [
            19.093819,
            59.776252
          ],
          [
            19.093874,
            59.776205
          ],
          [
            19.093911,
            59.77619
          ],
          [
            19.093922,
            59.776157
          ],
          [
            19.094064,
            59.776063
          ],
          [
            19.094081,
            59.77604
          ],
          [
            19.094248,
            59.776
          ],
          [
            19.094215,
            59.775919
          ],
          [
            19.094185,
            59.775758
          ],
          [
            19.094152,
            59.775709
          ],
          [
            19.0941,
            59.775687
          ],
          [
            19.094087,
            59.775661
          ],
          [
            19.094157,
            59.775608
          ],
          [
            19.094127,
            59.775586
          ],
          [
            19.094054,
            59.775464
          ],
          [
            19.094008,
            59.775458
          ],
          [
            19.093934,
            59.77535
          ],
          [
            19.093903,
            59.775322
          ],
          [
            19.093856,
            59.775305
          ],
          [
            19.093885,
            59.775288
          ],
          [
            19.09388,
            59.775262
          ],
          [
            19.093842,
            59.775252
          ],
          [
            19.093889,
            59.775185
          ],
          [
            19.093873,
            59.775157
          ],
          [
            19.093887,
            59.775075
          ],
          [
            19.093873,
            59.775046
          ],
          [
            19.093726,
            59.775007
          ],
          [
            19.093651,
            59.774906
          ],
          [
            19.093614,
            59.774883
          ],
          [
            19.093584,
            59.774822
          ],
          [
            19.093589,
            59.774789
          ],
          [
            19.093494,
            59.774724
          ],
          [
            19.093485,
            59.774674
          ],
          [
            19.093548,
            59.774613
          ],
          [
            19.093571,
            59.77456
          ],
          [
            19.093651,
            59.77448
          ],
          [
            19.093673,
            59.774392
          ],
          [
            19.093749,
            59.774341
          ],
          [
            19.09383,
            59.774248
          ],
          [
            19.09388,
            59.774226
          ],
          [
            19.093868,
            59.774194
          ],
          [
            19.093886,
            59.774087
          ],
          [
            19.093877,
            59.774048
          ],
          [
            19.093801,
            59.773983
          ],
          [
            19.093806,
            59.773917
          ],
          [
            19.093823,
            59.773894
          ],
          [
            19.093788,
            59.773877
          ],
          [
            19.09384,
            59.773796
          ],
          [
            19.093802,
            59.773778
          ],
          [
            19.093816,
            59.773755
          ],
          [
            19.093861,
            59.773753
          ],
          [
            19.093992,
            59.773691
          ],
          [
            19.094043,
            59.773678
          ],
          [
            19.094197,
            59.773668
          ],
          [
            19.094245,
            59.773676
          ],
          [
            19.094311,
            59.773672
          ],
          [
            19.09436,
            59.773658
          ],
          [
            19.094413,
            59.773667
          ],
          [
            19.094746,
            59.773642
          ],
          [
            19.094785,
            59.773624
          ],
          [
            19.094813,
            59.773576
          ],
          [
            19.094889,
            59.773523
          ],
          [
            19.094879,
            59.773459
          ],
          [
            19.094905,
            59.773428
          ],
          [
            19.094898,
            59.773386
          ],
          [
            19.094834,
            59.773363
          ],
          [
            19.094808,
            59.773333
          ],
          [
            19.094761,
            59.773196
          ],
          [
            19.094786,
            59.773144
          ],
          [
            19.094715,
            59.773068
          ],
          [
            19.094681,
            59.772979
          ],
          [
            19.094683,
            59.772953
          ],
          [
            19.094774,
            59.772907
          ],
          [
            19.094768,
            59.772874
          ],
          [
            19.094756,
            59.772839
          ],
          [
            19.094757,
            59.772836
          ],
          [
            19.094716,
            59.772824
          ],
          [
            19.094703,
            59.772818
          ],
          [
            19.09471,
            59.772771
          ],
          [
            19.094685,
            59.772746
          ],
          [
            19.094628,
            59.772739
          ],
          [
            19.09459,
            59.772751
          ],
          [
            19.094466,
            59.772759
          ],
          [
            19.094425,
            59.772745
          ],
          [
            19.094413,
            59.772717
          ],
          [
            19.094382,
            59.772699
          ],
          [
            19.094337,
            59.7727
          ],
          [
            19.0943,
            59.772683
          ],
          [
            19.094251,
            59.772674
          ],
          [
            19.094143,
            59.772627
          ],
          [
            19.094092,
            59.772569
          ],
          [
            19.094058,
            59.772554
          ],
          [
            19.093955,
            59.772546
          ],
          [
            19.093893,
            59.772559
          ],
          [
            19.09377,
            59.772563
          ],
          [
            19.093735,
            59.772516
          ],
          [
            19.093594,
            59.772455
          ],
          [
            19.093592,
            59.772426
          ],
          [
            19.09364,
            59.772431
          ],
          [
            19.093685,
            59.77242
          ],
          [
            19.093746,
            59.772375
          ],
          [
            19.093763,
            59.772323
          ],
          [
            19.093724,
            59.772299
          ],
          [
            19.093614,
            59.772294
          ],
          [
            19.093444,
            59.772307
          ],
          [
            19.093363,
            59.772311
          ],
          [
            19.093388,
            59.772169
          ],
          [
            19.093357,
            59.772141
          ],
          [
            19.09334,
            59.772082
          ],
          [
            19.093296,
            59.772021
          ],
          [
            19.093321,
            59.771944
          ],
          [
            19.093321,
            59.77192
          ],
          [
            19.0933,
            59.7719
          ],
          [
            19.093423,
            59.77185
          ],
          [
            19.09345,
            59.771819
          ],
          [
            19.093368,
            59.771733
          ],
          [
            19.093382,
            59.771697
          ],
          [
            19.093322,
            59.771633
          ],
          [
            19.093273,
            59.771622
          ],
          [
            19.093253,
            59.771597
          ],
          [
            19.093265,
            59.771439
          ],
          [
            19.093222,
            59.771421
          ],
          [
            19.093164,
            59.771418
          ],
          [
            19.09305,
            59.771393
          ],
          [
            19.092956,
            59.771357
          ],
          [
            19.09285,
            59.771349
          ],
          [
            19.092718,
            59.771326
          ],
          [
            19.09264,
            59.771271
          ],
          [
            19.092493,
            59.771241
          ],
          [
            19.092459,
            59.771223
          ],
          [
            19.092409,
            59.771219
          ],
          [
            19.092281,
            59.771242
          ],
          [
            19.092229,
            59.771244
          ],
          [
            19.092065,
            59.771212
          ],
          [
            19.09183,
            59.771222
          ],
          [
            19.091784,
            59.771209
          ],
          [
            19.091746,
            59.771223
          ],
          [
            19.091723,
            59.771201
          ],
          [
            19.09168,
            59.771189
          ],
          [
            19.09139,
            59.771224
          ],
          [
            19.091292,
            59.771262
          ],
          [
            19.09124,
            59.77126
          ],
          [
            19.091192,
            59.771248
          ],
          [
            19.091151,
            59.771257
          ],
          [
            19.091131,
            59.771278
          ],
          [
            19.091045,
            59.771306
          ],
          [
            19.091009,
            59.771328
          ],
          [
            19.090959,
            59.771337
          ],
          [
            19.090795,
            59.771311
          ],
          [
            19.090741,
            59.771269
          ],
          [
            19.090679,
            59.771267
          ],
          [
            19.090636,
            59.77125
          ],
          [
            19.09061,
            59.771217
          ],
          [
            19.090637,
            59.771185
          ],
          [
            19.090597,
            59.771172
          ],
          [
            19.090343,
            59.771162
          ],
          [
            19.090304,
            59.771143
          ],
          [
            19.090182,
            59.771149
          ],
          [
            19.090146,
            59.771136
          ],
          [
            19.090086,
            59.771138
          ],
          [
            19.089881,
            59.771177
          ],
          [
            19.089779,
            59.771185
          ],
          [
            19.089591,
            59.771219
          ],
          [
            19.089551,
            59.771237
          ],
          [
            19.089497,
            59.771239
          ],
          [
            19.089366,
            59.771241
          ],
          [
            19.089321,
            59.771261
          ],
          [
            19.089265,
            59.771261
          ],
          [
            19.089214,
            59.771248
          ],
          [
            19.089077,
            59.771239
          ],
          [
            19.089019,
            59.771242
          ],
          [
            19.088932,
            59.771269
          ],
          [
            19.088919,
            59.771293
          ],
          [
            19.088874,
            59.771306
          ],
          [
            19.088825,
            59.771301
          ],
          [
            19.088771,
            59.771264
          ],
          [
            19.088772,
            59.771236
          ],
          [
            19.08872,
            59.771222
          ],
          [
            19.088571,
            59.77125
          ],
          [
            19.088483,
            59.771294
          ],
          [
            19.088469,
            59.771354
          ],
          [
            19.088348,
            59.771446
          ],
          [
            19.088262,
            59.771465
          ],
          [
            19.088121,
            59.771472
          ],
          [
            19.087972,
            59.771452
          ],
          [
            19.087892,
            59.77142
          ],
          [
            19.087829,
            59.771417
          ],
          [
            19.087772,
            59.771403
          ],
          [
            19.087655,
            59.771336
          ],
          [
            19.087511,
            59.7713
          ],
          [
            19.087478,
            59.771284
          ],
          [
            19.087338,
            59.771257
          ],
          [
            19.087299,
            59.771237
          ],
          [
            19.087095,
            59.771216
          ],
          [
            19.086981,
            59.771214
          ],
          [
            19.08687,
            59.771112
          ],
          [
            19.086836,
            59.771057
          ],
          [
            19.086713,
            59.77104
          ],
          [
            19.086703,
            59.771016
          ],
          [
            19.086656,
            59.770999
          ],
          [
            19.086652,
            59.770976
          ],
          [
            19.086602,
            59.770958
          ],
          [
            19.086549,
            59.770956
          ],
          [
            19.086543,
            59.770931
          ],
          [
            19.086483,
            59.770927
          ],
          [
            19.086451,
            59.770908
          ],
          [
            19.086382,
            59.770893
          ],
          [
            19.086317,
            59.770903
          ],
          [
            19.086275,
            59.770926
          ],
          [
            19.086227,
            59.770938
          ],
          [
            19.086168,
            59.770919
          ],
          [
            19.08614,
            59.770895
          ],
          [
            19.085976,
            59.770876
          ],
          [
            19.085881,
            59.770885
          ],
          [
            19.085831,
            59.770863
          ],
          [
            19.085781,
            59.77086
          ],
          [
            19.085737,
            59.770883
          ],
          [
            19.085734,
            59.77091
          ],
          [
            19.085691,
            59.770974
          ],
          [
            19.085643,
            59.770993
          ],
          [
            19.08564,
            59.77103
          ],
          [
            19.0856,
            59.77109
          ],
          [
            19.085543,
            59.771107
          ],
          [
            19.085487,
            59.771171
          ],
          [
            19.085433,
            59.771172
          ],
          [
            19.085411,
            59.771207
          ],
          [
            19.085371,
            59.771222
          ],
          [
            19.085291,
            59.771193
          ],
          [
            19.085183,
            59.771194
          ],
          [
            19.08513,
            59.77121
          ],
          [
            19.085001,
            59.771204
          ],
          [
            19.084906,
            59.771195
          ],
          [
            19.084818,
            59.771159
          ],
          [
            19.084749,
            59.771155
          ],
          [
            19.084656,
            59.771184
          ],
          [
            19.084537,
            59.771182
          ],
          [
            19.084472,
            59.771193
          ],
          [
            19.084356,
            59.771195
          ],
          [
            19.084273,
            59.771225
          ],
          [
            19.084246,
            59.771251
          ],
          [
            19.084188,
            59.771268
          ],
          [
            19.084083,
            59.771267
          ],
          [
            19.08392,
            59.771227
          ],
          [
            19.083804,
            59.77122
          ],
          [
            19.083648,
            59.771241
          ],
          [
            19.083552,
            59.771128
          ],
          [
            19.083543,
            59.771078
          ],
          [
            19.083445,
            59.771012
          ],
          [
            19.083329,
            59.770987
          ],
          [
            19.083191,
            59.770937
          ],
          [
            19.083065,
            59.77087
          ],
          [
            19.082974,
            59.770761
          ],
          [
            19.082899,
            59.770719
          ],
          [
            19.082752,
            59.770671
          ],
          [
            19.082644,
            59.770603
          ],
          [
            19.082522,
            59.770568
          ],
          [
            19.082458,
            59.770561
          ],
          [
            19.082366,
            59.770538
          ],
          [
            19.082177,
            59.770581
          ],
          [
            19.082122,
            59.770567
          ],
          [
            19.081934,
            59.770579
          ],
          [
            19.08184,
            59.770604
          ],
          [
            19.081775,
            59.7706
          ],
          [
            19.08172,
            59.770608
          ],
          [
            19.081677,
            59.770627
          ],
          [
            19.081567,
            59.770621
          ],
          [
            19.081383,
            59.770631
          ],
          [
            19.081308,
            59.770655
          ],
          [
            19.08136,
            59.77065
          ],
          [
            19.081246,
            59.770658
          ],
          [
            19.08114,
            59.770677
          ],
          [
            19.081037,
            59.770745
          ],
          [
            19.080974,
            59.770803
          ],
          [
            19.080961,
            59.770858
          ],
          [
            19.080908,
            59.770945
          ],
          [
            19.08092,
            59.770968
          ],
          [
            19.080952,
            59.770986
          ],
          [
            19.080984,
            59.771069
          ],
          [
            19.080981,
            59.7711
          ],
          [
            19.080943,
            59.771133
          ],
          [
            19.080856,
            59.771169
          ],
          [
            19.080655,
            59.771218
          ],
          [
            19.080524,
            59.771269
          ],
          [
            19.080425,
            59.771333
          ],
          [
            19.080414,
            59.771423
          ],
          [
            19.080441,
            59.771508
          ],
          [
            19.080426,
            59.77159
          ],
          [
            19.080382,
            59.771642
          ],
          [
            19.080308,
            59.771682
          ],
          [
            19.080223,
            59.771705
          ],
          [
            19.080115,
            59.771712
          ],
          [
            19.079869,
            59.771764
          ],
          [
            19.07976,
            59.771769
          ],
          [
            19.079706,
            59.771753
          ],
          [
            19.079671,
            59.771729
          ],
          [
            19.079579,
            59.771634
          ],
          [
            19.079459,
            59.771546
          ],
          [
            19.079183,
            59.771413
          ],
          [
            19.079118,
            59.771343
          ],
          [
            19.079081,
            59.771207
          ],
          [
            19.079095,
            59.771054
          ],
          [
            19.079192,
            59.770939
          ],
          [
            19.079417,
            59.770747
          ],
          [
            19.079449,
            59.770673
          ],
          [
            19.079453,
            59.770591
          ],
          [
            19.079446,
            59.770537
          ],
          [
            19.079371,
            59.770406
          ],
          [
            19.07933,
            59.77036
          ],
          [
            19.079324,
            59.770312
          ],
          [
            19.079341,
            59.77029
          ],
          [
            19.079283,
            59.770236
          ],
          [
            19.079133,
            59.77005
          ],
          [
            19.079031,
            59.770022
          ],
          [
            19.079104,
            59.770061
          ]
        ]
      }
    }
  ]
}
