{
  "type": "FeatureCollection",
  "features": [
    {
      "type": "Feature",
      "properties": {
        "name": "SAT Utö H25",
        "sectionId": "sat-uto",
        "sourceUrl": "https://stockholmarchipelagotrail.com/app/uploads/2025/11/t328873047_sat-utoe-h25-1-1.gpx"
      },
      "geometry": {
        "type": "LineString",
        "coordinates": [
          [
            18.324877,
            58.970436
          ],
          [
            18.32485,
            58.970382
          ],
          [
            18.324793,
            58.970331
          ],
          [
            18.324746,
            58.970318
          ],
          [
            18.324825,
            58.970302
          ],
          [
            18.324897,
            58.970341
          ],
          [
            18.324989,
            58.970277
          ],
          [
            18.325068,
            58.970032
          ],
          [
            18.325141,
            58.969898
          ],
          [
            18.32516,
            58.969782
          ],
          [
            18.32512,
            58.969752
          ],
          [
            18.324706,
            58.969667
          ],
          [
            18.324497,
            58.969643
          ],
          [
            18.323905,
            58.969615
          ],
          [
            18.323098,
            58.969448
          ],
          [
            18.322932,
            58.969387
          ],
          [
            18.322636,
            58.969313
          ],
          [
            18.322607,
            58.969292
          ],
          [
            18.322453,
            58.969264
          ],
          [
            18.322379,
            58.969209
          ],
          [
            18.322333,
            58.969223
          ],
          [
            18.322294,
            58.969201
          ],
          [
            18.322308,
            58.969175
          ],
          [
            18.322208,
            58.969176
          ],
          [
            18.321758,
            58.969063
          ],
          [
            18.321246,
            58.968856
          ],
          [
            18.320792,
            58.96871
          ],
          [
            18.32031,
            58.968483
          ],
          [
            18.32014,
            58.968376
          ],
          [
            18.319794,
            58.968067
          ],
          [
            18.319447,
            58.967849
          ],
          [
            18.319377,
            58.96756
          ],
          [
            18.319453,
            58.967345
          ],
          [
            18.319414,
            58.967293
          ],
          [
            18.319273,
            58.967211
          ],
          [
            18.319109,
            58.966898
          ],
          [
            18.318922,
            58.966786
          ],
          [
            18.318666,
            58.966735
          ],
          [
            18.318479,
            58.966648
          ],
          [
            18.3184,
            58.966526
          ],
          [
            18.318311,
            58.966456
          ],
          [
            18.31826,
            58.966308
          ],
          [
            18.318196,
            58.966233
          ],
          [
            18.317695,
            58.965923
          ],
          [
            18.31766,
            58.965855
          ],
          [
            18.31767,
            58.965658
          ],
          [
            18.317524,
            58.965562
          ],
          [
            18.317533,
            58.965476
          ],
          [
            18.317425,
            58.965431
          ],
          [
            18.317291,
            58.96531
          ],
          [
            18.317087,
            58.9652
          ],
          [
            18.317019,
            58.965117
          ],
          [
            18.316892,
            58.965029
          ],
          [
            18.316795,
            58.964915
          ],
          [
            18.316776,
            58.96485
          ],
          [
            18.316746,
            58.964828
          ],
          [
            18.316567,
            58.964787
          ],
          [
            18.31614,
            58.964554
          ],
          [
            18.315934,
            58.96448
          ],
          [
            18.315741,
            58.964377
          ],
          [
            18.315585,
            58.964255
          ],
          [
            18.315425,
            58.964034
          ],
          [
            18.315464,
            58.964019
          ],
          [
            18.315468,
            58.96395
          ],
          [
            18.315579,
            58.963904
          ],
          [
            18.315564,
            58.963928
          ],
          [
            18.315655,
            58.96391
          ],
          [
            18.315396,
            58.96389
          ],
          [
            18.315354,
            58.963871
          ],
          [
            18.315343,
            58.963815
          ],
          [
            18.31524,
            58.963798
          ],
          [
            18.315206,
            58.963775
          ],
          [
            18.315158,
            58.963692
          ],
          [
            18.315104,
            58.963672
          ],
          [
            18.315022,
            58.963669
          ],
          [
            18.315009,
            58.96364
          ],
          [
            18.314933,
            58.963595
          ],
          [
            18.314859,
            58.963593
          ],
          [
            18.314782,
            58.963559
          ],
          [
            18.314679,
            58.963547
          ],
          [
            18.31463,
            58.963533
          ],
          [
            18.314629,
            58.963508
          ],
          [
            18.314483,
            58.96349
          ],
          [
            18.314413,
            58.963446
          ],
          [
            18.314322,
            58.963428
          ],
          [
            18.314338,
            58.963378
          ],
          [
            18.314231,
            58.963317
          ],
          [
            18.314099,
            58.963313
          ],
          [
            18.31397,
            58.963246
          ],
          [
            18.313811,
            58.963231
          ],
          [
            18.313706,
            58.96317
          ],
          [
            18.313602,
            58.963171
          ],
          [
            18.313463,
            58.963113
          ],
          [
            18.31319,
            58.963065
          ],
          [
            18.313148,
            58.963071
          ],
          [
            18.31292,
            58.962985
          ],
          [
            18.312802,
            58.962979
          ],
          [
            18.312873,
            58.962949
          ],
          [
            18.312766,
            58.962937
          ],
          [
            18.312603,
            58.962956
          ],
          [
            18.31256,
            58.962944
          ],
          [
            18.31246,
            58.962838
          ],
          [
            18.312361,
            58.962833
          ],
          [
            18.312116,
            58.962746
          ],
          [
            18.311744,
            58.962752
          ],
          [
            18.311622,
            58.962698
          ],
          [
            18.311655,
            58.962613
          ],
          [
            18.311584,
            58.96255
          ],
          [
            18.311468,
            58.962549
          ],
          [
            18.311254,
            58.962495
          ],
          [
            18.31126,
            58.962547
          ],
          [
            18.311167,
            58.962595
          ],
          [
            18.311161,
            58.962625
          ],
          [
            18.311085,
            58.962664
          ],
          [
            18.310987,
            58.962762
          ],
          [
            18.310692,
            58.962787
          ],
          [
            18.310686,
            58.962811
          ],
          [
            18.310636,
            58.962832
          ],
          [
            18.310413,
            58.962853
          ],
          [
            18.310197,
            58.962814
          ],
          [
            18.309958,
            58.962877
          ],
          [
            18.309725,
            58.962856
          ],
          [
            18.309504,
            58.962889
          ],
          [
            18.309279,
            58.962818
          ],
          [
            18.30908,
            58.962791
          ],
          [
            18.309015,
            58.962746
          ],
          [
            18.309086,
            58.962791
          ],
          [
            18.309105,
            58.962763
          ],
          [
            18.308883,
            58.962665
          ],
          [
            18.30889,
            58.962639
          ],
          [
            18.30893,
            58.962626
          ],
          [
            18.308973,
            58.96264
          ],
          [
            18.308943,
            58.962664
          ],
          [
            18.308966,
            58.962607
          ],
          [
            18.308937,
            58.962549
          ],
          [
            18.308947,
            58.962471
          ],
          [
            18.308897,
            58.962388
          ],
          [
            18.308768,
            58.96235
          ],
          [
            18.308706,
            58.962301
          ],
          [
            18.308602,
            58.962278
          ],
          [
            18.308538,
            58.962237
          ],
          [
            18.3085,
            58.962121
          ],
          [
            18.308393,
            58.962046
          ],
          [
            18.308371,
            58.961967
          ],
          [
            18.308321,
            58.961919
          ],
          [
            18.308241,
            58.961947
          ],
          [
            18.308036,
            58.961964
          ],
          [
            18.307961,
            58.962006
          ],
          [
            18.307858,
            58.962
          ],
          [
            18.307651,
            58.962026
          ],
          [
            18.3075,
            58.962078
          ],
          [
            18.307271,
            58.962085
          ],
          [
            18.307163,
            58.962064
          ],
          [
            18.307133,
            58.962045
          ],
          [
            18.307206,
            58.962005
          ],
          [
            18.307203,
            58.961979
          ],
          [
            18.307314,
            58.961897
          ],
          [
            18.307341,
            58.961837
          ],
          [
            18.307351,
            58.961805
          ],
          [
            18.307317,
            58.961774
          ],
          [
            18.307332,
            58.961669
          ],
          [
            18.307358,
            58.961709
          ],
          [
            18.307412,
            58.961711
          ],
          [
            18.307354,
            58.961723
          ],
          [
            18.307445,
            58.961695
          ],
          [
            18.307396,
            58.96172
          ],
          [
            18.30732,
            58.961694
          ],
          [
            18.307313,
            58.961653
          ],
          [
            18.307126,
            58.961624
          ],
          [
            18.306993,
            58.961484
          ],
          [
            18.306943,
            58.961475
          ],
          [
            18.306887,
            58.961429
          ],
          [
            18.306672,
            58.961341
          ],
          [
            18.306661,
            58.961222
          ],
          [
            18.306686,
            58.961176
          ],
          [
            18.306522,
            58.961026
          ],
          [
            18.306462,
            58.960882
          ],
          [
            18.306505,
            58.960804
          ],
          [
            18.306481,
            58.960699
          ],
          [
            18.306354,
            58.960612
          ],
          [
            18.30623,
            58.960445
          ],
          [
            18.306293,
            58.960279
          ],
          [
            18.3062,
            58.960208
          ],
          [
            18.306178,
            58.960098
          ],
          [
            18.306048,
            58.96001
          ],
          [
            18.305974,
            58.959915
          ],
          [
            18.305747,
            58.959764
          ],
          [
            18.305584,
            58.959685
          ],
          [
            18.305556,
            58.959633
          ],
          [
            18.305432,
            58.959579
          ],
          [
            18.305464,
            58.959597
          ],
          [
            18.305492,
            58.959577
          ],
          [
            18.305481,
            58.959555
          ],
          [
            18.305499,
            58.959576
          ],
          [
            18.305415,
            58.959552
          ],
          [
            18.305326,
            58.959478
          ],
          [
            18.305243,
            58.959331
          ],
          [
            18.305232,
            58.95927
          ],
          [
            18.305273,
            58.959236
          ],
          [
            18.305386,
            58.959002
          ],
          [
            18.305289,
            58.958878
          ],
          [
            18.305199,
            58.958838
          ],
          [
            18.3052,
            58.958812
          ],
          [
            18.305094,
            58.958721
          ],
          [
            18.305121,
            58.958665
          ],
          [
            18.305095,
            58.958638
          ],
          [
            18.305155,
            58.958584
          ],
          [
            18.3053,
            58.958267
          ],
          [
            18.305278,
            58.958117
          ],
          [
            18.305209,
            58.958039
          ],
          [
            18.305148,
            58.957995
          ],
          [
            18.305025,
            58.957956
          ],
          [
            18.304778,
            58.957924
          ],
          [
            18.304709,
            58.957878
          ],
          [
            18.304704,
            58.95782
          ],
          [
            18.304608,
            58.957792
          ],
          [
            18.304408,
            58.957682
          ],
          [
            18.304346,
            58.957676
          ],
          [
            18.304282,
            58.957694
          ],
          [
            18.304142,
            58.957652
          ],
          [
            18.304054,
            58.957558
          ],
          [
            18.303954,
            58.957525
          ],
          [
            18.303873,
            58.957387
          ],
          [
            18.303901,
            58.957283
          ],
          [
            18.303852,
            58.957158
          ],
          [
            18.303467,
            58.957041
          ],
          [
            18.303354,
            58.956969
          ],
          [
            18.303351,
            58.956802
          ],
          [
            18.3033,
            58.956754
          ],
          [
            18.303343,
            58.956669
          ],
          [
            18.30328,
            58.956595
          ],
          [
            18.303293,
            58.956468
          ],
          [
            18.303334,
            58.956437
          ],
          [
            18.303348,
            58.956383
          ],
          [
            18.303239,
            58.956314
          ],
          [
            18.303176,
            58.956238
          ],
          [
            18.303,
            58.956136
          ],
          [
            18.303014,
            58.956085
          ],
          [
            18.302942,
            58.956025
          ],
          [
            18.302639,
            58.955995
          ],
          [
            18.30249,
            58.95595
          ],
          [
            18.302309,
            58.955755
          ],
          [
            18.302112,
            58.955686
          ],
          [
            18.302025,
            58.955632
          ],
          [
            18.301816,
            58.955589
          ],
          [
            18.301769,
            58.955526
          ],
          [
            18.301567,
            58.955409
          ],
          [
            18.301277,
            58.955284
          ],
          [
            18.301262,
            58.955222
          ],
          [
            18.301226,
            58.955197
          ],
          [
            18.301127,
            58.955184
          ],
          [
            18.300947,
            58.955111
          ],
          [
            18.300845,
            58.955091
          ],
          [
            18.300724,
            58.955031
          ],
          [
            18.300543,
            58.955017
          ],
          [
            18.300285,
            58.954848
          ],
          [
            18.300211,
            58.954765
          ],
          [
            18.299897,
            58.954739
          ],
          [
            18.299849,
            58.954685
          ],
          [
            18.299924,
            58.95454
          ],
          [
            18.299889,
            58.954511
          ],
          [
            18.299821,
            58.954469
          ],
          [
            18.299712,
            58.954449
          ],
          [
            18.299693,
            58.954387
          ],
          [
            18.299602,
            58.954364
          ],
          [
            18.299503,
            58.954287
          ],
          [
            18.29925,
            58.954223
          ],
          [
            18.298867,
            58.954092
          ],
          [
            18.298841,
            58.954074
          ],
          [
            18.298861,
            58.953971
          ],
          [
            18.298757,
            58.953982
          ],
          [
            18.298464,
            58.953976
          ],
          [
            18.298364,
            58.953997
          ],
          [
            18.297965,
            58.953996
          ],
          [
            18.297539,
            58.954078
          ],
          [
            18.297441,
            58.954127
          ],
          [
            18.297372,
            58.954179
          ],
          [
            18.297182,
            58.954436
          ],
          [
            18.297079,
            58.954527
          ],
          [
            18.296909,
            58.95461
          ],
          [
            18.296403,
            58.954916
          ],
          [
            18.296127,
            58.955114
          ],
          [
            18.295676,
            58.95538
          ],
          [
            18.295488,
            58.955535
          ],
          [
            18.295102,
            58.955762
          ],
          [
            18.294922,
            58.955814
          ],
          [
            18.294817,
            58.955884
          ],
          [
            18.29447,
            58.956284
          ],
          [
            18.294266,
            58.956399
          ],
          [
            18.294211,
            58.956407
          ],
          [
            18.294182,
            58.95639
          ],
          [
            18.29415,
            58.956413
          ],
          [
            18.294237,
            58.956385
          ],
          [
            18.294195,
            58.95645
          ],
          [
            18.294017,
            58.956614
          ],
          [
            18.293933,
            58.956734
          ],
          [
            18.293886,
            58.956757
          ],
          [
            18.293592,
            58.956664
          ],
          [
            18.293388,
            58.956569
          ],
          [
            18.293166,
            58.956506
          ],
          [
            18.29302,
            58.956417
          ],
          [
            18.292673,
            58.956252
          ],
          [
            18.292129,
            58.956095
          ],
          [
            18.291661,
            58.955917
          ],
          [
            18.291004,
            58.955709
          ],
          [
            18.290343,
            58.955474
          ],
          [
            18.289299,
            58.955146
          ],
          [
            18.28831,
            58.954921
          ],
          [
            18.287284,
            58.954804
          ],
          [
            18.286666,
            58.954757
          ],
          [
            18.286521,
            58.95468
          ],
          [
            18.286039,
            58.954588
          ],
          [
            18.285968,
            58.954551
          ],
          [
            18.285868,
            58.954535
          ],
          [
            18.285389,
            58.954392
          ],
          [
            18.284162,
            58.954137
          ],
          [
            18.284279,
            58.954039
          ],
          [
            18.284716,
            58.953414
          ],
          [
            18.285169,
            58.952856
          ],
          [
            18.285337,
            58.952694
          ],
          [
            18.285652,
            58.952243
          ],
          [
            18.286076,
            58.9518
          ],
          [
            18.286296,
            58.951505
          ],
          [
            18.286393,
            58.951335
          ],
          [
            18.28643,
            58.951151
          ],
          [
            18.286576,
            58.95089
          ],
          [
            18.286677,
            58.950786
          ],
          [
            18.286798,
            58.950603
          ],
          [
            18.286818,
            58.950524
          ],
          [
            18.286914,
            58.950422
          ],
          [
            18.287073,
            58.950166
          ],
          [
            18.287206,
            58.950052
          ],
          [
            18.28747,
            58.949883
          ],
          [
            18.287515,
            58.94988
          ],
          [
            18.287493,
            58.949908
          ],
          [
            18.287453,
            58.949917
          ],
          [
            18.287622,
            58.949928
          ],
          [
            18.287788,
            58.949958
          ],
          [
            18.288051,
            58.95004
          ],
          [
            18.288831,
            58.950323
          ],
          [
            18.28925,
            58.950448
          ],
          [
            18.289845,
            58.950691
          ],
          [
            18.289936,
            58.950761
          ],
          [
            18.289994,
            58.950781
          ],
          [
            18.290029,
            58.950823
          ],
          [
            18.289905,
            58.950985
          ],
          [
            18.289912,
            58.951054
          ],
          [
            18.290008,
            58.951242
          ],
          [
            18.290258,
            58.951341
          ],
          [
            18.290308,
            58.951395
          ],
          [
            18.290391,
            58.951432
          ],
          [
            18.290593,
            58.95147
          ],
          [
            18.290693,
            58.951445
          ],
          [
            18.29133,
            58.951101
          ],
          [
            18.291851,
            58.950812
          ],
          [
            18.292031,
            58.950692
          ],
          [
            18.292907,
            58.950347
          ],
          [
            18.292842,
            58.950355
          ],
          [
            18.293013,
            58.950308
          ],
          [
            18.293436,
            58.950148
          ],
          [
            18.294002,
            58.949894
          ],
          [
            18.294469,
            58.949709
          ],
          [
            18.294469,
            58.949679
          ],
          [
            18.29441,
            58.949646
          ],
          [
            18.29439,
            58.949688
          ],
          [
            18.294468,
            58.949719
          ],
          [
            18.294672,
            58.949642
          ],
          [
            18.294861,
            58.94959
          ],
          [
            18.2951,
            58.94945
          ],
          [
            18.295105,
            58.949382
          ],
          [
            18.295023,
            58.949202
          ],
          [
            18.294982,
            58.949147
          ],
          [
            18.294953,
            58.949035
          ],
          [
            18.294974,
            58.948974
          ],
          [
            18.295003,
            58.948994
          ],
          [
            18.295102,
            58.948982
          ],
          [
            18.295069,
            58.948966
          ],
          [
            18.29512,
            58.948877
          ],
          [
            18.295099,
            58.948795
          ],
          [
            18.295145,
            58.948725
          ],
          [
            18.295141,
            58.948662
          ],
          [
            18.295172,
            58.948628
          ],
          [
            18.295284,
            58.948567
          ],
          [
            18.295388,
            58.948539
          ],
          [
            18.295462,
            58.948531
          ],
          [
            18.295504,
            58.948539
          ],
          [
            18.295542,
            58.948561
          ],
          [
            18.295649,
            58.948592
          ],
          [
            18.29575,
            58.948601
          ],
          [
            18.296079,
            58.9487
          ],
          [
            18.296259,
            58.948777
          ],
          [
            18.296315,
            58.948789
          ],
          [
            18.296423,
            58.948784
          ],
          [
            18.296706,
            58.9487
          ],
          [
            18.297199,
            58.948579
          ],
          [
            18.297619,
            58.948492
          ],
          [
            18.297771,
            58.948476
          ],
          [
            18.298159,
            58.948359
          ],
          [
            18.298218,
            58.948355
          ],
          [
            18.298312,
            58.948328
          ],
          [
            18.298456,
            58.948276
          ],
          [
            18.298546,
            58.948224
          ],
          [
            18.298637,
            58.94812
          ],
          [
            18.298643,
            58.948052
          ],
          [
            18.298612,
            58.948022
          ],
          [
            18.29861,
            58.947987
          ],
          [
            18.298268,
            58.947699
          ],
          [
            18.298196,
            58.947616
          ],
          [
            18.298135,
            58.947487
          ],
          [
            18.298277,
            58.947272
          ],
          [
            18.298282,
            58.947135
          ],
          [
            18.298369,
            58.947002
          ],
          [
            18.298419,
            58.947015
          ],
          [
            18.298498,
            58.947083
          ],
          [
            18.2986,
            58.947101
          ],
          [
            18.298645,
            58.947094
          ],
          [
            18.298652,
            58.947069
          ],
          [
            18.298756,
            58.947096
          ],
          [
            18.298813,
            58.947098
          ],
          [
            18.298907,
            58.947132
          ],
          [
            18.298972,
            58.947141
          ],
          [
            18.299036,
            58.947142
          ],
          [
            18.299102,
            58.94712
          ],
          [
            18.29915,
            58.94712
          ],
          [
            18.299386,
            58.947042
          ],
          [
            18.299441,
            58.947047
          ],
          [
            18.299484,
            58.947092
          ],
          [
            18.299542,
            58.947096
          ],
          [
            18.299641,
            58.947138
          ],
          [
            18.299633,
            58.947176
          ],
          [
            18.299685,
            58.947179
          ],
          [
            18.299679,
            58.947207
          ],
          [
            18.299762,
            58.947251
          ],
          [
            18.299909,
            58.947264
          ],
          [
            18.299996,
            58.947249
          ],
          [
            18.300113,
            58.947212
          ],
          [
            18.300165,
            58.947172
          ],
          [
            18.300207,
            58.947157
          ],
          [
            18.300307,
            58.947162
          ],
          [
            18.300383,
            58.947097
          ],
          [
            18.300492,
            58.947059
          ],
          [
            18.300541,
            58.947054
          ],
          [
            18.300621,
            58.947015
          ],
          [
            18.300719,
            58.947021
          ],
          [
            18.300839,
            58.947002
          ],
          [
            18.300891,
            58.947023
          ],
          [
            18.300925,
            58.947076
          ],
          [
            18.300981,
            58.947075
          ],
          [
            18.30115,
            58.947041
          ],
          [
            18.301195,
            58.947049
          ],
          [
            18.301297,
            58.947029
          ],
          [
            18.301393,
            58.947055
          ],
          [
            18.301295,
            58.947114
          ],
          [
            18.301273,
            58.947148
          ],
          [
            18.301305,
            58.947249
          ],
          [
            18.30138,
            58.947305
          ],
          [
            18.301499,
            58.947375
          ],
          [
            18.301513,
            58.947385
          ],
          [
            18.301526,
            58.94733
          ],
          [
            18.301541,
            58.947317
          ],
          [
            18.301567,
            58.947316
          ],
          [
            18.301609,
            58.947329
          ],
          [
            18.301574,
            58.947313
          ],
          [
            18.301695,
            58.947362
          ],
          [
            18.301811,
            58.947376
          ],
          [
            18.301853,
            58.947362
          ],
          [
            18.301919,
            58.947414
          ],
          [
            18.301889,
            58.947445
          ],
          [
            18.30194,
            58.947468
          ],
          [
            18.301935,
            58.947495
          ],
          [
            18.301984,
            58.94749
          ],
          [
            18.302031,
            58.947526
          ],
          [
            18.302132,
            58.947532
          ],
          [
            18.302119,
            58.947595
          ],
          [
            18.302154,
            58.947629
          ],
          [
            18.30214,
            58.947654
          ],
          [
            18.302188,
            58.947649
          ],
          [
            18.302245,
            58.947685
          ],
          [
            18.302297,
            58.947693
          ],
          [
            18.302295,
            58.947723
          ],
          [
            18.302343,
            58.94778
          ],
          [
            18.302463,
            58.947773
          ],
          [
            18.302581,
            58.94778
          ],
          [
            18.302739,
            58.947758
          ],
          [
            18.302902,
            58.947794
          ],
          [
            18.302909,
            58.947859
          ],
          [
            18.302861,
            58.947854
          ],
          [
            18.302881,
            58.947897
          ],
          [
            18.302994,
            58.947977
          ],
          [
            18.303037,
            58.948044
          ],
          [
            18.303094,
            58.948055
          ],
          [
            18.303166,
            58.948054
          ],
          [
            18.303211,
            58.94807
          ],
          [
            18.303284,
            58.948048
          ],
          [
            18.303334,
            58.948088
          ],
          [
            18.303465,
            58.948089
          ],
          [
            18.303499,
            58.948068
          ],
          [
            18.303546,
            58.948078
          ],
          [
            18.303599,
            58.948073
          ],
          [
            18.303643,
            58.948099
          ],
          [
            18.303694,
            58.94811
          ],
          [
            18.303758,
            58.948106
          ],
          [
            18.303784,
            58.948131
          ],
          [
            18.303737,
            58.948107
          ],
          [
            18.303784,
            58.948169
          ],
          [
            18.303827,
            58.948152
          ],
          [
            18.303873,
            58.948155
          ],
          [
            18.303993,
            58.948251
          ],
          [
            18.303959,
            58.948222
          ],
          [
            18.303912,
            58.948178
          ],
          [
            18.303871,
            58.948168
          ],
          [
            18.303942,
            58.948199
          ],
          [
            18.303959,
            58.948282
          ],
          [
            18.304055,
            58.948368
          ],
          [
            18.304053,
            58.948345
          ],
          [
            18.304055,
            58.94838
          ],
          [
            18.304088,
            58.948416
          ],
          [
            18.30414,
            58.948399
          ],
          [
            18.304256,
            58.948393
          ],
          [
            18.304308,
            58.94841
          ],
          [
            18.304371,
            58.948475
          ],
          [
            18.304316,
            58.948529
          ],
          [
            18.304414,
            58.948553
          ],
          [
            18.304594,
            58.948544
          ],
          [
            18.304626,
            58.948528
          ],
          [
            18.304672,
            58.948539
          ],
          [
            18.304788,
            58.94854
          ],
          [
            18.30486,
            58.948581
          ],
          [
            18.304873,
            58.948606
          ],
          [
            18.304847,
            58.948629
          ],
          [
            18.304921,
            58.948702
          ],
          [
            18.305063,
            58.948693
          ],
          [
            18.30515,
            58.948732
          ],
          [
            18.305144,
            58.948784
          ],
          [
            18.305223,
            58.948796
          ],
          [
            18.305208,
            58.948823
          ],
          [
            18.305144,
            58.94886
          ],
          [
            18.305084,
            58.948998
          ],
          [
            18.305006,
            58.949034
          ],
          [
            18.304935,
            58.949102
          ],
          [
            18.304744,
            58.949155
          ],
          [
            18.30469,
            58.949151
          ],
          [
            18.30463,
            58.949161
          ],
          [
            18.304482,
            58.949151
          ],
          [
            18.304366,
            58.949215
          ],
          [
            18.304304,
            58.949225
          ],
          [
            18.30422,
            58.949265
          ],
          [
            18.304253,
            58.949282
          ],
          [
            18.304252,
            58.949316
          ],
          [
            18.304196,
            58.949364
          ],
          [
            18.304145,
            58.949383
          ],
          [
            18.304147,
            58.949406
          ],
          [
            18.303996,
            58.949382
          ],
          [
            18.303834,
            58.949398
          ],
          [
            18.303831,
            58.949478
          ],
          [
            18.303801,
            58.9495
          ],
          [
            18.303793,
            58.949536
          ],
          [
            18.303747,
            58.949591
          ],
          [
            18.303682,
            58.949637
          ],
          [
            18.303695,
            58.949692
          ],
          [
            18.303672,
            58.949746
          ],
          [
            18.303593,
            58.949784
          ],
          [
            18.303576,
            58.949811
          ],
          [
            18.303536,
            58.949831
          ],
          [
            18.303344,
            58.949836
          ],
          [
            18.303277,
            58.949857
          ],
          [
            18.303206,
            58.949891
          ],
          [
            18.303187,
            58.949919
          ],
          [
            18.303111,
            58.949929
          ],
          [
            18.303107,
            58.949977
          ],
          [
            18.303074,
            58.949998
          ],
          [
            18.30306,
            58.950031
          ],
          [
            18.302976,
            58.950064
          ],
          [
            18.302834,
            58.950088
          ],
          [
            18.302753,
            58.950133
          ],
          [
            18.302662,
            58.950164
          ],
          [
            18.302527,
            58.95019
          ],
          [
            18.302439,
            58.950185
          ],
          [
            18.302149,
            58.950211
          ],
          [
            18.30189,
            58.950267
          ],
          [
            18.301818,
            58.950263
          ],
          [
            18.301763,
            58.950284
          ],
          [
            18.301721,
            58.950335
          ],
          [
            18.301676,
            58.950354
          ],
          [
            18.30166,
            58.95033
          ],
          [
            18.301621,
            58.950341
          ],
          [
            18.301587,
            58.950364
          ],
          [
            18.301533,
            58.950473
          ],
          [
            18.30145,
            58.950503
          ],
          [
            18.30135,
            58.950574
          ],
          [
            18.301371,
            58.950627
          ],
          [
            18.301359,
            58.950798
          ],
          [
            18.301283,
            58.95094
          ],
          [
            18.301285,
            58.951016
          ],
          [
            18.301238,
            58.951135
          ],
          [
            18.301221,
            58.951167
          ],
          [
            18.301186,
            58.951186
          ],
          [
            18.301202,
            58.95122
          ],
          [
            18.301193,
            58.951271
          ],
          [
            18.301142,
            58.951346
          ],
          [
            18.30099,
            58.951454
          ],
          [
            18.300996,
            58.95148
          ],
          [
            18.300908,
            58.951542
          ],
          [
            18.30082,
            58.951575
          ],
          [
            18.300797,
            58.951598
          ],
          [
            18.300796,
            58.951649
          ],
          [
            18.300738,
            58.951698
          ],
          [
            18.300681,
            58.951715
          ],
          [
            18.300654,
            58.951735
          ],
          [
            18.300685,
            58.951803
          ],
          [
            18.300664,
            58.95183
          ],
          [
            18.300739,
            58.951932
          ],
          [
            18.300821,
            58.951955
          ],
          [
            18.300967,
            58.951957
          ],
          [
            18.301018,
            58.952005
          ],
          [
            18.301165,
            58.952033
          ],
          [
            18.301173,
            58.952061
          ],
          [
            18.301206,
            58.952089
          ],
          [
            18.301324,
            58.9521
          ],
          [
            18.301413,
            58.95213
          ],
          [
            18.30153,
            58.952193
          ],
          [
            18.301585,
            58.952269
          ],
          [
            18.301658,
            58.952278
          ],
          [
            18.301663,
            58.952307
          ],
          [
            18.301713,
            58.952348
          ],
          [
            18.301772,
            58.952356
          ],
          [
            18.301824,
            58.952351
          ],
          [
            18.301874,
            58.952364
          ],
          [
            18.30193,
            58.952363
          ],
          [
            18.301973,
            58.952349
          ],
          [
            18.301936,
            58.952371
          ],
          [
            18.301992,
            58.952369
          ],
          [
            18.301993,
            58.952392
          ],
          [
            18.302032,
            58.952406
          ],
          [
            18.302053,
            58.952429
          ],
          [
            18.302201,
            58.952467
          ],
          [
            18.302272,
            58.952594
          ],
          [
            18.302418,
            58.952627
          ],
          [
            18.302497,
            58.952669
          ],
          [
            18.302542,
            58.952679
          ],
          [
            18.302534,
            58.95272
          ],
          [
            18.302564,
            58.952746
          ],
          [
            18.302699,
            58.952803
          ],
          [
            18.302764,
            58.952894
          ],
          [
            18.302801,
            58.952918
          ],
          [
            18.302794,
            58.952953
          ],
          [
            18.302848,
            58.952982
          ],
          [
            18.302948,
            58.95297
          ],
          [
            18.303047,
            58.952981
          ],
          [
            18.30318,
            58.953025
          ],
          [
            18.303352,
            58.953047
          ],
          [
            18.303425,
            58.953076
          ],
          [
            18.304021,
            58.953182
          ],
          [
            18.30415,
            58.95319
          ],
          [
            18.304259,
            58.953212
          ],
          [
            18.304317,
            58.95321
          ],
          [
            18.304478,
            58.953237
          ],
          [
            18.304702,
            58.953241
          ],
          [
            18.304805,
            58.953262
          ],
          [
            18.304902,
            58.953259
          ],
          [
            18.305062,
            58.953306
          ],
          [
            18.305169,
            58.953318
          ],
          [
            18.3052,
            58.953337
          ],
          [
            18.30538,
            58.953372
          ],
          [
            18.305428,
            58.953399
          ],
          [
            18.305587,
            58.953438
          ],
          [
            18.305824,
            58.953482
          ],
          [
            18.305859,
            58.953503
          ],
          [
            18.306034,
            58.953515
          ],
          [
            18.306088,
            58.953537
          ],
          [
            18.306285,
            58.953582
          ],
          [
            18.306469,
            58.953608
          ],
          [
            18.306562,
            58.95361
          ],
          [
            18.306675,
            58.953668
          ],
          [
            18.306818,
            58.953662
          ],
          [
            18.306852,
            58.953678
          ],
          [
            18.307016,
            58.953712
          ],
          [
            18.307249,
            58.953717
          ],
          [
            18.307401,
            58.953753
          ],
          [
            18.307843,
            58.9538
          ],
          [
            18.307988,
            58.953828
          ],
          [
            18.308133,
            58.953782
          ],
          [
            18.308232,
            58.953657
          ],
          [
            18.308227,
            58.953624
          ],
          [
            18.308413,
            58.953545
          ],
          [
            18.308432,
            58.953519
          ],
          [
            18.308423,
            58.953455
          ],
          [
            18.308414,
            58.953416
          ],
          [
            18.308381,
            58.9534
          ],
          [
            18.308517,
            58.953252
          ],
          [
            18.308576,
            58.953249
          ],
          [
            18.308616,
            58.953234
          ],
          [
            18.308592,
            58.953213
          ],
          [
            18.30863,
            58.953156
          ],
          [
            18.308694,
            58.953118
          ],
          [
            18.308738,
            58.953113
          ],
          [
            18.308793,
            58.953067
          ],
          [
            18.308847,
            58.953063
          ],
          [
            18.308915,
            58.953081
          ],
          [
            18.309013,
            58.953054
          ],
          [
            18.309073,
            58.953013
          ],
          [
            18.309262,
            58.952971
          ],
          [
            18.309274,
            58.952945
          ],
          [
            18.309311,
            58.952926
          ],
          [
            18.309415,
            58.952901
          ],
          [
            18.309503,
            58.952862
          ],
          [
            18.309552,
            58.952862
          ],
          [
            18.309699,
            58.952939
          ],
          [
            18.309848,
            58.952971
          ],
          [
            18.31022,
            58.952899
          ],
          [
            18.310264,
            58.952883
          ],
          [
            18.310233,
            58.952903
          ],
          [
            18.310305,
            58.952872
          ],
          [
            18.310558,
            58.952898
          ],
          [
            18.310659,
            58.952929
          ],
          [
            18.310843,
            58.952933
          ],
          [
            18.310891,
            58.952925
          ],
          [
            18.311053,
            58.952948
          ],
          [
            18.311114,
            58.952939
          ],
          [
            18.31121,
            58.952941
          ],
          [
            18.311361,
            58.952961
          ],
          [
            18.311413,
            58.952958
          ],
          [
            18.311406,
            58.952984
          ],
          [
            18.311452,
            58.952999
          ],
          [
            18.311585,
            58.95295
          ],
          [
            18.311682,
            58.952977
          ],
          [
            18.311922,
            58.952943
          ],
          [
            18.312298,
            58.952916
          ],
          [
            18.312479,
            58.952887
          ],
          [
            18.312747,
            58.952895
          ],
          [
            18.313224,
            58.952832
          ],
          [
            18.313329,
            58.952861
          ],
          [
            18.313574,
            58.952875
          ],
          [
            18.313616,
            58.952885
          ],
          [
            18.313684,
            58.952927
          ],
          [
            18.313892,
            58.952948
          ],
          [
            18.314108,
            58.952938
          ],
          [
            18.314253,
            58.952958
          ],
          [
            18.314314,
            58.952954
          ],
          [
            18.314361,
            58.952972
          ],
          [
            18.314408,
            58.952976
          ],
          [
            18.31451,
            58.952946
          ],
          [
            18.314729,
            58.952923
          ],
          [
            18.314821,
            58.952952
          ],
          [
            18.315028,
            58.952952
          ],
          [
            18.315202,
            58.953005
          ],
          [
            18.315353,
            58.953025
          ],
          [
            18.315401,
            58.953048
          ],
          [
            18.315447,
            58.953092
          ],
          [
            18.315417,
            58.953117
          ],
          [
            18.31543,
            58.953144
          ],
          [
            18.315468,
            58.953158
          ],
          [
            18.315564,
            58.953135
          ],
          [
            18.315717,
            58.953165
          ],
          [
            18.315765,
            58.953184
          ],
          [
            18.316132,
            58.953233
          ],
          [
            18.3162,
            58.953312
          ],
          [
            18.316241,
            58.953335
          ],
          [
            18.316287,
            58.953349
          ],
          [
            18.31634,
            58.953342
          ],
          [
            18.316385,
            58.953359
          ],
          [
            18.3164,
            58.953383
          ],
          [
            18.316468,
            58.953389
          ],
          [
            18.316522,
            58.95341
          ],
          [
            18.316581,
            58.9534
          ],
          [
            18.316691,
            58.953407
          ],
          [
            18.316785,
            58.953425
          ],
          [
            18.316848,
            58.953414
          ],
          [
            18.316909,
            58.953427
          ],
          [
            18.316948,
            58.953396
          ],
          [
            18.316992,
            58.953409
          ],
          [
            18.317008,
            58.953441
          ],
          [
            18.317153,
            58.953415
          ],
          [
            18.31717,
            58.953485
          ],
          [
            18.317212,
            58.9535
          ],
          [
            18.317259,
            58.9535
          ],
          [
            18.31735,
            58.953477
          ],
          [
            18.317374,
            58.953445
          ],
          [
            18.317415,
            58.953426
          ],
          [
            18.31751,
            58.953426
          ],
          [
            18.317522,
            58.953461
          ],
          [
            18.317669,
            58.953452
          ],
          [
            18.317793,
            58.953447
          ],
          [
            18.317821,
            58.953464
          ],
          [
            18.317777,
            58.95346
          ],
          [
            18.31787,
            58.953445
          ],
          [
            18.318042,
            58.953442
          ],
          [
            18.318091,
            58.953423
          ],
          [
            18.31814,
            58.953367
          ],
          [
            18.318191,
            58.953341
          ],
          [
            18.318321,
            58.953308
          ],
          [
            18.318405,
            58.953267
          ],
          [
            18.318454,
            58.95327
          ],
          [
            18.318557,
            58.953222
          ],
          [
            18.318989,
            58.953212
          ],
          [
            18.319093,
            58.953224
          ],
          [
            18.319156,
            58.953259
          ],
          [
            18.319201,
            58.953241
          ],
          [
            18.319245,
            58.953237
          ],
          [
            18.319372,
            58.953286
          ],
          [
            18.31955,
            58.953285
          ],
          [
            18.319613,
            58.953302
          ],
          [
            18.319627,
            58.953326
          ],
          [
            18.319755,
            58.953366
          ],
          [
            18.319804,
            58.953405
          ],
          [
            18.319904,
            58.953439
          ],
          [
            18.319955,
            58.953485
          ],
          [
            18.319962,
            58.953516
          ],
          [
            18.320029,
            58.953534
          ],
          [
            18.320064,
            58.95356
          ],
          [
            18.320153,
            58.953577
          ],
          [
            18.320201,
            58.953557
          ],
          [
            18.32027,
            58.953547
          ],
          [
            18.32028,
            58.953518
          ],
          [
            18.320392,
            58.953457
          ],
          [
            18.320553,
            58.953461
          ],
          [
            18.320599,
            58.953453
          ],
          [
            18.320763,
            58.953466
          ],
          [
            18.320983,
            58.953406
          ],
          [
            18.321006,
            58.953384
          ],
          [
            18.321091,
            58.953352
          ],
          [
            18.321088,
            58.953322
          ],
          [
            18.321055,
            58.953302
          ],
          [
            18.321105,
            58.953287
          ],
          [
            18.321096,
            58.953263
          ],
          [
            18.321223,
            58.95321
          ],
          [
            18.321246,
            58.953231
          ],
          [
            18.321187,
            58.95327
          ],
          [
            18.321185,
            58.953247
          ],
          [
            18.321235,
            58.953224
          ],
          [
            18.321281,
            58.953219
          ],
          [
            18.321345,
            58.953211
          ],
          [
            18.321427,
            58.953176
          ],
          [
            18.321555,
            58.953158
          ],
          [
            18.32162,
            58.953139
          ],
          [
            18.32164,
            58.953144
          ],
          [
            18.321673,
            58.95316
          ],
          [
            18.321734,
            58.953171
          ],
          [
            18.321844,
            58.953163
          ],
          [
            18.321897,
            58.95317
          ],
          [
            18.321949,
            58.953163
          ],
          [
            18.32205,
            58.953165
          ],
          [
            18.322101,
            58.953156
          ],
          [
            18.322162,
            58.953206
          ],
          [
            18.322218,
            58.953217
          ],
          [
            18.322344,
            58.953264
          ],
          [
            18.322401,
            58.953252
          ],
          [
            18.322483,
            58.953215
          ],
          [
            18.322629,
            58.953256
          ],
          [
            18.322738,
            58.953267
          ],
          [
            18.322873,
            58.953246
          ],
          [
            18.322975,
            58.953255
          ],
          [
            18.323018,
            58.953238
          ],
          [
            18.323098,
            58.953303
          ],
          [
            18.323196,
            58.953306
          ],
          [
            18.323161,
            58.953322
          ],
          [
            18.323159,
            58.95337
          ],
          [
            18.323223,
            58.953414
          ],
          [
            18.323349,
            58.953428
          ],
          [
            18.323378,
            58.953452
          ],
          [
            18.323376,
            58.953505
          ],
          [
            18.323415,
            58.953531
          ],
          [
            18.323577,
            58.953564
          ],
          [
            18.323621,
            58.953589
          ],
          [
            18.323667,
            58.953595
          ],
          [
            18.323775,
            58.953579
          ],
          [
            18.323846,
            58.953576
          ],
          [
            18.323972,
            58.95359
          ],
          [
            18.324035,
            58.953578
          ],
          [
            18.324104,
            58.953532
          ],
          [
            18.324146,
            58.95354
          ],
          [
            18.324197,
            58.953531
          ],
          [
            18.324206,
            58.953482
          ],
          [
            18.324333,
            58.953487
          ],
          [
            18.32453,
            58.953432
          ],
          [
            18.324587,
            58.953428
          ],
          [
            18.324635,
            58.953442
          ],
          [
            18.324748,
            58.953411
          ],
          [
            18.324858,
            58.953394
          ],
          [
            18.324901,
            58.953377
          ],
          [
            18.324924,
            58.953354
          ],
          [
            18.324977,
            58.953345
          ],
          [
            18.325056,
            58.953316
          ],
          [
            18.325075,
            58.953295
          ],
          [
            18.325257,
            58.953246
          ],
          [
            18.325321,
            58.953245
          ],
          [
            18.325364,
            58.953259
          ],
          [
            18.325432,
            58.953257
          ],
          [
            18.325569,
            58.953276
          ],
          [
            18.325636,
            58.953262
          ],
          [
            18.325684,
            58.953223
          ],
          [
            18.325768,
            58.953203
          ],
          [
            18.325802,
            58.95318
          ],
          [
            18.325748,
            58.953176
          ],
          [
            18.325734,
            58.953152
          ],
          [
            18.326031,
            58.953115
          ],
          [
            18.326055,
            58.953093
          ],
          [
            18.326146,
            58.953078
          ],
          [
            18.326234,
            58.95311
          ],
          [
            18.326262,
            58.953136
          ],
          [
            18.326315,
            58.953138
          ],
          [
            18.3264,
            58.953168
          ],
          [
            18.326386,
            58.953191
          ],
          [
            18.326417,
            58.953207
          ],
          [
            18.326389,
            58.953187
          ],
          [
            18.326435,
            58.95318
          ],
          [
            18.326516,
            58.953229
          ],
          [
            18.326562,
            58.953231
          ],
          [
            18.326599,
            58.953215
          ],
          [
            18.326652,
            58.953217
          ],
          [
            18.326686,
            58.953231
          ],
          [
            18.326763,
            58.953203
          ],
          [
            18.326816,
            58.953212
          ],
          [
            18.326882,
            58.953226
          ],
          [
            18.326879,
            58.953276
          ],
          [
            18.326907,
            58.953294
          ],
          [
            18.326916,
            58.953318
          ],
          [
            18.327011,
            58.953347
          ],
          [
            18.327027,
            58.953318
          ],
          [
            18.327086,
            58.953321
          ],
          [
            18.327129,
            58.95334
          ],
          [
            18.3272,
            58.953447
          ],
          [
            18.327246,
            58.953492
          ],
          [
            18.327315,
            58.953535
          ],
          [
            18.32741,
            58.953563
          ],
          [
            18.327538,
            58.953649
          ],
          [
            18.327629,
            58.953687
          ],
          [
            18.327673,
            58.953676
          ],
          [
            18.327771,
            58.953675
          ],
          [
            18.327792,
            58.953701
          ],
          [
            18.327799,
            58.953753
          ],
          [
            18.327877,
            58.953756
          ],
          [
            18.328,
            58.953816
          ],
          [
            18.328017,
            58.953837
          ],
          [
            18.328001,
            58.95386
          ],
          [
            18.327877,
            58.953908
          ],
          [
            18.327894,
            58.95396
          ],
          [
            18.327854,
            58.954012
          ],
          [
            18.327728,
            58.954061
          ],
          [
            18.327701,
            58.954087
          ],
          [
            18.327652,
            58.954103
          ],
          [
            18.32756,
            58.954113
          ],
          [
            18.327554,
            58.954088
          ],
          [
            18.327601,
            58.954092
          ],
          [
            18.327562,
            58.954118
          ],
          [
            18.327605,
            58.954111
          ],
          [
            18.327562,
            58.954116
          ],
          [
            18.32754,
            58.954137
          ],
          [
            18.327582,
            58.954125
          ],
          [
            18.327575,
            58.954098
          ],
          [
            18.327567,
            58.954124
          ],
          [
            18.327596,
            58.954088
          ],
          [
            18.327625,
            58.954106
          ],
          [
            18.327577,
            58.954102
          ],
          [
            18.32746,
            58.95411
          ],
          [
            18.327422,
            58.954126
          ],
          [
            18.327374,
            58.954129
          ],
          [
            18.327334,
            58.954119
          ],
          [
            18.32728,
            58.954123
          ],
          [
            18.327189,
            58.954156
          ],
          [
            18.327124,
            58.954194
          ],
          [
            18.327068,
            58.954203
          ],
          [
            18.327019,
            58.954226
          ],
          [
            18.326977,
            58.954269
          ],
          [
            18.326887,
            58.954288
          ],
          [
            18.326849,
            58.95431
          ],
          [
            18.326842,
            58.954337
          ],
          [
            18.326787,
            58.954379
          ],
          [
            18.326745,
            58.954396
          ],
          [
            18.32668,
            58.954455
          ],
          [
            18.326687,
            58.954485
          ],
          [
            18.326602,
            58.954524
          ],
          [
            18.326514,
            58.954598
          ],
          [
            18.326418,
            58.954712
          ],
          [
            18.326407,
            58.954734
          ],
          [
            18.326439,
            58.954783
          ],
          [
            18.326463,
            58.954875
          ],
          [
            18.326526,
            58.954921
          ],
          [
            18.32657,
            58.954982
          ],
          [
            18.326616,
            58.954996
          ],
          [
            18.326643,
            58.954972
          ],
          [
            18.326726,
            58.955012
          ],
          [
            18.326764,
            58.95506
          ],
          [
            18.32685,
            58.955084
          ],
          [
            18.326875,
            58.955137
          ],
          [
            18.32691,
            58.955156
          ],
          [
            18.326954,
            58.955158
          ],
          [
            18.326975,
            58.955179
          ],
          [
            18.327027,
            58.955186
          ],
          [
            18.327042,
            58.955215
          ],
          [
            18.327093,
            58.955218
          ],
          [
            18.327153,
            58.955261
          ],
          [
            18.327255,
            58.955374
          ],
          [
            18.327279,
            58.955429
          ],
          [
            18.327311,
            58.955447
          ],
          [
            18.327392,
            58.955489
          ],
          [
            18.327435,
            58.955483
          ],
          [
            18.32751,
            58.955488
          ],
          [
            18.327551,
            58.9555
          ],
          [
            18.327565,
            58.955526
          ],
          [
            18.327659,
            58.955577
          ],
          [
            18.327681,
            58.955603
          ],
          [
            18.327786,
            58.955617
          ],
          [
            18.327831,
            58.955724
          ],
          [
            18.327825,
            58.955759
          ],
          [
            18.327925,
            58.955927
          ],
          [
            18.328016,
            58.955953
          ],
          [
            18.328118,
            58.955964
          ],
          [
            18.328236,
            58.956047
          ],
          [
            18.328323,
            58.956081
          ],
          [
            18.328383,
            58.956095
          ],
          [
            18.328445,
            58.956092
          ],
          [
            18.328492,
            58.95608
          ],
          [
            18.3286,
            58.956091
          ],
          [
            18.328764,
            58.956153
          ],
          [
            18.328812,
            58.956152
          ],
          [
            18.328858,
            58.956169
          ],
          [
            18.329092,
            58.956282
          ],
          [
            18.329271,
            58.956296
          ],
          [
            18.329351,
            58.956339
          ],
          [
            18.329387,
            58.956326
          ],
          [
            18.329417,
            58.956348
          ],
          [
            18.329409,
            58.956374
          ],
          [
            18.329357,
            58.956427
          ],
          [
            18.329362,
            58.956488
          ],
          [
            18.329388,
            58.956523
          ],
          [
            18.329512,
            58.956559
          ],
          [
            18.329494,
            58.956593
          ],
          [
            18.329498,
            58.956646
          ],
          [
            18.329622,
            58.956736
          ],
          [
            18.32971,
            58.95677
          ],
          [
            18.329763,
            58.956807
          ],
          [
            18.329775,
            58.956834
          ],
          [
            18.329765,
            58.956865
          ],
          [
            18.329725,
            58.956884
          ],
          [
            18.32974,
            58.956908
          ],
          [
            18.329869,
            58.956974
          ],
          [
            18.32993,
            58.957058
          ],
          [
            18.329973,
            58.957068
          ],
          [
            18.329994,
            58.95709
          ],
          [
            18.329978,
            58.957116
          ],
          [
            18.329987,
            58.957141
          ],
          [
            18.330042,
            58.957192
          ],
          [
            18.330107,
            58.95733
          ],
          [
            18.330113,
            58.957387
          ],
          [
            18.33018,
            58.957485
          ],
          [
            18.330239,
            58.957491
          ],
          [
            18.330242,
            58.957517
          ],
          [
            18.330301,
            58.957594
          ],
          [
            18.330355,
            58.957609
          ],
          [
            18.330412,
            58.957605
          ],
          [
            18.330524,
            58.957619
          ],
          [
            18.330579,
            58.957604
          ],
          [
            18.330661,
            58.95756
          ],
          [
            18.33072,
            58.957514
          ],
          [
            18.330772,
            58.957525
          ],
          [
            18.330809,
            58.957499
          ],
          [
            18.330865,
            58.957487
          ],
          [
            18.331048,
            58.957482
          ],
          [
            18.331114,
            58.95747
          ],
          [
            18.331159,
            58.957478
          ],
          [
            18.331221,
            58.957464
          ],
          [
            18.331312,
            58.95743
          ],
          [
            18.331406,
            58.957354
          ],
          [
            18.331519,
            58.957346
          ],
          [
            18.331616,
            58.957313
          ],
          [
            18.331722,
            58.957295
          ],
          [
            18.331775,
            58.957307
          ],
          [
            18.33182,
            58.957307
          ],
          [
            18.331867,
            58.957326
          ],
          [
            18.3319,
            58.957303
          ],
          [
            18.331943,
            58.957295
          ],
          [
            18.332018,
            58.957343
          ],
          [
            18.332027,
            58.957368
          ],
          [
            18.332094,
            58.957414
          ],
          [
            18.332146,
            58.957423
          ],
          [
            18.332204,
            58.957415
          ],
          [
            18.332259,
            58.95742
          ],
          [
            18.332298,
            58.957442
          ],
          [
            18.332248,
            58.957442
          ],
          [
            18.332233,
            58.957464
          ],
          [
            18.33227,
            58.957478
          ],
          [
            18.332301,
            58.957556
          ],
          [
            18.332228,
            58.957583
          ],
          [
            18.332263,
            58.957608
          ],
          [
            18.332461,
            58.957654
          ],
          [
            18.332518,
            58.957637
          ],
          [
            18.332555,
            58.957611
          ],
          [
            18.332621,
            58.957587
          ],
          [
            18.332647,
            58.95756
          ],
          [
            18.332715,
            58.957565
          ],
          [
            18.332852,
            58.957624
          ],
          [
            18.333001,
            58.957649
          ],
          [
            18.333022,
            58.957669
          ],
          [
            18.333228,
            58.957639
          ],
          [
            18.33328,
            58.957645
          ],
          [
            18.333416,
            58.957597
          ],
          [
            18.333447,
            58.957575
          ],
          [
            18.333452,
            58.957514
          ],
          [
            18.333471,
            58.957484
          ],
          [
            18.333542,
            58.957455
          ],
          [
            18.333514,
            58.957477
          ],
          [
            18.333599,
            58.957411
          ],
          [
            18.333667,
            58.957429
          ],
          [
            18.333725,
            58.957424
          ],
          [
            18.333802,
            58.957387
          ],
          [
            18.333907,
            58.957374
          ],
          [
            18.334006,
            58.957383
          ],
          [
            18.334183,
            58.957337
          ],
          [
            18.33423,
            58.957349
          ],
          [
            18.334278,
            58.957347
          ],
          [
            18.334322,
            58.957366
          ],
          [
            18.33433,
            58.957448
          ],
          [
            18.334354,
            58.957493
          ],
          [
            18.334312,
            58.957517
          ],
          [
            18.334361,
            58.957534
          ],
          [
            18.334469,
            58.957536
          ],
          [
            18.33452,
            58.957546
          ],
          [
            18.334559,
            58.957565
          ],
          [
            18.334613,
            58.957563
          ],
          [
            18.334662,
            58.957581
          ],
          [
            18.33477,
            58.957587
          ],
          [
            18.334831,
            58.957632
          ],
          [
            18.334858,
            58.957611
          ],
          [
            18.334893,
            58.957498
          ],
          [
            18.33497,
            58.95746
          ],
          [
            18.334972,
            58.957401
          ],
          [
            18.335015,
            58.957386
          ],
          [
            18.335079,
            58.957342
          ],
          [
            18.335326,
            58.95731
          ],
          [
            18.335382,
            58.957309
          ],
          [
            18.335436,
            58.957322
          ],
          [
            18.335468,
            58.95735
          ],
          [
            18.335507,
            58.957363
          ],
          [
            18.335498,
            58.957391
          ],
          [
            18.335525,
            58.95742
          ],
          [
            18.335499,
            58.957449
          ],
          [
            18.335584,
            58.957463
          ],
          [
            18.335592,
            58.957493
          ],
          [
            18.335683,
            58.957515
          ],
          [
            18.335643,
            58.957493
          ],
          [
            18.335665,
            58.957516
          ],
          [
            18.33561,
            58.957588
          ],
          [
            18.335623,
            58.957611
          ],
          [
            18.335656,
            58.95763
          ],
          [
            18.335658,
            58.957653
          ],
          [
            18.335707,
            58.957695
          ],
          [
            18.335717,
            58.957724
          ],
          [
            18.335744,
            58.957746
          ],
          [
            18.335795,
            58.957758
          ],
          [
            18.335809,
            58.957785
          ],
          [
            18.335937,
            58.957837
          ],
          [
            18.335895,
            58.957863
          ],
          [
            18.33589,
            58.957888
          ],
          [
            18.335924,
            58.957912
          ],
          [
            18.336077,
            58.957969
          ],
          [
            18.336073,
            58.957996
          ],
          [
            18.336091,
            58.958023
          ],
          [
            18.336143,
            58.958029
          ],
          [
            18.336242,
            58.958052
          ],
          [
            18.336277,
            58.95807
          ],
          [
            18.33633,
            58.958073
          ],
          [
            18.336376,
            58.958087
          ],
          [
            18.336522,
            58.958085
          ],
          [
            18.336568,
            58.958098
          ],
          [
            18.336603,
            58.958127
          ],
          [
            18.336644,
            58.958143
          ],
          [
            18.336734,
            58.958153
          ],
          [
            18.336782,
            58.958167
          ],
          [
            18.336775,
            58.958222
          ],
          [
            18.336802,
            58.958252
          ],
          [
            18.337053,
            58.958309
          ],
          [
            18.337004,
            58.958359
          ],
          [
            18.336815,
            58.958401
          ],
          [
            18.336749,
            58.958402
          ],
          [
            18.336699,
            58.958448
          ],
          [
            18.336682,
            58.958471
          ],
          [
            18.336719,
            58.95859
          ],
          [
            18.336611,
            58.958657
          ],
          [
            18.336612,
            58.958717
          ],
          [
            18.336597,
            58.958744
          ],
          [
            18.336494,
            58.958839
          ],
          [
            18.336433,
            58.958839
          ],
          [
            18.336393,
            58.958826
          ],
          [
            18.336106,
            58.958662
          ],
          [
            18.336055,
            58.958673
          ],
          [
            18.336001,
            58.958658
          ],
          [
            18.335898,
            58.958596
          ],
          [
            18.335805,
            58.958564
          ],
          [
            18.335753,
            58.958558
          ],
          [
            18.335732,
            58.958537
          ],
          [
            18.335642,
            58.958505
          ],
          [
            18.335587,
            58.958493
          ],
          [
            18.335512,
            58.958505
          ],
          [
            18.3354,
            58.958503
          ],
          [
            18.335063,
            58.958402
          ],
          [
            18.334954,
            58.958395
          ],
          [
            18.334863,
            58.958317
          ],
          [
            18.334805,
            58.958308
          ],
          [
            18.334772,
            58.958284
          ],
          [
            18.334662,
            58.95826
          ],
          [
            18.334636,
            58.958241
          ],
          [
            18.334535,
            58.958211
          ],
          [
            18.334479,
            58.958176
          ],
          [
            18.3344,
            58.958174
          ],
          [
            18.334268,
            58.958195
          ],
          [
            18.334036,
            58.958161
          ],
          [
            18.333825,
            58.958191
          ],
          [
            18.33369,
            58.958158
          ],
          [
            18.333459,
            58.958154
          ],
          [
            18.333401,
            58.958146
          ],
          [
            18.333363,
            58.958129
          ],
          [
            18.333296,
            58.958131
          ],
          [
            18.333227,
            58.958179
          ],
          [
            18.333173,
            58.958192
          ],
          [
            18.333118,
            58.958184
          ],
          [
            18.333011,
            58.95819
          ],
          [
            18.332834,
            58.958169
          ],
          [
            18.332733,
            58.958188
          ],
          [
            18.332683,
            58.958187
          ],
          [
            18.332596,
            58.958155
          ],
          [
            18.332476,
            58.958147
          ],
          [
            18.332436,
            58.958162
          ],
          [
            18.332315,
            58.958183
          ],
          [
            18.33205,
            58.958156
          ],
          [
            18.331934,
            58.958202
          ],
          [
            18.331917,
            58.958233
          ],
          [
            18.331932,
            58.958256
          ],
          [
            18.331929,
            58.958311
          ],
          [
            18.331685,
            58.958441
          ],
          [
            18.331664,
            58.958461
          ],
          [
            18.331728,
            58.958541
          ],
          [
            18.331614,
            58.958666
          ],
          [
            18.33161,
            58.958703
          ],
          [
            18.331616,
            58.958734
          ],
          [
            18.331666,
            58.958753
          ],
          [
            18.33165,
            58.958795
          ],
          [
            18.331663,
            58.95886
          ],
          [
            18.331627,
            58.958918
          ],
          [
            18.331624,
            58.958987
          ],
          [
            18.331653,
            58.959021
          ],
          [
            18.331682,
            58.959054
          ],
          [
            18.331678,
            58.959084
          ],
          [
            18.331755,
            58.9591
          ],
          [
            18.331701,
            58.959092
          ],
          [
            18.331794,
            58.959115
          ],
          [
            18.331904,
            58.95912
          ],
          [
            18.331956,
            58.959131
          ],
          [
            18.332009,
            58.959124
          ],
          [
            18.332057,
            58.959134
          ],
          [
            18.332139,
            58.959159
          ],
          [
            18.332225,
            58.959202
          ],
          [
            18.332273,
            58.959248
          ],
          [
            18.332272,
            58.959274
          ],
          [
            18.33248,
            58.959289
          ],
          [
            18.332547,
            58.959323
          ],
          [
            18.332706,
            58.95933
          ],
          [
            18.332813,
            58.959361
          ],
          [
            18.332989,
            58.959376
          ],
          [
            18.333148,
            58.959377
          ],
          [
            18.333191,
            58.959392
          ],
          [
            18.333265,
            58.959424
          ],
          [
            18.333261,
            58.959453
          ],
          [
            18.333325,
            58.959497
          ],
          [
            18.333617,
            58.95957
          ],
          [
            18.333679,
            58.959622
          ],
          [
            18.333845,
            58.95967
          ],
          [
            18.333894,
            58.959733
          ],
          [
            18.333902,
            58.959758
          ],
          [
            18.333987,
            58.959823
          ],
          [
            18.334007,
            58.959884
          ],
          [
            18.334054,
            58.959895
          ],
          [
            18.334115,
            58.959897
          ],
          [
            18.334083,
            58.959915
          ],
          [
            18.334114,
            58.959943
          ],
          [
            18.334408,
            58.959987
          ],
          [
            18.334517,
            58.960045
          ],
          [
            18.334711,
            58.960089
          ],
          [
            18.334712,
            58.960112
          ],
          [
            18.334664,
            58.960104
          ],
          [
            18.33471,
            58.960094
          ],
          [
            18.334768,
            58.960101
          ],
          [
            18.33485,
            58.960132
          ],
          [
            18.334908,
            58.960132
          ],
          [
            18.334957,
            58.960142
          ],
          [
            18.334998,
            58.960211
          ],
          [
            18.335039,
            58.960228
          ],
          [
            18.335094,
            58.960235
          ],
          [
            18.335187,
            58.960215
          ],
          [
            18.335304,
            58.960235
          ],
          [
            18.335419,
            58.960289
          ],
          [
            18.335373,
            58.960309
          ],
          [
            18.335469,
            58.960372
          ],
          [
            18.335461,
            58.9604
          ],
          [
            18.335501,
            58.960414
          ],
          [
            18.33554,
            58.960404
          ],
          [
            18.335526,
            58.960445
          ],
          [
            18.335581,
            58.960492
          ],
          [
            18.335619,
            58.960505
          ],
          [
            18.335787,
            58.960522
          ],
          [
            18.335832,
            58.960545
          ],
          [
            18.335895,
            58.960561
          ],
          [
            18.335947,
            58.960562
          ],
          [
            18.335965,
            58.960585
          ],
          [
            18.336016,
            58.960605
          ],
          [
            18.336148,
            58.960652
          ],
          [
            18.336278,
            58.960686
          ],
          [
            18.336332,
            58.960727
          ],
          [
            18.3364,
            58.960749
          ],
          [
            18.336455,
            58.960796
          ],
          [
            18.336548,
            58.960828
          ],
          [
            18.336555,
            58.960855
          ],
          [
            18.336604,
            58.960896
          ],
          [
            18.336642,
            58.960889
          ],
          [
            18.336607,
            58.960892
          ],
          [
            18.336636,
            58.960941
          ],
          [
            18.336748,
            58.960982
          ],
          [
            18.336846,
            58.961107
          ],
          [
            18.337232,
            58.960952
          ],
          [
            18.337499,
            58.96097
          ],
          [
            18.337582,
            58.960949
          ],
          [
            18.337661,
            58.960999
          ],
          [
            18.338039,
            58.961092
          ],
          [
            18.33845,
            58.961027
          ],
          [
            18.338565,
            58.961029
          ],
          [
            18.338656,
            58.961001
          ],
          [
            18.338701,
            58.961014
          ],
          [
            18.338689,
            58.961042
          ],
          [
            18.338815,
            58.961081
          ],
          [
            18.339102,
            58.960984
          ],
          [
            18.3392,
            58.960806
          ],
          [
            18.339399,
            58.960714
          ],
          [
            18.339472,
            58.960596
          ],
          [
            18.339597,
            58.960489
          ],
          [
            18.33969,
            58.960476
          ],
          [
            18.340223,
            58.960505
          ],
          [
            18.340596,
            58.960647
          ],
          [
            18.340908,
            58.960699
          ],
          [
            18.340836,
            58.960708
          ],
          [
            18.340808,
            58.96069
          ],
          [
            18.340853,
            58.960705
          ],
          [
            18.340938,
            58.960745
          ],
          [
            18.341106,
            58.960721
          ],
          [
            18.341194,
            58.960741
          ],
          [
            18.341171,
            58.960766
          ],
          [
            18.341227,
            58.960756
          ],
          [
            18.341239,
            58.960779
          ],
          [
            18.341485,
            58.960798
          ],
          [
            18.341623,
            58.960842
          ],
          [
            18.342116,
            58.960789
          ],
          [
            18.342194,
            58.96083
          ],
          [
            18.342488,
            58.960846
          ],
          [
            18.343043,
            58.96099
          ],
          [
            18.34343,
            58.961055
          ],
          [
            18.343511,
            58.961114
          ],
          [
            18.343763,
            58.961198
          ],
          [
            18.344101,
            58.961183
          ],
          [
            18.344305,
            58.961201
          ],
          [
            18.344364,
            58.961326
          ],
          [
            18.344574,
            58.961368
          ],
          [
            18.344759,
            58.961485
          ],
          [
            18.345016,
            58.961524
          ],
          [
            18.345135,
            58.961585
          ],
          [
            18.345201,
            58.961665
          ],
          [
            18.34526,
            58.961676
          ],
          [
            18.345272,
            58.961755
          ],
          [
            18.345295,
            58.961733
          ],
          [
            18.345527,
            58.961794
          ],
          [
            18.34562,
            58.961886
          ],
          [
            18.345666,
            58.961893
          ],
          [
            18.345636,
            58.961964
          ],
          [
            18.345842,
            58.961993
          ],
          [
            18.345998,
            58.962075
          ],
          [
            18.346143,
            58.9621
          ],
          [
            18.346204,
            58.962145
          ],
          [
            18.346271,
            58.962226
          ],
          [
            18.346255,
            58.962289
          ],
          [
            18.346231,
            58.962315
          ],
          [
            18.346056,
            58.962345
          ],
          [
            18.345761,
            58.962498
          ],
          [
            18.345773,
            58.962582
          ],
          [
            18.345679,
            58.962625
          ],
          [
            18.34568,
            58.962686
          ],
          [
            18.345638,
            58.96271
          ],
          [
            18.345683,
            58.962792
          ],
          [
            18.345926,
            58.962766
          ],
          [
            18.345985,
            58.962693
          ],
          [
            18.346102,
            58.962692
          ],
          [
            18.346391,
            58.962749
          ],
          [
            18.346439,
            58.962864
          ],
          [
            18.346386,
            58.962941
          ],
          [
            18.346428,
            58.962951
          ],
          [
            18.346376,
            58.96296
          ],
          [
            18.346297,
            58.962937
          ],
          [
            18.346363,
            58.962904
          ],
          [
            18.346407,
            58.962918
          ],
          [
            18.346395,
            58.962972
          ],
          [
            18.346579,
            58.963107
          ],
          [
            18.347412,
            58.963365
          ],
          [
            18.347356,
            58.963376
          ],
          [
            18.347325,
            58.963357
          ],
          [
            18.347374,
            58.96338
          ],
          [
            18.347499,
            58.963351
          ],
          [
            18.347531,
            58.963373
          ],
          [
            18.347627,
            58.96336
          ],
          [
            18.347852,
            58.963454
          ],
          [
            18.348059,
            58.963464
          ],
          [
            18.348197,
            58.963517
          ],
          [
            18.348297,
            58.96351
          ],
          [
            18.348388,
            58.963536
          ],
          [
            18.34856,
            58.963483
          ],
          [
            18.348731,
            58.963484
          ],
          [
            18.349019,
            58.963574
          ],
          [
            18.34924,
            58.963686
          ],
          [
            18.349663,
            58.963645
          ],
          [
            18.349734,
            58.963681
          ],
          [
            18.350148,
            58.963706
          ],
          [
            18.350511,
            58.963986
          ],
          [
            18.35061,
            58.964012
          ],
          [
            18.350662,
            58.964109
          ],
          [
            18.35083,
            58.964157
          ],
          [
            18.350896,
            58.964209
          ],
          [
            18.351198,
            58.964285
          ],
          [
            18.351223,
            58.964309
          ],
          [
            18.351518,
            58.964314
          ],
          [
            18.351644,
            58.964389
          ],
          [
            18.351853,
            58.964428
          ],
          [
            18.352155,
            58.964548
          ],
          [
            18.352252,
            58.964546
          ],
          [
            18.352353,
            58.964575
          ],
          [
            18.352387,
            58.96462
          ],
          [
            18.352583,
            58.964627
          ],
          [
            18.352875,
            58.964761
          ],
          [
            18.353034,
            58.964794
          ],
          [
            18.353202,
            58.96489
          ],
          [
            18.353902,
            58.964976
          ],
          [
            18.354089,
            58.965162
          ],
          [
            18.354223,
            58.965212
          ],
          [
            18.354389,
            58.965323
          ],
          [
            18.354495,
            58.965339
          ],
          [
            18.354699,
            58.965457
          ],
          [
            18.354718,
            58.965543
          ],
          [
            18.354855,
            58.965588
          ],
          [
            18.355062,
            58.965609
          ],
          [
            18.355118,
            58.965661
          ],
          [
            18.355217,
            58.965664
          ],
          [
            18.355269,
            58.965712
          ],
          [
            18.355507,
            58.96572
          ],
          [
            18.355529,
            58.96578
          ],
          [
            18.35545,
            58.965847
          ],
          [
            18.355195,
            58.965884
          ],
          [
            18.355265,
            58.965929
          ],
          [
            18.355066,
            58.966007
          ],
          [
            18.355018,
            58.966081
          ],
          [
            18.354988,
            58.966226
          ],
          [
            18.355012,
            58.966249
          ],
          [
            18.35541,
            58.96634
          ],
          [
            18.355423,
            58.966393
          ],
          [
            18.355648,
            58.966395
          ],
          [
            18.355796,
            58.966451
          ],
          [
            18.355992,
            58.966466
          ],
          [
            18.356511,
            58.966741
          ],
          [
            18.356584,
            58.966847
          ],
          [
            18.356671,
            58.96688
          ],
          [
            18.357495,
            58.967101
          ],
          [
            18.357608,
            58.967198
          ],
          [
            18.357992,
            58.967246
          ],
          [
            18.358131,
            58.967293
          ],
          [
            18.358282,
            58.967272
          ],
          [
            18.358578,
            58.967281
          ],
          [
            18.358917,
            58.967244
          ],
          [
            18.359116,
            58.967283
          ],
          [
            18.359238,
            58.967346
          ],
          [
            18.359451,
            58.967399
          ],
          [
            18.359627,
            58.967504
          ],
          [
            18.35982,
            58.967499
          ],
          [
            18.359892,
            58.967461
          ],
          [
            18.360165,
            58.967462
          ],
          [
            18.36033,
            58.967528
          ],
          [
            18.360366,
            58.967577
          ],
          [
            18.36052,
            58.967609
          ],
          [
            18.360541,
            58.967663
          ],
          [
            18.360622,
            58.967715
          ],
          [
            18.360845,
            58.967732
          ],
          [
            18.360856,
            58.967754
          ],
          [
            18.360785,
            58.967803
          ],
          [
            18.360829,
            58.967943
          ],
          [
            18.360746,
            58.968032
          ],
          [
            18.360788,
            58.968119
          ],
          [
            18.360998,
            58.968134
          ],
          [
            18.361296,
            58.968268
          ],
          [
            18.361328,
            58.96834
          ],
          [
            18.361498,
            58.968495
          ],
          [
            18.361592,
            58.968504
          ],
          [
            18.361575,
            58.968481
          ],
          [
            18.36158,
            58.968552
          ],
          [
            18.361446,
            58.968606
          ],
          [
            18.36125,
            58.968638
          ],
          [
            18.36096,
            58.968769
          ],
          [
            18.360793,
            58.96877
          ],
          [
            18.360704,
            58.968802
          ],
          [
            18.360357,
            58.968719
          ],
          [
            18.360205,
            58.968714
          ],
          [
            18.3601,
            58.968739
          ],
          [
            18.359901,
            58.968723
          ],
          [
            18.359847,
            58.96875
          ],
          [
            18.359735,
            58.968753
          ],
          [
            18.359661,
            58.968797
          ],
          [
            18.359613,
            58.968901
          ],
          [
            18.359303,
            58.968933
          ],
          [
            18.359286,
            58.969013
          ],
          [
            18.35918,
            58.969039
          ],
          [
            18.359057,
            58.969026
          ],
          [
            18.358974,
            58.969068
          ],
          [
            18.359009,
            58.969092
          ],
          [
            18.358687,
            58.969154
          ],
          [
            18.358645,
            58.969248
          ],
          [
            18.358586,
            58.969241
          ],
          [
            18.35848,
            58.969273
          ],
          [
            18.358414,
            58.969325
          ],
          [
            18.358391,
            58.969352
          ],
          [
            18.358449,
            58.969398
          ],
          [
            18.358408,
            58.969456
          ],
          [
            18.358348,
            58.969454
          ],
          [
            18.358308,
            58.969508
          ],
          [
            18.358117,
            58.969505
          ],
          [
            18.358088,
            58.96953
          ],
          [
            18.358038,
            58.969671
          ],
          [
            18.357953,
            58.969743
          ],
          [
            18.357858,
            58.969773
          ],
          [
            18.357906,
            58.969855
          ],
          [
            18.357764,
            58.969945
          ],
          [
            18.35777,
            58.969918
          ],
          [
            18.357735,
            58.969947
          ],
          [
            18.357809,
            58.969916
          ],
          [
            18.35778,
            58.969924
          ],
          [
            18.357701,
            58.969965
          ],
          [
            18.357589,
            58.969952
          ],
          [
            18.357524,
            58.969974
          ],
          [
            18.357411,
            58.970155
          ],
          [
            18.357258,
            58.970231
          ],
          [
            18.357114,
            58.970369
          ],
          [
            18.356994,
            58.970408
          ],
          [
            18.357015,
            58.970437
          ],
          [
            18.356936,
            58.970463
          ],
          [
            18.356881,
            58.97057
          ],
          [
            18.356894,
            58.970636
          ],
          [
            18.356941,
            58.970758
          ],
          [
            18.357151,
            58.970805
          ],
          [
            18.357199,
            58.970863
          ],
          [
            18.357305,
            58.970911
          ],
          [
            18.357542,
            58.970977
          ],
          [
            18.357566,
            58.971029
          ],
          [
            18.357539,
            58.971079
          ],
          [
            18.357621,
            58.971136
          ],
          [
            18.35799,
            58.971253
          ],
          [
            18.358162,
            58.971348
          ],
          [
            18.358306,
            58.971464
          ],
          [
            18.35834,
            58.97158
          ],
          [
            18.358757,
            58.971635
          ],
          [
            18.358813,
            58.971583
          ],
          [
            18.35893,
            58.971561
          ],
          [
            18.358942,
            58.971536
          ],
          [
            18.359085,
            58.971539
          ],
          [
            18.359188,
            58.971539
          ],
          [
            18.359249,
            58.971552
          ],
          [
            18.359576,
            58.971562
          ],
          [
            18.359621,
            58.971635
          ],
          [
            18.359676,
            58.971651
          ],
          [
            18.359821,
            58.971626
          ],
          [
            18.360186,
            58.97166
          ],
          [
            18.360315,
            58.971701
          ],
          [
            18.360312,
            58.971737
          ],
          [
            18.360344,
            58.971755
          ],
          [
            18.36031,
            58.971832
          ],
          [
            18.360341,
            58.971852
          ],
          [
            18.360532,
            58.971926
          ],
          [
            18.360585,
            58.971931
          ],
          [
            18.360684,
            58.971897
          ],
          [
            18.360783,
            58.971942
          ],
          [
            18.360916,
            58.972056
          ],
          [
            18.361052,
            58.972087
          ],
          [
            18.361005,
            58.972137
          ],
          [
            18.361168,
            58.972169
          ],
          [
            18.361226,
            58.972228
          ],
          [
            18.361327,
            58.972242
          ],
          [
            18.361308,
            58.972265
          ],
          [
            18.361294,
            58.972242
          ],
          [
            18.361317,
            58.972307
          ],
          [
            18.36141,
            58.972352
          ],
          [
            18.361496,
            58.97236
          ],
          [
            18.361601,
            58.972404
          ],
          [
            18.361798,
            58.972449
          ],
          [
            18.361928,
            58.972508
          ],
          [
            18.362016,
            58.972633
          ],
          [
            18.361946,
            58.972737
          ],
          [
            18.361964,
            58.972794
          ],
          [
            18.361908,
            58.97284
          ],
          [
            18.361969,
            58.972913
          ],
          [
            18.362033,
            58.97296
          ],
          [
            18.362224,
            58.973005
          ],
          [
            18.362478,
            58.973162
          ],
          [
            18.362532,
            58.973208
          ],
          [
            18.362546,
            58.973288
          ],
          [
            18.362669,
            58.973366
          ],
          [
            18.362764,
            58.97338
          ],
          [
            18.362774,
            58.973366
          ],
          [
            18.362819,
            58.973372
          ],
          [
            18.362871,
            58.973445
          ],
          [
            18.362735,
            58.973537
          ],
          [
            18.362798,
            58.973628
          ],
          [
            18.362745,
            58.973673
          ],
          [
            18.362754,
            58.973726
          ],
          [
            18.362657,
            58.973811
          ],
          [
            18.362648,
            58.97395
          ],
          [
            18.362536,
            58.974024
          ],
          [
            18.362476,
            58.974141
          ],
          [
            18.362499,
            58.974282
          ],
          [
            18.36236,
            58.974374
          ],
          [
            18.362272,
            58.974478
          ],
          [
            18.362382,
            58.9746
          ],
          [
            18.362326,
            58.974672
          ],
          [
            18.362283,
            58.974937
          ],
          [
            18.362308,
            58.975023
          ],
          [
            18.362352,
            58.975016
          ],
          [
            18.362357,
            58.9751
          ],
          [
            18.362064,
            58.975368
          ],
          [
            18.362081,
            58.97551
          ],
          [
            18.362013,
            58.975655
          ],
          [
            18.361895,
            58.975715
          ],
          [
            18.361735,
            58.97574
          ],
          [
            18.361666,
            58.975783
          ],
          [
            18.361508,
            58.97578
          ],
          [
            18.361351,
            58.975977
          ],
          [
            18.361127,
            58.976063
          ],
          [
            18.361017,
            58.976066
          ],
          [
            18.36096,
            58.976119
          ],
          [
            18.360808,
            58.976132
          ],
          [
            18.360453,
            58.976533
          ],
          [
            18.361094,
            58.976748
          ],
          [
            18.361649,
            58.97701
          ],
          [
            18.361964,
            58.97725
          ],
          [
            18.362628,
            58.977665
          ],
          [
            18.3627,
            58.977745
          ],
          [
            18.362847,
            58.977795
          ],
          [
            18.362968,
            58.977881
          ],
          [
            18.363161,
            58.978107
          ],
          [
            18.363255,
            58.978149
          ],
          [
            18.363272,
            58.978234
          ],
          [
            18.363415,
            58.978356
          ],
          [
            18.363453,
            58.978417
          ],
          [
            18.363476,
            58.978708
          ],
          [
            18.363583,
            58.978796
          ],
          [
            18.363584,
            58.978853
          ],
          [
            18.363545,
            58.978878
          ],
          [
            18.363432,
            58.978869
          ],
          [
            18.363288,
            58.978961
          ],
          [
            18.363264,
            58.979022
          ],
          [
            18.363056,
            58.979131
          ],
          [
            18.362977,
            58.979286
          ],
          [
            18.362886,
            58.979318
          ],
          [
            18.362843,
            58.979369
          ],
          [
            18.362888,
            58.979366
          ],
          [
            18.362729,
            58.979504
          ],
          [
            18.362625,
            58.979525
          ],
          [
            18.362541,
            58.979515
          ],
          [
            18.362493,
            58.979568
          ],
          [
            18.36228,
            58.979674
          ],
          [
            18.362189,
            58.979789
          ],
          [
            18.361899,
            58.980006
          ],
          [
            18.361906,
            58.980104
          ],
          [
            18.361845,
            58.980188
          ],
          [
            18.361387,
            58.98045
          ],
          [
            18.361269,
            58.980467
          ],
          [
            18.361221,
            58.980517
          ],
          [
            18.361082,
            58.980577
          ],
          [
            18.361057,
            58.980739
          ],
          [
            18.360595,
            58.980618
          ],
          [
            18.360498,
            58.980627
          ],
          [
            18.360476,
            58.98066
          ],
          [
            18.360592,
            58.98071
          ],
          [
            18.360457,
            58.980648
          ],
          [
            18.360015,
            58.980657
          ],
          [
            18.359899,
            58.980705
          ],
          [
            18.359814,
            58.98084
          ],
          [
            18.359667,
            58.980933
          ],
          [
            18.359584,
            58.980887
          ],
          [
            18.359607,
            58.980861
          ],
          [
            18.35956,
            58.980756
          ],
          [
            18.359323,
            58.980687
          ],
          [
            18.359332,
            58.980663
          ],
          [
            18.359168,
            58.980599
          ],
          [
            18.358823,
            58.980377
          ],
          [
            18.358806,
            58.9804
          ],
          [
            18.358642,
            58.980411
          ],
          [
            18.358643,
            58.980437
          ],
          [
            18.358733,
            58.980454
          ],
          [
            18.358718,
            58.980482
          ],
          [
            18.358742,
            58.980428
          ],
          [
            18.358565,
            58.980415
          ],
          [
            18.358537,
            58.980433
          ],
          [
            18.35837,
            58.980433
          ],
          [
            18.358324,
            58.980379
          ],
          [
            18.35781,
            58.980302
          ],
          [
            18.357536,
            58.980204
          ],
          [
            18.357289,
            58.980218
          ],
          [
            18.357175,
            58.980162
          ],
          [
            18.35695,
            58.980155
          ],
          [
            18.356868,
            58.98012
          ],
          [
            18.356561,
            58.980077
          ],
          [
            18.356491,
            58.980096
          ],
          [
            18.356155,
            58.980069
          ],
          [
            18.355697,
            58.980178
          ],
          [
            18.355655,
            58.980164
          ],
          [
            18.355513,
            58.980204
          ],
          [
            18.355357,
            58.980205
          ],
          [
            18.355269,
            58.98028
          ],
          [
            18.355136,
            58.980326
          ],
          [
            18.354895,
            58.980288
          ],
          [
            18.354815,
            58.980315
          ],
          [
            18.354592,
            58.980257
          ],
          [
            18.354579,
            58.980301
          ],
          [
            18.35447,
            58.980305
          ],
          [
            18.353894,
            58.980448
          ],
          [
            18.35385,
            58.980443
          ],
          [
            18.353839,
            58.980392
          ],
          [
            18.353797,
            58.98041
          ],
          [
            18.353761,
            58.980382
          ],
          [
            18.353585,
            58.980385
          ],
          [
            18.353124,
            58.980233
          ],
          [
            18.353011,
            58.980172
          ],
          [
            18.352746,
            58.980121
          ],
          [
            18.352632,
            58.979951
          ],
          [
            18.352465,
            58.979924
          ],
          [
            18.352286,
            58.979948
          ],
          [
            18.352072,
            58.979857
          ],
          [
            18.351891,
            58.979847
          ],
          [
            18.351751,
            58.979794
          ],
          [
            18.351713,
            58.97974
          ],
          [
            18.351387,
            58.979648
          ],
          [
            18.351316,
            58.979545
          ],
          [
            18.351001,
            58.979519
          ],
          [
            18.350894,
            58.979452
          ],
          [
            18.35073,
            58.979444
          ],
          [
            18.350621,
            58.979351
          ],
          [
            18.350608,
            58.979377
          ],
          [
            18.350518,
            58.97939
          ],
          [
            18.35061,
            58.979383
          ],
          [
            18.350503,
            58.979393
          ],
          [
            18.350413,
            58.979354
          ],
          [
            18.35019,
            58.979326
          ],
          [
            18.349881,
            58.979215
          ],
          [
            18.349715,
            58.979235
          ],
          [
            18.349603,
            58.979181
          ],
          [
            18.349288,
            58.979193
          ],
          [
            18.348716,
            58.97891
          ],
          [
            18.348565,
            58.978894
          ],
          [
            18.348153,
            58.978746
          ],
          [
            18.348003,
            58.978742
          ],
          [
            18.347822,
            58.978662
          ],
          [
            18.347795,
            58.978608
          ],
          [
            18.347702,
            58.978567
          ],
          [
            18.347372,
            58.978095
          ],
          [
            18.347218,
            58.978022
          ],
          [
            18.346687,
            58.977977
          ],
          [
            18.346292,
            58.977794
          ],
          [
            18.346347,
            58.977831
          ],
          [
            18.346309,
            58.977818
          ],
          [
            18.346259,
            58.977777
          ],
          [
            18.346285,
            58.977632
          ],
          [
            18.34624,
            58.977591
          ],
          [
            18.345996,
            58.977492
          ],
          [
            18.345954,
            58.977448
          ],
          [
            18.346053,
            58.977487
          ],
          [
            18.346079,
            58.977549
          ],
          [
            18.346161,
            58.977541
          ],
          [
            18.346088,
            58.977582
          ],
          [
            18.345981,
            58.977398
          ],
          [
            18.345815,
            58.977365
          ],
          [
            18.345693,
            58.977376
          ],
          [
            18.345726,
            58.977397
          ],
          [
            18.345697,
            58.977415
          ],
          [
            18.3455,
            58.977389
          ],
          [
            18.345406,
            58.9773
          ],
          [
            18.345352,
            58.977303
          ],
          [
            18.34545,
            58.977303
          ],
          [
            18.345407,
            58.977297
          ],
          [
            18.345425,
            58.977324
          ],
          [
            18.345217,
            58.977197
          ],
          [
            18.345197,
            58.977149
          ],
          [
            18.34507,
            58.977154
          ],
          [
            18.344998,
            58.977116
          ],
          [
            18.344873,
            58.977112
          ],
          [
            18.344939,
            58.977057
          ],
          [
            18.344856,
            58.977005
          ],
          [
            18.344241,
            58.976949
          ],
          [
            18.344071,
            58.976977
          ],
          [
            18.343923,
            58.976931
          ],
          [
            18.343896,
            58.976888
          ],
          [
            18.343958,
            58.976782
          ],
          [
            18.343958,
            58.976634
          ],
          [
            18.343858,
            58.976511
          ],
          [
            18.343668,
            58.976434
          ],
          [
            18.34371,
            58.976418
          ],
          [
            18.343661,
            58.976294
          ],
          [
            18.34354,
            58.97623
          ],
          [
            18.343322,
            58.976033
          ],
          [
            18.343246,
            58.975866
          ],
          [
            18.343333,
            58.975795
          ],
          [
            18.343313,
            58.975764
          ],
          [
            18.343153,
            58.975689
          ],
          [
            18.34308,
            58.975715
          ],
          [
            18.343136,
            58.975719
          ],
          [
            18.343053,
            58.975652
          ],
          [
            18.342783,
            58.975564
          ],
          [
            18.342662,
            58.975475
          ],
          [
            18.342885,
            58.975445
          ],
          [
            18.342917,
            58.975394
          ],
          [
            18.342867,
            58.975357
          ],
          [
            18.342621,
            58.975292
          ],
          [
            18.342457,
            58.975191
          ],
          [
            18.342321,
            58.975174
          ],
          [
            18.342024,
            58.975022
          ],
          [
            18.341823,
            58.974997
          ],
          [
            18.341907,
            58.975023
          ],
          [
            18.341784,
            58.975018
          ],
          [
            18.341602,
            58.974944
          ],
          [
            18.34121,
            58.974913
          ],
          [
            18.341064,
            58.974814
          ],
          [
            18.340886,
            58.974791
          ],
          [
            18.34061,
            58.974705
          ],
          [
            18.340173,
            58.974668
          ],
          [
            18.340018,
            58.974582
          ],
          [
            18.339802,
            58.974528
          ],
          [
            18.339706,
            58.974462
          ],
          [
            18.339818,
            58.974499
          ],
          [
            18.339769,
            58.974509
          ],
          [
            18.339553,
            58.974399
          ],
          [
            18.339502,
            58.974408
          ],
          [
            18.339537,
            58.974389
          ],
          [
            18.339531,
            58.974323
          ],
          [
            18.339366,
            58.97417
          ],
          [
            18.339225,
            58.974116
          ],
          [
            18.339201,
            58.974161
          ],
          [
            18.339272,
            58.974134
          ],
          [
            18.339253,
            58.974109
          ],
          [
            18.339267,
            58.974166
          ],
          [
            18.339262,
            58.974097
          ],
          [
            18.339204,
            58.974086
          ],
          [
            18.339107,
            58.973981
          ],
          [
            18.338794,
            58.973794
          ],
          [
            18.33862,
            58.973738
          ],
          [
            18.338578,
            58.97375
          ],
          [
            18.338593,
            58.973775
          ],
          [
            18.338575,
            58.973747
          ],
          [
            18.338665,
            58.973694
          ],
          [
            18.338706,
            58.973714
          ],
          [
            18.338668,
            58.973768
          ],
          [
            18.338717,
            58.973758
          ],
          [
            18.338577,
            58.973513
          ],
          [
            18.338484,
            58.973444
          ],
          [
            18.338491,
            58.973417
          ],
          [
            18.338607,
            58.973406
          ],
          [
            18.338548,
            58.973273
          ],
          [
            18.338635,
            58.973163
          ],
          [
            18.338587,
            58.972968
          ],
          [
            18.33861,
            58.972862
          ],
          [
            18.338677,
            58.972844
          ],
          [
            18.338595,
            58.9728
          ],
          [
            18.33859,
            58.972741
          ],
          [
            18.338648,
            58.972438
          ],
          [
            18.338268,
            58.971913
          ],
          [
            18.337991,
            58.971828
          ],
          [
            18.337121,
            58.971631
          ],
          [
            18.335681,
            58.971415
          ],
          [
            18.335425,
            58.971351
          ],
          [
            18.334656,
            58.971237
          ],
          [
            18.334452,
            58.971226
          ],
          [
            18.334289,
            58.97117
          ],
          [
            18.333613,
            58.971069
          ],
          [
            18.333474,
            58.97101
          ],
          [
            18.333164,
            58.971003
          ],
          [
            18.330549,
            58.970147
          ],
          [
            18.330297,
            58.970111
          ],
          [
            18.329934,
            58.970013
          ],
          [
            18.329456,
            58.969921
          ],
          [
            18.32787,
            58.969898
          ],
          [
            18.326555,
            58.969921
          ],
          [
            18.325276,
            58.969848
          ],
          [
            18.325144,
            58.969888
          ],
          [
            18.324976,
            58.970274
          ],
          [
            18.324925,
            58.970341
          ],
          [
            18.324856,
            58.970314
          ]
        ]
      }
    }
  ]
}
