{"type":"FeatureCollection","features":[{"type":"Feature","id":"PS.ProtectedSites.NP.15758404","geometry":{"type":"Polygon","coordinates":[[[11.11415314,59.00711378],[11.11397832,59.00632231],[11.11394387,59.00632384],[11.11378737,59.00546621],[11.11359271,59.0049504],[11.11355578,59.00446306],[11.11354613,59.00443982],[11.11341119,59.0041148],[11.11332176,59.00368517],[11.11324168,59.00317281],[11.11348097,59.0026819],[11.11325432,59.00244977],[11.11298586,59.0021808],[11.11270807,59.00199455],[11.11223343,59.00171939],[11.11109025,59.00125808],[11.10997247,59.00057221],[11.10960018,59.00020523],[11.10935179,58.99975896],[11.10930749,58.99971018],[11.10908604,58.99946634],[11.10879474,58.99919668],[11.10853301,58.9988686],[11.10810941,58.9983459],[11.1079649,58.99799762],[11.10780396,58.99738795],[11.10702097,58.99719836],[11.10620555,58.99688919],[11.10486946,58.9959002],[11.10444864,58.99535385],[11.1040034,58.99461702],[11.10393699,58.99418807],[11.10387882,58.99388984],[11.10370194,58.99342199],[11.1039963,58.99264813],[11.10370122,58.99261553],[11.10299927,58.99252322],[11.10174068,58.99207021],[11.10091188,58.99167758],[11.10049534,58.99129738],[11.10005052,58.99096377],[11.09999923,58.99080805],[11.09933211,58.99040842],[11.09870682,58.99004564],[11.09841954,58.98953887],[11.09828854,58.9890724],[11.09821673,58.98848912],[11.09841423,58.98775979],[11.09825498,58.98733989],[11.09790453,58.9869854],[11.09774424,58.98698057],[11.09652659,58.98697939],[11.09554466,58.98692603],[11.09426224,58.9866857],[11.09320334,58.98629792],[11.09279106,58.98608385],[11.09248256,58.98596779],[11.09203936,58.98582395],[11.09123103,58.9854556],[11.09070689,58.9850128],[11.09021379,58.9847014],[11.08958312,58.98398263],[11.08945754,58.98326726],[11.08925005,58.98307123],[11.08862221,58.98253042],[11.08820716,58.98193675],[11.08806685,58.98135138],[11.08812187,58.98086681],[11.08801678,58.98078061],[11.08755874,58.98036352],[11.08715722,58.97985327],[11.0869133,58.97937151],[11.08685967,58.97913416],[11.0868418,58.9790551],[11.08682156,58.97896551],[11.08685242,58.97869368],[11.08691609,58.97841446],[11.08697738,58.97799773],[11.0873394,58.97743944],[11.08746121,58.97656811],[11.08772376,58.97624378],[11.08802678,58.97583547],[11.08910908,58.97520409],[11.09054148,58.97472558],[11.09143408,58.97455096],[11.09234556,58.97441248],[11.09402991,58.97434477],[11.09515483,58.97436628],[11.09689864,58.97446402],[11.09715766,58.97451059],[11.09723022,58.97453518],[11.09740337,58.97462385],[11.09751924,58.97472401],[11.09773013,58.9753211],[11.09836388,58.97583747],[11.09870823,58.97625188],[11.09912637,58.97628004],[11.09981271,58.97633182],[11.1005538,58.97643187],[11.10135209,58.97660758],[11.10169598,58.97668328],[11.10169903,58.97668395],[11.10221789,58.97687457],[11.10230616,58.97690426],[11.10270856,58.97707178],[11.10313921,58.97725569],[11.10351513,58.97739133],[11.10395457,58.97749781],[11.10450671,58.97740567],[11.10520534,58.97734902],[11.10590047,58.97732335],[11.10714453,58.97750065],[11.10807987,58.97774636],[11.1090825,58.97819609],[11.11021417,58.97883616],[11.1104259,58.97882699],[11.11041106,58.97815836],[11.1105657,58.97758808],[11.11079471,58.97735903],[11.11111203,58.97701403],[11.11144691,58.97671332],[11.11155961,58.97651471],[11.11124716,58.97634992],[11.11037704,58.97605957],[11.10985463,58.97588847],[11.10936571,58.9756873],[11.10892804,58.97556535],[11.10826442,58.9753123],[11.10744884,58.97480604],[11.10714864,58.97453283],[11.10683422,58.97411935],[11.10671365,58.97382046],[11.10658434,58.97353244],[11.10655439,58.97298986],[11.10678506,58.97236091],[11.1070735,58.9720281],[11.10738864,58.97166077],[11.1080098,58.97120845],[11.10909475,58.97068764],[11.11034294,58.9703366],[11.11159131,58.97018575],[11.11231988,58.97019588],[11.11287323,58.97014187],[11.1124037,58.9698569],[11.11192205,58.96947738],[11.1117034,58.96920867],[11.11154056,58.96901843],[11.11136228,58.96857736],[11.11130446,58.96828124],[11.11129896,58.96812799],[11.11134284,58.9679409],[11.11086189,58.96816194],[11.11024455,58.96837889],[11.11004738,58.96843457],[11.11004703,58.96843505],[11.10968026,58.96853863],[11.10877962,58.96884123],[11.10789621,58.96899128],[11.1066986,58.96909653],[11.10565457,58.9690533],[11.10562624,58.96906293],[11.10562535,58.9690628],[11.10454553,58.96942986],[11.10184064,58.96969188],[11.09994036,58.96947422],[11.09835499,58.96905596],[11.0966759,58.9684222],[11.09573811,58.96777303],[11.09506903,58.96726089],[11.09494706,58.96696066],[11.09461776,58.9660569],[11.09434619,58.96594096],[11.09417712,58.96551116],[11.09405746,58.96520696],[11.09388919,58.96477917],[11.09392001,58.96395326],[11.0927828,58.96446312],[11.09218198,58.96465326],[11.09093081,58.96509533],[11.08887653,58.96510515],[11.087934,58.96509194],[11.08721017,58.96498066],[11.08696506,58.96497171],[11.08726011,58.96521576],[11.08756711,58.9656723],[11.08778704,58.96646496],[11.08762966,58.96699865],[11.08743826,58.96751252],[11.08700159,58.9683024],[11.08639567,58.96912851],[11.08518223,58.96959312],[11.08499352,58.97037084],[11.08432939,58.97095911],[11.08368166,58.97155285],[11.08190506,58.97223011],[11.08001414,58.97254266],[11.07891375,58.97248119],[11.07849934,58.97250844],[11.07819883,58.97260347],[11.07691761,58.97266261],[11.07644359,58.97270285],[11.0764691,58.97271823],[11.07517532,58.97278967],[11.07279025,58.97221456],[11.07144999,58.97150804],[11.07046302,58.97092051],[11.06990235,58.97051823],[11.06884219,58.9695675],[11.06848827,58.96855781],[11.06869451,58.96735661],[11.06867664,58.96688942],[11.06802247,58.96627165],[11.06769788,58.96534786],[11.06769138,58.96449937],[11.06798221,58.96328008],[11.06860563,58.96203056],[11.0694422,58.96102213],[11.06975423,58.96084271],[11.07066449,58.96079127],[11.07071086,58.96045367],[11.07089404,58.95971816],[11.07208911,58.9584896],[11.07439617,58.95783192],[11.07808668,58.95786105],[11.08059373,58.95873743],[11.08105205,58.95898746],[11.08140521,58.95910642],[11.08151872,58.9588773],[11.08157079,58.9584975],[11.08092847,58.95809228],[11.08060936,58.95712633],[11.08082088,58.9558829],[11.08021623,58.95520339],[11.07970741,58.95412445],[11.07965235,58.9535323],[11.07967715,58.95314786],[11.07969672,58.95240636],[11.08042468,58.95128786],[11.08160428,58.9498678],[11.0819046,58.94977275],[11.08275779,58.94863762],[11.08339309,58.94826077],[11.08341484,58.94824786],[11.08494646,58.94733927],[11.08461903,58.94673352],[11.08474154,58.946738],[11.08581933,58.94575951],[11.08717172,58.94517276],[11.0895011,58.9446429],[11.09187792,58.94466608],[11.09236742,58.94438706],[11.09397713,58.94431858],[11.0969438,58.94482972],[11.0983272,58.94567513],[11.09838303,58.94570924],[11.09864439,58.94588007],[11.09933182,58.94627398],[11.09944279,58.94636285],[11.10099549,58.9470132],[11.10150043,58.94722245],[11.10221655,58.94648513],[11.10326057,58.94484789],[11.10383454,58.94455071],[11.10239394,58.94458306],[11.0996371,58.94403728],[11.09738898,58.94247089],[11.09661782,58.94126519],[11.09661164,58.94100358],[11.09645282,58.94024383],[11.09652612,58.9394219],[11.09783748,58.93808196],[11.09826837,58.93777588],[11.09950116,58.93697755],[11.09992991,58.93672259],[11.10073241,58.9362567],[11.10086935,58.93616393],[11.10211897,58.93542076],[11.10320764,58.93493902],[11.10287505,58.93452464],[11.10263576,58.93371143],[11.10293575,58.93293798],[11.10381584,58.93190408],[11.10644262,58.93062069],[11.11232338,58.92837515],[11.1134855,58.92831347],[11.11581683,58.92861792],[11.11649934,58.92880751],[11.11666203,58.92839229],[11.11708069,58.92765677],[11.11740717,58.92733905],[11.1165683,58.92699731],[11.11590562,58.92666196],[11.11508962,58.92641259],[11.11388923,58.92615109],[11.11338281,58.92620406],[11.11274495,58.92648463],[11.11153719,58.92701584],[11.10889237,58.92719427],[11.10788395,58.92705116],[11.10630682,58.92550328],[11.10385817,58.92295504],[11.10441538,58.92210579],[11.105192,58.92160308],[11.10590111,58.92133594],[11.10582022,58.9211499],[11.10561578,58.92083118],[11.1054813,58.92025866],[11.10534287,58.9202353],[11.1046834,58.92013804],[11.1033412,58.91959476],[11.10220297,58.91911383],[11.10128404,58.9188423],[11.10007604,58.91812456],[11.09938576,58.91728603],[11.09905381,58.91623357],[11.09925373,58.91610845],[11.10050658,58.91469765],[11.10262082,58.91394245],[11.1048892,58.91366572],[11.10624068,58.91367711],[11.10777465,58.91395995],[11.10965972,58.91435013],[11.11119718,58.91380078],[11.11185929,58.91350331],[11.11191616,58.91335405],[11.10609153,58.91316096],[11.10403539,58.91295365],[11.10043771,58.91251987],[11.09886235,58.91227325],[11.09485534,58.91015035],[11.0891793,58.90832212],[11.09050609,58.90642302],[11.08958921,58.9058722],[11.08884981,58.90486157],[11.08886958,58.90418133],[11.08949155,58.90310696],[11.08983653,58.90272235],[11.09081707,58.90169892],[11.09170465,58.90108822],[11.09237695,58.90071556],[11.09346218,58.9002634],[11.09514219,58.89973837],[11.09721198,58.89930323],[11.0979553,58.89928246],[11.09897324,58.89925401],[11.10053375,58.89880021],[11.10241651,58.89862742],[11.1025835,58.89743738],[11.10290123,58.89703963],[11.10347488,58.89625929],[11.10506028,58.8953524],[11.10670041,58.89457988],[11.10902944,58.89411615],[11.11115659,58.89309701],[11.11782173,58.89337726],[11.11962493,58.89278451],[11.11968044,58.89122335],[11.11615863,58.88969405],[11.11585003,58.88952097],[11.11648451,58.88929084],[11.11791947,58.88862646],[11.11894797,58.88664201],[11.11979439,58.88561218],[11.12065806,58.88455646],[11.121036,58.88299387],[11.12088758,58.88139732],[11.12088805,58.88139437],[11.12062978,58.88133154],[11.12011062,58.88120545],[11.11884061,58.88094387],[11.11745259,58.88075621],[11.11730858,58.88073678],[11.11549083,58.88066512],[11.11440458,58.88067193],[11.11292638,58.88076858],[11.11213619,58.88056925],[11.11102866,58.88023448],[11.11054724,58.88003599],[11.10990774,58.87983174],[11.10856286,58.87920687],[11.10775148,58.87886475],[11.1075934,58.87885899],[11.10699263,58.87890495],[11.10622268,58.8789044],[11.10525438,58.87880035],[11.10367986,58.87846799],[11.10218839,58.87811112],[11.10080783,58.87752458],[11.09999704,58.87684882],[11.09942302,58.87560425],[11.09952895,58.87482603],[11.09952916,58.87482446],[11.10007725,58.87420208],[11.10095831,58.87371073],[11.10253734,58.87304137],[11.10499806,58.87228784],[11.10674582,58.87223525],[11.10861598,58.87252147],[11.11012343,58.872998],[11.11058541,58.87313129],[11.11079623,58.87383712],[11.11321938,58.87387336],[11.11538106,58.87392976],[11.11538211,58.87392978],[11.11538854,58.87386754],[11.11538939,58.8738558],[11.1153917,58.87384413],[11.11539551,58.87383256],[11.1153994,58.87382408],[11.11540076,58.87382114],[11.11540744,58.87380992],[11.11541552,58.87379895],[11.11541633,58.87379798],[11.11566097,58.87350106],[11.11589795,58.87322225],[11.11613065,58.87285381],[11.11635019,58.87242777],[11.11656512,58.87202107],[11.11657148,58.8720106],[11.11657173,58.87200997],[11.11657981,58.871999],[11.11691485,58.87162493],[11.11691642,58.87162318],[11.11691494,58.87161502],[11.11691431,58.87160329],[11.11691496,58.87159308],[11.11691748,58.87157988],[11.11692126,58.87156875],[11.11692536,58.87155953],[11.11692653,58.87155689],[11.11693321,58.87154567],[11.11694128,58.8715347],[11.11695074,58.87152404],[11.11696151,58.87151371],[11.11697358,58.87150377],[11.11698685,58.87149432],[11.11700131,58.87148528],[11.11702123,58.87147394],[11.11706009,58.87144296],[11.11707164,58.87143372],[11.11710855,58.87140635],[11.11712216,58.87138801],[11.11712268,58.87138731],[11.11712826,58.87137234],[11.11713675,58.87134961],[11.11714065,58.87134114],[11.11714201,58.87133819],[11.11714868,58.87132697],[11.11715678,58.87131595],[11.11716622,58.87130528],[11.11717699,58.87129496],[11.11718906,58.87128502],[11.11720235,58.8712755],[11.1172168,58.87126647],[11.11723238,58.87125794],[11.117249,58.87124995],[11.11726658,58.87124254],[11.11728507,58.87123575],[11.11730437,58.8712296],[11.11732441,58.87122411],[11.11734557,58.87121901],[11.11734997,58.87121193],[11.11735804,58.87120097],[11.1173675,58.87119029],[11.11737828,58.87117997],[11.11739033,58.87117003],[11.11740308,58.87116085],[11.11741807,58.87115148],[11.11742408,58.87114806],[11.11749552,58.87110838],[11.11750509,58.87110326],[11.11752169,58.87109528],[11.11753929,58.87108787],[11.11755778,58.87108108],[11.11757708,58.87107493],[11.11759712,58.87106945],[11.11761781,58.87106465],[11.11763905,58.87106057],[11.11766078,58.87105721],[11.11768287,58.8710546],[11.11770525,58.87105274],[11.11772782,58.87105164],[11.11775047,58.87105132],[11.11777311,58.87105175],[11.11779567,58.87105296],[11.11781801,58.87105492],[11.11784007,58.87105764],[11.11786173,58.8710611],[11.11788289,58.87106529],[11.1179035,58.87107018],[11.11792345,58.87107576],[11.11794264,58.87108201],[11.117961,58.87108889],[11.11796712,58.8710914],[11.11802567,58.87111602],[11.11809754,58.87114308],[11.11810593,58.87114635],[11.11812338,58.87115384],[11.11813986,58.8711619],[11.1181545,58.87117005],[11.11817297,58.87118098],[11.11818726,58.87119009],[11.11820037,58.87119966],[11.1182052,58.87120355],[11.11825475,58.87121817],[11.11827395,58.87122436],[11.11829231,58.87123124],[11.11830977,58.87123873],[11.11832624,58.8712468],[11.11834164,58.8712554],[11.11835595,58.87126451],[11.11835677,58.87126508],[11.1183775,58.87127932],[11.1183898,58.87128833],[11.11840167,58.87129833],[11.11841227,58.87130871],[11.11841432,58.87131093],[11.11850098,58.87134498],[11.11851843,58.87135246],[11.11853491,58.87136053],[11.11855033,58.87136913],[11.11856462,58.87137825],[11.11857773,58.87138782],[11.11858961,58.87139781],[11.1186002,58.87140819],[11.11860946,58.87141891],[11.11861734,58.87142992],[11.11862383,58.87144116],[11.11862886,58.8714526],[11.11863006,58.87145597],[11.11870921,58.87147729],[11.11872428,58.87148159],[11.11874348,58.87148783],[11.11876184,58.87149471],[11.11877929,58.87150221],[11.11879577,58.87151026],[11.11881117,58.87151887],[11.11881859,58.87152359],[11.11902902,58.87145044],[11.11923121,58.8713787],[11.11941694,58.87129453],[11.11945499,58.87126154],[11.11953821,58.87117547],[11.11954875,58.87116539],[11.11956082,58.87115545],[11.11967841,58.87107073],[11.11971492,58.87099641],[11.11971634,58.87099352],[11.11970755,58.87097712],[11.11970638,58.87097486],[11.11970326,58.87096821],[11.11966244,58.87087323],[11.11966051,58.87086843],[11.11965691,58.87085684],[11.1196548,58.87084516],[11.11965416,58.87083342],[11.11965446,58.87082682],[11.11966011,58.87075803],[11.11966189,58.87074853],[11.11968598,58.87064775],[11.11970462,58.870572],[11.11967556,58.87053686],[11.11966767,58.87052586],[11.11966373,58.87051932],[11.11961229,58.87042816],[11.11954497,58.87034039],[11.11946852,58.870243],[11.11946088,58.87023232],[11.1194544,58.87022107],[11.11945226,58.87021663],[11.11940814,58.87011978],[11.11940523,58.87011278],[11.11940165,58.87010119],[11.11938076,58.87000525],[11.11937987,58.87000062],[11.11936868,58.86993279],[11.11936805,58.86992105],[11.1193689,58.86990932],[11.11937124,58.86989759],[11.11937365,58.86988971],[11.11937875,58.86987517],[11.11937621,58.86987135],[11.11936973,58.8698601],[11.11935208,58.86982448],[11.11933353,58.86982285],[11.11931147,58.86982013],[11.11928982,58.86981667],[11.11926866,58.86981248],[11.11924804,58.86980759],[11.11922812,58.869802],[11.11920892,58.86979576],[11.11919055,58.86978888],[11.11917311,58.8697814],[11.11912742,58.86975878],[11.119112,58.86975018],[11.11909769,58.86974107],[11.11908458,58.8697315],[11.1190727,58.86972149],[11.11906212,58.86971112],[11.11905285,58.86970041],[11.11903082,58.86967071],[11.11902583,58.86966349],[11.11901935,58.86965224],[11.1190143,58.86964079],[11.11901072,58.8696292],[11.11900859,58.86961752],[11.11900796,58.86960578],[11.11900837,58.86959777],[11.11900866,58.86959493],[11.11897343,58.86959117],[11.11895225,58.86958854],[11.11893059,58.86958508],[11.11890941,58.8695809],[11.11888882,58.869576],[11.11886748,58.86956999],[11.11879415,58.86954759],[11.11877637,58.86954177],[11.11875799,58.8695349],[11.11874056,58.86952741],[11.11872408,58.86951934],[11.11870866,58.86951074],[11.11870449,58.8695082],[11.11861803,58.86945468],[11.11860792,58.86944812],[11.11852522,58.8693898],[11.11851557,58.86938263],[11.11850369,58.86937263],[11.11849771,58.86936698],[11.118441,58.86931097],[11.11843639,58.86930625],[11.11842712,58.86929553],[11.11841924,58.86928453],[11.11841276,58.86927328],[11.11840771,58.86926183],[11.11840542,58.86925491],[11.11838979,58.86920197],[11.11838828,58.86919458],[11.11837788,58.86913127],[11.11837729,58.86912697],[11.11837664,58.86911524],[11.11837749,58.8691035],[11.11837982,58.86909183],[11.11838334,58.86908106],[11.1183836,58.86908026],[11.11838888,58.86906878],[11.11843086,58.86898934],[11.11843749,58.86897822],[11.11844555,58.86896725],[11.11845501,58.86895658],[11.11846579,58.86894625],[11.11847784,58.86893631],[11.11849113,58.8689268],[11.11857375,58.86887454],[11.11861097,58.86884772],[11.11864603,58.86880591],[11.11865374,58.86879735],[11.11866452,58.86878702],[11.11867657,58.86877708],[11.11868985,58.86876757],[11.1187043,58.86875853],[11.11871989,58.86875],[11.1187365,58.86874202],[11.11875408,58.86873461],[11.11877256,58.86872782],[11.11879186,58.86872167],[11.1188119,58.86871619],[11.11883259,58.86871139],[11.11885385,58.86870725],[11.11887556,58.8687039],[11.11889766,58.86870128],[11.11892003,58.86869942],[11.1189426,58.86869833],[11.11896525,58.86869799],[11.11897735,58.86869823],[11.11897809,58.86869824],[11.1189823,58.86867709],[11.11898364,58.86867128],[11.11898707,58.86866083],[11.11898744,58.8686597],[11.11899268,58.86864828],[11.11899919,58.86863837],[11.11900726,58.8686274],[11.11901672,58.86861674],[11.11902749,58.86860641],[11.11903956,58.86859647],[11.11905285,58.86858696],[11.11906729,58.86857792],[11.11908287,58.86856939],[11.11909947,58.86856141],[11.11911707,58.868554],[11.11913555,58.86854721],[11.11915485,58.86854106],[11.11917489,58.86853557],[11.11919558,58.86853077],[11.11921682,58.86852669],[11.11923854,58.86852334],[11.11926064,58.86852072],[11.11928099,58.86851895],[11.11930558,58.86851776],[11.11932823,58.86851744],[11.11934885,58.86851796],[11.11935657,58.86851828],[11.11950478,58.86852522],[11.11962284,58.86852952],[11.11962838,58.86852157],[11.11962931,58.86852024],[11.11965873,58.86844552],[11.11968781,58.86836984],[11.11969337,58.86835763],[11.11969379,58.86835694],[11.11970021,58.86834646],[11.11970199,58.86834355],[11.1197492,58.86827645],[11.1197506,58.86827447],[11.11964171,58.86819346],[11.11963711,58.86818994],[11.11962523,58.86817994],[11.11961464,58.86816956],[11.11960539,58.86815886],[11.11959749,58.86814785],[11.1195921,58.86813868],[11.11954785,58.86805525],[11.1194833,58.86791721],[11.11947992,58.86790917],[11.11947811,58.86790396],[11.11946719,58.86786939],[11.11942725,58.86783226],[11.11933575,58.86775399],[11.11927656,58.86770363],[11.11927193,58.86769956],[11.11926134,58.86768918],[11.1192521,58.86767846],[11.1192442,58.86766745],[11.11923772,58.86765621],[11.11923268,58.86764477],[11.11922909,58.86763318],[11.11920411,58.86751506],[11.11920269,58.86750646],[11.11920231,58.86749977],[11.11920205,58.86749473],[11.11920238,58.86748771],[11.11921434,58.86734764],[11.11921667,58.86733596],[11.11922047,58.86732438],[11.11922349,58.86731742],[11.11928149,58.86719593],[11.11928423,58.86718925],[11.11929209,58.86717544],[11.11929314,58.86717359],[11.11930121,58.86716262],[11.11930546,58.86715829],[11.11931067,58.86715195],[11.11932144,58.86714163],[11.11947413,58.86701317],[11.11962038,58.86687586],[11.11968927,58.86677131],[11.11969349,58.86676526],[11.11979739,58.86662433],[11.11981703,58.86659025],[11.119859,58.86651742],[11.11985997,58.86651572],[11.11997134,58.86629335],[11.11997733,58.8662814],[11.119978,58.8662801],[11.11997846,58.86627922],[11.11997915,58.86627814],[11.12001904,58.86621573],[11.12003783,58.86618634],[11.12004592,58.86617537],[11.12005536,58.86616471],[11.12006613,58.86615438],[11.12007201,58.86614945],[11.1200782,58.86614444],[11.12018735,58.86606723],[11.12025429,58.86601552],[11.1203718,58.86591482],[11.12038113,58.86590727],[11.12039442,58.86589775],[11.12041109,58.86588742],[11.12042736,58.86587808],[11.12045139,58.86583727],[11.120458,58.86582663],[11.12046609,58.86581567],[11.12047553,58.86580499],[11.12048576,58.8657944],[11.12049505,58.86578533],[11.12050847,58.86577414],[11.12052176,58.86576463],[11.12053621,58.86575559],[11.12055178,58.86574706],[11.12056838,58.86573907],[11.12058598,58.86573167],[11.12060446,58.86572487],[11.12062375,58.86571873],[11.12064172,58.8657136],[11.12065185,58.86571115],[11.12073549,58.86569184],[11.12075949,58.86568725],[11.12076808,58.86567548],[11.12077754,58.86566481],[11.12086595,58.86558088],[11.12088016,58.86556933],[11.12099141,58.8654859],[11.12108452,58.86540496],[11.1211667,58.86532347],[11.12120192,58.86528797],[11.12128575,58.8651978],[11.12135373,58.86510929],[11.1213674,58.86508593],[11.12136875,58.86508362],[11.12135999,58.86507505],[11.12135075,58.86506433],[11.12134287,58.86505333],[11.12133639,58.86504208],[11.12133133,58.86503063],[11.12132775,58.86501905],[11.12132563,58.86500736],[11.12132498,58.86499562],[11.12132537,58.86498951],[11.12132584,58.86498389],[11.12132816,58.86497222],[11.12133195,58.86496064],[11.12133626,58.86495105],[11.12137907,58.86486628],[11.12138001,58.86486444],[11.12138668,58.86485323],[11.12139026,58.86484809],[11.12145986,58.86475286],[11.12155231,58.86460648],[11.12155403,58.86460383],[11.12156105,58.86459419],[11.12163858,58.86449628],[11.12164908,58.86448428],[11.12165987,58.86447395],[11.12166789,58.86446719],[11.12183353,58.8643341],[11.12184317,58.86432708],[11.12187164,58.86430748],[11.12198487,58.86422882],[11.12198853,58.86422633],[11.12200298,58.8642173],[11.12201855,58.86420877],[11.12203517,58.86420078],[11.12205274,58.86419338],[11.12220221,58.86413963],[11.12220803,58.86413761],[11.12222732,58.86413145],[11.12224529,58.86412647],[11.12226805,58.86412117],[11.12228929,58.86411709],[11.122311,58.86411373],[11.12233309,58.86411111],[11.12235548,58.86410926],[11.12237803,58.86410816],[11.12255099,58.86410277],[11.12257339,58.86410245],[11.12259602,58.86410288],[11.12261857,58.86410409],[11.12262052,58.86410423],[11.12271664,58.8641113],[11.12273702,58.86411313],[11.12275907,58.86411585],[11.12278072,58.8641193],[11.1228019,58.86412349],[11.12282249,58.86412838],[11.12284243,58.86413396],[11.12286162,58.86414021],[11.12287998,58.86414709],[11.12289743,58.86415457],[11.1229139,58.86416264],[11.12292755,58.8641702],[11.1229877,58.86414795],[11.12300701,58.86414178],[11.12302705,58.8641363],[11.12304773,58.86413151],[11.12306897,58.86412742],[11.12309069,58.86412406],[11.12311278,58.86412145],[11.12313515,58.86411959],[11.12315772,58.8641185],[11.12318037,58.86411817],[11.12320302,58.86411861],[11.12322555,58.86411981],[11.1232479,58.86412177],[11.12327342,58.86412498],[11.1232887,58.86412239],[11.1233083,58.8641194],[11.12333039,58.86411679],[11.12335276,58.86411492],[11.12337533,58.86411383],[11.12339798,58.8641135],[11.12342063,58.86411394],[11.12344317,58.86411514],[11.12346551,58.86411711],[11.12348756,58.86411983],[11.12350921,58.86412328],[11.12353039,58.86412746],[11.12355098,58.86413236],[11.12357092,58.86413794],[11.12359011,58.86414419],[11.12370313,58.86418548],[11.12374785,58.86420133],[11.123813,58.8642037],[11.12383553,58.8642049],[11.12385787,58.86420687],[11.12386084,58.86420719],[11.12405577,58.86422867],[11.12407486,58.86423107],[11.12409651,58.86423453],[11.12411769,58.86423871],[11.1241383,58.8642436],[11.12414322,58.86424491],[11.12429621,58.86428604],[11.12443097,58.86431691],[11.12443512,58.86431787],[11.12455668,58.86434687],[11.12470263,58.86436978],[11.12480688,58.86438488],[11.12492036,58.86439528],[11.12503396,58.86440021],[11.12505181,58.86440122],[11.12507215,58.86440304],[11.1250962,58.86440591],[11.12511786,58.86440936],[11.12512948,58.86441157],[11.12530211,58.86444599],[11.12543754,58.8643448],[11.12556817,58.86434146],[11.12578417,58.86447701],[11.12587678,58.86455287],[11.12589442,58.86455078],[11.1259168,58.86454892],[11.12592347,58.86454852],[11.12612816,58.86453713],[11.12614405,58.86453644],[11.1261667,58.8645361],[11.12618935,58.86453654],[11.12621189,58.86453775],[11.12623423,58.86453971],[11.12625628,58.86454242],[11.12627794,58.86454588],[11.12629911,58.86455008],[11.12630873,58.86455224],[11.12670656,58.86464626],[11.12672651,58.86465184],[11.1267457,58.86465808],[11.12676406,58.86466496],[11.12678151,58.86467245],[11.12679798,58.86468051],[11.1268134,58.86468911],[11.12682769,58.86469823],[11.1268408,58.86470779],[11.1268527,58.8647178],[11.12686329,58.86472817],[11.12687254,58.86473889],[11.12688042,58.86474989],[11.12688976,58.8647646],[11.12694366,58.86477089],[11.1269663,58.86476478],[11.12697458,58.86476262],[11.12699527,58.86475782],[11.1270165,58.86475374],[11.12703822,58.86475038],[11.12706031,58.86474777],[11.12708269,58.86474591],[11.12710525,58.86474481],[11.1271279,58.86474448],[11.12715056,58.86474491],[11.12717309,58.86474612],[11.12719543,58.86474809],[11.12721748,58.8647508],[11.12723914,58.86475425],[11.12726031,58.86475844],[11.12728092,58.86476334],[11.12730085,58.86476892],[11.12732004,58.86477516],[11.1273384,58.86478204],[11.12735575,58.86478948],[11.12753986,58.86487381],[11.12775634,58.86492388],[11.12786097,58.86491647],[11.12792352,58.86483473],[11.12802846,58.86470605],[11.12803753,58.86469586],[11.12804828,58.86468553],[11.12806035,58.86467559],[11.12807363,58.86466607],[11.12808808,58.86465704],[11.12810364,58.86464851],[11.12812026,58.86464052],[11.12813784,58.86463312],[11.12815632,58.86462632],[11.12817561,58.86462016],[11.12819565,58.86461468],[11.12821633,58.86460989],[11.12823758,58.8646058],[11.12825929,58.86460244],[11.12828138,58.86459983],[11.12830375,58.86459796],[11.12832632,58.86459687],[11.12834897,58.86459653],[11.12837162,58.86459697],[11.12839416,58.86459818],[11.1284165,58.86460014],[11.12843855,58.86460285],[11.12846021,58.86460632],[11.12847085,58.86460832],[11.12867077,58.86464792],[11.12869136,58.86465281],[11.12871131,58.8646584],[11.1287305,58.86466464],[11.12874887,58.86467152],[11.12876631,58.86467901],[11.12878278,58.86468706],[11.12879821,58.86469567],[11.12894638,58.86478878],[11.12915601,58.864776],[11.1291754,58.86477511],[11.12919805,58.86477477],[11.12922069,58.86477521],[11.12924324,58.86477641],[11.12925779,58.8647776],[11.1296289,58.86481221],[11.12965093,58.86481492],[11.12967259,58.86481839],[11.1296902,58.86482181],[11.12985632,58.86485678],[11.13012452,58.86483664],[11.13043708,58.86467133],[11.13045731,58.86466144],[11.13047491,58.86465404],[11.13049339,58.86464724],[11.13051268,58.86464109],[11.13053271,58.8646356],[11.1305534,58.86463081],[11.13120432,58.86450385],[11.13121642,58.86450163],[11.13123814,58.86449828],[11.13126023,58.86449566],[11.13128261,58.86449379],[11.13130517,58.8644927],[11.13132782,58.86449236],[11.13185365,58.86449522],[11.13187419,58.86449564],[11.13189674,58.86449685],[11.13191908,58.86449881],[11.13194112,58.86450153],[11.13196277,58.86450499],[11.13198395,58.86450917],[11.13200454,58.86451406],[11.13202449,58.86451964],[11.13203697,58.8645236],[11.13245067,58.8646611],[11.13246903,58.86466797],[11.13248649,58.86467547],[11.13250467,58.86468452],[11.13251838,58.86469213],[11.1325348,58.86470269],[11.13255332,58.86471559],[11.13264743,58.86472583],[11.13266732,58.86472831],[11.13268896,58.86473177],[11.13271013,58.86473596],[11.13273075,58.86474085],[11.13275067,58.86474642],[11.13319892,58.86489227],[11.1332173,58.86489915],[11.13323474,58.86490664],[11.13324821,58.86491315],[11.13349799,58.86504052],[11.13351339,58.86504913],[11.1335277,58.86505823],[11.13354081,58.8650678],[11.1335527,58.8650778],[11.13356329,58.86508817],[11.13382039,58.86524775],[11.13688699,58.86391933],[11.13689182,58.86391724],[11.13251001,58.86373844],[11.12877502,58.8636569],[11.12603727,58.86312633],[11.12301892,58.86175472],[11.12301887,58.8617547],[11.12332957,58.86120075],[11.12391983,58.86036439],[11.12435974,58.8600169],[11.12519846,58.85962572],[11.126601,58.85900786],[11.12856063,58.85862826],[11.12994462,58.85856216],[11.13107981,58.85867602],[11.13193325,58.85879416],[11.13193378,58.85879423],[11.13198516,58.85862162],[11.1313624,58.858003],[11.13135839,58.85800233],[11.13131588,58.85796008],[11.13089003,58.85758116],[11.12901991,58.85709171],[11.12785772,58.85655523],[11.12720997,58.85595016],[11.12669345,58.85520447],[11.12658497,58.85413919],[11.12678911,58.85366682],[11.12778909,58.85249639],[11.12806187,58.85234637],[11.12801169,58.85147221],[11.12792721,58.85114461],[11.12809184,58.85087903],[11.12882394,58.85023681],[11.12899175,58.84961774],[11.12917966,58.84905754],[11.13000799,58.84790995],[11.13180219,58.84708816],[11.13355977,58.8467448],[11.13475629,58.84670832],[11.13783789,58.84827687],[11.14008366,58.84962332],[11.14062159,58.85026266],[11.13971033,58.85084954],[11.13951817,58.8512054],[11.14007605,58.85199472],[11.14152021,58.85401439],[11.14287917,58.85473732],[11.14345381,58.8550713],[11.14476904,58.85615321],[11.14559128,58.85664323],[11.14816873,58.85794703],[11.14913426,58.85717325],[11.15193604,58.85497479],[11.15174879,58.85393039],[11.15035681,58.85328275],[11.15020954,58.85316375],[11.14901762,58.85242689],[11.14886456,58.85235701],[11.14944914,58.85211019],[11.15220113,58.8509178],[11.14892968,58.84809535],[11.15468462,58.84389858],[11.15470302,58.84388623],[11.15374411,58.84367106],[11.15373751,58.84366958],[11.15339539,58.84333843],[11.15340631,58.84332948],[11.1537203,58.84307207],[11.153919,58.84290917],[11.15257375,58.84260702],[11.15210098,58.84186491],[11.15210018,58.84186492],[11.1506931,58.84189491],[11.15080252,58.84229365],[11.14957192,58.84332455],[11.14768991,58.84380484],[11.14759571,58.84382541],[11.14759506,58.8438252],[11.14742499,58.84377117],[11.14586201,58.84330366],[11.14184467,58.84133848],[11.14239898,58.84023646],[11.14271994,58.83986234],[11.14284366,58.83944605],[11.14510099,58.83886407],[11.14727771,58.83859193],[11.14744872,58.83857054],[11.14739155,58.83809008],[11.14752022,58.83752261],[11.14758297,58.83724587],[11.14706373,58.83611716],[11.14703918,58.83606379],[11.14791023,58.83601952],[11.14796601,58.83570438],[11.14825101,58.83554415],[11.14894192,58.83540049],[11.14941068,58.83533895],[11.15024252,58.83534802],[11.15066545,58.83551704],[11.15120451,58.83593199],[11.15183244,58.83587254],[11.15284849,58.83627358],[11.15373493,58.83617358],[11.15537493,58.83567654],[11.15659249,58.83424875],[11.15904762,58.83183741],[11.16292222,58.83134017],[11.16519163,58.83024769],[11.16570615,58.82885127],[11.16475072,58.82647747],[11.16851215,58.82569326],[11.17168504,58.82567266],[11.17333652,58.82575901],[11.17685628,58.82491319],[11.17918487,58.82463838],[11.18085319,58.8239539],[11.18085779,58.82375643],[11.17909962,58.82151935],[11.1747461,58.82089914],[11.17474603,58.8208991],[11.1743054,58.8206797],[11.16972117,58.81821774],[11.1688495,58.81796261],[11.16854685,58.81781187],[11.16828738,58.81774494],[11.16707182,58.81743141],[11.16378387,58.81563481],[11.16546197,58.81474804],[11.16718375,58.81402218],[11.16931043,58.81315933],[11.16979838,58.81301415],[11.16977452,58.81267282],[11.16984489,58.8116637],[11.16988237,58.81132419],[11.16854467,58.81006032],[11.16815219,58.80952707],[11.16738654,58.80847179],[11.16671836,58.80783454],[11.16642922,58.80766628],[11.16567446,58.80744158],[11.16368475,58.80688209],[11.1633477,58.80677625],[11.16282007,58.80561095],[11.16255929,58.80481548],[11.16280729,58.80388488],[11.16218807,58.8029443],[11.16195192,58.80209017],[11.16181433,58.80183944],[11.16104778,58.8014842],[11.16013547,58.80090304],[11.15836488,58.7997744],[11.15856506,58.79966773],[11.15920466,58.79907201],[11.16012789,58.79821182],[11.1606296,58.79764995],[11.15993649,58.79749643],[11.15993559,58.79749626],[11.15568123,58.79680145],[11.15390388,58.79677192],[11.15219722,58.79668591],[11.15219679,58.79668601],[11.15140793,58.79664624],[11.14817735,58.79642214],[11.14734309,58.79647009],[11.14670289,58.79674879],[11.1459126,58.79733283],[11.14591143,58.79733287],[11.14579202,58.79742112],[11.14493632,58.79834018],[11.14260504,58.79934152],[11.13875676,58.79665059],[11.13477508,58.79533226],[11.13341843,58.79414219],[11.13281002,58.79222407],[11.13236971,58.79135646],[11.13147813,58.79039214],[11.13104068,58.78973353],[11.13044426,58.78887633],[11.13018948,58.78824042],[11.13017312,58.78790238],[11.13032092,58.78726502],[11.13090356,58.78638636],[11.13164725,58.78569029],[11.13252987,58.78511174],[11.13288305,58.78478713],[11.13247275,58.7843866],[11.13211977,58.78402028],[11.13202506,58.78389253],[11.12921393,58.78205227],[11.12992946,58.77947044],[11.12996896,58.77841671],[11.13030956,58.77733849],[11.1312102,58.77228906],[11.12950818,58.7708075],[11.12835207,58.76968526],[11.12651666,58.76875435],[11.12609095,58.76750432],[11.12481965,58.76609598],[11.12491077,58.76564937],[11.12526323,58.76509981],[11.12579759,58.76434796],[11.12683237,58.76332509],[11.12743744,58.76273648],[11.12861007,58.76229707],[11.12964017,58.76199707],[11.13196936,58.76169604],[11.13271233,58.76169089],[11.13404504,58.76189997],[11.13557384,58.76226076],[11.13574787,58.76165648],[11.13623398,58.76103139],[11.13694408,58.76035016],[11.14277644,58.75961502],[11.14518064,58.75878322],[11.14831667,58.75688881],[11.15223949,58.75645218],[11.15651881,58.75558394],[11.1565188,58.75558429],[11.15651969,58.75558411],[11.15790561,58.75206062],[11.15635398,58.75058985],[11.15255882,58.7480258],[11.15590989,58.74391223],[11.15487141,58.74030205],[11.15487055,58.74030199],[11.15487052,58.74030187],[11.1455548,58.73975056],[11.14553061,58.73974913],[11.14553055,58.73974913],[11.14002926,58.74164422],[11.13594868,58.74252996],[11.13067538,58.74324289],[11.12959596,58.74338015],[11.12814842,58.74290026],[11.12678494,58.74246093],[11.12657111,58.74239204],[11.12584201,58.74188131],[11.12639859,58.74006112],[11.12138611,58.73715994],[11.1222751,58.7333525],[11.12288093,58.73321387],[11.12401322,58.73283732],[11.12502957,58.73263328],[11.12559386,58.73257347],[11.12672396,58.73221288],[11.12714953,58.73203555],[11.1284613,58.73147267],[11.12891547,58.73131243],[11.1303773,58.73101208],[11.13225307,58.73108025],[11.13304185,58.73118926],[11.13369123,58.73095576],[11.13328222,58.73078022],[11.13303271,58.73033731],[11.13299633,58.72991822],[11.1330021,58.72964526],[11.13277396,58.72973338],[11.13157177,58.73017175],[11.13008849,58.73063201],[11.12868324,58.7307416],[11.12791329,58.73079619],[11.12727798,58.73085117],[11.12501048,58.73047943],[11.12341735,58.73014827],[11.12183382,58.72928719],[11.12119278,58.72854076],[11.12087001,58.72772558],[11.12085745,58.7271306],[11.12125048,58.72627723],[11.12451832,58.72397322],[11.1272269,58.7198366],[11.13452053,58.67965221],[10.99633334,58.68150003],[10.99633286,58.68149981],[10.99633242,58.68149982],[10.99816575,58.72883316],[10.95183239,58.74299983],[10.93849906,58.73483316],[10.93583239,58.71466649],[10.9433324,58.70633315],[10.94199907,58.68399981],[10.9278324,58.68599981],[10.91966573,58.71233315],[10.86399904,58.70349981],[10.85533236,58.7536665],[10.88583237,58.75699983],[10.89949904,58.76649984],[10.91066572,58.75249983],[10.93966573,58.74399983],[10.94966573,58.75266651],[10.94116571,58.80983318],[10.9061657,58.81616652],[10.9106657,58.83949986],[10.90049902,58.86599987],[10.85849901,58.86566654],[10.858499,58.89916655],[10.83499899,58.90083321],[10.79965828,58.89858796],[10.78039902,58.90725271],[10.77500508,58.91706637],[10.79611747,58.92055014],[10.84443563,58.92918593],[10.86033768,58.93202312],[10.87571472,58.93476424],[10.87849789,58.93526015],[10.91791479,58.94227518],[10.93813874,58.94791146],[10.95164767,58.95167354],[10.98319349,58.9604496],[11.03227401,58.97045108],[11.06641741,58.97739443],[11.06914781,58.9789107],[11.07145425,58.98019139],[11.07811984,58.9838918],[11.08406429,58.98719092],[11.0877537,58.98923807],[11.08942315,58.99016429],[11.09238138,58.99180535],[11.0960635,58.99526478],[11.09818278,58.99725553],[11.1009303,58.99983603],[11.10441111,59.00310463],[11.10808772,59.00655633],[11.11161746,59.00986942],[11.11580739,59.01380124],[11.1171483,59.01505934],[11.11750335,59.01568742],[11.12000877,59.01512854],[11.11993444,59.01497214],[11.11951234,59.01484089],[11.11872945,59.01403469],[11.11803826,59.01323124],[11.1176911,59.01263972],[11.11729012,59.01211773],[11.11717213,59.01153308],[11.11683615,59.01125024],[11.11628278,59.01065253],[11.11582668,59.01021188],[11.11567914,59.00968564],[11.11557476,59.00918442],[11.11540855,59.00882365],[11.1149469,59.00822869],[11.11436382,59.00748775],[11.11415314,59.00711378]],[[10.98235507,58.89791307],[10.98236792,58.89794378],[10.9823681,58.8979442],[10.98244373,58.89794094],[10.98244676,58.8979408],[10.98249953,58.89796161],[10.98249202,58.89802694],[10.98239621,58.89804134],[10.98228246,58.89804706],[10.982221,58.89805193],[10.98222052,58.8980514],[10.9822204,58.89805125],[10.98220005,58.89802783],[10.98221699,58.89799417],[10.98219228,58.8979809],[10.98218466,58.8979768],[10.98215582,58.89794608],[10.98215199,58.89794602],[10.98206912,58.89794467],[10.98206855,58.89794447],[10.98200285,58.89792154],[10.98210039,58.89789349],[10.98213861,58.89788249],[10.98219987,58.89785514],[10.98222296,58.89785366],[10.98222617,58.89785346],[10.98228242,58.89788606],[10.98235507,58.89791307]],[[10.98390021,58.89634154],[10.98379576,58.89634304],[10.98379536,58.89634274],[10.98379466,58.89634223],[10.98374703,58.896307],[10.98372736,58.89626131],[10.98371965,58.89621482],[10.98371882,58.89620978],[10.98369088,58.89616103],[10.98367157,58.89611268],[10.98367156,58.89608837],[10.98371251,58.89606833],[10.98376019,58.8960676],[10.9837631,58.89606756],[10.98381495,58.89608115],[10.98386608,58.89610104],[10.98392996,58.89614124],[10.98399299,58.89618764],[10.98402292,58.89623463],[10.98401757,58.8962605],[10.98398777,58.89629984],[10.98396637,58.89631611],[10.98394518,58.89633064],[10.98390021,58.89634154]],[[11.14674028,58.80160893],[11.14650787,58.80163208],[11.14638143,58.80143084],[11.14670687,58.80131779],[11.14678262,58.80146301],[11.14674028,58.80160893]],[[11.14686372,58.80272451],[11.1470452,58.80271734],[11.14720019,58.8027487],[11.14724463,58.80289448],[11.14705578,58.80299857],[11.14685015,58.80302819],[11.14686372,58.80272451]],[[11.15811968,58.80983845],[11.15833216,58.80973091],[11.15851821,58.80979454],[11.15849491,58.8098855],[11.15870363,58.8099432],[11.15866446,58.81003525],[11.1585787,58.81007784],[11.15852531,58.81010291],[11.15833403,58.81009042],[11.15787511,58.80999962],[11.15811968,58.80983845]],[[11.14685862,58.80195926],[11.14683394,58.80160906],[11.14685903,58.80146246],[11.14679815,58.80131063],[11.14707436,58.80129641],[11.14714215,58.80147192],[11.14713559,58.80158688],[11.14729875,58.80186877],[11.14697007,58.8019799],[11.14685862,58.80195926]],[[11.03635859,58.87264155],[11.03580724,58.87278948],[11.03544053,58.87252354],[11.03601307,58.87234145],[11.03635859,58.87264155]],[[10.99470344,58.85064601],[10.9878807,58.851985],[10.98744965,58.85201929],[10.98744975,58.85201905],[10.98752876,58.85182869],[10.98753508,58.85171394],[10.98767298,58.85151424],[10.98790138,58.85112543],[10.98790786,58.8511144],[10.98777701,58.85096504],[10.98778681,58.85096139],[10.98784022,58.85094147],[10.98797764,58.85093652],[10.98801112,58.85093062],[10.99378409,58.8499155],[10.99411938,58.8497491],[10.99415411,58.84974119],[10.9941547,58.84974106],[10.99476212,58.85022388],[10.99508206,58.85051609],[10.99512544,58.85055567],[10.99470344,58.85064601]],[[11.0000293,58.8540894],[10.99789984,58.85386133],[10.99789973,58.85386126],[10.9971042,58.85343963],[10.99701314,58.85342333],[10.99690192,58.85328823],[10.99690119,58.85328834],[10.99338722,58.85383066],[10.99338715,58.85383036],[10.99307704,58.85250863],[10.99306255,58.8524469],[10.99306212,58.85244671],[10.99306163,58.85244683],[10.99295321,58.8524725],[10.98974926,58.85323097],[10.98958728,58.85324416],[10.98891105,58.85329971],[10.9889101,58.85329954],[10.98818269,58.85316813],[10.98819706,58.85313859],[10.98820059,58.85313133],[10.9887156,58.8527791],[10.98930691,58.8526901],[10.98938625,58.85267816],[10.98970414,58.8526303],[10.98980183,58.85262767],[10.99266484,58.85212069],[10.99266547,58.85212058],[10.99306213,58.85244634],[10.99306248,58.85244662],[10.99318306,58.85242121],[10.99434468,58.85217642],[10.99495058,58.85187477],[10.99553835,58.85179011],[10.99552756,58.85175857],[10.99743226,58.85144572],[10.99910451,58.85137933],[10.99910525,58.8513793],[10.99978494,58.85198076],[11.00031115,58.85308353],[11.00148656,58.85378697],[11.0000293,58.8540894]],[[10.98753063,58.84944721],[10.98627937,58.84993907],[10.98207451,58.84976318],[10.98207449,58.84976306],[10.98206097,58.8496447],[10.9813603,58.84878883],[10.98133901,58.84864034],[10.98133813,58.84863425],[10.98511708,58.84812308],[10.98624868,58.84793285],[10.99013215,58.84711251],[10.99341837,58.84646902],[10.99341925,58.84646885],[10.99373834,58.84792361],[10.99365546,58.84793012],[10.99155921,58.84805614],[10.99075424,58.84817465],[10.99038206,58.84830212],[10.99026154,58.84838451],[10.98803533,58.84899377],[10.98759203,58.84926377],[10.98753063,58.84944721]],[[11.13414601,58.82732272],[11.13414632,58.82732273],[11.13531768,58.82761415],[11.13604373,58.82779477],[11.13640169,58.82788686],[11.13640242,58.82788705],[11.13828484,58.82747272],[11.13974905,58.82734803],[11.13974953,58.82734799],[11.14210731,58.82843251],[11.141931,58.82952114],[11.14166312,58.83070002],[11.14147315,58.83121243],[11.14134559,58.83177378],[11.14133957,58.83229194],[11.14120112,58.83284659],[11.14174372,58.83334422],[11.1417219,58.83399737],[11.14168694,58.83464293],[11.14162311,58.83550304],[11.14125841,58.83705298],[11.14169944,58.83826671],[11.14163666,58.8393673],[11.14124291,58.83952836],[11.13986675,58.83995194],[11.13852261,58.84063962],[11.13668525,58.84122178],[11.1343971,58.84138432],[11.13345696,58.84133271],[11.13345605,58.84133256],[11.13094357,58.84090844],[11.12931414,58.8402006],[11.12853397,58.83971644],[11.1275411,58.83880375],[11.12726601,58.83795424],[11.1272897,58.83777962],[11.12731299,58.83760796],[11.12761965,58.8367202],[11.12815379,58.83602074],[11.12763521,58.8353532],[11.12762064,58.8353408],[11.12696787,58.83478546],[11.12606609,58.83370074],[11.12532788,58.83265702],[11.12515535,58.8319319],[11.12533343,58.83111432],[11.1267293,58.83004292],[11.12721237,58.82959585],[11.12740117,58.82919945],[11.12832887,58.82833895],[11.12956943,58.82766514],[11.13161344,58.82730099],[11.13414601,58.82732272]],[[11.06697665,58.83593317],[11.06646543,58.83574297],[11.06471794,58.83582866],[11.06309748,58.8355231],[11.06279393,58.83541564],[11.0601406,58.83394613],[11.0597845,58.83292602],[11.0595906,58.83283319],[11.05896174,58.83229581],[11.05831247,58.83190765],[11.05756086,58.83147227],[11.05719903,58.83128814],[11.05645567,58.83068225],[11.05559757,58.8297079],[11.05542417,58.82946583],[11.05525762,58.82911586],[11.05409004,58.82584456],[11.05397717,58.8255559],[11.05361579,58.82517833],[11.05334527,58.8244399],[11.05343575,58.8234791],[11.05362923,58.82297202],[11.0545593,58.82191363],[11.05646719,58.82125552],[11.05886847,58.82091553],[11.06078252,58.82081465],[11.0613757,58.82100791],[11.06174562,58.82102153],[11.06243538,58.82081126],[11.06428763,58.82055806],[11.06600517,58.82068555],[11.06734407,58.82086336],[11.06863543,58.82048235],[11.07044071,58.8202702],[11.07184693,58.82025762],[11.07333569,58.82054799],[11.07444802,58.82026748],[11.07652061,58.82021504],[11.07881983,58.82062082],[11.0796452,58.82092962],[11.08090279,58.82170421],[11.08183781,58.82272404],[11.08252002,58.82347751],[11.08289457,58.82466962],[11.0830366,58.82544612],[11.08353905,58.82570021],[11.0859862,58.82653976],[11.08715899,58.82733259],[11.08797193,58.82894781],[11.08754523,58.83026053],[11.08650081,58.83095073],[11.08537953,58.83129529],[11.08523585,58.83144001],[11.0854012,58.83204595],[11.0850939,58.83278456],[11.08539089,58.83303113],[11.08603895,58.83434036],[11.08576695,58.83512311],[11.08629326,58.83550662],[11.08635898,58.83623747],[11.08588427,58.83699138],[11.08529489,58.83767681],[11.08473705,58.83782777],[11.08474996,58.83864239],[11.08378877,58.84023547],[11.08166637,58.84125036],[11.07845006,58.84149663],[11.07639913,58.84107858],[11.07564393,58.84085803],[11.07468894,58.84058729],[11.07335765,58.84004564],[11.07151511,58.83931377],[11.07109739,58.83874138],[11.07051812,58.83814161],[11.06992107,58.83736979],[11.06884839,58.83675188],[11.06819597,58.83638509],[11.06697665,58.83593317]],[[10.97884649,58.90589721],[10.97966109,58.90535437],[10.98002937,58.90489599],[10.98016619,58.90454765],[10.98018982,58.90448747],[10.98029596,58.9042172],[10.98029366,58.90378171],[10.98081555,58.90284569],[10.98139547,58.90227157],[10.98186521,58.90145949],[10.98235747,58.90081028],[10.98236537,58.90079877],[10.9827506,58.90023741],[10.98276974,58.90020952],[10.98285923,58.89925732],[10.98363249,58.8983869],[10.98423769,58.89800063],[10.98434792,58.89793027],[10.98525941,58.89746969],[10.98743204,58.89700003],[10.98796786,58.89689639],[10.98846646,58.89690377],[10.98897616,58.89667548],[10.9910293,58.89590215],[10.99104551,58.89454165],[10.98958041,58.89364936],[10.98920634,58.89239395],[10.98888817,58.89204075],[10.98823037,58.89131051],[10.98706034,58.89099758],[10.98706003,58.89099761],[10.98251104,58.89150058],[10.98251005,58.89150044],[10.98074932,58.89123915],[10.97914207,58.89100062],[10.9780677,58.89048493],[10.97676234,58.88941305],[10.97649456,58.88899833],[10.97643879,58.88887409],[10.97613023,58.88818651],[10.97689122,58.8864292],[10.97761168,58.88568076],[10.97941963,58.88566533],[10.98240785,58.88581869],[10.98534892,58.8848311],[10.98661865,58.88422046],[10.99191275,58.88334128],[10.99581664,58.88330751],[10.99581745,58.8833075],[10.99748447,58.88467942],[10.99925845,58.88612925],[10.99940731,58.88624938],[10.99974767,58.88644819],[11.00113743,58.88691135],[11.00143201,58.88705489],[11.00160005,58.88727529],[11.00178055,58.88766681],[11.00177901,58.88766597],[11.00177934,58.88766667],[11.00223268,58.88795388],[11.00309228,58.8876933],[11.00672798,58.88612419],[11.00669214,58.88610536],[11.00581953,58.88565513],[11.0039364,58.88468385],[11.00417011,58.88437505],[11.00417254,58.88437183],[11.00435271,58.88415745],[11.00490831,58.88399571],[11.00495838,58.88372702],[11.00471749,58.88331039],[11.0047178,58.88298476],[11.00515557,58.88258238],[11.00523739,58.8821551],[11.00462669,58.8813764],[11.00389157,58.88074382],[11.00398658,58.88066097],[11.00415194,58.87949484],[11.00396434,58.8790187],[11.00348333,58.87677622],[11.00409526,58.87537356],[11.00435548,58.87437103],[11.00822991,58.87333533],[11.01072951,58.87204604],[11.01385953,58.87142809],[11.01669669,58.87067953],[11.02058626,58.86918193],[11.0188513,58.86494686],[11.02326367,58.86228802],[11.02570818,58.86229562],[11.02570873,58.86229562],[11.02849839,58.86329227],[11.02983693,58.86501237],[11.02982862,58.86502805],[11.02973573,58.86520333],[11.02968597,58.86529721],[11.02968839,58.86532938],[11.02968919,58.86534009],[11.02970616,58.86556635],[11.02963145,58.86556922],[11.02965505,58.86575951],[11.02972936,58.86635871],[11.02982109,58.8670983],[11.02983886,58.86724166],[11.03016176,58.86743092],[11.03016412,58.8674323],[11.027133,58.8698269],[11.02987237,58.87042921],[11.02987317,58.87042939],[11.03251131,58.87020903],[11.0333601,58.87028517],[11.03417718,58.87035846],[11.03449679,58.87038733],[11.0335595,58.87143873],[11.03297915,58.87209035],[11.03306715,58.87208605],[11.03327011,58.87214235],[11.0334931,58.87219527],[11.03365511,58.87225203],[11.03385565,58.87237587],[11.03391249,58.87244215],[11.03401758,58.87251977],[11.03413708,58.87257139],[11.03437797,58.87262861],[11.03494907,58.87300473],[11.03522238,58.87336633],[11.03536939,58.87370978],[11.03552579,58.87395952],[11.03568994,58.8743953],[11.03571812,58.87439544],[11.03572078,58.87440217],[11.03579479,58.87439591],[11.03566899,58.87404342],[11.03567651,58.87400014],[11.03585303,58.87372865],[11.03705356,58.87375005],[11.0370562,58.8737501],[11.03732148,58.87390113],[11.03741742,58.87435417],[11.03779484,58.87429513],[11.03780327,58.87429381],[11.03780602,58.87429338],[11.03779489,58.8743595],[11.03804035,58.87443769],[11.03804113,58.87443794],[11.03820627,58.87442324],[11.03825071,58.87439074],[11.03838244,58.87431606],[11.03842628,58.87429877],[11.03846164,58.87428271],[11.0385722,58.87425679],[11.03864326,58.87424181],[11.03868762,58.87423618],[11.03880026,58.87422909],[11.03889216,58.87422831],[11.03905661,58.87423846],[11.03918541,58.87424512],[11.03926178,58.87424908],[11.03958657,58.87427595],[11.03979293,58.87429293],[11.03994064,58.87430317],[11.03997272,58.87426324],[11.03998514,58.87424779],[11.04051676,58.87360921],[11.04174256,58.87393827],[11.0417014,58.87398476],[11.04166574,58.87402504],[11.04130215,58.8744357],[11.04128445,58.87445334],[11.04221011,58.87463306],[11.04292943,58.87476293],[11.04355019,58.87484438],[11.04443205,58.87494235],[11.04525965,58.87503581],[11.0455946,58.87507728],[11.04590779,58.87509157],[11.04614442,58.8750699],[11.04797436,58.87434956],[11.04595337,58.87144889],[11.04459891,58.86951119],[11.0445999,58.86950911],[11.04283608,58.86697725],[11.04283372,58.86697385],[11.04326076,58.86689597],[11.04484034,58.86660789],[11.04409471,58.86542841],[11.04333431,58.86422547],[11.04321456,58.86403981],[11.04343741,58.86401496],[11.04405711,58.86394584],[11.04439162,58.86390853],[11.04499425,58.8638413],[11.04579203,58.86375232],[11.04683495,58.86363597],[11.0475676,58.86355423],[11.04828597,58.86347409],[11.04897603,58.86339709],[11.04936514,58.86335375],[11.05117896,58.86353192],[11.0513274,58.86354917],[11.0513305,58.86354953],[11.05132744,58.863272],[11.05292689,58.86236699],[11.05423036,58.86162945],[11.05423073,58.86162923],[11.05446224,58.86178267],[11.05446236,58.86178275],[11.05617827,58.86193165],[11.05617899,58.86193171],[11.05778716,58.86256944],[11.05877246,58.86352701],[11.05957273,58.86462773],[11.06062227,58.86481635],[11.06076119,58.86486346],[11.06254856,58.86546958],[11.06267753,58.86551331],[11.06385668,58.86596376],[11.06414808,58.86608582],[11.06619122,58.8673264],[11.06626256,58.86742345],[11.06736588,58.86842813],[11.06776368,58.86944974],[11.06786648,58.87022871],[11.06790577,58.87052622],[11.06751569,58.87156171],[11.06745433,58.87200938],[11.06737682,58.87211386],[11.06680864,58.87287964],[11.06680475,58.87288488],[11.06611791,58.87361],[11.06494382,58.87430172],[11.06410448,58.87442273],[11.06034571,58.87562077],[11.05959735,58.87641999],[11.05934508,58.87681796],[11.05869605,58.87731368],[11.05869646,58.8773125],[11.0586951,58.87731354],[11.05862674,58.87750447],[11.05739235,58.87813003],[11.05640146,58.87836912],[11.05638232,58.87839877],[11.05638397,58.87839857],[11.05579395,58.87931143],[11.05574561,58.87935591],[11.0536543,58.88128014],[11.05359622,58.88133357],[11.05277943,58.88129016],[11.05129344,58.88122726],[11.05107162,58.8813215],[11.05065835,58.88163236],[11.05193199,58.8820007],[11.05302341,58.88279081],[11.05364734,58.88367081],[11.05383578,58.88410626],[11.05371533,58.88438035],[11.05414936,58.88480682],[11.05529241,58.88555257],[11.05638408,58.88634266],[11.05676986,58.8871496],[11.05629392,58.88820335],[11.05529772,58.88888349],[11.05696968,58.88881156],[11.05857786,58.88900437],[11.05943142,58.89155938],[11.05940138,58.89240442],[11.05937351,58.89344252],[11.06028588,58.89482086],[11.05810009,58.89739332],[11.05800404,58.89743643],[11.05751914,58.89765403],[11.05638056,58.89780495],[11.05565698,58.89824966],[11.05458022,58.8985528],[11.05299722,58.89945688],[11.05298373,58.89946528],[11.05090671,58.89998161],[11.04969737,58.90004415],[11.04874987,58.90000923],[11.04874922,58.90000909],[11.04754338,58.89975047],[11.04754366,58.8997506],[11.04871169,58.90028634],[11.04907668,58.90064261],[11.04909825,58.90071312],[11.04944786,58.90185611],[11.04895702,58.9030164],[11.0482359,58.90342728],[11.04775361,58.90393616],[11.04574404,58.90529753],[11.04457943,58.90548468],[11.04324534,58.90569811],[11.04118817,58.90560073],[11.04118764,58.90560061],[11.03873667,58.90506023],[11.03732408,58.90449381],[11.03649716,58.9035848],[11.03605582,58.9025829],[11.03605492,58.90258297],[11.03450793,58.90269707],[11.03243625,58.90270613],[11.03243528,58.90270599],[11.03131708,58.90253213],[11.03008513,58.90234057],[11.02766353,58.90158671],[11.02766342,58.90158684],[11.02739624,58.90190405],[11.02712438,58.90229867],[11.02663019,58.90273001],[11.02663388,58.90273501],[11.02681028,58.90297392],[11.0268116,58.9029757],[11.02690168,58.90343704],[11.02677638,58.90418557],[11.02660022,58.90467365],[11.02651057,58.90479487],[11.02629976,58.90507992],[11.02620853,58.90520328],[11.02618823,58.90534992],[11.02289979,58.90548654],[11.02130389,58.90555259],[11.01925504,58.90659073],[11.01837147,58.90773637],[11.01734972,58.90853405],[11.01630742,58.90918098],[11.01476385,58.90975922],[11.01206554,58.9122909],[11.01206446,58.91229064],[11.01034063,58.91188648],[11.01033942,58.91188634],[11.00952529,58.91179188],[11.00828322,58.91178856],[11.00734448,58.91221563],[11.00586727,58.91312183],[11.00579578,58.9131441],[11.00467202,58.91349404],[11.00433022,58.91360472],[11.00300425,58.91403407],[11.0029484,58.91405216],[11.00289766,58.91406859],[11.00287759,58.91411022],[11.00287686,58.91411174],[11.00096436,58.91564019],[11.00016127,58.91625404],[11.00016077,58.91625353],[11.00015539,58.91624804],[11.00015449,58.91624801],[10.99950671,58.91622389],[10.99785874,58.91619622],[10.99785786,58.91619608],[10.99700789,58.91606333],[10.99629919,58.91584581],[10.99629902,58.91584593],[10.99538871,58.91645264],[10.99463155,58.91673918],[10.99360395,58.9170943],[10.99236167,58.91743019],[10.99104871,58.91749362],[10.99027184,58.91745338],[10.99027108,58.91745326],[10.9889963,58.9172484],[10.98771791,58.91690839],[10.98672398,58.91639911],[10.98655281,58.91622411],[10.98640925,58.91616252],[10.98603568,58.91603616],[10.98482092,58.91555236],[10.98396748,58.915127],[10.98328492,58.914101],[10.98312545,58.91353294],[10.98301006,58.9131127],[10.98315953,58.91235385],[10.98321003,58.91168123],[10.98307588,58.91155256],[10.98252628,58.91144209],[10.9812961,58.91107008],[10.97999536,58.91042563],[10.9790304,58.90940025],[10.97870878,58.90874745],[10.9788276,58.90789753],[10.97873156,58.90718571],[10.97862143,58.90657453],[10.97884649,58.90589721]]]},"geometry_name":"geom","properties":{"nvrid":"2014914","gtype":"Polygon","namn":"Kosterhavets nationalpark","skyddstyp":"Nationalpark","skyddstyp_kod":"NP","beslutsstatus":"Gällande","beslutsmyndighet":"Riksdag/Regering","urspr_beslutsdatum":"20090617","urspr_gallandedatum":"20090901","senaste_gallandedatum":"20250101","ikrafttradandedatum_foreskrift":null,"tillsynsmyndighet":null,"provningsmyndighet_tillstand":" ","provningsmyndighet_dispens":" ","lan":"Västra Götalands Län","kommun":"Strömstad, Tanum","iucnkategori":"II, Nationalpark (National Park)","forvaltare":"Länsstyrelsen i Västra Götalands län","data_friluftsliv_publicerat":"Ja","area_ha":38819.96,"land_ha":861.05,"skog_ha":68.89,"vatten_ha":37958.91}},{"type":"Feature","id":"PS.ProtectedSites.NP.15758412","geometry":{"type":"Polygon","coordinates":[[[11.7689452,59.06867598],[11.77686444,59.06422915],[11.77689657,59.06423683],[11.77969874,59.06490641],[11.77970201,59.06490255],[11.77976955,59.06482306],[11.77987061,59.06476364],[11.77993443,59.06472851],[11.77996604,59.06469656],[11.77998317,59.06468006],[11.78008322,59.06467052],[11.78026524,59.06465317],[11.78034186,59.06463413],[11.78042433,59.06460565],[11.78054493,59.0646147],[11.78060207,59.06460549],[11.78065437,59.06459717],[11.78069479,59.06460722],[11.78071889,59.06459924],[11.78078625,59.06459843],[11.78084539,59.06461905],[11.78089324,59.06450615],[11.78090218,59.06446625],[11.78091882,59.06439198],[11.78094506,59.0642994],[11.78098593,59.06426904],[11.78107675,59.06420157],[11.78118338,59.06410823],[11.7812137,59.06403737],[11.78116055,59.06383231],[11.78118232,59.06374601],[11.78120459,59.06365766],[11.78118784,59.06352085],[11.78118447,59.06349333],[11.78115697,59.06338447],[11.78113299,59.0633521],[11.78103253,59.06321645],[11.78092999,59.06309416],[11.78087903,59.06300426],[11.78088006,59.06297014],[11.7808954,59.06288078],[11.7807882,59.06276731],[11.78078952,59.06270443],[11.78073732,59.06265044],[11.78067793,59.06259799],[11.78066163,59.06253629],[11.78063701,59.06248507],[11.78067334,59.06245063],[11.78068092,59.06244347],[11.78080777,59.06240838],[11.78094204,59.06236997],[11.78101829,59.06229534],[11.78117081,59.06227735],[11.78119227,59.06227388],[11.78125289,59.06226406],[11.78128329,59.06224536],[11.78127814,59.06222251],[11.78126569,59.06216742],[11.78145943,59.06207536],[11.78156833,59.06204887],[11.78158208,59.06204552],[11.78158354,59.0620393],[11.78160602,59.06194387],[11.78175194,59.06190433],[11.78177623,59.06189775],[11.78183817,59.06183521],[11.78192939,59.06174312],[11.78192506,59.06156496],[11.78196089,59.06150508],[11.7819333,59.06134408],[11.78200161,59.06119725],[11.78210187,59.06115223],[11.7821096,59.06104105],[11.78224712,59.06100452],[11.78240043,59.06095419],[11.78252158,59.06088295],[11.78261374,59.06081966],[11.78259669,59.06071119],[11.78259637,59.06066082],[11.78269819,59.06055115],[11.78280614,59.06047403],[11.78279081,59.06040517],[11.78277635,59.06035611],[11.78283606,59.06022156],[11.78283061,59.06010449],[11.78280396,59.06001544],[11.78288209,59.0599265],[11.7829015,59.05985886],[11.78296926,59.0598217],[11.78304996,59.05982454],[11.78305615,59.05982475],[11.78305333,59.05981777],[11.78303774,59.05977916],[11.78308426,59.05975566],[11.78309761,59.0597489],[11.78309513,59.05973383],[11.78308211,59.05965485],[11.78302991,59.05960087],[11.78300912,59.05957316],[11.78318947,59.05939792],[11.78333485,59.05919627],[11.78340477,59.05903691],[11.78344529,59.0588891],[11.7834598,59.05886718],[11.78351509,59.05878368],[11.78361143,59.05871515],[11.78364112,59.05862269],[11.78353783,59.05853525],[11.78351542,59.05854476],[11.78343796,59.05855606],[11.78340987,59.05856015],[11.7833552,59.05855049],[11.78331571,59.05852878],[11.78329307,59.05851634],[11.78325988,59.0584981],[11.78323145,59.05847697],[11.78321062,59.05845321],[11.78320186,59.05835391],[11.7832067,59.05834557],[11.78323939,59.0582702],[11.78324238,59.05826893],[11.78327312,59.05825593],[11.78331712,59.05819821],[11.78332529,59.05818325],[11.78333314,59.05816892],[11.78339753,59.05814853],[11.78342921,59.05812308],[11.78345608,59.0580921],[11.78351087,59.05804919],[11.78350903,59.05802851],[11.78347527,59.05798737],[11.78346182,59.05795451],[11.78346848,59.05792504],[11.78356224,59.05786885],[11.78365412,59.05780061],[11.78366339,59.05775108],[11.78364697,59.05768176],[11.78355352,59.0575555],[11.78359746,59.05749689],[11.78355927,59.05738151],[11.78355902,59.05734891],[11.78355829,59.05732744],[11.78354547,59.05728128],[11.78357263,59.05724787],[11.78364686,59.05722126],[11.7836761,59.05721977],[11.78372675,59.05721718],[11.78354208,59.05636607],[11.78301413,59.05393267],[11.78268973,59.05219311],[11.78268236,59.05176519],[11.7803887,59.05150346],[11.78182105,59.04807102],[11.78199933,59.04764372],[11.78214701,59.04728983],[11.78231777,59.04688052],[11.7829085,59.04659595],[11.78304081,59.0465322],[11.78307505,59.04647181],[11.78387889,59.0450538],[11.78540737,59.04235717],[11.78581182,59.04164356],[11.7859167,59.04135763],[11.78730859,59.03756279],[11.78770491,59.03586086],[11.78833172,59.03316874],[11.7886466,59.03181616],[11.78865513,59.03178864],[11.78905467,59.03049722],[11.78908811,59.03038913],[11.78954897,59.02889934],[11.78955776,59.02887093],[11.78958167,59.02879362],[11.79219221,59.02298297],[11.79234907,59.02263377],[11.79323039,59.02067159],[11.7935738,59.01849925],[11.79363768,59.01809519],[11.79380669,59.01702593],[11.79389789,59.01644893],[11.79411394,59.01629969],[11.79412314,59.01629334],[11.79467834,59.01590982],[11.79613111,59.01490619],[11.79721776,59.01263881],[11.79722104,59.01263194],[11.79805673,59.01088799],[11.79836709,59.01024026],[11.7983329,59.01023088],[11.79522144,59.00937656],[11.79494273,59.00930437],[11.79162899,59.00844601],[11.79154514,59.00842429],[11.7913064,59.007889],[11.79016467,59.00532897],[11.7901622,59.00532344],[11.78769263,59.00164823],[11.78719833,59.00091252],[11.7871892,59.00089685],[11.78718124,59.00088318],[11.78701105,59.00031169],[11.78615964,58.99877177],[11.78587524,58.99711763],[11.78553203,58.99512135],[11.78541676,58.99445093],[11.78550836,58.99357699],[11.78552271,58.99344017],[11.78462442,58.99284357],[11.78411471,58.9923433],[11.783084,58.99122764],[11.78223929,58.99042372],[11.78170203,58.98994807],[11.7812849,58.98950164],[11.78066496,58.9890999],[11.77872998,58.98739954],[11.77816196,58.98756784],[11.77661472,58.9875358],[11.77585693,58.98758496],[11.77444449,58.98760561],[11.77350158,58.98759175],[11.77268673,58.98763167],[11.77137029,58.98754926],[11.77063439,58.98750013],[11.76962116,58.98733334],[11.76738254,58.98721003],[11.76614948,58.98712548],[11.76470762,58.98701202],[11.76454569,58.98723849],[11.76447001,58.98729802],[11.76433983,58.98740046],[11.76406095,58.98753465],[11.7638832,58.98761481],[11.76364602,58.98769648],[11.76334455,58.9877633],[11.76309614,58.9877978],[11.76253475,58.98782672],[11.76220985,58.98780634],[11.76140059,58.98774578],[11.75743713,58.98744907],[11.75600604,58.98733128],[11.75593249,58.98732523],[11.7540685,58.9870116],[11.75352012,58.98693338],[11.7532405,58.98692822],[11.7531004,58.98692564],[11.75279727,58.98695257],[11.75264831,58.98697255],[11.75219801,58.98704369],[11.75221711,58.98706316],[11.75222424,58.98707042],[11.75228183,58.98709809],[11.75058283,58.98749797],[11.75013582,58.98760318],[11.74953812,58.98785947],[11.74917267,58.98867021],[11.74900533,58.98904143],[11.74880307,58.98949012],[11.74759988,58.98965372],[11.74758045,58.98971627],[11.74738517,58.99034458],[11.74734206,58.99048327],[11.74210044,58.99114021],[11.7395951,58.99593637],[11.7396135,58.99594433],[11.74147734,58.99675048],[11.73562107,59.00054851],[11.73250349,59.00256994],[11.73235666,59.00266513],[11.73129258,59.00273769],[11.72919545,59.0025009],[11.72857689,59.00243106],[11.72486408,59.00239671],[11.72368096,59.0025625],[11.72353419,59.00253961],[11.72352993,59.00255126],[11.7235089,59.00256254],[11.72323979,59.0025587],[11.72307511,59.00257431],[11.72300528,59.00257386],[11.72295818,59.00258803],[11.72292831,59.0026169],[11.72289851,59.00262509],[11.72282198,59.00262292],[11.72268819,59.00258851],[11.72253716,59.00254212],[11.72228707,59.00249473],[11.72219713,59.00245609],[11.72217129,59.00245209],[11.72209289,59.00243995],[11.72205671,59.00243776],[11.72197927,59.00245262],[11.72194201,59.00246539],[11.72186882,59.00251587],[11.72179736,59.0025708],[11.72173232,59.00260139],[11.72166887,59.00260255],[11.72160273,59.00262654],[11.72151978,59.00269433],[11.72139868,59.00275187],[11.72134588,59.00276356],[11.72126045,59.00275888],[11.72120497,59.00274544],[11.72117577,59.0027253],[11.72115933,59.00266912],[11.72112655,59.00263866],[11.72110686,59.002631],[11.72104151,59.00262324],[11.72101667,59.0026151],[11.72097678,59.00261569],[11.72085302,59.00269225],[11.72068966,59.00274794],[11.72061986,59.00276494],[11.72038512,59.00279911],[11.72032376,59.00282016],[11.72024255,59.0028597],[11.71964804,59.00334957],[11.71955035,59.0034073],[11.71938799,59.00345551],[11.71922302,59.00349262],[11.71906632,59.00354326],[11.71899919,59.00356399],[11.71891619,59.00361549],[11.71889519,59.00363708],[11.71887244,59.0036841],[11.71884893,59.00377874],[11.71881101,59.00381651],[11.71878423,59.00383576],[11.71871208,59.00385586],[11.71863965,59.00385809],[11.71859614,59.00384683],[11.71854171,59.00384971],[11.7184578,59.00388604],[11.71834168,59.00395717],[11.71831067,59.00399377],[11.71826808,59.00410452],[11.71823195,59.00415902],[11.71819361,59.0042109],[11.71817476,59.00426306],[11.71815748,59.00427931],[11.71811876,59.00429441],[11.71808479,59.00429741],[11.71804962,59.00429051],[11.71793382,59.00424417],[11.71777798,59.00423956],[11.71773178,59.00424687],[11.71766747,59.00426595],[11.71752256,59.00433115],[11.71734385,59.00444861],[11.71730238,59.00448972],[11.71725717,59.00457346],[11.717231,59.00479382],[11.71720932,59.0048154],[11.7171349,59.00481854],[11.71707538,59.00481786],[11.71701382,59.00482472],[11.71683214,59.00489718],[11.71667465,59.0050043],[11.71652725,59.00507455],[11.71645156,59.00508691],[11.71637487,59.00508947],[11.71633214,59.00509684],[11.71627402,59.00512007],[11.71622905,59.00514757],[11.71620957,59.00520716],[11.71619495,59.00530895],[11.7161556,59.00534275],[11.71607109,59.00538674],[11.71584017,59.005436],[11.71579238,59.00544856],[11.71572494,59.00547596],[11.71560312,59.00555969],[11.71557757,59.00558393],[11.71555926,59.00565059],[11.71555634,59.00569424],[11.71557028,59.00573918],[11.71570553,59.00588548],[11.7157855,59.00594976],[11.71583431,59.00600066],[11.71592503,59.00614847],[11.71593571,59.00617694],[11.71593302,59.00626036],[11.71582181,59.00633233],[11.71580371,59.00636391],[11.71575267,59.00640968],[11.71567367,59.00646368],[11.71567784,59.00649902],[11.71572894,59.00656009],[11.71575559,59.00657693],[11.71590543,59.00661832],[11.71598768,59.00664666],[11.71603144,59.00664292],[11.71605532,59.00663075],[11.71607204,59.0065886],[11.71607415,59.00651179],[11.71610164,59.00648936],[11.71614253,59.00647683],[11.71647882,59.00647931],[11.71663571,59.00646762],[11.71667707,59.00646858],[11.71674666,59.00646026],[11.71692317,59.0064134],[11.71718505,59.00625325],[11.71722639,59.00623106],[11.71735333,59.0061367],[11.71740136,59.00607636],[11.7174665,59.00603239],[11.71755577,59.00599217],[11.71764491,59.00597159],[11.71771059,59.00597508],[11.71777104,59.00600532],[11.7178065,59.00605698],[11.71781228,59.00612361],[11.71790781,59.00624403],[11.71802142,59.00633015],[11.71804835,59.00634606],[11.7180729,59.00638157],[11.71806661,59.00644704],[11.71808043,59.00647677],[11.71810671,59.00650098],[11.71825406,59.00658467],[11.71833679,59.00662408],[11.71844628,59.00669062],[11.71860148,59.00677834],[11.71865905,59.00679051],[11.71869162,59.00679029],[11.71871603,59.00676392],[11.71871881,59.00672835],[11.71873816,59.00670634],[11.71884259,59.00666446],[11.71902335,59.00662399],[11.71914195,59.00659921],[11.71919034,59.00657174],[11.71925681,59.00650515],[11.71931485,59.00646735],[11.71934349,59.0064323],[11.71936064,59.00635153],[11.71936079,59.00631946],[11.71930613,59.00622564],[11.71927946,59.00616733],[11.71928601,59.00596865],[11.71931827,59.00579403],[11.71934087,59.00575264],[11.71942349,59.00568206],[11.71949053,59.00565224],[11.71960106,59.00562013],[11.71996775,59.00558565],[11.7202642,59.00553212],[11.7203243,59.00550707],[11.72047868,59.00547336],[11.72063311,59.00542888],[11.72067004,59.00542685],[11.72072517,59.00544453],[11.7207775,59.00544422],[11.72109049,59.00536038],[11.72118868,59.0053397],[11.72122876,59.00529934],[11.72125203,59.00517234],[11.7213353,59.00498553],[11.72138023,59.0047299],[11.72143809,59.00461753],[11.72153939,59.00449861],[11.72166983,59.00440734],[11.72171573,59.00438307],[11.72176307,59.00436941],[11.72188647,59.00435892],[11.72196646,59.00436328],[11.72205146,59.00437696],[11.72223652,59.00443528],[11.72252035,59.00455681],[11.72259435,59.00458439],[11.72296084,59.00483433],[11.72305212,59.00491904],[11.72309981,59.00498964],[11.72314296,59.0050038],[11.72319196,59.00500059],[11.72331903,59.00497387],[11.72344931,59.00496546],[11.72355115,59.00494334],[11.72361542,59.00490988],[11.72367686,59.00485601],[11.72371846,59.00475021],[11.7237417,59.00472621],[11.7238339,59.0046793],[11.72391178,59.00466384],[11.72399329,59.00466825],[11.72403283,59.00469021],[11.72404163,59.00474695],[11.72404487,59.00494734],[11.72408756,59.00500406],[11.72415541,59.00506166],[11.72433972,59.00515263],[11.72440304,59.00521128],[11.72445232,59.00524851],[11.72445289,59.00530705],[11.72443889,59.00536721],[11.72444111,59.00537924],[11.7244818,59.00538405],[11.72452893,59.00537302],[11.72460577,59.00531713],[11.72466936,59.00531346],[11.72468866,59.00531693],[11.72470705,59.00532906],[11.72469891,59.00535919],[11.72468069,59.00537217],[11.72464166,59.00538248],[11.72457439,59.00542195],[11.72457496,59.00543824],[11.72460661,59.00546197],[11.72470971,59.00546715],[11.7247222,59.00548258],[11.72470049,59.00556044],[11.72473392,59.00559466],[11.7248024,59.00560646],[11.72475717,59.00561875],[11.72468378,59.00560914],[11.72455768,59.00557507],[11.72449856,59.00557752],[11.72448059,59.00558972],[11.72446976,59.00563057],[11.72450281,59.00565433],[11.72450167,59.00568447],[11.7244541,59.0056904],[11.72433611,59.00569052],[11.72421864,59.00571207],[11.72420102,59.0056994],[11.72419937,59.00567027],[11.72423249,59.00561314],[11.7241971,59.00558959],[11.72417597,59.0055837],[11.72414861,59.00558448],[11.72407933,59.0056119],[11.72384763,59.00575642],[11.7236787,59.00583815],[11.72342774,59.00591489],[11.72326584,59.00593514],[11.72320582,59.00594744],[11.72306544,59.00594002],[11.72286126,59.00591487],[11.72271277,59.0058896],[11.7226929,59.00588221],[11.72266759,59.00588214],[11.72253557,59.00590868],[11.72249528,59.00592284],[11.7224875,59.00594],[11.72251104,59.00600896],[11.72247457,59.00607701],[11.72247871,59.00611417],[11.72250446,59.0061314],[11.72253482,59.00613328],[11.722582,59.00612011],[11.72261711,59.00610049],[11.72264811,59.00609165],[11.72268193,59.00609236],[11.72278393,59.00614235],[11.72285579,59.00616677],[11.72299406,59.0062365],[11.72314715,59.00634415],[11.72321714,59.006408],[11.72324663,59.00642225],[11.72348378,59.00643524],[11.72360322,59.00645274],[11.7238013,59.00651474],[11.7238632,59.00655027],[11.72389209,59.00659422],[11.72389243,59.0066462],[11.72385575,59.00675992],[11.72381039,59.00683242],[11.7237479,59.00699372],[11.72371535,59.00705786],[11.72367894,59.00712963],[11.72367794,59.00713826],[11.72367879,59.00715887],[11.72373116,59.00741516],[11.72373239,59.00755602],[11.7237301,59.007814],[11.7237862,59.00798472],[11.72381067,59.00801373],[11.72390136,59.00815681],[11.72392079,59.00825968],[11.72388113,59.0083019],[11.72374409,59.00844966],[11.72374484,59.00848801],[11.72377586,59.00855114],[11.72393558,59.00871102],[11.72412246,59.00884071],[11.72411719,59.00886834],[11.72407433,59.00896812],[11.72402201,59.00913517],[11.72392714,59.00924349],[11.72388678,59.00934008],[11.72380786,59.00956424],[11.72381622,59.00968349],[11.72381696,59.00979361],[11.72373777,59.0098601],[11.72365712,59.0099027],[11.72354775,59.00997833],[11.72354401,59.01006987],[11.72355029,59.01017958],[11.72351439,59.01026835],[11.72346441,59.01040688],[11.72345899,59.01050465],[11.72351764,59.01085406],[11.72359625,59.01097653],[11.72373181,59.01121045],[11.72379665,59.01128536],[11.72394689,59.01151088],[11.72399913,59.01164834],[11.72399549,59.01172332],[11.7239696,59.01182696],[11.72398209,59.01189979],[11.72414452,59.01210568],[11.72418618,59.01221414],[11.72425371,59.0124321],[11.72431901,59.01263236],[11.72430607,59.01267831],[11.7242967,59.01271159],[11.72426638,59.01272787],[11.72421026,59.01271649],[11.72411913,59.01267831],[11.72406612,59.01266745],[11.72397562,59.01268025],[11.72386431,59.01271626],[11.72386344,59.01274778],[11.72385109,59.01286635],[11.7238274,59.0128784],[11.72365772,59.0129222],[11.72346833,59.01295379],[11.723351,59.01296552],[11.72328966,59.01296442],[11.72324043,59.01296354],[11.72321408,59.01295045],[11.72318609,59.01289284],[11.72313605,59.01287751],[11.7230563,59.01285728],[11.72295403,59.0128126],[11.72286602,59.01280509],[11.72282894,59.01279276],[11.72276174,59.01277401],[11.7227248,59.01278168],[11.72265684,59.01281477],[11.72261584,59.01285613],[11.72261022,59.01294248],[11.72255931,59.01299346],[11.72247028,59.0130336],[11.72244193,59.01302439],[11.72245665,59.01299665],[11.72247355,59.0129445],[11.72244918,59.01292731],[11.72236648,59.01289531],[11.72232259,59.01290453],[11.72223015,59.01294593],[11.72219088,59.01298596],[11.72209679,59.01313535],[11.7221171,59.01317815],[11.72216335,59.01321288],[11.72227616,59.01323524],[11.72235582,59.01326428],[11.72236404,59.01328564],[11.72234502,59.01330268],[11.72226574,59.01332803],[11.72213373,59.01336803],[11.72208238,59.01340165],[11.72206914,59.01346611],[11.72208487,59.01349603],[11.72219429,59.01354305],[11.72223074,59.01357989],[11.72221629,59.01359783],[11.72215819,59.01362241],[11.72205359,59.01366701],[11.72202899,59.01369726],[11.72200799,59.01384315],[11.72193536,59.01420775],[11.72191046,59.01428258],[11.72185366,59.01454659],[11.72188102,59.01461101],[11.72201779,59.01482512],[11.72198952,59.01484002],[11.72191908,59.01487238],[11.72182348,59.01494399],[11.72181209,59.01497886],[11.72182448,59.01506745],[11.72185881,59.01514069],[11.72191064,59.01518599],[11.72198756,59.01521642],[11.72207591,59.0152653],[11.72213405,59.01529701],[11.72218805,59.01530125],[11.72225706,59.01529432],[11.7223117,59.01527605],[11.72234153,59.01523936],[11.72240051,59.01517387],[11.72248702,59.01510997],[11.72253511,59.01509355],[11.7225674,59.01511554],[11.72257474,59.01514232],[11.7225893,59.01520512],[11.7226483,59.01524073],[11.7227047,59.01524108],[11.72275941,59.01522412],[11.72281375,59.01520556],[11.7228726,59.01524383],[11.72293399,59.01525531],[11.7229707,59.01525076],[11.72299952,59.01522791],[11.72305152,59.01516827],[11.7230671,59.01517997],[11.7231095,59.01521802],[11.72314438,59.01522457],[11.72328294,59.01521817],[11.72345154,59.01517642],[11.72353897,59.01511603],[11.72362877,59.01505724],[11.72372232,59.01500831],[11.72394805,59.01485322],[11.72408694,59.01480502],[11.72417075,59.01479779],[11.72431264,59.01478254],[11.72444137,59.01471958],[11.72453911,59.01470171],[11.72465466,59.01470757],[11.7247287,59.01474378],[11.72476607,59.0147786],[11.72479106,59.01485248],[11.72476114,59.01488565],[11.72470524,59.01490056],[11.72453819,59.01494377],[11.72450746,59.01497339],[11.72450469,59.01501791],[11.72449861,59.0151736],[11.72447466,59.01519591],[11.7243982,59.01521106],[11.72414979,59.01524828],[11.72410506,59.01529095],[11.7240826,59.01533485],[11.72405549,59.01537213],[11.72395793,59.01543445],[11.72379206,59.01553866],[11.72372492,59.01572284],[11.72369789,59.01577778],[11.72359817,59.01602876],[11.72360586,59.01607486],[11.72365765,59.01611243],[11.7237007,59.01612247],[11.72386665,59.01614654],[11.72384742,59.01617772],[11.72384907,59.01619596],[11.72388158,59.01621197],[11.7239524,59.01621676],[11.72400616,59.01620219],[11.72406995,59.01618704],[11.72409232,59.01619981],[11.724107,59.01622974],[11.72409365,59.01626781],[11.72397576,59.01635203],[11.72391294,59.01639135],[11.72387558,59.01643633],[11.72369192,59.01662944],[11.72348122,59.01678099],[11.7232157,59.01694094],[11.72306408,59.01698775],[11.72299418,59.01704462],[11.72291332,59.01715266],[11.7228412,59.01717923],[11.72277184,59.01720992],[11.72278218,59.0172218],[11.72285172,59.01729926],[11.72288633,59.01740675],[11.72288264,59.01744746],[11.72285796,59.01756963],[11.72280415,59.01766159],[11.72273869,59.01771623],[11.72267394,59.01773713],[11.72265688,59.01775829],[11.72265073,59.01782179],[11.72263844,59.01786071],[11.72250221,59.01804113],[11.72246605,59.0180457],[11.72235221,59.01806725],[11.72223201,59.01811366],[11.72219419,59.01815671],[11.72217132,59.01823404],[11.7221118,59.01830741],[11.72202237,59.01838486],[11.72196893,59.01840397],[11.72180618,59.01841954],[11.72170945,59.01849113],[11.72164292,59.0185437],[11.72150631,59.01859673],[11.72138275,59.01859162],[11.72132868,59.01860928],[11.72130395,59.01865178],[11.72127925,59.0187228],[11.72125446,59.01879407],[11.72115444,59.01885055],[11.72108728,59.0188607],[11.72097847,59.01887844],[11.72088379,59.01890511],[11.7207885,59.01891795],[11.72063112,59.01890674],[11.72049982,59.01888823],[11.72042804,59.0188515],[11.72038314,59.01886014],[11.72031997,59.01888911],[11.72024484,59.01891746],[11.7201605,59.01893175],[11.72015453,59.01894686],[11.72016407,59.01905988],[11.72016143,59.01908374],[11.72005253,59.01917738],[11.71995496,59.01925441],[11.71980517,59.01938826],[11.71969356,59.01940806],[11.71957808,59.01940826],[11.71955228,59.01939222],[11.71951283,59.0192811],[11.71953642,59.01922662],[11.71949288,59.01921282],[11.71940592,59.01924729],[11.71937184,59.01927874],[11.7193503,59.01934793],[11.71930876,59.01937121],[11.71923059,59.01938806],[11.71911768,59.01941841],[11.71898107,59.01946396],[11.71895032,59.01948265],[11.71889158,59.01954271],[11.71877615,59.01959861],[11.71873494,59.01963182],[11.71871808,59.01967175],[11.71870707,59.0197977],[11.71873345,59.01983244],[11.71881212,59.01991387],[11.71886618,59.01998341],[11.71892057,59.02004262],[11.7191119,59.020163],[11.71913473,59.02020232],[11.71912685,59.02025302],[11.71909025,59.02030805],[11.71898027,59.020415],[11.7188288,59.02052022],[11.71875691,59.02053001],[11.71873063,59.02051579],[11.71868817,59.02050457],[11.71863915,59.02052422],[11.71863015,59.02058577],[11.71865349,59.02065446],[11.71870514,59.02070656],[11.71878335,59.02075237],[11.71883919,59.02076071],[11.71887637,59.02077219],[11.71890643,59.02080481],[11.71888614,59.02086478],[11.71877126,59.02105918],[11.71871975,59.02116506],[11.71875711,59.02129003],[11.7188194,59.02136489],[11.71893222,59.02148065],[11.71902143,59.02161856],[11.71906357,59.02167862],[11.71909392,59.02176702],[11.71907908,59.02180969],[11.71903916,59.02187337],[11.71904758,59.02190317],[11.71911029,59.02191127],[11.71922976,59.02192222],[11.71932854,59.02191947],[11.71953975,59.0218855],[11.71987713,59.02184256],[11.72019887,59.02184865],[11.72035155,59.02187416],[11.72041618,59.02191665],[11.72038743,59.0219324],[11.72032061,59.02194533],[11.72026954,59.02195905],[11.72026425,59.02197416],[11.72029573,59.02198917],[11.72037847,59.02198947],[11.72048997,59.02197118],[11.72057717,59.02196118],[11.72062808,59.02197186],[11.72066983,59.0220023],[11.72069197,59.02204949],[11.72066745,59.02209489],[11.72052127,59.02215951],[11.72039229,59.02223011],[11.72029022,59.02225656],[11.72026797,59.0222768],[11.7202374,59.02229364],[11.72014744,59.02229676],[11.72011147,59.02233197],[11.72004185,59.02242309],[11.71995791,59.02247501],[11.71979159,59.0225331],[11.71973239,59.02258773],[11.71965878,59.02261436],[11.71957267,59.02263158],[11.71948409,59.02263892],[11.71940445,59.02265369],[11.71932044,59.02268622],[11.71921788,59.02271928],[11.71895179,59.02279802],[11.71879877,59.02287391],[11.7186517,59.02295568],[11.71855895,59.02302244],[11.71850133,59.023079],[11.71839869,59.023216],[11.71832156,59.02337576],[11.71828439,59.02345391],[11.71827429,59.02350755],[11.71823912,59.02353054],[11.71816355,59.02355529],[11.71802508,59.02360807],[11.71794352,59.0236669],[11.71784538,59.0237086],[11.71776605,59.02375275],[11.71767832,59.02391206],[11.71760641,59.02403807],[11.71734543,59.02417422],[11.71720492,59.02424071],[11.71719401,59.02425677],[11.71728007,59.02430594],[11.71727907,59.02434181],[11.71724252,59.02438489],[11.71719113,59.02443313],[11.71713028,59.0245342],[11.71710699,59.02460583],[11.71705527,59.02478075],[11.71695205,59.02510861],[11.71689554,59.02518992],[11.71690728,59.02520732],[11.71694647,59.02521222],[11.71699314,59.02522778],[11.71698531,59.02530621],[11.71699919,59.02534045],[11.71705618,59.02539673],[11.71709822,59.02543884],[11.71710108,59.02546772],[11.7170445,59.0255988],[11.71705624,59.02567106],[11.71710702,59.02576228],[11.71722875,59.02590189],[11.7173055,59.02596698],[11.71731442,59.02598457],[11.71733227,59.02602079],[11.71737242,59.02605254],[11.71740961,59.02607154],[11.7175543,59.0261349],[11.71758394,59.02617786],[11.71764469,59.02621931],[11.71776729,59.02627515],[11.71791937,59.02633175],[11.71811126,59.02639932],[11.71813514,59.02640772],[11.71809235,59.0264398],[11.718031,59.02646546],[11.7176105,59.02660927],[11.71739196,59.02671452],[11.7173666,59.02675783],[11.71733539,59.02681678],[11.71727475,59.02686675],[11.71707587,59.02698867],[11.71702504,59.02701365],[11.71693912,59.02704718],[11.71685782,59.02704862],[11.71680675,59.02703756],[11.71672255,59.0269636],[11.71663976,59.02695586],[11.71650118,59.02696161],[11.71643673,59.02697839],[11.71639602,59.02700482],[11.71637265,59.02704487],[11.716305,59.02715045],[11.71626103,59.02716051],[11.71612047,59.02717932],[11.71605938,59.02717062],[11.71599859,59.02717998],[11.71595475,59.02720715],[11.71595696,59.02723382],[11.71594651,59.02727632],[11.71587062,59.02731156],[11.71582299,59.0273509],[11.71572833,59.02753917],[11.71570178,59.02757667],[11.71560251,59.02760065],[11.71555231,59.02759431],[11.71542442,59.02757605],[11.71533942,59.02759965],[11.7153005,59.02762258],[11.71527325,59.02770948],[11.71516696,59.02776027],[11.71512691,59.02780138],[11.71497481,59.02824875],[11.71494215,59.02831367],[11.71470052,59.02872644],[11.71453988,59.0291519],[11.71452366,59.02926578],[11.71454538,59.02938991],[11.71469384,59.02967303],[11.71473222,59.02976321],[11.71479248,59.02991445],[11.71499715,59.03033348],[11.71507867,59.030493],[11.715208,59.03086793],[11.71524498,59.03095155],[11.71526608,59.03102074],[11.71536308,59.03145298],[11.71534839,59.03156906],[11.71535604,59.03167796],[11.71530775,59.03170508],[11.71525604,59.03174009],[11.71524584,59.03179727],[11.71524771,59.03202244],[11.71525149,59.03207118],[11.71520577,59.03211841],[11.71511495,59.0321832],[11.71508188,59.03221732],[11.71506342,59.03228101],[11.71505393,59.03237779],[11.7150423,59.03249383],[11.71503878,59.03256466],[11.7150186,59.03262587],[11.71503658,59.03267005],[11.7150956,59.0327334],[11.7151236,59.03280661],[11.71512326,59.03286149],[11.71509218,59.0329007],[11.7150694,59.03295941],[11.71506725,59.03303543],[11.71506786,59.03308708],[11.71510521,59.03324637],[11.71513748,59.03333647],[11.71515377,59.03338202],[11.71517163,59.03370907],[11.7151731,59.03389634],[11.7153153,59.03426325],[11.71535173,59.03435812],[11.71541365,59.03447972],[11.71541515,59.03448265],[11.71546519,59.03458091],[11.71550492,59.03463966],[11.71559698,59.03473793],[11.71565683,59.03479014],[11.7157131,59.03480968],[11.71575368,59.03481587],[11.71578234,59.03482908],[11.71592433,59.03491542],[11.71602583,59.03495927],[11.71619776,59.03498827],[11.71623007,59.03498062],[11.71634678,59.03493786],[11.71638982,59.03492625],[11.71642384,59.03488622],[11.71643714,59.03487058],[11.71647009,59.03481565],[11.71652353,59.03476853],[11.71662576,59.0347315],[11.7166911,59.0347259],[11.71669749,59.03472536],[11.71680998,59.03478941],[11.71686271,59.03485776],[11.71687514,59.03490144],[11.71695183,59.03493318],[11.71700061,59.03498921],[11.71705851,59.03501887],[11.71713134,59.0350476],[11.71765953,59.03520928],[11.71779962,59.03528271],[11.71782652,59.03529681],[11.71782407,59.03532101],[11.71782148,59.03534669],[11.71781739,59.03539197],[11.71783991,59.03543598],[11.71789577,59.03548022],[11.71794415,59.03550903],[11.71795021,59.03551262],[11.71796375,59.0355207],[11.71799177,59.03553481],[11.71803259,59.03554887],[11.71807293,59.0355397],[11.7181007,59.03554763],[11.71813274,59.03557475],[11.71819759,59.03558666],[11.71822783,59.03557253],[11.71822996,59.03557064],[11.71824842,59.03555426],[11.71834493,59.03555983],[11.71838145,59.03557617],[11.71838473,59.03559882],[11.71840625,59.03559365],[11.71843761,59.03558611],[11.71847235,59.03554639],[11.71854539,59.03551082],[11.71863235,59.0354603],[11.71864054,59.03545235],[11.71866443,59.03541352],[11.71874393,59.03534661],[11.71880052,59.03529258],[11.71885454,59.03522346],[11.7189159,59.03515643],[11.71899041,59.03504269],[11.71901847,59.03495774],[11.71904566,59.03493474],[11.71915459,59.03489555],[11.71922348,59.03489779],[11.71924094,59.03491528],[11.71922141,59.03494689],[11.71921339,59.03498312],[11.71923342,59.03500276],[11.71931935,59.03505262],[11.7193643,59.03512675],[11.71938979,59.0352518],[11.71936517,59.03534744],[11.71934288,59.03546483],[11.71934555,59.03577006],[11.71929419,59.03599278],[11.71932426,59.03606628],[11.71935671,59.03608855],[11.71945111,59.03610595],[11.71957302,59.03610062],[11.71957656,59.03610047],[11.71969738,59.03608755],[11.71974236,59.03610259],[11.7197619,59.03610912],[11.71981941,59.03613545],[11.71988579,59.03620112],[11.71989936,59.0362433],[11.71988326,59.0362968],[11.71987637,59.03631965],[11.7198335,59.0363537],[11.71968494,59.03641255],[11.71961691,59.03641897],[11.71957198,59.03641422],[11.71956385,59.03641257],[11.71952383,59.0364044],[11.71949892,59.03640572],[11.71945456,59.0364514],[11.71945342,59.03645258],[11.71942175,59.03648568],[11.71942,59.03648931],[11.71940413,59.03652223],[11.71944509,59.03655327],[11.7194688,59.03657124],[11.71949802,59.03662548],[11.71949542,59.03665122],[11.71948588,59.03665729],[11.71947191,59.03666617],[11.71942717,59.03669827],[11.71941346,59.03680689],[11.71950262,59.03702121],[11.71953912,59.03711881],[11.7195318,59.03715206],[11.71965226,59.03727056],[11.71970414,59.03729198],[11.71974879,59.03732971],[11.71975008,59.03733098],[11.71975933,59.03734011],[11.71980292,59.03738314],[11.71986255,59.03743927],[11.71989759,59.03747162],[11.71993091,59.03750256],[11.71998674,59.03753845],[11.72004136,59.03758274],[11.72006593,59.03760846],[11.72015663,59.03765638],[11.7202319,59.03766382],[11.72028895,59.03765655],[11.72040092,59.03763642],[11.72048053,59.03764267],[11.72053046,59.03766234],[11.72053233,59.03768247],[11.72054131,59.0376941],[11.72053858,59.03772202],[11.7204595,59.03783159],[11.72047275,59.03788189],[11.72050712,59.03790458],[11.72064617,59.03795403],[11.72069992,59.03796608],[11.72076184,59.03795771],[11.72080016,59.037938],[11.72082268,59.03788472],[11.72080009,59.03785565],[11.72079067,59.03782935],[11.72081593,59.03772778],[11.72082481,59.03767906],[11.72084942,59.0376589],[11.7209329,59.03763878],[11.72102253,59.03761466],[11.72106656,59.03760232],[11.72111601,59.03763044],[11.72114106,59.03765595],[11.72116695,59.03765377],[11.72124247,59.03760467],[11.72130888,59.03759896],[11.72134493,59.0376157],[11.72141334,59.03764822],[11.72147396,59.0376197],[11.7216263,59.03754961],[11.72170129,59.03756008],[11.72173134,59.03755793],[11.72179874,59.03751323],[11.72184034,59.03751991],[11.72187334,59.03753981],[11.72187528,59.03754098],[11.72187494,59.03754181],[11.7218547,59.03759213],[11.72184298,59.03764429],[11.72182455,59.03767076],[11.72176893,59.0377287],[11.72176671,59.03777946],[11.72176217,59.03780109],[11.72177543,59.03783591],[11.72180521,59.03783308],[11.72182933,59.03781971],[11.72185453,59.03778797],[11.7218947,59.03774853],[11.72193021,59.03775201],[11.72194689,59.03777388],[11.7219587,59.0378247],[11.72195507,59.03786809],[11.72195167,59.03790905],[11.72197969,59.03792927],[11.72200483,59.03793095],[11.72203356,59.03791677],[11.72210319,59.03784705],[11.72211922,59.0378466],[11.72214071,59.037846],[11.72217474,59.03786976],[11.72216712,59.03790354],[11.7221674,59.03790671],[11.72217058,59.03794467],[11.7221876,59.03797142],[11.72217936,59.03802639],[11.72215374,59.03808202],[11.72213616,59.03811994],[11.72215719,59.03815875],[11.72219613,59.03818371],[11.72218675,59.03823837],[11.72216637,59.03831099],[11.72217948,59.03833876],[11.72222577,59.03834005],[11.72228158,59.03829381],[11.72232668,59.03826123],[11.72240258,59.03825545],[11.72243403,59.03827481],[11.72242282,59.03834682],[11.72239273,59.03841718],[11.72241309,59.03846547],[11.72245812,59.03851627],[11.7224865,59.03852093],[11.72255193,59.03850847],[11.7226471,59.03848813],[11.72268622,59.03848108],[11.72274593,59.03846732],[11.72277116,59.03845648],[11.72280904,59.03846335],[11.72281312,59.03846559],[11.7228466,59.03848404],[11.72288906,59.03851317],[11.7228967,59.03852472],[11.72291847,59.03855763],[11.7229299,59.0386155],[11.72295305,59.03872065],[11.72295684,59.03875064],[11.72293444,59.03881994],[11.72291751,59.0389671],[11.72290503,59.03900376],[11.72286865,59.03910453],[11.72291018,59.03910605],[11.72294521,59.03909111],[11.72295215,59.03912117],[11.72300008,59.03919403],[11.72303194,59.03920951],[11.72312242,59.03924029],[11.72317221,59.03924989],[11.72323636,59.03926569],[11.72330552,59.03918499],[11.72333166,59.03916482],[11.72334739,59.03915657],[11.72337683,59.03914114],[11.72337988,59.03908633],[11.72336309,59.03897289],[11.7233946,59.0389742],[11.72339893,59.03897469],[11.72342958,59.03897823],[11.72346596,59.03897221],[11.72348538,59.03898108],[11.72349653,59.03901744],[11.7234977,59.03902131],[11.72349103,59.03907116],[11.72346329,59.03920366],[11.72344188,59.03924827],[11.72346395,59.03928546],[11.72353744,59.03940947],[11.7235622,59.03951493],[11.72357375,59.03957091],[11.72358972,59.03963867],[11.72358846,59.03964517],[11.7235745,59.03971684],[11.72358454,59.03978638],[11.72358884,59.03985848],[11.72358617,59.03991793],[11.72363484,59.04022287],[11.72364856,59.04026827],[11.7236984,59.04038167],[11.72372641,59.04046388],[11.72375031,59.04052418],[11.72379521,59.04057224],[11.72381788,59.04060185],[11.7239065,59.04070744],[11.72418667,59.04099473],[11.72422641,59.04107282],[11.72432624,59.04117407],[11.7245169,59.04134646],[11.72465544,59.04142456],[11.72480414,59.04149844],[11.72486525,59.04154823],[11.72498142,59.04165655],[11.72499355,59.04171906],[11.72502254,59.04173491],[11.72505545,59.04175564],[11.72521312,59.04185312],[11.72528631,59.04189426],[11.72538068,59.04195859],[11.72542686,59.04200179],[11.72553212,59.04210343],[11.72560863,59.04215658],[11.72564816,59.04216819],[11.7257037,59.04217793],[11.72591864,59.04226167],[11.72599925,59.04231938],[11.72607036,59.04236325],[11.72624238,59.04247258],[11.72627977,59.04249095],[11.72641194,59.042562],[11.72650157,59.0426065],[11.72659367,59.0426546],[11.72675618,59.04273927],[11.72688508,59.04280642],[11.72711569,59.04288213],[11.72735656,59.04310293],[11.72737091,59.04311609],[11.72739245,59.04316172],[11.72743268,59.04321265],[11.72747804,59.04323817],[11.72753906,59.04328552],[11.72759021,59.04332422],[11.72770011,59.04337387],[11.72796872,59.04346093],[11.72799875,59.04349451],[11.72805679,59.04355891],[11.72827308,59.04373922],[11.72837097,59.04379814],[11.72855353,59.04387682],[11.72864681,59.04390139],[11.728793,59.04392976],[11.72884438,59.04393916],[11.72892798,59.04395988],[11.72907883,59.04397179],[11.72913591,59.04400615],[11.72939961,59.04416674],[11.72951491,59.04422693],[11.7295396,59.0442544],[11.72973582,59.04446034],[11.7298073,59.04447367],[11.72984402,59.04448052],[11.72992675,59.04449595],[11.72999387,59.04448813],[11.73003062,59.04446908],[11.73008449,59.04442864],[11.73017444,59.04441316],[11.73024883,59.04441277],[11.73036798,59.04440725],[11.73047862,59.04438441],[11.73060314,59.04439556],[11.73061422,59.04439807],[11.73069774,59.04441703],[11.73070022,59.04441905],[11.73074751,59.04445731],[11.73082816,59.04457142],[11.73081206,59.04460338],[11.73080469,59.04464641],[11.73085734,59.04471748],[11.73088747,59.04473461],[11.73094861,59.04475296],[11.73107793,59.04478146],[11.73119528,59.04482031],[11.73121903,59.04484191],[11.73122073,59.04484347],[11.73123695,59.04491477],[11.73124906,59.04499113],[11.73126181,59.04503971],[11.73128555,59.04510195],[11.73130118,59.04513792],[11.73134988,59.04523037],[11.73157555,59.04566225],[11.73160195,59.04577156],[11.73159373,59.04583413],[11.73153605,59.04602409],[11.73149757,59.04604194],[11.7314815,59.04605079],[11.73146815,59.04611272],[11.73147105,59.04615082],[11.73147159,59.04624023],[11.73147627,59.04637757],[11.73149007,59.04643279],[11.7315206,59.04650062],[11.73163715,59.046721],[11.73164922,59.04679411],[11.73165088,59.04691412],[11.73165165,59.04696915],[11.73161815,59.04696628],[11.73151776,59.0469337],[11.73150937,59.04693098],[11.73150141,59.0469361],[11.73148698,59.04694539],[11.73145586,59.04697475],[11.73140924,59.04698941],[11.73138234,59.0469905],[11.73136635,59.04699116],[11.73129597,59.04699998],[11.7312511,59.04703399],[11.73124976,59.0470815],[11.73126888,59.04718493],[11.73127443,59.04731278],[11.73130844,59.04735379],[11.73143718,59.04743038],[11.73152369,59.04744804],[11.73161292,59.04744671],[11.73169046,59.0474391],[11.73172092,59.04743611],[11.73177309,59.0474545],[11.73178164,59.04747561],[11.73179029,59.04749703],[11.73181687,59.04757862],[11.73189391,59.04760569],[11.7318964,59.0476294],[11.73187959,59.04765319],[11.7318918,59.04769558],[11.73192281,59.04771303],[11.73197534,59.04773815],[11.73196787,59.04776788],[11.73198223,59.04779884],[11.7320414,59.04780362],[11.73214954,59.04781657],[11.73216336,59.04784109],[11.73211055,59.04792925],[11.73211085,59.04796378],[11.73214719,59.04799805],[11.73240005,59.04815568],[11.73266646,59.04823285],[11.73276213,59.04824297],[11.73287225,59.0482202],[11.7329195,59.04821075],[11.73297727,59.04822549],[11.73305757,59.04824188],[11.73312086,59.04826035],[11.73315242,59.04829722],[11.73317979,59.04831593],[11.73331544,59.04836858],[11.733396,59.04838205],[11.73344002,59.04839791],[11.73356857,59.04848708],[11.73367665,59.04853561],[11.73377226,59.0485457],[11.73388872,59.04855684],[11.73389307,59.04855725],[11.73390333,59.04856423],[11.73399779,59.04862849],[11.73412063,59.04874984],[11.73413398,59.04877869],[11.73414151,59.04880877],[11.73414788,59.04883418],[11.73420661,59.04889699],[11.73433765,59.04900112],[11.7343488,59.0490086],[11.73450918,59.04911622],[11.73461761,59.04918108],[11.73468418,59.04925817],[11.73472372,59.04932486],[11.73482467,59.04941012],[11.73486885,59.0494655],[11.73491916,59.04956096],[11.7349553,59.04964279],[11.73497149,59.04974669],[11.73500293,59.04984144],[11.73504357,59.04988832],[11.73513112,59.04995661],[11.73523487,59.05001968],[11.73531429,59.05009595],[11.73539756,59.05015686],[11.73541783,59.05022352],[11.73550543,59.05033805],[11.73559167,59.05045077],[11.73563508,59.05050752],[11.73566444,59.0505459],[11.73575871,59.05066913],[11.73596684,59.05081914],[11.73604986,59.05094633],[11.73614522,59.05109246],[11.73614714,59.05109541],[11.73614791,59.05109802],[11.73618388,59.05121947],[11.73619992,59.05127905],[11.73622278,59.05136392],[11.73625792,59.05147933],[11.73626084,59.05148893],[11.73625554,59.05158058],[11.73623022,59.05159928],[11.73622166,59.05160559],[11.73620476,59.05161288],[11.73611862,59.05165003],[11.73607306,59.05171115],[11.73619472,59.05178337],[11.73628506,59.05180824],[11.73637426,59.0518421],[11.73643083,59.05187614],[11.7365075,59.05187635],[11.73655127,59.05186513],[11.73664157,59.0518779],[11.7367193,59.05185538],[11.73684665,59.05188336],[11.7369336,59.05190003],[11.73698777,59.05192224],[11.73704223,59.05191113],[11.73710389,59.0518667],[11.73714894,59.05186352],[11.7372212,59.05186717],[11.73729064,59.05188772],[11.73733917,59.05192613],[11.73735338,59.05195895],[11.73739482,59.0519747],[11.73741949,59.05197874],[11.73746099,59.0519978],[11.73759706,59.05200177],[11.73761891,59.05201686],[11.73757217,59.05204506],[11.73758254,59.05206526],[11.7376642,59.05211104],[11.73767455,59.05218359],[11.73770158,59.0522078],[11.73773475,59.0522219],[11.73769032,59.05226982],[11.73776238,59.05230248],[11.73782592,59.05232245],[11.73788345,59.05237138],[11.73793016,59.05238296],[11.73804917,59.05238292],[11.73810396,59.05239183],[11.73813524,59.05242735],[11.73815538,59.05245022],[11.7381653,59.05250385],[11.73813053,59.0525595],[11.73814926,59.05257982],[11.73820654,59.05261342],[11.73818576,59.05263655],[11.73812352,59.05266021],[11.73810548,59.05266707],[11.73812131,59.05270411],[11.73812869,59.05272139],[11.73816947,59.05277431],[11.73818417,59.05288355],[11.73820552,59.05292702],[11.73820036,59.05298253],[11.73818696,59.05299448],[11.73816528,59.0530167],[11.73813047,59.05303711],[11.73808471,59.05306392],[11.73806639,59.05309446],[11.73810776,59.05311947],[11.73806111,59.05316114],[11.73804141,59.0531778],[11.73798611,59.05318891],[11.7379775,59.05323892],[11.7380425,59.05328892],[11.73805446,59.05335559],[11.73808166,59.05340281],[11.73809251,59.05345836],[11.73810292,59.0534921],[11.73811305,59.05352503],[11.73812446,59.05357414],[11.73813693,59.0536278],[11.73833967,59.05365215],[11.73838729,59.05368348],[11.73842789,59.05372374],[11.73850633,59.05377815],[11.73854162,59.05383974],[11.73855282,59.05388266],[11.7385954,59.0539081],[11.73866455,59.05393683],[11.73870931,59.05398288],[11.73882023,59.05400653],[11.73889241,59.05402193],[11.73886592,59.05406043],[11.7388508,59.0540824],[11.73889425,59.054138],[11.73890728,59.05418261],[11.73895904,59.05421865],[11.73901745,59.0542725],[11.73906511,59.05441183],[11.73910998,59.05445547],[11.73917354,59.05450676],[11.7392804,59.05466717],[11.73936246,59.05475514],[11.73947007,59.0548157],[11.73949658,59.05485877],[11.73950432,59.05494956],[11.73959898,59.05502674],[11.73978946,59.0551267],[11.73981966,59.05517593],[11.73985947,59.05527276],[11.73988735,59.05530207],[11.73990015,59.05533411],[11.73993622,59.05535726],[11.73994084,59.05540229],[11.74000585,59.05543743],[11.74008884,59.05556173],[11.74021837,59.05565257],[11.74033894,59.05571537],[11.74046992,59.05580878],[11.74062112,59.05591659],[11.74068648,59.05600432],[11.74071383,59.05606955],[11.74072355,59.0561378],[11.74083807,59.05621572],[11.74093825,59.05632617],[11.74098445,59.05639153],[11.74107644,59.05645472],[11.74112214,59.05650958],[11.74119023,59.05656686],[11.74126333,59.05667438],[11.74134813,59.056831],[11.74144513,59.05688204],[11.74158337,59.05705934],[11.74170611,59.05716044],[11.7417771,59.05725067],[11.74183285,59.05733838],[11.74191233,59.05742672],[11.7419691,59.05754883],[11.74201854,59.05759953],[11.74208832,59.05764834],[11.74213833,59.0577248],[11.74217676,59.05781033],[11.74232675,59.0578895],[11.74241782,59.05797759],[11.74246097,59.05801935],[11.74259679,59.05808543],[11.74271791,59.05816761],[11.74272209,59.05824999],[11.74278383,59.05829834],[11.74277592,59.05837814],[11.74284299,59.05843614],[11.74291872,59.05849766],[11.74291541,59.05855614],[11.74289492,59.05858394],[11.74288057,59.05860345],[11.74289406,59.05864771],[11.74296964,59.05870385],[11.7429911,59.05871743],[11.74303216,59.05874339],[11.74309753,59.0587962],[11.74319698,59.05882918],[11.74322868,59.05885209],[11.74324272,59.05891419],[11.74322656,59.05895167],[11.74324137,59.05898539],[11.74322362,59.05902819],[11.74324379,59.05906807],[11.74323771,59.05909747],[11.74327699,59.05914161],[11.74327248,59.05921812],[11.74332217,59.05929531],[11.74343129,59.05941223],[11.74352829,59.05958635],[11.74355191,59.0596686],[11.74356059,59.05969887],[11.74356892,59.05972788],[11.74362316,59.05980503],[11.7436667,59.05992104],[11.74367032,59.05992739],[11.74367033,59.05992743],[11.74376929,59.06010103],[11.74381712,59.06025005],[11.7438707,59.06029971],[11.74390317,59.06034757],[11.74399818,59.06047841],[11.74399886,59.06047937],[11.74438874,59.06101631],[11.74478565,59.06156292],[11.74516149,59.0620805],[11.74563261,59.06272927],[11.74603092,59.06327776],[11.74646438,59.06387463],[11.74690106,59.06447589],[11.74751765,59.06532486],[11.7477064,59.06558476],[11.74800181,59.06599146],[11.7485955,59.06680884],[11.74861772,59.06683944],[11.74870991,59.06696634],[11.74876318,59.06703362],[11.74878579,59.06709054],[11.74883358,59.06714934],[11.74891232,59.0672294],[11.74923421,59.06765743],[11.74952732,59.06795112],[11.75380927,59.06562056],[11.75382447,59.06561401],[11.75588109,59.06473041],[11.7558999,59.06473763],[11.76253964,59.06728418],[11.76258874,59.06725006],[11.76355829,59.06657629],[11.76364047,59.06660839],[11.76893038,59.06867384],[11.76894109,59.0686783],[11.7689452,59.06867598]]]},"geometry_name":"geom","properties":{"nvrid":"2001215","gtype":"Polygon","namn":"Tresticklan","skyddstyp":"Nationalpark","skyddstyp_kod":"NP","beslutsstatus":"Gällande","beslutsmyndighet":"Riksdag/Regering","urspr_beslutsdatum":"19960507","urspr_gallandedatum":"19960507","senaste_gallandedatum":"19960507","ikrafttradandedatum_foreskrift":null,"tillsynsmyndighet":null,"provningsmyndighet_tillstand":" ","provningsmyndighet_dispens":" ","lan":"Västra Götalands Län","kommun":"Dals-Ed","iucnkategori":"II, Nationalpark (National Park)","forvaltare":"Länsstyrelsen i Västra Götalands län","data_friluftsliv_publicerat":"Ja","area_ha":2905.9,"land_ha":2712.65,"skog_ha":1637.99,"vatten_ha":193.25}}],"totalFeatures":2,"numberMatched":2,"numberReturned":2,"timeStamp":"2026-04-30T17:05:46.060Z","crs":{"type":"name","properties":{"name":"urn:ogc:def:crs:EPSG::4326"}}}
